molecule_chembl_id,pchembl_value,target_chembl_id,value,canonical_smiles
CHEMBL101052,4.44,CHEMBL301,36.0,COc1ccc(Nc2ccnc(Nc3ccc(OCC(O)CN(C)C)cc3)n2)cc1
CHEMBL260416,8.7,CHEMBL301,2.0,O=C(Nc1n[nH]c2nc(-c3ccc(O)c(Br)c3)ccc12)C1CC1
CHEMBL84944,7.52,CHEMBL301,0.03,CC(C)C(CO)Nc1nc(NCc2cccc(O)c2)c2ncn(C(C)C)c2n1
CHEMBL419720,6.7,CHEMBL301,0.2,CN(C)CC(O)COc1ccc(Nc2ncc(Br)c(N(CCCC(F)(F)F)c3ccccc3)n2)cc1
CHEMBL260929,6.3,CHEMBL301,497.0,O=C(Nc1n[nH]c2cc(-c3ccc[nH]3)ccc12)C1CC1
CHEMBL86066,5.1,CHEMBL301,8.0,CC(C)n1cnc2c(NCc3ccccc3)nc(NCCO)nc21
CHEMBL101311,6.0,CHEMBL301,1.0,CN(C)CC(O)COc1ccc(Nc2nccc(Nc3cc(Cl)ccc3Cl)n2)cc1
CHEMBL100675,4.66,CHEMBL301,22.0,Cc1ccc(Cl)c(Nc2cc(Nc3ccc(OCC(O)CN(C)C)cc3)ncn2)c1
CHEMBL260231,6.19,CHEMBL301,639.0,O=C(Nc1n[nH]c2nc(-c3cccs3)c(Br)cc12)C1CC1
CHEMBL99689,5.4,CHEMBL301,4.0,CN(C)CC(O)COc1ccc(Nc2nccc(Nc3ccccc3C#N)n2)cc1
CHEMBL100811,4.55,CHEMBL301,28.0,CN(C)CC(O)COc1ccc(Nc2cc(Nc3ccccc3Br)ncn2)cc1
CHEMBL328623,4.09,CHEMBL301,81.0,Cc1ccc(F)c(Nc2cc(Nc3ccc(OCC(O)CN(C)C)cc3)ncn2)c1
CHEMBL260163,8.3,CHEMBL301,5.0,O=C(Nc1n[nH]c2cc(-c3ccc(O)cc3)ccc12)C1CC1
CHEMBL421207,6.2,CHEMBL301,631.0,O=C(Nc1n[nH]c2cc(-c3ccco3)ccc12)C1CC1
CHEMBL427909,8.3,CHEMBL301,5.0,O=C(Nc1n[nH]c2nc(-c3ccc(O)cc3)c(-c3ccccc3)cc12)C1CC1
CHEMBL315837,6.05,CHEMBL301,0.9,CC(C)n1cnc2c(NC3CCCC3)nc(NCCCO)nc21
CHEMBL83980,6.1,CHEMBL301,0.8,CC(C)n1cnc2c(NCc3ccccc3)nc(NCCCO)nc21
CHEMBL101156,5.52,CHEMBL301,3.0,CN(C)CC(O)COc1ccc(Nc2nccc(N(CCC#N)c3cc(Cl)ccc3Cl)n2)cc1
CHEMBL101473,5.1,CHEMBL301,8.0,Cc1cnc(Nc2ccc(OCC(O)CN(C)C)cc2)nc1Nc1ccccc1
CHEMBL260928,6.32,CHEMBL301,484.0,O=C(Nc1n[nH]c2cc(-c3ccsc3)ccc12)C1CC1
CHEMBL99687,4.58,CHEMBL301,26.0,Cc1ccc(Nc2ccnc(Nc3ccc(OCC(O)CN(C)C)cc3)n2)cc1
CHEMBL84140,5.62,CHEMBL301,2.4,CC(C)n1cnc2c(N)nc(NCCCO)nc21
CHEMBL101887,4.92,CHEMBL301,12.0,CN(C)CC(O)COc1ccc(Nc2nccc(N(CCCC(F)(F)F)c3cc(Cl)ccc3Cl)n2)cc1
CHEMBL407981,7.22,CHEMBL301,60.0,CCN1CCN(CCCC(=O)Nc2n[nH]c3nc(-c4ccc(O)cc4)c(Br)cc23)CC1
CHEMBL259838,8.7,CHEMBL301,2.0,O=C(Nc1n[nH]c2nc(-c3ccc(O)c(Cl)c3)ccc12)C1CC1
CHEMBL101868,4.07,CHEMBL301,85.0,COc1ccccc1Nc1cc(Nc2ccc(OCC(O)CN(C)C)cc2)ncn1
CHEMBL322640,4.66,CHEMBL301,22.0,CN(C)CC(O)COc1ccc(Nc2cc(Nc3cc(Cl)ccc3Cl)ncn2)cc1
CHEMBL430507,6.16,CHEMBL301,0.7,CN(C)CC(O)COc1ccc(Nc2nccc(N(CC#N)c3cc(Cl)ccc3Cl)n2)cc1
CHEMBL100391,6.3,CHEMBL301,0.5,CN(C)CC(O)COc1ccc(Nc2ncc(Cl)c(Nc3ccccc3)n2)cc1
CHEMBL408019,7.21,CHEMBL301,62.0,O=C(Nc1n[nH]c2nc(-c3cccc(O)c3)ccc12)C1CC1
CHEMBL99647,4.02,CHEMBL301,95.0,CN(C)CC(O)COc1ccc(Nc2cc(Nc3ccccc3Cl)ncn2)cc1
CHEMBL280074,5.92,CHEMBL301,1.2,Cn1cnc2c(NCc3ccccc3)nc(NCCO)nc21
CHEMBL101679,5.22,CHEMBL301,6.0,CN(C)CC(O)COc1ccc(Nc2nccc(Nc3ccccc3Cl)n2)cc1
CHEMBL322019,5.7,CHEMBL301,2.0,C#CCN(c1ccnc(Nc2ccc(OCC(O)CN(C)C)cc2)n1)c1cc(Cl)ccc1Cl
CHEMBL99948,5.3,CHEMBL301,5.0,Cc1ccc(Cl)c(Nc2ccnc(Nc3ccc(OCC(O)CN(C)C)cc3)n2)c1
CHEMBL260417,8.3,CHEMBL301,5.0,O=C(Nc1n[nH]c2nc(-c3ccc(O)cc3)c(Br)cc12)C1CC1
CHEMBL84436,6.7,CHEMBL301,0.2,CC(C)n1cnc2c(NCc3ccccc3)nc(NC[C@@H](C)O)nc21
CHEMBL101019,5.16,CHEMBL301,7.0,CN(C)CC(O)COc1ccc(Nc2nccc(Nc3ccccc3F)n2)cc1
CHEMBL103633,5.16,CHEMBL301,7.0,CN(C)CC(O)COc1ccc(Nc2nccc(Nc3ccccc3Br)n2)cc1
CHEMBL317629,5.3,CHEMBL301,5.0,CN(C)CC(O)COc1ccc(Nc2nccc(Nc3cccc(Cl)c3)n2)cc1
CHEMBL100664,4.82,CHEMBL301,15.0,COc1ccccc1Nc1ccnc(Nc2ccc(OCC(O)CN(C)C)cc2)n1
CHEMBL318522,6.47,CHEMBL301,341.0,O=C(Nc1n[nH]c2cc(-c3cccs3)ccc12)C1CC1
CHEMBL430854,4.75,CHEMBL301,18.0,CN(C)CC(O)COc1ccc(Nc2nccc(Nc3ccc(Cl)cc3)n2)cc1
CHEMBL101468,5.7,CHEMBL301,2.0,Cc1ccc(F)c(Nc2ccnc(Nc3ccc(OCC(O)CN(C)C)cc3)n2)c1
CHEMBL101810,6.0,CHEMBL301,1.0,CN(C)CC(O)COc1ccc(Nc2nccc(Nc3cc(C(F)(F)F)ccc3F)n2)cc1
CHEMBL101557,4.46,CHEMBL301,35.0,CN(C)CC(O)COc1ccc(Nc2cc(Nc3cc(C(F)(F)F)ccc3F)ncn2)cc1
CHEMBL102047,4.47,CHEMBL301,34.0,CN(C)CC(O)COc1ccc(Nc2nccc(Nc3ccccc3)n2)cc1
CHEMBL419534,6.52,CHEMBL301,0.3,CN(C)CC(O)COc1ccc(Nc2ncc(Br)c(Nc3ccccc3)n2)cc1
CHEMBL85015,5.35,CHEMBL301,4.5,CC(C)n1cnc2c(NCc3ccccc3)ncnc21
CHEMBL405145,7.89,CHEMBL301,13.0,O=C(Nc1n[nH]c2nc(-c3ccc(O)cc3)ccc12)C1CC1
CHEMBL270054,7.52,CHEMBL301,0.03,NS(=O)(=O)c1ccc(N/N=C2\C(=O)Nc3ccc(Cl)cc32)cc1
CHEMBL442957,6.85,CHEMBL301,0.14,Cc1nc(C)c(-c2ccnc(Nc3ccc(O)cc3)n2)s1
CHEMBL47302,5.19,CHEMBL301,6.5,Cc1nc(C)c(-c2ccnc(N)n2)s1
CHEMBL297447,5.92,CHEMBL301,1.2,Cc1nc(C)c(-c2ccnc(Nc3ccccc3F)n2)s1
CHEMBL44119,6.96,CHEMBL301,0.11,CNc1nc(C)c(-c2ccnc(Nc3cccc(O)c3)n2)s1
CHEMBL47132,6.52,CHEMBL301,0.3,Cc1nc(C)c(-c2ccnc(Nc3cccc(C#N)c3)n2)s1
CHEMBL47636,6.4,CHEMBL301,0.4,Cc1nc(C)c(-c2ccnc(Nc3cccc(N)c3)n2)s1
CHEMBL433068,7.0,CHEMBL301,0.1,Cc1nc(C)c(-c2ccnc(Nc3ccc(N(C)C)c(Cl)c3)n2)s1
CHEMBL431336,7.52,CHEMBL301,0.03,Cc1nc(N)sc1-c1ccnc(Nc2ccc(O)cc2)n1
CHEMBL47527,7.22,CHEMBL301,0.06,Cc1nc(C)c(-c2ccnc(Nc3cccc(O)c3)n2)s1
CHEMBL46817,6.66,CHEMBL301,0.22,Cc1nc(C)c(-c2ccnc(Nc3ccc(N(C)C)cc3)n2)s1
CHEMBL298445,8.7,CHEMBL301,0.002,Cc1nc(N)sc1-c1ccnc(Nc2cccc([N+](=O)[O-])c2)n1
CHEMBL295398,6.16,CHEMBL301,0.7,Cc1nc(N)sc1-c1ccnc(Nc2ccc(N(C)C)cc2)n1
CHEMBL46429,6.1,CHEMBL301,0.8,CNc1nc(C)c(-c2ccnc(Nc3cccc([N+](=O)[O-])c3)n2)s1
CHEMBL295127,7.1,CHEMBL301,0.08,Cc1nc(C)c(-c2ccnc(Nc3ccccc3)n2)s1
CHEMBL47590,7.16,CHEMBL301,0.07,CNc1nc(C)c(-c2ccnc(Nc3ccc(O)cc3)n2)s1
CHEMBL295484,7.7,CHEMBL301,0.02,Cc1nc(C)c(-c2ccnc(Nc3ccc(N(C)C)c([N+](=O)[O-])c3)n2)s1
CHEMBL48109,6.54,CHEMBL301,0.29,Cc1nc(C)c(-c2ccnc(Nc3ccc(C(F)(F)F)cc3)n2)s1
CHEMBL432116,7.0,CHEMBL301,0.1,Cc1nc(C)c(-c2ccnc(Nc3cccc(F)c3)n2)s1
CHEMBL46401,7.22,CHEMBL301,0.06,Cc1nc(N(C)C)sc1-c1ccnc(Nc2cccc([N+](=O)[O-])c2)n1
CHEMBL45001,5.6,CHEMBL301,2.5,Cc1nc(C)c(-c2ccnc(Nc3ccc(Cl)cc3)n2)s1
CHEMBL47690,5.39,CHEMBL301,4.1,Cc1nc(C)c(-c2ccnc(Nc3ccc([N+](=O)[O-])cc3)n2)s1
CHEMBL297412,7.4,CHEMBL301,0.04,Cc1nc(C)c(-c2ccnc(Nc3ccc(F)cc3)n2)s1
CHEMBL47249,6.8,CHEMBL301,0.16,C=CCNc1nc(C)c(-c2ccnc(Nc3cccc([N+](=O)[O-])c3)n2)s1
CHEMBL44712,6.17,CHEMBL301,0.67,Cc1nc(C)c(-c2ccnc(Nc3cccc(Cl)c3)n2)s1
CHEMBL45408,6.96,CHEMBL301,0.11,Cc1nc(C)c(-c2ccnc(Nc3cccc([N+](=O)[O-])c3)n2)s1
CHEMBL421583,5.52,CHEMBL301,3.0,Cc1ccc(N(CC#N)c2cc(Nc3ccc(OCC(O)CN(C)C)cc3)ncn2)c(Br)c1
CHEMBL317281,4.03,CHEMBL301,93.0,CN(C)CC(O)COc1ccc(Nc2cc(Nc3ccc(F)cc3F)ncn2)cc1
CHEMBL101119,6.0,CHEMBL301,1.0,CN(C)CC(O)COc1ccc(Nc2cc(N(CC#N)c3cc(Cl)ccc3Cl)ncn2)cc1
CHEMBL317378,5.3,CHEMBL301,5.0,CN(C)CC(O)COc1ccc(Nc2cc(N(CCC#N)c3cc(Cl)ccc3Cl)ncn2)cc1
CHEMBL418793,4.41,CHEMBL301,39.0,Cc1ccccc1Nc1cc(Nc2ccc(OCC(O)CN(C)C)cc2)ncn1
CHEMBL322640,4.66,CHEMBL301,22.0,CN(C)CC(O)COc1ccc(Nc2cc(Nc3cc(Cl)ccc3Cl)ncn2)cc1
CHEMBL101868,4.07,CHEMBL301,85.0,COc1ccccc1Nc1cc(Nc2ccc(OCC(O)CN(C)C)cc2)ncn1
CHEMBL100945,4.72,CHEMBL301,19.0,C#CCN(c1cc(Nc2ccc(OCC(O)CN(C)C)cc2)ncn1)c1cc(Cl)ccc1Cl
CHEMBL100811,4.55,CHEMBL301,28.0,CN(C)CC(O)COc1ccc(Nc2cc(Nc3ccccc3Br)ncn2)cc1
CHEMBL101557,4.46,CHEMBL301,35.0,CN(C)CC(O)COc1ccc(Nc2cc(Nc3cc(C(F)(F)F)ccc3F)ncn2)cc1
CHEMBL99699,4.62,CHEMBL301,24.0,CC(C)c1ccccc1Nc1cc(Nc2ccc(OCC(O)CN(C)C)cc2)ncn1
CHEMBL101558,4.42,CHEMBL301,38.0,CN(C)CC(O)COc1ccc(Nc2cc(Nc3c(F)cccc3F)ncn2)cc1
CHEMBL99647,4.02,CHEMBL301,95.0,CN(C)CC(O)COc1ccc(Nc2cc(Nc3ccccc3Cl)ncn2)cc1
CHEMBL316887,4.6,CHEMBL301,25.0,CN(C)CC(O)COc1ccc(Nc2cc(Nc3ccccc3[N+](=O)[O-])ncn2)cc1
CHEMBL405042,6.44,CHEMBL301,360.0,C/C(Nc1ccc(S(N)(=O)=O)cc1)=C1/C(=O)Nc2ccccc21
CHEMBL48362,7.52,CHEMBL301,30.0,CN1CCC(c2c(O)cc(O)c3c2O/C(=C\c2ccc(S(N)(=O)=O)cc2)C3=O)CC1
CHEMBL271822,7.27,CHEMBL301,54.0,COc1ccc2c(c1Cl)/C(=N/Nc1ccc(S(N)(=O)=O)cc1)C(=O)N2
CHEMBL1276446,8.01,CHEMBL301,9.7,O=C1Nc2ccc3ncsc3c2/C1=C/Nc1ccc(S(=O)(=O)Nc2ccccn2)cc1
CHEMBL45477,6.51,CHEMBL301,310.0,CN1CCC(c2c(O)cc(O)c3c2O/C(=C\c2ccc([N+](=O)[O-])cc2)C3=O)CC1
CHEMBL1964242,8.25,CHEMBL301,5.6,O=C1Nc2ccc3ncsc3c2/C1=C/Nc1ccc(S(=O)(=O)NCc2ccccc2)cc1
CHEMBL1964246,8.33,CHEMBL301,4.7,O=C1Nc2ccc3ncsc3c2/C1=C/Nc1ccc(S(=O)(=O)NCCO)cc1
CHEMBL412097,7.66,CHEMBL301,22.0,C/C(Nc1ccc(S(N)(=O)=O)cc1)=C1/C(=O)Nc2ccc(Cl)cc21
CHEMBL409731,8.68,CHEMBL301,2.1,COC(=O)c1ccc2c(c1)/C(=C/Nc1ccc(S(N)(=O)=O)cc1)C(=O)N2
CHEMBL1964247,8.34,CHEMBL301,4.6,CN(C)S(=O)(=O)c1ccc(N/C=C2\C(=O)Nc3ccc4ncsc4c32)cc1
CHEMBL272414,6.51,CHEMBL301,310.0,CN(C)c1ccc2c(c1)/C(=C/Nc1ccc(S(N)(=O)=O)cc1)C(=O)N2
CHEMBL51709,5.89,CHEMBL301,1280.0,CN1CCC(c2c(O)cc(O)c3c2O/C(=C\c2ccccc2)C3=O)CC1
CHEMBL411490,7.89,CHEMBL301,13.0,Cc1ccc2c(c1Cl)/C(=N/Nc1ccc(S(N)(=O)=O)cc1)C(=O)N2
CHEMBL1964245,8.25,CHEMBL301,5.6,CNS(=O)(=O)c1ccc(N/C=C2\C(=O)Nc3ccc4ncsc4c32)cc1
CHEMBL1964244,8.37,CHEMBL301,4.3,O=C1Nc2ccc3ncsc3c2/C1=C/Nc1ccc(S(=O)(=O)Nc2ccccc2)cc1
CHEMBL410293,7.21,CHEMBL301,61.0,NS(=O)(=O)c1ccc(N/C=C2\C(=O)Nc3cc(CO)ccc32)cc1
CHEMBL1794055,8.55,CHEMBL301,2.8,NS(=O)(=O)c1ccc(NC=C2C(=O)Nc3ccc4ncsc4c32)cc1
CHEMBL271137,7.27,CHEMBL301,54.0,NS(=O)(=O)c1ccc(N/C=C2\C(=O)Nc3cccc(CO)c32)cc1
CHEMBL272667,8.34,CHEMBL301,4.6,Cc1c([N+](=O)[O-])ccc2c1/C(=N/Nc1ccc(S(N)(=O)=O)cc1)C(=O)N2
CHEMBL269850,6.16,CHEMBL301,690.0,NS(=O)(=O)c1ccc(N/C=C2\C(=O)Nc3ccccc32)cc1
CHEMBL48614,5.4,CHEMBL301,3970.0,CN1CCC(c2c(O)cc(O)c3c2O/C(=C\c2ccccc2Cl)C3=O)CC1
CHEMBL1964243,7.12,CHEMBL301,75.0,CC(=O)NS(=O)(=O)c1ccc(N/C=C2\C(=O)Nc3ccc4ncsc4c32)cc1
CHEMBL58466,7.31,CHEMBL301,0.049,O=C1Nc2cccc(C3CCNCC3)c2/C1=C/c1[nH]cc2c1CCNC2=O
CHEMBL272389,7.8,CHEMBL301,16.0,CS(=O)(=O)c1ccc2c(c1)/C(=N/Nc1ccc(S(N)(=O)=O)cc1)C(=O)N2
CHEMBL300767,7.4,CHEMBL301,0.04,COc1ccc2c(c1)/C(=C/c1[nH]cc3c1CCOC3=O)C(=O)N2
CHEMBL57325,5.24,CHEMBL301,5.7,O=C1Nc2cc(-c3ccccc3)ccc2/C1=C/c1[nH]cc2c1CCNC2=O
CHEMBL432491,7.92,CHEMBL301,0.012,NS(=O)(=O)c1ccc2c(c1)/C(=C/c1[nH]cc3c1CCOC3=O)C(=O)N2
CHEMBL312273,6.9,CHEMBL301,127.0,CC(=O)NCCNc1cc(-c2ccc[nH]2)c2c3c(ccc(F)c13)NC2=O
CHEMBL411865,7.92,CHEMBL301,12.0,NS(=O)(=O)c1ccc(N/N=C2\C(=O)Nc3cccc(CCc4ccc(O)cc4)c32)cc1
CHEMBL272684,7.72,CHEMBL301,19.0,NS(=O)(=O)c1ccc(N/N=C2\C(=O)Nc3cccc(-c4cc[nH]n4)c32)cc1
CHEMBL269827,8.64,CHEMBL301,2.3,NS(=O)(=O)c1ccc(N/N=C2\C(=O)Nc3ccc(-c4cnco4)cc32)cc1
CHEMBL60541,8.4,CHEMBL301,0.004,CNS(=O)(=O)c1ccc2c(c1)/C(=C/c1[nH]cc3c1CCOC3=O)C(=O)N2
CHEMBL311992,7.92,CHEMBL301,12.0,NCCOc1cc(-c2ccc[nH]2)c2c3c(ccc(F)c13)NC2=O
CHEMBL82603,6.42,CHEMBL301,376.0,Cc1cc(-c2ccc[nH]2)c2c3c(ccc(F)c13)NC2=O
CHEMBL410883,8.35,CHEMBL301,4.5,NC(=O)c1ccc2c(c1)/C(=N/Nc1ccc(S(N)(=O)=O)cc1)C(=O)N2
CHEMBL294884,8.05,CHEMBL301,0.009,CNS(=O)(=O)c1ccc2c(c1)/C(=C/c1[nH]cc3c1CCNC3=O)C(=O)N2
CHEMBL409619,5.62,CHEMBL301,2400.0,NS(=O)(=O)c1ccc(N/N=C2\C(=O)Nc3cccc([N+](=O)[O-])c32)cc1
CHEMBL272165,8.05,CHEMBL301,8.9,NS(=O)(=O)c1ccc(N/N=C2\C(=O)Nc3ccc(C(=O)NCc4ccncc4)cc32)cc1
CHEMBL409690,8.0,CHEMBL301,10.0,NS(=O)(=O)c1ccc(N/N=C2\C(=O)Nc3ccc(O)cc32)cc1
CHEMBL301639,7.06,CHEMBL301,0.088,O=C1Nc2ccc(Cl)cc2/C1=C/c1[nH]cc2c1CCOC2=O
CHEMBL79364,7.75,CHEMBL301,18.0,O=C1Nc2ccc(F)c3c(OCCCO)cc(-c4ccc[nH]4)c1c23
CHEMBL83775,7.75,CHEMBL301,18.0,COc1cc(-c2ccc[nH]2)c2c3c(ccc(F)c13)NC2=O
CHEMBL83443,6.91,CHEMBL301,124.0,CC(C)Cc1cc(-c2ccc[nH]2)c2c3c(ccc(F)c13)NC2=O
CHEMBL270054,7.37,CHEMBL301,43.0,NS(=O)(=O)c1ccc(N/N=C2\C(=O)Nc3ccc(Cl)cc32)cc1
CHEMBL83499,7.27,CHEMBL301,54.0,O=C1Nc2ccc(F)c3c(NCCO)cc(-c4ccc[nH]4)c1c23
CHEMBL84284,5.26,CHEMBL301,5500.0,CC(C)(C)OC(=O)NCCNc1cc(-c2ccc[nH]2)c2c3c(ccc(F)c13)NC2=O
CHEMBL311464,8.52,CHEMBL301,3.0,NCCSc1cc(-c2ccc[nH]2)c2c3c(ccc(F)c13)NC2=O
CHEMBL271843,7.34,CHEMBL301,46.0,Cc1ccc2c(c1)/C(=N/Nc1ccc(S(N)(=O)=O)cc1)C(=O)N2
CHEMBL58224,8.05,CHEMBL301,0.009,O=C1Nc2cccc(C3CCNCC3)c2/C1=C/c1[nH]cc2c1CCOC2=O
CHEMBL84347,6.53,CHEMBL301,294.0,CCN(CC)CCNc1cc(-c2ccc[nH]2)c2c3c(ccc(F)c13)NC2=O
CHEMBL82251,7.14,CHEMBL301,72.0,CCc1cc(-c2ccc[nH]2)c2c3c(ccc(F)c13)NC2=O
CHEMBL411491,7.22,CHEMBL301,60.0,NS(=O)(=O)c1ccc(N/N=C2\C(=O)Nc3ccc(Br)cc32)cc1
CHEMBL83369,7.85,CHEMBL301,14.0,O=C1Nc2ccc(F)c3c(SCCO)cc(-c4ccc[nH]4)c1c23
CHEMBL79498,8.3,CHEMBL301,5.0,O=C1Nc2ccc(F)c3c(S[C@H]4CCNC4)cc(-c4ccc[nH]4)c1c23
CHEMBL271160,8.47,CHEMBL301,3.4,CC(C)Oc1cccc2c1/C(=N/Nc1ccc(S(N)(=O)=O)cc1)C(=O)N2
CHEMBL272387,7.37,CHEMBL301,43.0,NS(=O)(=O)c1ccc(N/N=C2\C(=O)Nc3ccc(S(N)(=O)=O)cc32)cc1
CHEMBL79356,7.55,CHEMBL301,28.0,NCC[S+]([O-])c1cc(-c2ccc[nH]2)c2c3c(ccc(F)c13)NC2=O
CHEMBL309767,7.64,CHEMBL301,23.0,NCCS(=O)(=O)c1cc(-c2ccc[nH]2)c2c3c(ccc(F)c13)NC2=O
CHEMBL58139,7.17,CHEMBL301,0.068,CN(C)S(=O)(=O)c1ccc2c(c1)/C(=C/c1[nH]cc3c1CCNC3=O)C(=O)N2
CHEMBL270544,8.82,CHEMBL301,1.5,CC(C)=Cc1cccc2c1/C(=N/Nc1ccc(S(N)(=O)=O)cc1)C(=O)N2
CHEMBL258805,6.96,CHEMBL301,0.11,COc1ccc2c(c1)/C(=C/c1cnc[nH]1)C(=O)N2
CHEMBL415471,8.3,CHEMBL301,5.0,N#CCCc1cc(-c2ccc[nH]2)c2c3c(ccc(F)c13)NC2=O
CHEMBL273060,7.96,CHEMBL301,11.0,NS(=O)(=O)c1ccc(N/N=C2\C(=O)Nc3ccc(I)cc32)cc1
CHEMBL57446,6.57,CHEMBL301,0.27,Cc1cccc2c1/C(=C/c1[nH]cc3c1CCOC3=O)C(=O)N2
CHEMBL59073,5.82,CHEMBL301,1.5,COc1ccc2c(c1)NC(=O)/C2=C\c1[nH]cc2c1CCOC2=O
CHEMBL82767,7.92,CHEMBL301,12.0,NCCNc1cc(-c2ccc[nH]2)c2c3c(ccc(F)c13)NC2=O
CHEMBL438721,6.92,CHEMBL301,120.0,NS(=O)(=O)c1ccc(N/N=C2\C(=O)Nc3ccccc32)cc1
CHEMBL293068,8.4,CHEMBL301,0.004,O=C1Nc2ccc(C(=O)O)cc2/C1=C/c1[nH]cc2c1CCOC2=O
CHEMBL292864,6.72,CHEMBL301,0.19,O=C1Nc2ccc(Br)cc2/C1=C/c1[nH]cc2c1CCOC2=O
CHEMBL314397,8.34,CHEMBL301,4.6,NS(=O)(=O)c1ccc(/N=N/c2c(O)[nH]c3cccc(I)c23)cc1
CHEMBL411426,8.6,CHEMBL301,2.5,CC(C)c1cccc2c1/C(=N/Nc1ccc(S(N)(=O)=O)cc1)C(=O)N2
CHEMBL271842,7.13,CHEMBL301,74.0,Nc1ccc2c(c1)/C(=N/Nc1ccc(S(N)(=O)=O)cc1)C(=O)N2
CHEMBL1794054,7.68,CHEMBL301,21.0,NS(=O)(=O)c1ccc(N/N=C2\C(=O)Nc3cccc(CCc4ccncc4)c32)cc1
CHEMBL271183,7.37,CHEMBL301,43.0,NS(=O)(=O)c1ccc(N/N=C2\C(=O)Nc3cc(Br)ccc32)cc1
CHEMBL273061,7.47,CHEMBL301,34.0,NS(=O)(=O)c1ccc(N/N=C2\C(=O)Nc3ccc(F)cc32)cc1
CHEMBL409868,7.77,CHEMBL301,17.0,CN(C)C(=O)c1ccc2c(c1)/C(=N/Nc1ccc(S(N)(=O)=O)cc1)C(=O)N2
CHEMBL417228,6.6,CHEMBL301,0.25,COc1ccc2c(c1)/C(=C/c1[nH]cc3c1CCNC3=O)C(=O)N2
CHEMBL312018,6.69,CHEMBL301,204.0,O=C1Nc2ccc(F)c3ccc(-c4ccc[nH]4)c1c23
CHEMBL312726,8.15,CHEMBL301,7.0,NCCCc1cc(-c2ccc[nH]2)c2c3c(ccc(F)c13)NC2=O
CHEMBL299032,7.19,CHEMBL301,0.064,CC(C)NS(=O)(=O)c1ccc2c(c1)/C(=C/c1[nH]cc3c1CCOC3=O)C(=O)N2
CHEMBL310755,7.11,CHEMBL301,77.0,CCOc1cc(-c2ccc[nH]2)c2c3c(ccc(F)c13)NC2=O
CHEMBL79848,7.21,CHEMBL301,62.0,O=C1Nc2ccc(F)c3c(OCCO)cc(-c4ccc[nH]4)c1c23
CHEMBL411696,7.03,CHEMBL301,93.0,CCOc1cccc2c1/C(=N/Nc1ccc(S(N)(=O)=O)cc1)C(=O)N2
CHEMBL271953,8.68,CHEMBL301,2.1,NS(=O)(=O)c1ccc(N/N=C2\C(=O)Nc3ccc(C(=O)NCc4cccnc4)cc32)cc1
CHEMBL442186,7.75,CHEMBL301,18.0,O=C1Nc2ccc(F)c3c(SC[C@@H]4CCCN4)cc(-c4ccc[nH]4)c1c23
CHEMBL411425,8.1,CHEMBL301,7.9,CCc1cccc2c1/C(=N/Nc1ccc(S(N)(=O)=O)cc1)C(=O)N2
CHEMBL60990,7.17,CHEMBL301,0.068,O=C1Nc2ccc(C(=O)O)cc2/C1=C/c1[nH]cc2c1CCNC2=O
CHEMBL411224,8.92,CHEMBL301,1.2,CC(C)Cc1cccc2c1/C(=N/Nc1ccc(S(N)(=O)=O)cc1)C(=O)N2
CHEMBL271594,7.12,CHEMBL301,75.0,CC(C)c1ccc2c(c1)NC(=O)/C2=N/Nc1ccc(S(N)(=O)=O)cc1
CHEMBL57256,7.48,CHEMBL301,0.033,CN(C)S(=O)(=O)c1ccc2c(c1)/C(=C/c1[nH]cc3c1CCOC3=O)C(=O)N2
CHEMBL57639,6.28,CHEMBL301,0.53,O=C1Nc2ccc(Br)cc2/C1=C/c1[nH]cc2c1CCNC2=O
CHEMBL310529,7.82,CHEMBL301,15.0,O=C1Nc2ccc(F)c3c(S(=O)(=O)CCO)cc(-c4ccc[nH]4)c1c23
CHEMBL21156,5.48,CHEMBL301,3.3,CC(C)(C)c1nc2c3ccc(F)cc3c3c(=O)[nH]ccc3c2[nH]1
CHEMBL271182,7.68,CHEMBL301,21.0,CCc1ccc2c(c1)NC(=O)/C2=N\Nc1ccc(S(N)(=O)=O)cc1
CHEMBL58483,7.52,CHEMBL301,0.03,O=C1Nc2cccc(CCO)c2/C1=C/c1[nH]cc2c1CCOC2=O
CHEMBL445607,6.47,CHEMBL301,0.34,O=C1Nc2cccc(CCO)c2/C1=C/c1[nH]cc2c1CCNC2=O
CHEMBL409104,7.89,CHEMBL301,13.0,NS(=O)(=O)c1ccc(N/N=C2\C(=O)Nc3cccc(Oc4ccccc4)c32)cc1
CHEMBL81196,7.32,CHEMBL301,48.0,NCCCNc1cc(-c2ccc[nH]2)c2c3c(ccc(F)c13)NC2=O
CHEMBL82768,7.19,CHEMBL301,65.0,CC(C)(N)CNc1cc(-c2ccc[nH]2)c2c3c(ccc(F)c13)NC2=O
CHEMBL411886,7.82,CHEMBL301,15.0,NS(=O)(=O)c1ccc(N/N=C2\C(=O)Nc3ccc([N+](=O)[O-])cc32)cc1
CHEMBL59110,7.09,CHEMBL301,0.082,O=C1Nc2ccc(F)cc2/C1=C/c1[nH]cc2c1CCOC2=O
CHEMBL293113,6.52,CHEMBL301,0.3,O=C1Nc2ccc(F)cc2/C1=C/c1[nH]cc2c1CCNC2=O
CHEMBL260103,7.92,CHEMBL301,12.0,COc1ccc2c(c1)/C(=N/Nc1ccc(S(N)(=O)=O)cc1)C(=O)N2
CHEMBL48614,5.4,CHEMBL301,3.97,CN1CCC(c2c(O)cc(O)c3c2O/C(=C\c2ccccc2Cl)C3=O)CC1
CHEMBL418203,6.66,CHEMBL301,0.22,CN1CCC(c2c(O)cc(O)c3c(=O)cc(-c4ccccc4Cl)oc23)[C@@H](O)C1
CHEMBL48362,7.52,CHEMBL301,0.03,CN1CCC(c2c(O)cc(O)c3c2O/C(=C\c2ccc(S(N)(=O)=O)cc2)C3=O)CC1
CHEMBL46181,5.53,CHEMBL301,2.98,CN1CCC(c2c(O)cc(O)c3c2O/C(=C\c2ccc(N4CCN(C)CC4)cc2)C3=O)CC1
CHEMBL51709,5.89,CHEMBL301,1.28,CN1CCC(c2c(O)cc(O)c3c2O/C(=C\c2ccccc2)C3=O)CC1
CHEMBL45477,6.51,CHEMBL301,0.31,CN1CCC(c2c(O)cc(O)c3c2O/C(=C\c2ccc([N+](=O)[O-])cc2)C3=O)CC1
CHEMBL307808,7.8,CHEMBL301,0.016,COCCNS(=O)(=O)c1ccc(Nc2nccc(-c3cnc4ccc(Sc5ccccc5)cn34)n2)cc1
CHEMBL309573,7.92,CHEMBL301,0.012,COCCNS(=O)(=O)c1ccc(Nc2nccc(-c3cnc4ccccn34)n2)cc1
CHEMBL72548,8.3,CHEMBL301,0.005,CN(C)CCNS(=O)(=O)c1ccc(Nc2nccc(-c3cnc4ccccn34)n2)cc1
CHEMBL73645,6.21,CHEMBL301,0.62,Cc1nc2ccccn2c1-c1ccnc(Nc2ccc(Cl)cc2)n1
CHEMBL73189,6.82,CHEMBL301,0.15,Cc1nc2ccccn2c1-c1ccnc(Nc2cccc(Cl)c2)n1
CHEMBL280074,5.16,CHEMBL301,7.0,Cn1cnc2c(NCc3ccccc3)nc(NCCO)nc21
CHEMBL308848,5.06,CHEMBL301,8.8,Cc1nc2ccccn2c1-c1ccnc(Nc2ccccc2Cl)n1
CHEMBL14762,6.22,CHEMBL301,0.6,CC[C@H](CO)Nc1nc(NCc2ccccc2)c2ncn(C(C)C)c2n1
CHEMBL72461,6.68,CHEMBL301,0.21,Cc1nc2ccccn2c1-c1ccnc(Nc2ccccc2)n1
CHEMBL74680,6.17,CHEMBL301,0.68,Clc1cccc(Nc2nccc(-n3cnc4ccccc43)n2)c1
CHEMBL73243,8.4,CHEMBL301,0.004,COCCCNS(=O)(=O)c1ccc(Nc2nccc(-c3cnc4ccccn34)n2)cc1
CHEMBL72510,7.42,CHEMBL301,0.038,Cc1nc2ccccn2c1-c1ccnc(Nc2ccc(S(N)(=O)=O)cc2)n1
CHEMBL70824,8.3,CHEMBL301,0.005,CN(C)CCCN(C)S(=O)(=O)c1ccc(Nc2nccc(-c3cnc4ccccn34)n2)cc1
CHEMBL72509,8.3,CHEMBL301,0.005,Clc1cccc(Nc2nccc(-c3cnc4ccccn34)n2)c1
CHEMBL23327,8.4,CHEMBL301,4.0,CC(C)[C@H](CO)Nc1nc(Nc2cccc(Cl)c2)c2ncn(C(C)C)c2n1
CHEMBL323015,4.39,CHEMBL301,40.4,Cc1cc(C)nc(Sc2cc(=O)c3c(O)cc(O)c(C4CCN(C)CC4O)c3o2)n1
CHEMBL102622,4.02,CHEMBL301,95.0,Cc1nc2ccccn2c1-c1ccnc(NC(=O)C(F)(F)F)n1
CHEMBL48362,7.52,CHEMBL301,0.03,CN1CCC(c2c(O)cc(O)c3c2O/C(=C\c2ccc(S(N)(=O)=O)cc2)C3=O)CC1
CHEMBL102047,4.5,CHEMBL301,32.0,CN(C)CC(O)COc1ccc(Nc2nccc(Nc3ccccc3)n2)cc1
CHEMBL72461,7.44,CHEMBL301,0.036,Cc1nc2ccccn2c1-c1ccnc(Nc2ccccc2)n1
CHEMBL112050,5.18,CHEMBL301,6.59,CN1CCC(c2c(O)cc(O)c3c(=O)cc(Sc4ccccc4)oc23)C(O)C1
CHEMBL113544,5.68,CHEMBL301,2.1,CN1CCC(c2c(O)cc(O)c3c(=O)cc(Sc4ccccc4Cl)oc23)C(O)C1
CHEMBL112582,5.97,CHEMBL301,1.07,CN1CCC(c2c(O)cc(O)c3c(=O)cc(SC(C)(C)C)oc23)C(O)C1
CHEMBL102926,7.5,CHEMBL301,0.032,Cc1nc2ccccn2c1-c1ccnc(Nc2ccc(OCC(O)CN(C)C)cc2)n1
CHEMBL326843,5.41,CHEMBL301,3.93,CCSc1cc(=O)c2c(O)cc(O)c(C3CCN(C)CC3O)c2o1
CHEMBL99842,5.54,CHEMBL301,2.9,CC(=O)Nc1nccc(-c2c(C)nc3ccccn23)n1
CHEMBL51709,5.89,CHEMBL301,1.28,CN1CCC(c2c(O)cc(O)c3c2O/C(=C\c2ccccc2)C3=O)CC1
CHEMBL100979,5.4,CHEMBL301,4.0,Cc1nc2ccccn2c1-c1ccnc(N)n1
CHEMBL326275,5.68,CHEMBL301,2.11,CN1CCC(c2c(O)cc(O)c3c(=O)cc(Oc4ccccc4Cl)oc23)C(O)C1
CHEMBL45477,6.51,CHEMBL301,0.31,CN1CCC(c2c(O)cc(O)c3c2O/C(=C\c2ccc([N+](=O)[O-])cc2)C3=O)CC1
CHEMBL48614,5.4,CHEMBL301,3.97,CN1CCC(c2c(O)cc(O)c3c2O/C(=C\c2ccccc2Cl)C3=O)CC1
CHEMBL103355,8.22,CHEMBL301,0.006,Cc1ccc(F)c(Nc2ccnc(Nc3ccc(S(N)(=O)=O)cc3)n2)c1
CHEMBL319831,6.78,CHEMBL301,166.0,Nc1cccc(-c2cc(Nc3ccc(S(N)(=O)=O)cc3)[nH]n2)c1
CHEMBL103104,8.04,CHEMBL301,9.1,NS(=O)(=O)c1ccc(Nc2cc(-c3cccc(O)c3)n[nH]2)cc1
CHEMBL321517,9.47,CHEMBL301,0.34,Nc1ccc(-c2cc(Nc3ccc(S(N)(=O)=O)cc3)[nH]n2)cc1
CHEMBL319685,7.61,CHEMBL301,24.5,COc1cccc(-c2cc(Nc3ccc(S(N)(=O)=O)cc3)[nH]n2)c1
CHEMBL319903,8.0,CHEMBL301,10.0,NS(=O)(=O)c1ccc(Nc2cc(-c3ccc(Br)cc3)[nH]n2)cc1
CHEMBL103039,6.31,CHEMBL301,490.0,NS(=O)(=O)c1ccc(Nc2cc(-c3cccc(N4CCOCC4)c3)[nH]n2)cc1
CHEMBL319103,7.97,CHEMBL301,10.7,NS(=O)(=O)c1ccc(Nc2cc(-c3cccc(NS(=O)(=O)c4ccccc4)c3)[nH]n2)cc1
CHEMBL103285,7.63,CHEMBL301,23.4,NS(=O)(=O)c1ccc(Nc2cc(-c3cccc(Br)c3)[nH]n2)cc1
CHEMBL102241,6.39,CHEMBL301,407.0,COc1ccc(-c2cc(Nc3ccc(S(N)(=O)=O)cc3)[nH]n2)cc1F
CHEMBL418985,6.22,CHEMBL301,602.0,CS(=O)(=O)Nc1ccc(Nc2cc(-c3cccc(Br)c3)[nH]n2)cc1
CHEMBL103382,7.76,CHEMBL301,17.4,NS(=O)(=O)c1ccc(Nc2cc(-c3ccc(F)cc3)[nH]n2)cc1
CHEMBL103115,7.9,CHEMBL301,12.6,NS(=O)(=O)c1ccc(Nc2cc(-c3ccc(O)c(F)c3)n[nH]2)cc1
CHEMBL421578,7.97,CHEMBL301,10.7,CS(=O)(=O)Nc1cccc(-c2cc(Nc3ccc(S(N)(=O)=O)cc3)[nH]n2)c1
CHEMBL329040,6.06,CHEMBL301,871.0,NS(=O)(=O)c1cccc(Nc2cc(-c3ccc(F)cc3)n[nH]2)c1
CHEMBL317703,9.48,CHEMBL301,0.33,NS(=O)(=O)c1ccc(Nc2cc(-c3ccc([N+](=O)[O-])cc3)[nH]n2)cc1
CHEMBL321939,7.21,CHEMBL301,61.6,NS(=O)(=O)c1ccc(Nc2cc(-c3cccc(NC(=O)Nc4cc(C(F)(F)F)ccc4F)c3)[nH]n2)cc1
CHEMBL340935,5.61,CHEMBL301,2.439,O=C1NC(=O)C2=C1c1cn(c3ccccc13)CCOCCOCCOCCn1cc2c2cccnc21
CHEMBL340259,6.0,CHEMBL301,0.992,O=C1NC(=O)C2=C1c1cn(c3ccccc13)CCOCCOCCOCCn1cc2c2ccccc21
CHEMBL303958,5.66,CHEMBL301,2.2,Nc1nc(N)c(N=O)c(OCC2CCCCC2)n1
CHEMBL101801,7.47,CHEMBL301,0.034,NC(=O)c1ccc(Nc2nc(N)c(N=O)c(OCC3CCCCC3)n2)cc1
CHEMBL319709,4.23,CHEMBL301,59.0,NC(=O)c1ccc(Nc2nc(N)cc(OCC3CCCCC3)n2)cc1
CHEMBL322568,6.92,CHEMBL301,0.12,CSc1ccc(Nc2nc(N)c(N=O)c(OCC3CCCCC3)n2)cc1
CHEMBL318999,8.96,CHEMBL301,0.0011,Nc1nc(Nc2ccc(S(N)(=O)=O)cc2)nc(OCC2CCCCC2)c1N=O
CHEMBL319467,8.27,CHEMBL301,0.0054,NS(=O)(=O)c1ccc(Nc2nc(OCC3CCCCC3)c3nc[nH]c3n2)cc1
CHEMBL269881,4.77,CHEMBL301,17.0,Nc1nc(OCC2CCCCC2)c2nc[nH]c2n1
CHEMBL104467,5.54,CHEMBL301,2.9,Nc1cc(OCC2CCCCC2)nc(Nc2ccc(S(N)(=O)=O)cc2)n1
CHEMBL107530,6.3,CHEMBL301,0.5,Nc1nc(Nc2cccc(Br)c2)nc(OCC2CCCCC2)c1N=O
CHEMBL102636,6.66,CHEMBL301,0.22,COc1ccc(Nc2nc(N)c(N=O)c(OCC3CCCCC3)n2)cc1
CHEMBL1276127,5.66,CHEMBL301,2.2,O=C1Nc2ccccc2/C1=C1/Nc2ccccc2C1=O
CHEMBL599552,4.16,CHEMBL301,70.0,O=C1/C(=C2\Nc3ccccc3C2=O)Nc2ccccc21
CHEMBL289422,6.27,CHEMBL301,0.54,O=C1NC(=O)c2c1c1c3ccccc3n3c1c1c2c2ccccc2n1[C@H]1CC[C@@H]3O1
CHEMBL303958,5.89,CHEMBL301,1.3,Nc1nc(N)c(N=O)c(OCC2CCCCC2)n1
CHEMBL269881,4.92,CHEMBL301,12.0,Nc1nc(OCC2CCCCC2)c2nc[nH]c2n1
CHEMBL405551,4.89,CHEMBL301,13.0,c1nc(OCC2CCCCC2)c2nc[nH]c2n1
CHEMBL1964242,8.25,CHEMBL301,5.6,O=C1Nc2ccc3ncsc3c2/C1=C/Nc1ccc(S(=O)(=O)NCc2ccccc2)cc1
CHEMBL1234085,6.25,CHEMBL301,560.0,CNS(=O)(=O)c1ccc(N/C=C2\C(=O)Nc3ccccc32)cc1
CHEMBL314397,8.34,CHEMBL301,4.6,NS(=O)(=O)c1ccc(/N=N/c2c(O)[nH]c3cccc(I)c23)cc1
CHEMBL272165,8.05,CHEMBL301,8.9,NS(=O)(=O)c1ccc(N/N=C2\C(=O)Nc3ccc(C(=O)NCc4ccncc4)cc32)cc1
CHEMBL438721,6.92,CHEMBL301,120.0,NS(=O)(=O)c1ccc(N/N=C2\C(=O)Nc3ccccc32)cc1
CHEMBL270132,8.6,CHEMBL301,2.5,NS(=O)(=O)c1ccc(N/C=C2\C(=O)Nc3ccc(-c4cnco4)cc32)cc1
CHEMBL1276446,8.01,CHEMBL301,9.7,O=C1Nc2ccc3ncsc3c2/C1=C/Nc1ccc(S(=O)(=O)Nc2ccccn2)cc1
CHEMBL1234086,8.24,CHEMBL301,5.7,CNS(=O)(=O)Cc1ccc(N/N=C2\C(=O)Nc3ccc4ncsc4c32)cc1
CHEMBL271182,7.68,CHEMBL301,21.0,CCc1ccc2c(c1)NC(=O)/C2=N\Nc1ccc(S(N)(=O)=O)cc1
CHEMBL1964249,9.0,CHEMBL301,1.0,COCCOCCOCCOCCN(C)S(=O)(=O)c1ccc(N/C=C2\C(=O)Nc3ccc4ncsc4c32)cc1
CHEMBL272667,8.34,CHEMBL301,4.6,Cc1c([N+](=O)[O-])ccc2c1/C(=N/Nc1ccc(S(N)(=O)=O)cc1)C(=O)N2
CHEMBL269850,6.16,CHEMBL301,690.0,NS(=O)(=O)c1ccc(N/C=C2\C(=O)Nc3ccccc32)cc1
CHEMBL270054,7.37,CHEMBL301,43.0,NS(=O)(=O)c1ccc(N/N=C2\C(=O)Nc3ccc(Cl)cc32)cc1
CHEMBL409104,7.89,CHEMBL301,13.0,NS(=O)(=O)c1ccc(N/N=C2\C(=O)Nc3cccc(Oc4ccccc4)c32)cc1
CHEMBL272026,7.6,CHEMBL301,25.0,NS(=O)(=O)c1ccc(N/N=C2\C(=O)Nc3ccc(C(=O)NCCCn4ccnc4)cc32)cc1
CHEMBL411865,7.92,CHEMBL301,12.0,NS(=O)(=O)c1ccc(N/N=C2\C(=O)Nc3cccc(CCc4ccc(O)cc4)c32)cc1
CHEMBL429142,8.72,CHEMBL301,1.9,CC(C)CC(=O)c1ccc2c(c1)/C(=C/Nc1ccc(S(N)(=O)=O)cc1)C(=O)N2
CHEMBL271953,8.68,CHEMBL301,2.1,NS(=O)(=O)c1ccc(N/N=C2\C(=O)Nc3ccc(C(=O)NCc4cccnc4)cc32)cc1
CHEMBL271183,7.37,CHEMBL301,43.0,NS(=O)(=O)c1ccc(N/N=C2\C(=O)Nc3cc(Br)ccc32)cc1
CHEMBL272833,7.89,CHEMBL301,13.0,NS(=O)(=O)c1ccc(N/N=C2\C(=O)Nc3ccc4[nH]ncc4c32)cc1
CHEMBL2112297,8.02,CHEMBL301,9.5,O=C1Nc2ccc3ncsc3c2/C1=C/Nc1ccc(S(=O)(=O)N[n+]2ccc3ccccc3c2)cc1
CHEMBL1964248,6.0,CHEMBL301,1000.0,CN(C)CCNS(=O)(=O)c1ccc(N/C=C2\C(=O)Nc3ccccc32)cc1
CHEMBL271137,7.27,CHEMBL301,54.0,NS(=O)(=O)c1ccc(N/C=C2\C(=O)Nc3cccc(CO)c32)cc1
CHEMBL271843,7.34,CHEMBL301,46.0,Cc1ccc2c(c1)/C(=N/Nc1ccc(S(N)(=O)=O)cc1)C(=O)N2
CHEMBL271136,8.77,CHEMBL301,1.7,COc1cccc(OC)c1CNC(=O)c1ccc2c(c1)/C(=N/Nc1ccc(S(N)(=O)=O)cc1)C(=O)N2
CHEMBL272380,8.03,CHEMBL301,9.3,NS(=O)(=O)c1ccc(N/N=C2\C(=O)Nc3cccc(/C=C/c4ccc(O)cc4)c32)cc1
CHEMBL409868,7.77,CHEMBL301,17.0,CN(C)C(=O)c1ccc2c(c1)/C(=N/Nc1ccc(S(N)(=O)=O)cc1)C(=O)N2
CHEMBL1964247,8.34,CHEMBL301,4.6,CN(C)S(=O)(=O)c1ccc(N/C=C2\C(=O)Nc3ccc4ncsc4c32)cc1
CHEMBL1964251,8.44,CHEMBL301,3.6,O=C1Nc2ccc3ncsc3c2/C1=C/Nc1ccc(S(=O)(=O)NCCc2c[nH]cn2)cc1
CHEMBL409619,5.62,CHEMBL301,2400.0,NS(=O)(=O)c1ccc(N/N=C2\C(=O)Nc3cccc([N+](=O)[O-])c32)cc1
CHEMBL445945,8.82,CHEMBL301,1.5,NS(=O)(=O)c1ccc(N/C=C2\C(=O)Nc3ccc4ncccc4c32)cc1
CHEMBL1964244,8.37,CHEMBL301,4.3,O=C1Nc2ccc3ncsc3c2/C1=C/Nc1ccc(S(=O)(=O)Nc2ccccc2)cc1
CHEMBL409690,8.0,CHEMBL301,10.0,NS(=O)(=O)c1ccc(N/N=C2\C(=O)Nc3ccc(O)cc32)cc1
CHEMBL412091,7.82,CHEMBL301,15.0,NS(=O)(=O)c1ccc(N/N=C2\C(=O)Nc3ccc(S(=O)(=O)O)cc32)cc1
CHEMBL410293,7.21,CHEMBL301,61.0,NS(=O)(=O)c1ccc(N/C=C2\C(=O)Nc3cc(CO)ccc32)cc1
CHEMBL1964245,8.25,CHEMBL301,5.6,CNS(=O)(=O)c1ccc(N/C=C2\C(=O)Nc3ccc4ncsc4c32)cc1
CHEMBL1964260,8.24,CHEMBL301,5.7,CS(=O)(=O)c1ccc(N/C=C2\C(=O)Nc3ccc4ncsc4c32)cc1
CHEMBL1964258,7.89,CHEMBL301,13.0,O=C1Nc2ccc3ncsc3c2/C1=C/Nc1ccc(CS(=O)(=O)NCCO)cc1
CHEMBL408210,8.05,CHEMBL301,8.9,CCOC(=O)c1cccc2c1/C(=C/Nc1ccc(S(N)(=O)=O)cc1)C(=O)N2
CHEMBL409892,8.8,CHEMBL301,1.6,NS(=O)(=O)c1ccc(N/N=C2\C(=O)Nc3ccc4ncccc4c32)cc1
CHEMBL1964259,9.27,CHEMBL301,0.54,O=C1Nc2ccc3ncsc3c2/C1=C/Nc1ccc(S(=O)(=O)NCCOCCO)cc1
CHEMBL272389,7.8,CHEMBL301,16.0,CS(=O)(=O)c1ccc2c(c1)/C(=N/Nc1ccc(S(N)(=O)=O)cc1)C(=O)N2
CHEMBL271594,7.12,CHEMBL301,75.0,CC(C)c1ccc2c(c1)NC(=O)/C2=N/Nc1ccc(S(N)(=O)=O)cc1
CHEMBL1234087,8.05,CHEMBL301,8.9,O=C1Nc2ccc(-c3cnco3)cc2/C1=C/Nc1ccc2c(c1)CS(=O)(=O)C2
CHEMBL1794054,7.68,CHEMBL301,21.0,NS(=O)(=O)c1ccc(N/N=C2\C(=O)Nc3cccc(CCc4ccncc4)c32)cc1
CHEMBL1234088,6.0,CHEMBL301,1000.0,O=C1Nc2ccccc2/C1=C/Nc1ccc(S(=O)(=O)Nc2nccs2)cc1
CHEMBL412097,7.66,CHEMBL301,22.0,C/C(Nc1ccc(S(N)(=O)=O)cc1)=C1/C(=O)Nc2ccc(Cl)cc21
CHEMBL271842,7.13,CHEMBL301,74.0,Nc1ccc2c(c1)/C(=N/Nc1ccc(S(N)(=O)=O)cc1)C(=O)N2
CHEMBL411425,8.1,CHEMBL301,7.9,CCc1cccc2c1/C(=N/Nc1ccc(S(N)(=O)=O)cc1)C(=O)N2
CHEMBL1964256,7.58,CHEMBL301,26.0,CNS(=O)(=O)Cc1ccc(N/C=C2\C(=O)Nc3ccc4ncsc4c32)cc1
CHEMBL269827,8.64,CHEMBL301,2.3,NS(=O)(=O)c1ccc(N/N=C2\C(=O)Nc3ccc(-c4cnco4)cc32)cc1
CHEMBL260103,7.92,CHEMBL301,12.0,COc1ccc2c(c1)/C(=N/Nc1ccc(S(N)(=O)=O)cc1)C(=O)N2
CHEMBL271952,8.02,CHEMBL301,9.5,NS(=O)(=O)c1ccc(N/N=C2\C(=O)Nc3ccc4[nH]nnc4c32)cc1
CHEMBL411426,8.6,CHEMBL301,2.5,CC(C)c1cccc2c1/C(=N/Nc1ccc(S(N)(=O)=O)cc1)C(=O)N2
CHEMBL272684,7.72,CHEMBL301,19.0,NS(=O)(=O)c1ccc(N/N=C2\C(=O)Nc3cccc(-c4cc[nH]n4)c32)cc1
CHEMBL269882,8.66,CHEMBL301,2.2,NS(=O)(=O)c1ccc(N/N=C2\C(=O)Nc3ccc4[nH]nc(Cl)c4c32)cc1
CHEMBL272414,6.51,CHEMBL301,310.0,CN(C)c1ccc2c(c1)/C(=C/Nc1ccc(S(N)(=O)=O)cc1)C(=O)N2
CHEMBL1234089,6.18,CHEMBL301,660.0,N=C(N)NS(=O)(=O)c1ccc(N/C=C2\C(=O)Nc3ccccc32)cc1
CHEMBL273060,7.96,CHEMBL301,11.0,NS(=O)(=O)c1ccc(N/N=C2\C(=O)Nc3ccc(I)cc32)cc1
CHEMBL272028,7.92,CHEMBL301,12.0,NS(=O)(=O)c1ccc(N/N=C2\C(=O)Nc3ccc(C(=O)NCCc4c[nH]cn4)cc32)cc1
CHEMBL1794055,8.55,CHEMBL301,2.8,NS(=O)(=O)c1ccc(NC=C2C(=O)Nc3ccc4ncsc4c32)cc1
CHEMBL235849,7.3,CHEMBL301,50.0,CS(=O)(=O)Cc1ccc(N/C=C2\C(=O)Nc3ccc4ncsc4c32)cc1
CHEMBL1964246,8.33,CHEMBL301,4.7,O=C1Nc2ccc3ncsc3c2/C1=C/Nc1ccc(S(=O)(=O)NCCO)cc1
CHEMBL1964252,6.55,CHEMBL301,281.0,Cc1cccc(C)c1NS(=O)(=O)c1ccc(N/C=C2\C(=O)Nc3ccc4ncsc4c32)cc1
CHEMBL1964257,8.12,CHEMBL301,7.5,NS(=O)(=O)Cc1ccc(N/C=C2\C(=O)Nc3ccc4ncsc4c32)cc1
CHEMBL411491,7.22,CHEMBL301,60.0,NS(=O)(=O)c1ccc(N/N=C2\C(=O)Nc3ccc(Br)cc32)cc1
CHEMBL411224,8.92,CHEMBL301,1.2,CC(C)Cc1cccc2c1/C(=N/Nc1ccc(S(N)(=O)=O)cc1)C(=O)N2
CHEMBL273061,7.47,CHEMBL301,34.0,NS(=O)(=O)c1ccc(N/N=C2\C(=O)Nc3ccc(F)cc32)cc1
CHEMBL272387,7.37,CHEMBL301,43.0,NS(=O)(=O)c1ccc(N/N=C2\C(=O)Nc3ccc(S(N)(=O)=O)cc32)cc1
CHEMBL409731,8.68,CHEMBL301,2.1,COC(=O)c1ccc2c(c1)/C(=C/Nc1ccc(S(N)(=O)=O)cc1)C(=O)N2
CHEMBL1964253,8.25,CHEMBL301,5.6,CN(c1ccccn1)S(=O)(=O)c1ccc(N/C=C2\C(=O)Nc3ccc4ncsc4c32)cc1
CHEMBL1964243,7.12,CHEMBL301,75.0,CC(=O)NS(=O)(=O)c1ccc(N/C=C2\C(=O)Nc3ccc4ncsc4c32)cc1
CHEMBL270544,8.82,CHEMBL301,1.5,CC(C)=Cc1cccc2c1/C(=N/Nc1ccc(S(N)(=O)=O)cc1)C(=O)N2
CHEMBL269883,8.52,CHEMBL301,3.0,CC(C)COC(=O)c1ccc2c(c1)/C(=C/Nc1ccc(S(N)(=O)=O)cc1)C(=O)N2
CHEMBL391229,7.85,CHEMBL301,14.0,O=C1Nc2ccc3ncsc3c2/C1=C/Nc1ccc2c(c1)CS(=O)(=O)C2
CHEMBL405042,6.44,CHEMBL301,360.0,C/C(Nc1ccc(S(N)(=O)=O)cc1)=C1/C(=O)Nc2ccccc21
CHEMBL411886,7.82,CHEMBL301,15.0,NS(=O)(=O)c1ccc(N/N=C2\C(=O)Nc3ccc([N+](=O)[O-])cc32)cc1
CHEMBL271822,7.27,CHEMBL301,54.0,COc1ccc2c(c1Cl)/C(=N/Nc1ccc(S(N)(=O)=O)cc1)C(=O)N2
CHEMBL272668,7.55,CHEMBL301,28.0,NS(=O)(=O)c1ccc(N/C=C2\C(=O)Nc3ccc(C(=O)O)cc32)cc1
CHEMBL411887,8.7,CHEMBL301,2.0,C/C(Nc1ccc(S(N)(=O)=O)cc1)=C1/C(=O)Nc2ccc(-c3cnco3)cc21
CHEMBL410883,8.35,CHEMBL301,4.5,NC(=O)c1ccc2c(c1)/C(=N/Nc1ccc(S(N)(=O)=O)cc1)C(=O)N2
CHEMBL407709,8.15,CHEMBL301,7.1,NS(=O)(=O)c1ccc(N/N=C2\C(=O)Nc3ccc4ncsc4c32)cc1
CHEMBL411490,7.89,CHEMBL301,13.0,Cc1ccc2c(c1Cl)/C(=N/Nc1ccc(S(N)(=O)=O)cc1)C(=O)N2
CHEMBL1964255,8.48,CHEMBL301,3.3,N=C(N)NS(=O)(=O)c1ccc(N/C=C2\C(=O)Nc3ccc4ncsc4c32)cc1
CHEMBL411696,7.03,CHEMBL301,93.0,CCOc1cccc2c1/C(=N/Nc1ccc(S(N)(=O)=O)cc1)C(=O)N2
CHEMBL271160,8.47,CHEMBL301,3.4,CC(C)Oc1cccc2c1/C(=N/Nc1ccc(S(N)(=O)=O)cc1)C(=O)N2
CHEMBL410072,8.17,CHEMBL301,6.8,CC(C)(CO)CNC(=O)c1ccc2c(c1)/C(=N/Nc1ccc(S(N)(=O)=O)cc1)C(=O)N2
CHEMBL1964250,8.35,CHEMBL301,4.5,COCCOCCOCCOCCNS(=O)(=O)c1ccc(N/C=C2\C(=O)Nc3ccc4ncsc4c32)cc1
CHEMBL360573,8.15,CHEMBL301,0.007,CN(C)S(=O)(=O)c1ccc(Nc2cc(N[C@H]3CC[C@H](N)CC3)nc3c(C#N)cnn23)cc1
CHEMBL367150,8.1,CHEMBL301,0.008,CN(C)S(=O)(=O)c1ccc(Nc2cc(N[C@H]3CC[C@H](N)CC3)nc3c(Cl)cnn23)cc1
CHEMBL178785,8.0,CHEMBL301,0.01,CN(C)S(=O)(=O)c1ccc(Nc2cc(N[C@H]3CC[C@H](N)CC3)nc3c(Br)cnn23)cc1
CHEMBL181293,7.21,CHEMBL301,0.061,CCN[C@H]1CC[C@H](Nc2cc(Nc3ccc(S(=O)(=O)N(C)C)cc3)n3ncc(C(C)C)c3n2)CC1
CHEMBL180714,7.04,CHEMBL301,0.092,CCN(CC)[C@H]1CC[C@H](Nc2cc(Nc3ccc(S(=O)(=O)N(C)C)cc3)n3ncc(C(C)C)c3n2)CC1
CHEMBL180814,7.77,CHEMBL301,0.017,CC(C)c1cnn2c(Nc3ccc(S(=O)(=O)N(C)C)cc3)cc(O[C@H]3CC[C@H](N)CC3)nc12
CHEMBL181606,5.68,CHEMBL301,2.1,CC(C)c1cnn2c(Nc3ccc(S(=O)(=O)N(C)C)cc3)cc(NC3CCCC(N)C3)nc12
CHEMBL361231,5.92,CHEMBL301,1.2,CC(C)COc1cc(Nc2ccc(S(=O)(=O)N(C)C)cc2)n2ncc(C(C)C)c2n1
CHEMBL178268,5.92,CHEMBL301,1.2,CC(C)COc1cc(Nc2ccc(S(C)(=O)=O)cc2)n2ncc(C(C)C)c2n1
CHEMBL178769,8.7,CHEMBL301,0.002,CN(C)S(=O)(=O)c1ccc(Nc2cc(N[C@H]3CC[C@H](N)CC3)nc3c(Br)cnn23)cc1Cl
CHEMBL181114,7.96,CHEMBL301,0.011,N[C@H]1CC[C@H](Nc2cc(Nc3ccc(S(=O)(=O)c4cccs4)cc3)n3ncc(Cl)c3n2)CC1
CHEMBL361833,7.8,CHEMBL301,0.016,N[C@H]1CC[C@H](Nc2cc(Nc3ccc(S(=O)(=O)c4ccccc4)cc3)n3ncc(Br)c3n2)CC1
CHEMBL361348,7.23,CHEMBL301,0.059,CC(C)c1cnn2c(Nc3ccc(S(=O)(=O)N(C)C)cc3)cc(N[C@H]3CC[C@H](N)CC3)nc12
CHEMBL178179,8.4,CHEMBL301,0.004,CN(C)S(=O)(=O)c1ccc(Nc2cc(N[C@H]3CC[C@H](N)CC3)nc3c(C4CCCC4)cnn23)cc1
CHEMBL362296,5.4,CHEMBL301,3.98,c1ccc(Nc2nccc(-c3c(C4CC4)nn4ncccc34)n2)cc1
CHEMBL361196,6.36,CHEMBL301,0.44,O=C(Nc1ncnc2oc(-c3cccnc3)cc12)C1CC1
CHEMBL182419,6.35,CHEMBL301,0.45,O=C(Nc1ncnc2oc(-c3cccnc3)cc12)C1CCCC1
CHEMBL362722,7.1,CHEMBL301,0.08,Cc1[nH]c(C(N)=O)c(C)c1-c1ccnc(Nc2ccc(F)cc2)n1
CHEMBL364767,7.52,CHEMBL301,0.03,Cc1[nH]c([N+](=O)[O-])c(C)c1-c1ccnc(Nc2ccc(F)cc2)n1
CHEMBL365245,6.44,CHEMBL301,0.36,Cc1[nH]c(Cl)c(C)c1-c1ccnc(Nc2ccc(F)cc2)n1
CHEMBL185099,6.57,CHEMBL301,0.27,Cc1[nH]c(Br)c(C)c1-c1ccnc(Nc2ccc(F)cc2)n1
CHEMBL364408,7.3,CHEMBL301,0.05,Cc1c[nH]c(C)c1-c1ccnc(Nc2cccc([N+](=O)[O-])c2)n1
CHEMBL264345,6.85,CHEMBL301,0.14,Cc1[nH]c(C#N)c(C)c1-c1ccnc(Nc2cccc([N+](=O)[O-])c2)n1
CHEMBL183158,7.3,CHEMBL301,0.05,Cc1ccc(Nc2nccc(-c3c(C)[nH]c(C#N)c3C)n2)cc1[N+](=O)[O-]
CHEMBL184253,7.3,CHEMBL301,0.05,Cc1[nH]c(C#N)c(C)c1-c1ccnc(Nc2ccc(O)cc2)n1
CHEMBL360530,7.52,CHEMBL301,0.03,Cc1[nH]c(C#N)c(C)c1-c1ccnc(Nc2cccc(O)c2)n1
CHEMBL359623,6.89,CHEMBL301,0.13,Cc1ccc(Nc2nccc(-c3c(C)[nH]c(C#N)c3C)n2)cc1O
CHEMBL185310,7.05,CHEMBL301,0.09,Cc1cc(Nc2nccc(-c3c(C)[nH]c(C#N)c3C)n2)ccc1F
CHEMBL185323,7.0,CHEMBL301,0.1,Cc1[nH]c(C#N)c(C)c1-c1ccnc(Nc2ccc(F)cc2)n1
CHEMBL189136,6.91,CHEMBL301,122.0,Nc1nc2ccc(C(=O)c3c(F)cccc3F)cn2c1C(=O)c1c(F)cccc1F
CHEMBL362774,5.71,CHEMBL301,1927.0,Nc1nc2ccc(C(=O)c3ccccc3)cn2c1C(=O)c1c(F)cccc1F
CHEMBL365209,6.37,CHEMBL301,428.0,Nc1nc2ccc(C(=O)c3ccccc3Cl)cn2c1C(=O)c1c(F)cccc1F
CHEMBL186401,5.97,CHEMBL301,1068.0,Nc1nc2ccc(C(=O)c3ccccc3C(F)(F)F)cn2c1C(=O)c1c(F)cccc1F
CHEMBL186204,5.89,CHEMBL301,1294.0,Cc1ccccc1C(=O)c1ccc2nc(N)c(C(=O)c3c(F)cccc3F)n2c1
CHEMBL188673,6.22,CHEMBL301,603.0,COc1ccccc1C(=O)c1ccc2nc(N)c(C(=O)c3c(F)cccc3F)n2c1
CHEMBL189512,5.66,CHEMBL301,2171.0,Nc1nc2ccc(C(=O)c3ccccc3OC(F)(F)F)cn2c1C(=O)c1c(F)cccc1F
CHEMBL189350,7.28,CHEMBL301,53.0,Nc1nc2ccc(C(=O)c3c(Cl)cccc3Cl)cn2c1C(=O)c1c(F)cccc1F
CHEMBL183941,7.48,CHEMBL301,33.0,Nc1nc2ccc(C(=O)c3c(F)cccc3Cl)cn2c1C(=O)c1c(F)cccc1F
CHEMBL365608,7.2,CHEMBL301,63.0,C=C(c1ccc2nc(N)c(C(=O)c3c(F)cccc3F)n2c1)c1c(F)cccc1F
CHEMBL364172,6.8,CHEMBL301,160.0,N#C/C=C(/c1ccc2nc(N)c(C(=O)c3c(F)cccc3F)n2c1)c1c(F)cccc1F
CHEMBL189440,6.05,CHEMBL301,896.0,N#C/C=C(\c1ccc2nc(N)c(C(=O)c3c(F)cccc3F)n2c1)c1c(F)cccc1F
CHEMBL185914,5.77,CHEMBL301,1691.0,Nc1nc2ccc(/C(=C/c3nn[nH]n3)c3c(F)cccc3F)cn2c1C(=O)c1c(F)cccc1F
CHEMBL189607,6.49,CHEMBL301,324.0,Nc1nc2ccc(C(=O)c3c(F)cccc3F)cn2c1C(=O)c1ccccc1
CHEMBL184115,7.17,CHEMBL301,68.0,COc1ccccc1C(=O)c1c(N)nc2ccc(C(=O)c3c(F)cccc3F)cn12
CHEMBL185854,6.99,CHEMBL301,102.0,Nc1nc2ccc(C(=O)c3c(F)cccc3F)cn2c1C(=O)c1c(F)cccc1Cl
CHEMBL363058,5.47,CHEMBL301,3.4,CC(C)OC(=O)N1CCn2cc(C3=C(c4cnc5ccccn45)C(=O)NC3=O)c3cccc(c32)C1
CHEMBL360596,7.04,CHEMBL301,91.0,COc1cc(F)c(C(=O)c2c(N)nc3ccc(C(=O)c4c(F)cccc4F)cn23)c(F)c1
CHEMBL362588,5.27,CHEMBL301,5.4,O=C1NC(=O)C(c2cnc3ccccn23)=C1c1cn2c3c(cccc13)CN(C(=O)N1CCCCC1)CC2
CHEMBL178737,5.28,CHEMBL301,5.3,O=C1NC(=O)C(c2cnc3ccccn23)=C1c1cn2c3c(cccc13)CN(C(=O)N1CCOCC1)CC2
CHEMBL362814,5.68,CHEMBL301,2.1,CN(C)C(=O)N1CCn2cc(C3=C(c4cnc5ccccn45)C(=O)NC3=O)c3cccc(c32)C1
CHEMBL362558,5.55,CHEMBL301,2.8,O=C1NC(=O)C(c2cnc3ccccn23)=C1c1cn2c3c(cc(F)cc13)CN(C(=O)N1CCCCC1)CC2
CHEMBL365046,6.67,CHEMBL301,214.0,Nc1nc2ccc(C(=O)c3c(F)cccc3F)cn2c1C(=S)c1ccccc1
CHEMBL186163,7.58,CHEMBL301,26.0,Nc1nc2ccc(C(=O)c3c(F)cccc3F)cn2c1C(=S)c1c(F)cccc1F
CHEMBL185971,7.54,CHEMBL301,29.0,COc1cc(F)c(C(=S)c2c(N)nc3ccc(C(=O)c4c(F)cccc4F)cn23)c(F)c1
CHEMBL363069,7.28,CHEMBL301,52.0,Nc1nc2ccc(C(=O)c3c(Cl)cccc3Cl)cn2c1C(=O)c1c(F)cc(O)cc1F
CHEMBL187969,6.01,CHEMBL301,984.0,CN(C)CCOc1cc(F)c(C(=O)c2c(N)nc3ccc(C(=O)c4c(Cl)cccc4Cl)cn23)c(F)c1
CHEMBL186396,6.09,CHEMBL301,812.0,CN1CCN(CCOc2cc(F)c(C(=O)c3c(N)nc4ccc(C(=O)c5c(Cl)cccc5Cl)cn34)c(F)c2)CC1
CHEMBL364631,7.02,CHEMBL301,95.0,Nc1nc2ccc(C(=O)c3c(Cl)cccc3Cl)cn2c1C(=O)c1c(F)cc(C(=O)O)cc1F
CHEMBL188074,6.33,CHEMBL301,462.0,COc1cccc(OC)c1C(=S)c1c(N)nc2ccc(C(=O)c3c(F)cccc3F)cn12
CHEMBL188392,7.34,CHEMBL301,46.0,NC(=O)c1cc(F)c(C(=O)c2c(N)nc3ccc(C(=O)c4c(Cl)cccc4Cl)cn23)c(F)c1
CHEMBL186952,6.26,CHEMBL301,547.0,Nc1nc2ccc(C(=O)c3c(F)cccc3F)cn2c1C(=O)c1cccs1
CHEMBL183362,5.77,CHEMBL301,1711.0,Nc1nc2ccc(C(=O)c3c(F)cccc3F)cn2c1C(=O)c1ccc(Cl)cc1
CHEMBL363037,5.6,CHEMBL301,2538.0,Nc1nc2ccc(C(=O)c3c(F)cccc3F)cn2c1C(=O)c1ccncc1
CHEMBL186800,6.92,CHEMBL301,121.0,Nc1nc2ccc(C(=O)c3c(F)cccc3F)cn2c1C(=O)c1c(Cl)cccc1Cl
CHEMBL189617,5.3,CHEMBL301,5.0,Cc1ccc2c(-c3ccnc(Nc4ccc5c(c4)OCCO5)n3)c(-c3cccc(C(F)(F)F)c3)nn2n1
CHEMBL359554,8.3,CHEMBL301,0.005,c1ccc(Nc2nccc(-c3cnn4ncccc34)n2)cc1
CHEMBL360866,4.7,CHEMBL301,19.9,CN(c1ccccc1)c1nccc(-c2cnn3ncccc23)n1
CHEMBL187081,8.7,CHEMBL301,0.002,COc1cccc(Nc2nccc(-c3cnn4ncccc34)n2)c1
CHEMBL359794,9.0,CHEMBL301,0.001,N#Cc1ccc(Nc2nccc(-c3cnn4ncccc34)n2)cc1
CHEMBL188938,7.7,CHEMBL301,0.02,O=[N+]([O-])c1ccc(Nc2nccc(-c3cnn4ncccc34)n2)cc1
CHEMBL359963,8.0,CHEMBL301,0.01,CC(C)c1ccc(Nc2nccc(-c3cnn4ncccc34)n2)cc1
CHEMBL185871,6.82,CHEMBL301,0.15,CCC(C)c1ccc(Nc2nccc(-c3cnn4ncccc34)n2)cc1
CHEMBL364587,6.82,CHEMBL301,0.15,CC(C)(C)c1ccc(Nc2nccc(-c3cnn4ncccc34)n2)cc1
CHEMBL186054,7.3,CHEMBL301,0.05,COc1ccc(Nc2nccc(-c3cnn4ncccc34)n2)cc1OC
CHEMBL189455,8.0,CHEMBL301,0.01,c1cnn2ncc(-c3ccnc(Nc4ccc5c(c4)OCO5)n3)c2c1
CHEMBL361894,8.22,CHEMBL301,0.006,c1cnn2ncc(-c3ccnc(Nc4ccc5c(c4)OCCO5)n3)c2c1
CHEMBL364370,8.7,CHEMBL301,0.002,Fc1ccc(Nc2nccc(-c3cnn4ncccc34)n2)cc1F
CHEMBL186708,8.22,CHEMBL301,0.006,c1cnn2ncc(-c3ccnc(Nc4ccc5c(c4)OCCCO5)n3)c2c1
CHEMBL186890,9.0,CHEMBL301,0.001,Clc1ccc(Nc2nccc(-c3cnn4ncccc34)n2)cc1Cl
CHEMBL188665,8.0,CHEMBL301,0.01,FC(F)(F)c1cc(Nc2nccc(-c3cnn4ncccc34)n2)ccc1Cl
CHEMBL359999,8.0,CHEMBL301,0.01,COc1cc(Nc2nccc(-c3cnn4ncccc34)n2)cc(OC)c1
CHEMBL360206,8.0,CHEMBL301,0.01,COc1cc(Nc2nccc(-c3cnn4ncccc34)n2)cc(C(F)(F)F)c1
CHEMBL365229,8.0,CHEMBL301,0.01,FC(F)(F)c1cc(Br)cc(Nc2nccc(-c3cnn4ncccc34)n2)c1
CHEMBL184510,9.0,CHEMBL301,0.001,Fc1cc(F)cc(Nc2nccc(-c3cnn4ncccc34)n2)c1
CHEMBL361697,6.51,CHEMBL301,0.31,Clc1cc(Cl)cc(Nc2nccc(-c3cnn4ncccc34)n2)c1
CHEMBL186101,8.52,CHEMBL301,0.003,Cc1cc(C)cc(Nc2nccc(-c3cnn4ncccc34)n2)c1
CHEMBL187750,8.1,CHEMBL301,0.008,Oc1ccc2c(-c3ccnc(Nc4cccc(C(F)(F)F)c4)n3)cnn2n1
CHEMBL189235,6.8,CHEMBL301,0.16,COc1ccc2c(-c3ccnc(Nc4cccc(C(F)(F)F)c4)n3)cnn2n1
CHEMBL183993,5.7,CHEMBL301,1.99,CCOc1ccc2c(-c3ccnc(Nc4cccc(C(F)(F)F)c4)n3)cnn2n1
CHEMBL187287,5.9,CHEMBL301,1.26,CCCOc1ccc2c(-c3ccnc(Nc4cccc(C(F)(F)F)c4)n3)cnn2n1
CHEMBL188312,7.22,CHEMBL301,0.06,COc1cccc(Nc2nccc(-c3cnn4nc(OC)ccc34)n2)c1
CHEMBL365248,6.72,CHEMBL301,0.19,COc1ccc2c(-c3ccnc(Nc4cccc(OC(F)(F)F)c4)n3)cnn2n1
CHEMBL189352,6.3,CHEMBL301,0.5,COc1ccc2c(-c3ccnc(Nc4ccc(C#N)cc4)n3)cnn2n1
CHEMBL186288,7.7,CHEMBL301,0.02,COc1ccc2c(-c3ccnc(Nc4ccc([N+](=O)[O-])cc4)n3)cnn2n1
CHEMBL188417,6.72,CHEMBL301,0.19,COc1cc(Nc2nccc(-c3cnn4nc(OC)ccc34)n2)cc(OC)c1
CHEMBL187139,6.1,CHEMBL301,0.79,COc1cc(Nc2nccc(-c3cnn4nc(OC)ccc34)n2)cc(C(F)(F)F)c1
CHEMBL188785,7.0,CHEMBL301,0.1,COc1ccc2c(-c3ccnc(Nc4ccc5c(c4)OCCO5)n3)cnn2n1
CHEMBL187006,7.3,CHEMBL301,0.05,Cc1ccc2c(-c3ccnc(Nc4cccc(C(F)(F)F)c4)n3)cnn2n1
CHEMBL188303,6.72,CHEMBL301,0.19,Cc1ccc2c(-c3ccnc(Nc4ccc(C(F)(F)F)cc4)n3)cnn2n1
CHEMBL186680,7.7,CHEMBL301,0.02,COc1cc(Nc2nccc(-c3cnn4nc(C)ccc34)n2)cc(C(F)(F)F)c1
CHEMBL434337,8.22,CHEMBL301,0.006,Cc1ccc2c(-c3ccnc(Nc4ccc5c(c4)OCCO5)n3)cnn2n1
CHEMBL189415,5.6,CHEMBL301,2.5,FC(F)(F)c1cccc(Nc2nccc(-c3cnn4nc(-c5ccccc5)ccc34)n2)c1
CHEMBL360408,5.4,CHEMBL301,3.98,c1ccc(Nc2nccc(-c3c(-c4ccccc4)nn4ncccc34)n2)cc1
CHEMBL189657,6.77,CHEMBL301,169.0,CCn1c(-c2nonc2N)nc2cnccc21
CHEMBL1276446,8.0,CHEMBL301,0.01,O=C1Nc2ccc3ncsc3c2/C1=C/Nc1ccc(S(=O)(=O)Nc2ccccn2)cc1
CHEMBL102926,8.0,CHEMBL301,0.01,Cc1nc2ccccn2c1-c1ccnc(Nc2ccc(OCC(O)CN(C)C)cc2)n1
CHEMBL101311,6.0,CHEMBL301,1.0,CN(C)CC(O)COc1ccc(Nc2nccc(Nc3cc(Cl)ccc3Cl)n2)cc1
CHEMBL191845,6.0,CHEMBL301,1.0,O=C1NC2C=CC=CC2/C1=C/Nc1ccc(S(=O)(=O)Nc2nccs2)cc1
CHEMBL193456,6.3,CHEMBL301,0.5,CN(C)S(=O)(=O)c1ccc(Nc2ccc(C(=O)c3c(F)cccc3F)c(N)n2)cc1
CHEMBL193643,6.75,CHEMBL301,0.18,Nc1nc(Nc2ccc(S(N)(=O)=O)cc2)ccc1C(=O)c1c(F)cccc1F
CHEMBL2113092,7.08,CHEMBL301,0.084,CCCCOc1cc(Nc2ccc(S(N)(=O)=O)cc2)nc(N)c1C(=O)c1c(F)cccc1F
CHEMBL14762,5.54,CHEMBL301,2.9,CC[C@H](CO)Nc1nc(NCc2ccccc2)c2ncn(C(C)C)c2n1
CHEMBL428690,6.7,CHEMBL301,0.2,CN1CC[C@H](c2c(O)cc(O)c3c(=O)cc(-c4ccccc4Cl)oc23)[C@H](O)C1
CHEMBL388978,8.09,CHEMBL301,0.0081,CN[C@@H]1C[C@H]2O[C@@](C)([C@@H]1OC)n1c3ccccc3c3c4c(c5c6ccccc6n2c5c31)C(=O)NC4
CHEMBL1725279,5.5,CHEMBL301,3.2,Oc1c2ccccc2c2c3c(cccc13)N=N2
CHEMBL197077,4.02,CHEMBL301,96.0,NC1=NONC1N1N=NC(C(=O)N/N=C/c2ccncc2)C1CN1CCCCC1
CHEMBL201307,4.21,CHEMBL301,62.0,COc1cc2c(Nc3ncc(CC(=O)Nc4cccc(F)c4)s3)ncnc2cc1OCCCN1CCC(CO)CC1
CHEMBL204054,5.75,CHEMBL301,1.8,Brc1cccc(-c2cc(NCc3ccncc3)n3nccc3n2)c1
CHEMBL382607,6.58,CHEMBL301,0.26,N[C@H]1CC[C@H](Nc2cc(Nc3ccc(S(=O)(=O)c4ccccc4)cc3)n3ncnc3n2)CC1
CHEMBL206659,6.6,CHEMBL301,0.25,CS(=O)(=O)c1ccc(Nc2cc(N[C@H]3CC[C@H](N)CC3)nc3ncnn23)cc1
CHEMBL202695,6.92,CHEMBL301,0.12,CN(C)S(=O)(=O)c1ccc(Nc2cc(N[C@H]3CC[C@H](N)CC3)nc3ncnn23)cc1
CHEMBL380331,6.57,CHEMBL301,0.27,NS(=O)(=O)c1ccc(Nc2cc(N[C@H]3CC[C@H](N)CC3)nc3ncnn23)cc1
CHEMBL203571,6.4,CHEMBL301,0.4,CCN(CC)c1cc(Nc2ccc(S(N)(=O)=O)cc2)n2ncnc2n1
CHEMBL203573,5.13,CHEMBL301,7.4,NS(=O)(=O)c1ccc(Nc2cc(N[C@H]3CC[C@H](O)CC3)nc3ncnn23)cc1
CHEMBL203569,6.14,CHEMBL301,0.73,NS(=O)(=O)c1ccc(Nc2cc(NC3CCCCC3)nc3ncnn23)cc1
CHEMBL203407,6.46,CHEMBL301,0.35,NS(=O)(=O)c1ccc(Nc2cc(OC3CCCCC3)nc3ncnn23)cc1
CHEMBL206109,4.96,CHEMBL301,11.0,NS(=O)(=O)c1ccc(Nc2cc(OCC3CCCCC3)nc3ncnn23)cc1
CHEMBL319467,7.1,CHEMBL301,80.0,NS(=O)(=O)c1ccc(Nc2nc(OCC3CCCCC3)c3nc[nH]c3n2)cc1
CHEMBL203006,4.58,CHEMBL301,26.0,Brc1cccc(-c2cc(NCc3ccncc3)n3ncnc3n2)c1
CHEMBL210618,6.09,CHEMBL301,820.0,CCOc1nc(NC(=O)Cc2cc(OC)ccc2OC)cc(N)c1C#N
CHEMBL210032,5.89,CHEMBL301,1300.0,CC(=O)Nc1cc(N)c(C#N)c(-c2ccccc2)n1
CHEMBL209148,4.54,CHEMBL301,29.0,COc1cc(C)c(Sc2cnc(NC(=O)c3ccc(CNC(C)C(C)(C)C)cc3)s2)cc1C(=O)N1CCN(C(C)=O)CC1
CHEMBL210540,5.77,CHEMBL301,1700.0,Cc1cc(-c2cnc(Nc3cnc(CN4CCN(C)CC4)cn3)s2)nc(OC2CCCCC2)n1
CHEMBL212049,6.57,CHEMBL301,270.0,Cc1cnc(OC2CCCCC2)nc1-c1cnc(Nc2ccccn2)s1
CHEMBL424696,7.85,CHEMBL301,14.0,c1ccc(Nc2ncc(-c3ccnc(OC4CCCCC4)n3)s2)nc1
CHEMBL191003,8.7,CHEMBL301,2.0,Nc1nc(Nc2ccc(S(N)(=O)=O)cc2)nn1C(=O)c1c(F)cccc1F
CHEMBL212264,6.85,CHEMBL301,0.14,Nc1nc(Nc2ccc(S(=O)(=O)NC(=O)[C@H](N)CO)cc2)nn1C(=O)c1c(F)cccc1F
CHEMBL379193,7.21,CHEMBL301,0.062,CCOC(=O)CCC(=O)NS(=O)(=O)c1ccc(Nc2nc(N)n(C(=O)c3c(F)cccc3F)n2)cc1
CHEMBL210581,6.61,CHEMBL301,0.247,COCCOCC(=O)NS(=O)(=O)c1ccc(Nc2nc(N)n(C(=O)c3c(F)cccc3F)n2)cc1
CHEMBL378248,6.92,CHEMBL301,0.12,NCC(=O)NS(=O)(=O)c1ccc(Nc2nc(N)n(C(=O)c3c(F)cccc3F)n2)cc1
CHEMBL210765,6.58,CHEMBL301,0.266,CN1CCN(CCC(=O)NS(=O)(=O)c2ccc(Nc3nc(N)n(C(=O)c4c(F)cccc4F)n3)cc2)CC1
CHEMBL209280,7.15,CHEMBL301,0.071,Nc1nc(Nc2ccc(S(=O)(=O)NC(=O)CCC(=O)O)cc2)nn1C(=O)c1c(F)cccc1F
CHEMBL378420,6.93,CHEMBL301,0.118,Nc1nc(Nc2ccc(S(=O)(=O)NC(=O)CCN3CCOCC3)cc2)nn1C(=O)c1c(F)cccc1F
CHEMBL379218,7.34,CHEMBL301,46.0,Cc1n[nH]c2ccc(-c3cncc(OC[C@@H](N)Cc4ccccc4)c3)cc12
CHEMBL379495,7.3,CHEMBL301,50.0,COc1ccc(C(=O)Nc2ncc(SCc3ncc(C(C)(C)C)o3)s2)cc1OC
CHEMBL101801,5.62,CHEMBL301,2.4,NC(=O)c1ccc(Nc2nc(N)c(N=O)c(OCC3CCCCC3)n2)cc1
CHEMBL269881,5.92,CHEMBL301,1.2,Nc1nc(OCC2CCCCC2)c2nc[nH]c2n1
CHEMBL319467,6.92,CHEMBL301,120.0,NS(=O)(=O)c1ccc(Nc2nc(OCC3CCCCC3)c3nc[nH]c3n2)cc1
CHEMBL319467,6.99,CHEMBL301,103.0,NS(=O)(=O)c1ccc(Nc2nc(OCC3CCCCC3)c3nc[nH]c3n2)cc1
CHEMBL319467,4.48,CHEMBL301,33.0,NS(=O)(=O)c1ccc(Nc2nc(OCC3CCCCC3)c3nc[nH]c3n2)cc1
CHEMBL319467,4.68,CHEMBL301,21.0,NS(=O)(=O)c1ccc(Nc2nc(OCC3CCCCC3)c3nc[nH]c3n2)cc1
CHEMBL319467,8.05,CHEMBL301,8.9,NS(=O)(=O)c1ccc(Nc2nc(OCC3CCCCC3)c3nc[nH]c3n2)cc1
CHEMBL319467,8.09,CHEMBL301,8.1,NS(=O)(=O)c1ccc(Nc2nc(OCC3CCCCC3)c3nc[nH]c3n2)cc1
CHEMBL211514,6.85,CHEMBL301,0.14,Cc1ccc(Cl)c(N(CC#N)c2cc(Nc3ccc(OC[C@@H](O)CN(C)C)cc3)ncn2)c1
CHEMBL211514,5.14,CHEMBL301,7.3,Cc1ccc(Cl)c(N(CC#N)c2cc(Nc3ccc(OC[C@@H](O)CN(C)C)cc3)ncn2)c1
CHEMBL211514,6.19,CHEMBL301,0.64,Cc1ccc(Cl)c(N(CC#N)c2cc(Nc3ccc(OC[C@@H](O)CN(C)C)cc3)ncn2)c1
CHEMBL211514,5.58,CHEMBL301,2.6,Cc1ccc(Cl)c(N(CC#N)c2cc(Nc3ccc(OC[C@@H](O)CN(C)C)cc3)ncn2)c1
CHEMBL336242,6.36,CHEMBL301,440.0,O=C(Nc1cc(CN[C@H]2Cc3ccc(Cl)cc3C2)n[nH]1)Nc1cccc2c1[C@@H]1CCCN1C2=O
CHEMBL141247,7.1,CHEMBL301,80.0,O=C(Nc1ccccn1)Nc1cccc2c1[C@H]1CCCN1C2=O
CHEMBL215803,8.47,CHEMBL301,3.4,C[C@@H]1C[C@H]2CN1CCn1nc3c(cccc3c1O)-c1nc3c(cccc3nc1O)O2
CHEMBL383875,5.29,CHEMBL301,5.141,COc1ccccc1C(=O)c1cnc(Nc2ccc(N3CCN(C)CC3)cc2)nc1N
CHEMBL214183,6.3,CHEMBL301,0.495,COc1c(C(=O)c2cnc(NC3CCN(S(C)(=O)=O)CC3)nc2N)cc(F)c(F)c1F
CHEMBL213713,8.7,CHEMBL301,0.002,COc1cc(F)c(F)c(F)c1C(=O)c1cnc(NC2CCN(S(C)(=O)=O)CC2)nc1N
CHEMBL215086,8.22,CHEMBL301,0.006,COc1cc(F)c(F)cc1C(=O)c1cnc(NC2CCN(S(C)(=O)=O)CC2)nc1N
CHEMBL384304,8.52,CHEMBL301,0.003,COc1ccc(F)c(F)c1C(=O)c1cnc(NC2CCN(S(C)(=O)=O)CC2)nc1N
CHEMBL265903,7.82,CHEMBL301,0.015,CS(=O)(=O)N1CCC(Nc2ncc(C(=O)c3c(F)cccc3F)c(N)n2)CC1
CHEMBL385733,7.89,CHEMBL301,0.013,COc1cccc(F)c1C(=O)c1cnc(NC2CCN(S(C)(=O)=O)CC2)nc1N
CHEMBL385373,6.35,CHEMBL301,0.451,COc1ccc(Cl)cc1C(=O)c1cnc(NC2CCN(S(C)(=O)=O)CC2)nc1N
CHEMBL268507,8.15,CHEMBL301,0.007,COc1ccc(F)cc1C(=O)c1cnc(NC2CCN(S(C)(=O)=O)CC2)nc1N
CHEMBL277351,7.08,CHEMBL301,0.084,COc1cc(F)ccc1C(=O)c1cnc(NC2CCN(S(C)(=O)=O)CC2)nc1N
CHEMBL216148,5.69,CHEMBL301,2.03,CCOc1ccccc1C(=O)c1cnc(NC2CCN(C(C)=O)CC2)nc1N
CHEMBL214433,5.66,CHEMBL301,2.166,CCOC(=O)N1CCC(Nc2ncc(C(=O)c3ccccc3C)c(N)n2)CC1
CHEMBL214025,5.5,CHEMBL301,3.137,CCOC(=O)N1CCC(Nc2ncc(C(=O)c3ccccc3F)c(N)n2)CC1
CHEMBL385190,7.29,CHEMBL301,0.051,CCS(=O)(=O)N1CCC(Nc2ncc(C(=O)c3ccccc3OC)c(N)n2)CC1
CHEMBL216126,7.62,CHEMBL301,0.024,COc1ccccc1C(=O)c1cnc(NC2CCN(S(C)(=O)=O)CC2)nc1N
CHEMBL384356,6.05,CHEMBL301,0.886,CCCC(=O)N1CCC(Nc2ncc(C(=O)c3ccccc3OC)c(N)n2)CC1
CHEMBL217537,6.49,CHEMBL301,0.327,COc1ccccc1C(=O)c1cnc(NC2CCN(C(C)=O)CC2)nc1N
CHEMBL217443,6.22,CHEMBL301,0.597,CCOC(=O)N1CCC(Nc2ncc(C(=O)c3ccccc3OC)c(N)n2)CC1
CHEMBL385907,5.75,CHEMBL301,1.756,CCNC(=O)N1CCC(Nc2ncc(C(=O)c3ccccc3OC)c(N)n2)CC1
CHEMBL387448,5.2,CHEMBL301,6.266,COc1ccccc1C(=O)c1cnc(NC2CCNCC2)nc1N
CHEMBL217092,5.0,CHEMBL301,10.0,CN1CCN(CCOc2cc(OC3CCOCC3)c3c(Nc4c(Cl)ccc5c4OCO5)ncnc3c2)CC1
CHEMBL402548,6.33,CHEMBL301,0.462,CO[C@@H](C(=O)N1Cc2[nH]nc(NC(=O)c3ccc(N4CCN(C)CC4)cc3)c2C1)c1ccccc1
CHEMBL222419,5.8,CHEMBL301,-5.8,COc1cc2ncn(-c3cc(O[C@H](C)c4ccccc4Cl)c(C(N)=O)s3)c2cc1OC
CHEMBL223367,5.24,CHEMBL301,5.76,N#Cc1ncc2nc1OCCCCCOc1cc(CCCO)c(Cl)cc1NC(=O)N2
CHEMBL242237,5.57,CHEMBL301,2.7,NC(=O)c1ccccc1Nc1ccnc(Nc2cccc(O)c2)n1
CHEMBL396377,5.7,CHEMBL301,2.0,NC1=NC(=O)/C(=C/c2ccc3ncccc3c2)S1
CHEMBL393929,6.47,CHEMBL301,0.34,O=C1N=C(NCc2cccs2)S/C1=C\c1ccc2ncccc2c1
CHEMBL50,4.4,CHEMBL301,40.0,O=c1c(O)c(-c2ccc(O)c(O)c2)oc2cc(O)cc(O)c12
CHEMBL122701,5.4,CHEMBL301,4.0,O=c1c(O)c(-c2ccc(O)c(O)c2)oc2ccccc12
CHEMBL151,4.7,CHEMBL301,20.0,O=c1cc(-c2ccc(O)c(O)c2)oc2cc(O)cc(O)c12
CHEMBL31574,5.3,CHEMBL301,5.0,O=c1c(O)c(-c2ccc(O)c(O)c2)oc2cc(O)ccc12
CHEMBL232556,7.25,CHEMBL301,0.056,Cc1cc(N2C(=O)CN(C)C2=O)c2oc(-c3ccc(O)c(O)c3)c(O)c(=O)c2c1
CHEMBL232353,5.4,CHEMBL301,4.0,Cc1cc(N2C(=O)CNC2=O)c2oc(-c3ccc(O)c(O)c3)c(O)c(=O)c2c1
CHEMBL232939,5.36,CHEMBL301,4.4,Cc1cc(N2C(=O)CCCC2=O)c2oc(-c3ccc(O)c(O)c3)c(O)c(=O)c2c1
CHEMBL232743,5.82,CHEMBL301,1.5,Cc1cc(N2C(=O)CCC2=O)c2oc(-c3ccc(O)c(O)c3)c(O)c(=O)c2c1
CHEMBL232934,5.8,CHEMBL301,1.6,Cc1cc(N2CCCC2=O)c2oc(-c3ccc(O)c(O)c3)c(O)c(=O)c2c1
CHEMBL232737,6.19,CHEMBL301,0.64,Cc1cc(N2CCN(C)CC2)c2oc(-c3ccc(O)c(O)c3)c(O)c(=O)c2c1
CHEMBL232736,5.58,CHEMBL301,2.6,Cc1cc(N2CCCCC2)c2oc(-c3ccc(O)c(O)c3)c(O)c(=O)c2c1
CHEMBL232735,5.52,CHEMBL301,3.0,Cc1cc(N2CCCC2)c2oc(-c3ccc(O)c(O)c3)c(O)c(=O)c2c1
CHEMBL231928,5.8,CHEMBL301,1.6,CCN(CC)c1cc(C)cc2c(=O)c(O)c(-c3ccc(O)c(O)c3)oc12
CHEMBL232123,6.2,CHEMBL301,0.63,Cc1cc(N)c2oc(-c3ccc(O)c(O)c3)c(O)c(=O)c2c1
CHEMBL233153,5.77,CHEMBL301,1.7,Cc1cc(N2CCCS2(=O)=O)c2oc(-c3ccc(O)c(C(F)(F)F)c3)c(O)c(=O)c2c1
CHEMBL233152,5.85,CHEMBL301,1.4,Cc1cc(N2CCCS2(=O)=O)c2oc(-c3ccc(O)c(C#N)c3)c(O)c(=O)c2c1
CHEMBL392776,7.12,CHEMBL301,0.075,Cc1cc(N2CCCS2(=O)=O)c2oc(-c3ccc(O)c(Br)c3)c(O)c(=O)c2c1
CHEMBL392775,6.72,CHEMBL301,0.19,Cc1cc(N2CCCS2(=O)=O)c2oc(-c3ccc(O)c(Cl)c3)c(O)c(=O)c2c1
CHEMBL232749,6.6,CHEMBL301,0.25,Cc1cc(N2CCCS2(=O)=O)c2oc(-c3ccc(O)cc3)c(O)c(=O)c2c1
CHEMBL232557,7.06,CHEMBL301,0.087,Cc1cc(N2CCCS2(=O)=O)c2oc(-c3ccc(O)c(O)c3)c(O)c(=O)c2c1
CHEMBL233149,6.75,CHEMBL301,0.18,N=C1NC(=O)/C(=C/c2ccc(-c3ccc(S(N)(=O)=O)cc3)o2)S1
CHEMBL232148,4.57,CHEMBL301,27.0,NS(=O)(=O)c1ccc(-c2ccc(/C=C3\SC(=O)NC3=O)o2)cc1
CHEMBL231950,7.52,CHEMBL301,0.03,C/C(=C1/SC(=N)NC1=O)c1ccc(-c2ccc(S(N)(=O)=O)cc2)o1
CHEMBL396614,6.24,CHEMBL301,0.57,N=C1NC(=O)/C(=C/c2ccc(-c3ccc(S(N)(=O)=O)c(Cl)c3)o2)S1
CHEMBL233970,6.21,CHEMBL301,0.61,N=C1NC(=O)/C(=C/c2ccc(-c3ccc(S(N)(=O)=O)c(C(F)(F)F)c3)o2)S1
CHEMBL233765,5.03,CHEMBL301,9.3,N=C1NC(=O)/C(=C/c2ccc(-c3ccc(C(N)=O)cc3)o2)S1
CHEMBL391493,5.54,CHEMBL301,2.9,N=C1NC(=O)/C(=C/c2ccc(-c3ccc(S(=O)(=O)N4CCNCC4)cc3)o2)S1
CHEMBL233554,6.24,CHEMBL301,0.57,CN(C)CCNS(=O)(=O)c1ccc(-c2ccc(/C=C3\SC(=N)NC3=O)o2)cc1
CHEMBL233553,6.92,CHEMBL301,0.12,CNS(=O)(=O)c1ccc(-c2ccc(/C=C3\SC(=N)NC3=O)o2)cc1
CHEMBL233349,4.33,CHEMBL301,47.0,N=C1NC(=O)/C(=C/c2ccc(-c3ccc(C(=O)O)cc3)o2)S1
CHEMBL396360,4.72,CHEMBL301,19.0,N=C1NC(=O)/C(=C/c2ccc(-c3ccccc3[N+](=O)[O-])o2)S1
CHEMBL247228,4.75,CHEMBL301,-4.75,Nc1ncnc2occ(-c3ccc(NC(=O)Nc4cc(C(F)(F)F)ccc4F)cc3)c12
CHEMBL248370,6.38,CHEMBL301,412.0,CCNC(=O)N1CCC(Nc2ncc(C#N)c(-c3c[nH]c4cc(F)ccc34)n2)CC1
CHEMBL245935,5.18,CHEMBL301,6652.0,CC1CCN(NC(=O)N2CCC(Nc3ncc(Cl)c(-c4c[nH]c5ccccc45)n3)CC2)CC1
CHEMBL245733,5.72,CHEMBL301,1895.0,CC1CCN(C(=O)N2CCC(Nc3ncc(Cl)c(-c4c[nH]c5ccccc45)n3)CC2)CC1
CHEMBL245732,5.95,CHEMBL301,1126.0,CN(C)CC(=O)N1CCC(Nc2ncc(Cl)c(-c3c[nH]c4ccccc34)n2)CC1
CHEMBL393861,5.57,CHEMBL301,2672.0,CNCC(=O)N1CCC(Nc2ncc(Cl)c(-c3c[nH]c4ccccc34)n2)CC1
CHEMBL245535,6.26,CHEMBL301,551.0,CC(=O)NCC(=O)N1CCC(Nc2ncc(Cl)c(-c3c[nH]c4ccccc34)n2)CC1
CHEMBL245534,5.28,CHEMBL301,5281.0,CN1CCN(C(=O)N2CCC(Nc3ncc(Cl)c(-c4c[nH]c5ccccc45)n3)CC2)CC1
CHEMBL393659,5.36,CHEMBL301,4358.0,CN(C)C(=O)N1CCC(Nc2ncc(Cl)c(-c3c[nH]c4ccccc34)n2)CC1
CHEMBL245336,6.91,CHEMBL301,123.0,CNC(=O)CN1CCC(Nc2ncc(Cl)c(-c3c[nH]c4ccccc34)n2)CC1
CHEMBL392615,6.21,CHEMBL301,612.0,CNC(=O)CN1CCC[C@@H](Nc2ncc(Cl)c(-c3c[nH]c4ccccc34)n2)C1
CHEMBL245335,5.9,CHEMBL301,1264.0,CCNC(=O)N1CCC[C@@H](Nc2ncc(Cl)c(-c3c[nH]c4ccccc34)n2)C1
CHEMBL392614,6.26,CHEMBL301,555.0,CCNC(=O)N1CCC[C@H](Nc2ncc(Cl)c(-c3c[nH]c4ccccc34)n2)C1
CHEMBL246544,5.61,CHEMBL301,2483.0,CCNC(=O)N1CCC(Nc2ncc(Cl)c(-c3c[nH]c4ccccc34)n2)C1
CHEMBL392613,5.0,CHEMBL301,10000.0,CCNC(=O)N1CCC(Nc2nccc(-n3ccc4ccccc43)n2)CC1
CHEMBL246543,5.38,CHEMBL301,4219.0,CCNC(=O)N1CCC(Nc2nccc(-c3cnc4ccccn34)n2)CC1
CHEMBL245925,5.35,CHEMBL301,4443.0,CCNC(=O)N1CCC(Nc2ncc(Cl)c(-n3ccc4ccccc43)n2)CC1
CHEMBL397531,6.22,CHEMBL301,605.0,CCNC(=O)N1CCC(Nc2ncc(Cl)c(-c3cnc4ccccn34)n2)CC1
CHEMBL245725,5.0,CHEMBL301,10000.0,CCNC(=O)N1CCC(Nc2nccc(-c3c[nH]c4ccccc34)n2)CC1
CHEMBL248176,5.82,CHEMBL301,1517.0,CCNC(=O)N1CCC(Nc2ncc(Cl)c(-c3c[nH]c4ccccc34)n2)CC1
CHEMBL248757,5.51,CHEMBL301,3.088,N#Cc1ncc2nc1OCCCCOc1cc(NCc3cncs3)c(Cl)cc1NC(=O)N2
CHEMBL254050,6.31,CHEMBL301,0.49,CC(=O)N1CCN(C(=O)c2cc(Sc3cnc(Nc4cccc(Br)n4)s3)ccc2C)CC1
CHEMBL251796,6.64,CHEMBL301,0.23,Cc1ccc(Sc2cnc(Nc3cccc(Br)n3)s2)cc1C(=O)N1CCN(C(=O)[C@@H](C)N)CC1
CHEMBL251795,6.28,CHEMBL301,0.52,Cc1ccc(Sc2cnc(Nc3cccc(Br)n3)s2)cc1C(=O)N1CCN(C(=O)[C@H](C)N)CC1
CHEMBL254895,6.27,CHEMBL301,0.54,Cc1ccc(Sc2cnc(Nc3cccc(Br)n3)s2)cc1C(=O)N1CCN(C(=O)CN)CC1
CHEMBL254269,6.75,CHEMBL301,0.18,CNCCN(C)C(=O)c1cc(Sc2cnc(Nc3cccc(Br)n3)s2)ccc1C
CHEMBL257624,5.7,CHEMBL301,2.0,O=C(Cc1ccccc1)Nc1n[nH]c2ccc([N+](=O)[O-])cc12
CHEMBL254171,7.52,CHEMBL301,0.03,O=C(Cc1ccc(-c2ccncc2)cc1)Nc1n[nH]c2ccc(N3CCCS3(=O)=O)cc12
CHEMBL402759,7.85,CHEMBL301,0.014,O=C(Cc1ccc(-c2ccccc2)cc1)Nc1n[nH]c2ccc(N3CCCS3(=O)=O)cc12
CHEMBL254979,8.05,CHEMBL301,0.009,O=C(Cc1ccc2ccccc2c1)Nc1n[nH]c2ccc(N3CCCS3(=O)=O)cc12
CHEMBL254367,7.7,CHEMBL301,0.02,O=C(Cc1cccc2ccccc12)Nc1n[nH]c2ccc(N3CCCS3(=O)=O)cc12
CHEMBL254170,7.66,CHEMBL301,0.022,CS(=O)(=O)c1ccc(CC(=O)Nc2n[nH]c3ccc(N4CCCS4(=O)=O)cc23)cc1
CHEMBL415789,8.0,CHEMBL301,0.01,CSc1ccc(CC(=O)Nc2n[nH]c3ccc(N4CCCS4(=O)=O)cc23)cc1
CHEMBL258040,7.52,CHEMBL301,0.03,O=C(Cc1ccc(N2CCCCC2)cc1)Nc1n[nH]c2ccc(N3CCCS3(=O)=O)cc12
CHEMBL258039,7.4,CHEMBL301,0.04,CCN(CC)c1ccc(CC(=O)Nc2n[nH]c3ccc(N4CCCS4(=O)=O)cc23)cc1
CHEMBL257831,8.0,CHEMBL301,0.01,CN(C)c1ccc(CC(=O)Nc2n[nH]c3ccc(N4CCCS4(=O)=O)cc23)cc1
CHEMBL255932,7.8,CHEMBL301,0.016,Nc1ccc(CC(=O)Nc2n[nH]c3ccc(N4CCCS4(=O)=O)cc23)cc1
CHEMBL255718,8.05,CHEMBL301,0.009,O=C(Cc1ccc(O)cc1)Nc1n[nH]c2ccc(N3CCCS3(=O)=O)cc12
CHEMBL256558,8.15,CHEMBL301,0.007,Cc1ccc(CC(=O)Nc2n[nH]c3ccc(N4CCCS4(=O)=O)cc23)cc1
CHEMBL403605,8.0,CHEMBL301,0.01,Cc1cccc(CC(=O)Nc2n[nH]c3ccc(N4CCCS4(=O)=O)cc23)c1
CHEMBL402370,8.15,CHEMBL301,0.007,O=C(Cc1ccc(Br)cc1)Nc1n[nH]c2ccc(N3CCCS3(=O)=O)cc12
CHEMBL402158,8.15,CHEMBL301,0.007,O=C(Cc1cccc(Br)c1)Nc1n[nH]c2ccc(N3CCCS3(=O)=O)cc12
CHEMBL402157,8.0,CHEMBL301,0.01,O=C(Cc1ccc(Cl)cc1)Nc1n[nH]c2ccc(N3CCCS3(=O)=O)cc12
CHEMBL404504,8.0,CHEMBL301,0.01,O=C(Cc1cccc(Cl)c1)Nc1n[nH]c2ccc(N3CCCS3(=O)=O)cc12
CHEMBL255463,7.62,CHEMBL301,0.024,O=C(Cc1ccccc1Cl)Nc1n[nH]c2ccc(N3CCCS3(=O)=O)cc12
CHEMBL255263,7.7,CHEMBL301,0.02,O=C(Cc1ccc(F)cc1)Nc1n[nH]c2ccc(N3CCCS3(=O)=O)cc12
CHEMBL255262,8.0,CHEMBL301,0.01,O=C(Cc1cccc(F)c1)Nc1n[nH]c2ccc(N3CCCS3(=O)=O)cc12
CHEMBL255255,7.44,CHEMBL301,0.036,O=C(Cc1ccccc1)Nc1n[nH]c2ccc(N3CCCS3(=O)=O)cc12
CHEMBL258404,5.7,CHEMBL301,2.0,O=C(Cc1ccccc1)Nc1n[nH]c2ccc(N3C(=O)CNC3=O)cc12
CHEMBL414949,5.15,CHEMBL301,7.1,O=C(Cc1ccccc1)Nc1n[nH]c2ccc(N3CCCCC3=O)cc12
CHEMBL404747,6.77,CHEMBL301,0.17,O=C(Cc1ccccc1)Nc1n[nH]c2ccc(N3CCCC3=O)cc12
CHEMBL401603,5.75,CHEMBL301,1.8,CCCN(CCC)c1ccc2[nH]nc(NC(=O)Cc3ccccc3)c2c1
CHEMBL402910,6.7,CHEMBL301,0.2,CCN(CC)c1ccc2[nH]nc(NC(=O)Cc3ccccc3)c2c1
CHEMBL257625,6.3,CHEMBL301,0.5,CCNc1ccc2[nH]nc(NC(=O)Cc3ccccc3)c2c1
CHEMBL272171,5.12,CHEMBL301,7.5,NC(=O)c1c(NC(=O)CN2C(=O)CCC2=O)sc2c1CCC2
CHEMBL411491,7.22,CHEMBL301,60.0,NS(=O)(=O)c1ccc(N/N=C2\C(=O)Nc3ccc(Br)cc32)cc1
CHEMBL445945,8.82,CHEMBL301,1.5,NS(=O)(=O)c1ccc(N/C=C2\C(=O)Nc3ccc4ncccc4c32)cc1
CHEMBL409892,8.8,CHEMBL301,1.6,NS(=O)(=O)c1ccc(N/N=C2\C(=O)Nc3ccc4ncccc4c32)cc1
CHEMBL271595,8.55,CHEMBL301,2.8,NS(=O)(=O)c1ccc(N/C=C2\C(=O)Nc3ccc4ncsc4c32)cc1
CHEMBL407709,8.15,CHEMBL301,7.1,NS(=O)(=O)c1ccc(N/N=C2\C(=O)Nc3ccc4ncsc4c32)cc1
CHEMBL271952,8.02,CHEMBL301,9.5,NS(=O)(=O)c1ccc(N/N=C2\C(=O)Nc3ccc4[nH]nnc4c32)cc1
CHEMBL269882,8.66,CHEMBL301,2.2,NS(=O)(=O)c1ccc(N/N=C2\C(=O)Nc3ccc4[nH]nc(Cl)c4c32)cc1
CHEMBL272833,7.89,CHEMBL301,13.0,NS(=O)(=O)c1ccc(N/N=C2\C(=O)Nc3ccc4[nH]ncc4c32)cc1
CHEMBL272667,8.34,CHEMBL301,4.6,Cc1c([N+](=O)[O-])ccc2c1/C(=N/Nc1ccc(S(N)(=O)=O)cc1)C(=O)N2
CHEMBL271822,7.27,CHEMBL301,54.0,COc1ccc2c(c1Cl)/C(=N/Nc1ccc(S(N)(=O)=O)cc1)C(=O)N2
CHEMBL411490,7.89,CHEMBL301,13.0,Cc1ccc2c(c1Cl)/C(=N/Nc1ccc(S(N)(=O)=O)cc1)C(=O)N2
CHEMBL410293,7.21,CHEMBL301,61.0,NS(=O)(=O)c1ccc(N/C=C2\C(=O)Nc3cc(CO)ccc32)cc1
CHEMBL271594,7.12,CHEMBL301,75.0,CC(C)c1ccc2c(c1)NC(=O)/C2=N/Nc1ccc(S(N)(=O)=O)cc1
CHEMBL271182,7.68,CHEMBL301,21.0,CCc1ccc2c(c1)NC(=O)/C2=N\Nc1ccc(S(N)(=O)=O)cc1
CHEMBL271183,7.37,CHEMBL301,43.0,NS(=O)(=O)c1ccc(N/N=C2\C(=O)Nc3cc(Br)ccc32)cc1
CHEMBL271136,8.77,CHEMBL301,1.7,COc1cccc(OC)c1CNC(=O)c1ccc2c(c1)/C(=N/Nc1ccc(S(N)(=O)=O)cc1)C(=O)N2
CHEMBL410072,8.17,CHEMBL301,6.8,CC(C)(CO)CNC(=O)c1ccc2c(c1)/C(=N/Nc1ccc(S(N)(=O)=O)cc1)C(=O)N2
CHEMBL271953,8.68,CHEMBL301,2.1,NS(=O)(=O)c1ccc(N/N=C2\C(=O)Nc3ccc(C(=O)NCc4cccnc4)cc32)cc1
CHEMBL272165,8.05,CHEMBL301,8.9,NS(=O)(=O)c1ccc(N/N=C2\C(=O)Nc3ccc(C(=O)NCc4ccncc4)cc32)cc1
CHEMBL272026,7.6,CHEMBL301,25.0,NS(=O)(=O)c1ccc(N/N=C2\C(=O)Nc3ccc(C(=O)NCCCn4ccnc4)cc32)cc1
CHEMBL272028,7.92,CHEMBL301,12.0,NS(=O)(=O)c1ccc(N/N=C2\C(=O)Nc3ccc(C(=O)NCCc4c[nH]cn4)cc32)cc1
CHEMBL409868,7.77,CHEMBL301,17.0,CN(C)C(=O)c1ccc2c(c1)/C(=N/Nc1ccc(S(N)(=O)=O)cc1)C(=O)N2
CHEMBL410883,8.35,CHEMBL301,4.5,NC(=O)c1ccc2c(c1)/C(=N/Nc1ccc(S(N)(=O)=O)cc1)C(=O)N2
CHEMBL429142,8.72,CHEMBL301,1.9,CC(C)CC(=O)c1ccc2c(c1)/C(=C/Nc1ccc(S(N)(=O)=O)cc1)C(=O)N2
CHEMBL269883,8.52,CHEMBL301,3.0,CC(C)COC(=O)c1ccc2c(c1)/C(=C/Nc1ccc(S(N)(=O)=O)cc1)C(=O)N2
CHEMBL409731,8.68,CHEMBL301,2.1,COC(=O)c1ccc2c(c1)/C(=C/Nc1ccc(S(N)(=O)=O)cc1)C(=O)N2
CHEMBL272668,7.55,CHEMBL301,28.0,NS(=O)(=O)c1ccc(N/C=C2\C(=O)Nc3ccc(C(=O)O)cc32)cc1
CHEMBL412091,7.82,CHEMBL301,15.0,NS(=O)(=O)c1ccc(N/N=C2\C(=O)Nc3ccc(S(=O)(=O)O)cc32)cc1
CHEMBL272387,7.37,CHEMBL301,43.0,NS(=O)(=O)c1ccc(N/N=C2\C(=O)Nc3ccc(S(N)(=O)=O)cc32)cc1
CHEMBL272389,7.8,CHEMBL301,16.0,CS(=O)(=O)c1ccc2c(c1)/C(=N/Nc1ccc(S(N)(=O)=O)cc1)C(=O)N2
CHEMBL272414,6.51,CHEMBL301,310.0,CN(C)c1ccc2c(c1)/C(=C/Nc1ccc(S(N)(=O)=O)cc1)C(=O)N2
CHEMBL271842,7.13,CHEMBL301,74.0,Nc1ccc2c(c1)/C(=N/Nc1ccc(S(N)(=O)=O)cc1)C(=O)N2
CHEMBL411886,7.82,CHEMBL301,15.0,NS(=O)(=O)c1ccc(N/N=C2\C(=O)Nc3ccc([N+](=O)[O-])cc32)cc1
CHEMBL260103,7.92,CHEMBL301,12.0,COc1ccc2c(c1)/C(=N/Nc1ccc(S(N)(=O)=O)cc1)C(=O)N2
CHEMBL409690,8.0,CHEMBL301,10.0,NS(=O)(=O)c1ccc(N/N=C2\C(=O)Nc3ccc(O)cc32)cc1
CHEMBL271843,7.34,CHEMBL301,46.0,Cc1ccc2c(c1)/C(=N/Nc1ccc(S(N)(=O)=O)cc1)C(=O)N2
CHEMBL273060,7.96,CHEMBL301,11.0,NS(=O)(=O)c1ccc(N/N=C2\C(=O)Nc3ccc(I)cc32)cc1
CHEMBL273061,7.47,CHEMBL301,34.0,NS(=O)(=O)c1ccc(N/N=C2\C(=O)Nc3ccc(F)cc32)cc1
CHEMBL409619,5.62,CHEMBL301,2400.0,NS(=O)(=O)c1ccc(N/N=C2\C(=O)Nc3cccc([N+](=O)[O-])c32)cc1
CHEMBL271137,7.27,CHEMBL301,54.0,NS(=O)(=O)c1ccc(N/C=C2\C(=O)Nc3cccc(CO)c32)cc1
CHEMBL408210,8.05,CHEMBL301,8.9,CCOC(=O)c1cccc2c1/C(=C/Nc1ccc(S(N)(=O)=O)cc1)C(=O)N2
CHEMBL272684,7.72,CHEMBL301,19.0,NS(=O)(=O)c1ccc(N/N=C2\C(=O)Nc3cccc(-c4cc[nH]n4)c32)cc1
CHEMBL411865,7.92,CHEMBL301,12.0,NS(=O)(=O)c1ccc(N/N=C2\C(=O)Nc3cccc(CCc4ccc(O)cc4)c32)cc1
CHEMBL272380,8.03,CHEMBL301,9.3,NS(=O)(=O)c1ccc(N/N=C2\C(=O)Nc3cccc(/C=C/c4ccc(O)cc4)c32)cc1
CHEMBL272217,7.68,CHEMBL301,21.0,NS(=O)(=O)c1ccc(N/N=C2\C(=O)Nc3cccc(OCCc4ccncc4)c32)cc1
CHEMBL409104,7.89,CHEMBL301,13.0,NS(=O)(=O)c1ccc(N/N=C2\C(=O)Nc3cccc(Oc4ccccc4)c32)cc1
CHEMBL271160,8.47,CHEMBL301,3.4,CC(C)Oc1cccc2c1/C(=N/Nc1ccc(S(N)(=O)=O)cc1)C(=O)N2
CHEMBL411696,7.03,CHEMBL301,93.0,CCOc1cccc2c1/C(=N/Nc1ccc(S(N)(=O)=O)cc1)C(=O)N2
CHEMBL270544,8.82,CHEMBL301,1.5,CC(C)=Cc1cccc2c1/C(=N/Nc1ccc(S(N)(=O)=O)cc1)C(=O)N2
CHEMBL411224,8.92,CHEMBL301,1.2,CC(C)Cc1cccc2c1/C(=N/Nc1ccc(S(N)(=O)=O)cc1)C(=O)N2
CHEMBL411426,8.6,CHEMBL301,2.5,CC(C)c1cccc2c1/C(=N/Nc1ccc(S(N)(=O)=O)cc1)C(=O)N2
CHEMBL411425,8.1,CHEMBL301,7.9,CCc1cccc2c1/C(=N/Nc1ccc(S(N)(=O)=O)cc1)C(=O)N2
CHEMBL314397,8.34,CHEMBL301,4.6,NS(=O)(=O)c1ccc(/N=N/c2c(O)[nH]c3cccc(I)c23)cc1
CHEMBL411887,8.7,CHEMBL301,2.0,C/C(Nc1ccc(S(N)(=O)=O)cc1)=C1/C(=O)Nc2ccc(-c3cnco3)cc21
CHEMBL270132,8.6,CHEMBL301,2.5,NS(=O)(=O)c1ccc(N/C=C2\C(=O)Nc3ccc(-c4cnco4)cc32)cc1
CHEMBL269827,8.64,CHEMBL301,2.3,NS(=O)(=O)c1ccc(N/N=C2\C(=O)Nc3ccc(-c4cnco4)cc32)cc1
CHEMBL412097,7.66,CHEMBL301,22.0,C/C(Nc1ccc(S(N)(=O)=O)cc1)=C1/C(=O)Nc2ccc(Cl)cc21
CHEMBL270054,7.37,CHEMBL301,43.0,NS(=O)(=O)c1ccc(N/N=C2\C(=O)Nc3ccc(Cl)cc32)cc1
CHEMBL405042,6.44,CHEMBL301,360.0,C/C(Nc1ccc(S(N)(=O)=O)cc1)=C1/C(=O)Nc2ccccc21
CHEMBL269850,6.16,CHEMBL301,690.0,NS(=O)(=O)c1ccc(N/C=C2\C(=O)Nc3ccccc32)cc1
CHEMBL438721,6.92,CHEMBL301,120.0,NS(=O)(=O)c1ccc(N/N=C2\C(=O)Nc3ccccc32)cc1
CHEMBL419931,7.1,CHEMBL301,80.0,CC(C)n1cnc2c(NCc3ccccc3O)nc(NCCCO)nc21
CHEMBL127907,6.0,CHEMBL301,1000.0,COc1cc2ncnc(Nc3cccc(O)c3)c2cc1OC
CHEMBL445162,4.75,CHEMBL301,17.6,CS(=O)(=O)c1cccc(Nc2nccc(Nc3c(Cl)ccc4c3OCO4)n2)c1
CHEMBL513336,4.7,CHEMBL301,20.0,OCCn1cnc2c(NCc3ccccc3)nc(NCc3ccc(Br)cc3)nc21
CHEMBL14762,7.0,CHEMBL301,0.1,CC[C@H](CO)Nc1nc(NCc2ccccc2)c2ncn(C(C)C)c2n1
CHEMBL128000,4.0,CHEMBL301,100.0,O=C(/C=C/c1ccc(O)c(O)c1)c1ccc(O)cc1O
CHEMBL427909,8.3,CHEMBL301,5.0,O=C(Nc1n[nH]c2nc(-c3ccc(O)cc3)c(-c3ccccc3)cc12)C1CC1
CHEMBL260231,6.19,CHEMBL301,639.0,O=C(Nc1n[nH]c2nc(-c3cccs3)c(Br)cc12)C1CC1
CHEMBL260928,6.32,CHEMBL301,484.0,O=C(Nc1n[nH]c2cc(-c3ccsc3)ccc12)C1CC1
CHEMBL318522,6.47,CHEMBL301,341.0,O=C(Nc1n[nH]c2cc(-c3cccs3)ccc12)C1CC1
CHEMBL421207,6.2,CHEMBL301,631.0,O=C(Nc1n[nH]c2cc(-c3ccco3)ccc12)C1CC1
CHEMBL260929,6.3,CHEMBL301,497.0,O=C(Nc1n[nH]c2cc(-c3ccc[nH]3)ccc12)C1CC1
CHEMBL500804,8.3,CHEMBL301,5.0,O=C(NC1=NNC2=CC=CC21)C1CC1
CHEMBL260416,8.7,CHEMBL301,2.0,O=C(Nc1n[nH]c2nc(-c3ccc(O)c(Br)c3)ccc12)C1CC1
CHEMBL407981,7.22,CHEMBL301,60.0,CCN1CCN(CCCC(=O)Nc2n[nH]c3nc(-c4ccc(O)cc4)c(Br)cc23)CC1
CHEMBL260417,8.3,CHEMBL301,5.0,O=C(Nc1n[nH]c2nc(-c3ccc(O)cc3)c(Br)cc12)C1CC1
CHEMBL524266,6.86,CHEMBL301,0.138,Nc1nccc(-c2cc3c([nH]2)[C@@H](CCF)CNC3=O)n1
CHEMBL495758,4.55,CHEMBL301,28.0,c1ccc2[nH]c(-c3cc[nH]n3)nc2c1
CHEMBL504155,6.0,CHEMBL301,0.99,CC(=O)Nc1c[nH]nc1-c1nc2ccccc2[nH]1
CHEMBL522891,7.28,CHEMBL301,0.052,O=C(Nc1c[nH]nc1-c1nc2ccccc2[nH]1)c1ccccc1
CHEMBL496569,6.85,CHEMBL301,0.14,O=C(Nc1c[nH]nc1-c1nc2cc(CN3CCOCC3)ccc2[nH]1)c1ccccc1
CHEMBL522563,6.28,CHEMBL301,0.53,O=C(Nc1c[nH]nc1-c1nc2ccc(CN3CCOCC3)cc2[nH]1)c1ccc(F)cc1
CHEMBL458420,5.75,CHEMBL301,1.8,O=C(Nc1ccccc1)Nc1c[nH]nc1-c1nc2cc(CN3CCOCC3)ccc2[nH]1
CHEMBL516003,6.64,CHEMBL301,0.23,O=C(Nc1ccccc1F)Nc1c[nH]nc1-c1nc2cc(CN3CCOCC3)ccc2[nH]1
CHEMBL458421,6.8,CHEMBL301,0.16,O=C(Nc1c[nH]nc1-c1nc2cc(CN3CCOCC3)ccc2[nH]1)Nc1c(F)cccc1F
CHEMBL496754,5.92,CHEMBL301,1.2,O=C(Nc1c[nH]nc1-c1nc2cc(CN3CCOCC3)ccc2[nH]1)NC1CCCCC1
CHEMBL523923,6.8,CHEMBL301,0.16,O=C(Nc1cccnc1)Nc1c[nH]nc1-c1nc2cc(CN3CCOCC3)ccc2[nH]1
CHEMBL525194,6.92,CHEMBL301,0.12,c1cnn2ncc(-c3ccnc(NC4CC4)n3)c2c1
CHEMBL446024,6.0,CHEMBL301,1.0,FC(F)(F)CNc1nccc(-c2cnn3ncccc23)n1
CHEMBL513330,6.0,CHEMBL301,1.0,Clc1ccc(CNc2nccc(-c3cnn4ncccc34)n2)cc1
CHEMBL359554,8.1,CHEMBL301,0.008,c1ccc(Nc2nccc(-c3cnn4ncccc34)n2)cc1
CHEMBL468963,8.4,CHEMBL301,0.004,CN1CCN(c2ccc(Nc3nccc(-c4cnn5ncccc45)n3)cc2C(F)(F)F)CC1
CHEMBL513354,7.3,CHEMBL301,0.05,CCN(CC)Cc1cccc(Nc2nccc(-c3cnn4ncccc34)n2)c1
CHEMBL188938,8.52,CHEMBL301,0.003,O=[N+]([O-])c1ccc(Nc2nccc(-c3cnn4ncccc34)n2)cc1
CHEMBL526110,9.52,CHEMBL301,0.0003,O=[N+]([O-])c1cccc(Nc2nccc(-c3cnn4ncccc34)n2)c1
CHEMBL359794,8.7,CHEMBL301,0.002,N#Cc1ccc(Nc2nccc(-c3cnn4ncccc34)n2)cc1
CHEMBL495696,8.7,CHEMBL301,0.002,N#Cc1cccc(Nc2nccc(-c3cnn4ncccc34)n2)c1
CHEMBL497564,8.52,CHEMBL301,0.003,c1cc(Nc2nccc(-c3cnn4ncccc34)n2)cc(-c2cocn2)c1
CHEMBL523735,7.8,CHEMBL301,0.016,NC(=O)c1ccc(Nc2nccc(-c3cnn4ncccc34)n2)cc1
CHEMBL524059,7.4,CHEMBL301,0.04,O=C(O)c1ccc(Nc2nccc(-c3cnn4ncccc34)n2)cc1
CHEMBL359963,7.4,CHEMBL301,0.04,CC(C)c1ccc(Nc2nccc(-c3cnn4ncccc34)n2)cc1
CHEMBL495751,7.4,CHEMBL301,0.04,CCN(CC)CCNC(=O)c1cccc(Nc2nccc(-c3cnn4ncccc34)n2)c1
CHEMBL496162,6.64,CHEMBL301,0.23,CC(C)Oc1ccc2c(-c3ccnc(Nc4ccc(N5CCN(C)CC5)cc4)n3)cnn2n1
CHEMBL521871,6.35,CHEMBL301,0.45,CN(C)CC(O)COc1ccc(Nc2nccc(-c3cnn4nc(N5CCOCC5)ccc34)n2)cc1
CHEMBL495545,7.0,CHEMBL301,0.1,CN1CCN(c2ccc(Nc3nccc(-c4cnn5ncccc45)n3)cc2)CC1
CHEMBL296468,7.42,CHEMBL301,0.038,CC(C)(C)c1cnc(CSc2cnc(NC(=O)C3CCNCC3)s2)o1
CHEMBL524629,6.64,CHEMBL301,0.229,CC(C)(C)c1cnc(CSc2cnc(NCC3CCNCC3)s2)o1
CHEMBL495754,6.78,CHEMBL301,0.168,CC(C)(C)c1cnc(CSc2cnc(NCC3CCCCC3)s2)o1
CHEMBL496567,7.7,CHEMBL301,0.02,CC(C)(C)c1cnc(CSc2cnc(N[C@H]3CC[C@H](N)CC3)s2)o1
CHEMBL496568,6.3,CHEMBL301,0.503,CC(C)(C)c1cnc(CSc2cnc(N[C@H]3CC[C@@H](N)CC3)s2)o1
CHEMBL495557,8.15,CHEMBL301,0.007,CC(C)(C)c1cnc(CSc2cnc(N[C@H]3CC[C@H](O)CC3)s2)o1
CHEMBL505474,6.8,CHEMBL301,0.158,CC(C)(C)c1cnc(CSc2cnc(NC3CCCC(N)C3)s2)o1
CHEMBL495558,7.55,CHEMBL301,0.028,CC(C)(C)c1cnc(CSc2cnc(NC3CCCC(O)C3)s2)o1
CHEMBL496785,8.05,CHEMBL301,0.009,CC(C)(C)c1cnc(CSc2cnc(NC3CCCCC3)s2)o1
CHEMBL509772,6.27,CHEMBL301,0.538,CC(C)(C)c1cnc(CSc2cnc(NC3CCNCC3)s2)o1
CHEMBL507536,6.16,CHEMBL301,0.69,CC(C)(C)c1cnc(CSc2cnc(N)s2)o1
CHEMBL460746,6.16,CHEMBL301,0.7,O=C(NC(=S)Nc1ccc(O)c(-c2nc3ccccc3s2)c1)c1ccc([N+](=O)[O-])cc1
CHEMBL493940,4.8,CHEMBL301,16.0,CNc1nc2oc(-c3ccccc3)nc2c2c1ncn2C
CHEMBL522011,4.64,CHEMBL301,23.0,CNc1nc2c(nc(-c3ccccc3)n2C)c2c1ncn2C
CHEMBL454973,4.51,CHEMBL301,31.0,CNc1nc2sc(-c3cccc(CNC(C)=O)c3)nc2c2c1ncn2C
CHEMBL487531,5.11,CHEMBL301,7.7,CN1CCN(c2ccc(N/C=C3\C(=O)NC(=O)c4ccc(-c5ccc(C=O)cc5)cc43)cc2)CC1
CHEMBL487526,4.33,CHEMBL301,47.0,CN1CCN(c2ccc(N/C=C3\C(=O)NC(=O)c4ccc(C(=O)N(C)C)cc43)cc2)CC1
CHEMBL486285,4.33,CHEMBL301,47.0,CN1CCN(c2ccc(N/C=C3\C(=O)NC(=O)c4cc(Br)ccc43)cc2)CC1
CHEMBL486284,4.71,CHEMBL301,19.6,O=C1NC(=O)c2ccccc2/C1=C/Nc1ccc(CN2CCCCC2)cc1
CHEMBL482883,4.68,CHEMBL301,21.0,O=C1NC(=O)c2ccccc2/C1=C/Nc1ccc(CN2CCOCC2)cc1
CHEMBL483535,4.58,CHEMBL301,26.5,N#Cc1ccc2c(c1)/C(=C/Nc1ccc(CN3CCCCC3)cc1)C(=O)NC2=O
CHEMBL488548,5.09,CHEMBL301,8.1,CC(=O)Nc1ccc2c(c1)/C(=C/Nc1ccc(CN3CCCCC3)cc1)C(=O)NC2=O
CHEMBL486487,4.4,CHEMBL301,39.8,CN(C)C(=O)c1ccc2c(c1)/C(=C/Nc1ccc(CN3CCCCC3)cc1)C(=O)NC2=O
CHEMBL486302,4.69,CHEMBL301,20.4,O=C1NC(=O)c2ccc(I)cc2/C1=C/Nc1ccc(CN2CCCCC2)cc1
CHEMBL470175,5.78,CHEMBL301,1.652,Oc1cc(Nc2nccc(-c3nccs3)n2)cc(C(F)(F)F)c1
CHEMBL485731,5.82,CHEMBL301,1.5,Cc1cc(Nc2nccc(-c3nc(CO)cs3)n2)cc(C(F)(F)F)c1
CHEMBL485730,5.82,CHEMBL301,1.5,OCc1csc(-c2ccnc(Nc3cc(O)cc(C(F)(F)F)c3)n2)n1
CHEMBL511811,5.62,CHEMBL301,2.4,Cc1cc(C)cc(Nc2nccc(-c3nc(CO)cs3)n2)c1
CHEMBL453217,7.0,CHEMBL301,0.1,Cc1cc(C)cc(Nc2nccc(-c3nc(C)cs3)n2)c1
CHEMBL470780,5.96,CHEMBL301,1.1,Cc1cc(C)cc(Nc2nccc(-c3ncc(C)s3)n2)c1
CHEMBL471819,5.61,CHEMBL301,2.452,Cc1cccc(Nc2nccc(-c3nccs3)n2)c1
CHEMBL519715,6.64,CHEMBL301,0.23,COc1cc(Nc2ncc3c(C)nc(-c4ccccc4)n3n2)cc(OC)c1OC
CHEMBL490451,5.58,CHEMBL301,2.6,O=C1NC(=O)c2ccc(I)cc2/C1=C/NCc1ccn(-c2ccoc2)c(=O)c1
CHEMBL490251,4.38,CHEMBL301,41.5,O=C1NC(=O)c2ccc(I)cc2/C1=C/NCc1ccn(-c2ccccc2)c(=O)c1
CHEMBL449818,5.57,CHEMBL301,2.7,O=C1NC(=O)c2ccc(Br)cc2/C1=C/NCc1cc[nH]c(=O)c1
CHEMBL489030,4.77,CHEMBL301,16.9,COc1coc(CN/C=C2\C(=O)NC(=O)c3ccc(Br)cc32)cc1=O
CHEMBL490241,5.21,CHEMBL301,6.1,COc1cc(CN/C=C2\C(=O)NC(=O)c3ccc(Br)cc32)ccn1
CHEMBL490240,5.89,CHEMBL301,1.3,O=C1NC(=O)c2ccc(C3CCCC3)cc2/C1=C/NCc1cc(O)c(-c2ccoc2)cn1
CHEMBL489629,5.72,CHEMBL301,1.9,CC(C)(C)c1ccc2c(c1)/C(=C/NCc1cc(O)c(-c3ccoc3)cn1)C(=O)NC2=O
CHEMBL521922,5.64,CHEMBL301,2.3,O=C1NC(=O)c2ccc(I)cc2/C1=C/NCc1cc(O)c(-c2ccoc2)cn1
CHEMBL514678,5.58,CHEMBL301,2.6,CC(C)(C)c1ccc2c(c1)/C(=C/NCc1cc(O)c(-c3ccccc3)cn1)C(=O)NC2=O
CHEMBL477259,5.92,CHEMBL301,1.2,CCCOc1cnc(CN/C=C2\C(=O)NC(=O)c3ccc(C4CCCC4)cc32)cc1O
CHEMBL515631,6.02,CHEMBL301,0.96,CCCOc1cnc(CN/C=C2\C(=O)NC(=O)c3ccc(C(C)(C)C)cc32)cc1O
CHEMBL477064,5.8,CHEMBL301,1.6,CCCOc1cnc(CN/C=C2\C(=O)NC(=O)c3ccc(I)cc32)cc1O
CHEMBL477063,6.3,CHEMBL301,0.5,COc1cnc(CN/C=C2\C(=O)NC(=O)c3ccc(I)cc32)cc1O
CHEMBL477863,6.16,CHEMBL301,0.7,CCCOc1ccc(CN/C=C2\C(=O)NC(=O)c3ccc(I)cc32)nc1O
CHEMBL477861,5.58,CHEMBL301,2.6,CCCOc1ccc(CN/C=C2\C(=O)NC(=O)c3ccc(I)cc32)cc1O
CHEMBL452447,5.44,CHEMBL301,3.6,O=C1NC(=O)c2ccc(I)cc2/C1=C/NCc1ccc(-c2cccnc2)c(O)c1
CHEMBL504547,5.33,CHEMBL301,4.7,O=C1NC(=O)c2ccc(I)cc2/C1=C/NCc1ccc(-c2ccoc2)c(O)c1
CHEMBL477877,5.08,CHEMBL301,8.4,O=C1NC(=O)c2ccc(I)cc2/C1=C/NCc1ccc(-c2ccco2)c(O)c1
CHEMBL478488,4.82,CHEMBL301,15.1,O=C1NC(=O)c2ccc(I)cc2/C1=C/NCc1ccc(-c2ccccc2)c(O)c1
CHEMBL478487,4.87,CHEMBL301,13.6,Cc1ccc(CN/C=C2\C(=O)NC(=O)c3ccc(I)cc32)cc1O
CHEMBL502651,5.17,CHEMBL301,6.7,Nc1ccc(CN/C=C2\C(=O)NC(=O)c3ccc(Br)cc32)cc1O
CHEMBL484274,4.34,CHEMBL301,45.5,CCOc1ccc(CN/C=C2\C(=O)NC(=O)c3ccc(Br)cc32)cc1O
CHEMBL490053,4.35,CHEMBL301,44.4,COc1ccc(CN(C)/C=C2\C(=O)NC(=O)c3ccc(Br)cc32)cc1O
CHEMBL489853,5.96,CHEMBL301,1.1,COc1ccc(CN/C=C2\C(=O)NC(=O)c3ccc(-c4ccoc4)cc32)cc1O
CHEMBL489646,4.74,CHEMBL301,18.3,COc1ccc(CN/C=C2\C(=O)NC(=O)c3ccc(-c4ccsc4)cc32)cc1O
CHEMBL489445,5.51,CHEMBL301,3.1,COc1ccc(CN/C=C2\C(=O)NC(=O)c3ccc(-n4cccc4)cc32)cc1O
CHEMBL489246,5.54,CHEMBL301,2.9,COc1ccc2c(c1)/C(=C/NCc1ccc(OC)c(O)c1)C(=O)NC2=O
CHEMBL489245,6.06,CHEMBL301,0.87,COc1ccc(CN/C=C2\C(=O)NC(=O)c3ccc(I)cc32)cc1O
CHEMBL489039,5.51,CHEMBL301,3.1,COc1ccc(CN/C=C2\C(=O)NC(=O)c3cccc(Br)c32)cc1O
CHEMBL489432,5.18,CHEMBL301,6.6,COc1ccc(CN/C=C2\C(=O)NC(=O)c3ccc(F)cc32)cc1O
CHEMBL489430,5.16,CHEMBL301,6.9,COc1ccc(CN/C=C2\C(=O)NC(=O)c3ccccc32)cc1O
CHEMBL447758,4.77,CHEMBL301,16.9,O=C1NC(=O)c2ccccc2/C1=C/NCc1cccc(O)c1
CHEMBL489627,4.76,CHEMBL301,17.3,O=C1NC(=O)c2ccccc2/C1=C/NCc1ccc(O)cc1
CHEMBL450383,4.9,CHEMBL301,12.5,O=C1NC(=O)c2ccccc2/C1=C/NCc1ccc(O)c(O)c1
CHEMBL301138,5.85,CHEMBL301,1410.0,Cn1cc(C2=C(c3coc4ccccc34)C(=O)NC2=O)c2ccccc21
CHEMBL477038,6.62,CHEMBL301,237.0,Cn1cc(C2=C(c3coc4cc(CO)ccc34)C(=O)NC2=O)c2cc(F)ccc21
CHEMBL522590,4.93,CHEMBL301,11700.0,Cn1cc(C2=C(c3coc4cc(CO)ccc34)C(=O)NC2=O)c2cc(F)c(Cl)cc21
CHEMBL522760,4.0,CHEMBL301,99000.0,COc1cccc2c(C3=C(c4cn(C)c5cc(Cl)c(F)cc45)C(=O)NC3=O)coc12
CHEMBL505673,5.94,CHEMBL301,1160.0,COc1cccc2c(C3=C(c4cn(C)c5ccc(Br)cc45)C(=O)NC3=O)coc12
CHEMBL489833,6.47,CHEMBL301,337.0,Cn1cc(C2=C(c3coc4cc(CO)ccc34)C(=O)NC2=O)c2cc(Br)ccc21
CHEMBL523113,5.74,CHEMBL301,1840.0,Cn1cc(C2=C(c3coc4ccc(F)cc34)C(=O)NC2=O)c2cc(Cl)ccc21
CHEMBL522751,5.97,CHEMBL301,1070.0,Cn1cc(C2=C(c3coc4ccccc34)C(=O)NC2=O)c2cc(I)ccc21
CHEMBL491064,4.5,CHEMBL301,32000.0,Cn1cc(C2=C(c3coc4ccccc34)C(=O)NC2=O)c2cc(C3CC3)ccc21
CHEMBL522464,6.83,CHEMBL301,149.0,Cn1cc(C2=C(c3coc4ccccc34)C(=O)NC2=O)c2cccc(CO)c21
CHEMBL491447,7.57,CHEMBL301,27.0,Cn1cc(C2=C(c3coc4cc(CO)ccc34)C(=O)NC2=O)c2cccc(CO)c21
CHEMBL491647,5.41,CHEMBL301,3880.0,COCc1cccc2c(C3=C(c4coc5ccccc45)C(=O)NC3=O)cn(C)c12
CHEMBL388978,8.42,CHEMBL301,3.8,CN[C@@H]1C[C@H]2O[C@@](C)([C@@H]1OC)n1c3ccccc3c3c4c(c5c6ccccc6n2c5c31)C(=O)NC4
CHEMBL522590,4.97,CHEMBL301,10.6,Cn1cc(C2=C(c3coc4cc(CO)ccc34)C(=O)NC2=O)c2cc(F)c(Cl)cc21
CHEMBL522760,4.57,CHEMBL301,27.2,COc1cccc2c(C3=C(c4cn(C)c5cc(Cl)c(F)cc45)C(=O)NC3=O)coc12
CHEMBL489833,6.26,CHEMBL301,0.55,Cn1cc(C2=C(c3coc4cc(CO)ccc34)C(=O)NC2=O)c2cc(Br)ccc21
CHEMBL491647,5.39,CHEMBL301,4.09,COCc1cccc2c(C3=C(c4coc5ccccc45)C(=O)NC3=O)cn(C)c12
CHEMBL388978,8.85,CHEMBL301,0.0014,CN[C@@H]1C[C@H]2O[C@@](C)([C@@H]1OC)n1c3ccccc3c3c4c(c5c6ccccc6n2c5c31)C(=O)NC4
CHEMBL23327,7.16,CHEMBL301,70.0,CC(C)[C@H](CO)Nc1nc(Nc2cccc(Cl)c2)c2ncn(C(C)C)c2n1
CHEMBL23327,7.46,CHEMBL301,35.0,CC(C)[C@H](CO)Nc1nc(Nc2cccc(Cl)c2)c2ncn(C(C)C)c2n1
CHEMBL23254,8.22,CHEMBL301,6.0,CC(C)[C@H](CO)Nc1nc(Nc2ccc(C(=O)O)c(Cl)c2)c2ncn(C(C)C)c2n1
CHEMBL23254,8.05,CHEMBL301,9.0,CC(C)[C@H](CO)Nc1nc(Nc2ccc(C(=O)O)c(Cl)c2)c2ncn(C(C)C)c2n1
CHEMBL191632,3.46,CHEMBL301,350.0,Nc1cncc(Cl)n1
CHEMBL487738,5.04,CHEMBL301,9.1,NS(=O)(=O)c1ccc(Nc2cncc(Cl)n2)cc1
CHEMBL201511,5.16,CHEMBL301,6.9,COc1cc(C2=C(c3c[nH]c4ccccc34)C(=O)NC2=O)cc(OC)c1OC
CHEMBL509435,4.38,CHEMBL301,42.0,COc1cc(C2=C(c3cn(C)c4ccccc34)C(=O)NC2)cc(OC)c1OC
CHEMBL488811,4.7,CHEMBL301,20.0,COc1cc(C2=C(c3cn(COc4ccccc4)c4ccccc34)CNC2=O)cc(OC)c1OC
CHEMBL488646,4.64,CHEMBL301,23.0,COc1cc(C2=C(c3cn(COC(C)(C)C)c4ccccc34)CNC2=O)cc(OC)c1OC
CHEMBL73303,8.7,CHEMBL301,0.002,NS(=O)(=O)c1ccc(Nc2nccc(-c3cnc4ccccn34)n2)cc1
CHEMBL484571,8.1,CHEMBL301,0.008,CN(C)CCNS(=O)(=O)c1ccc(Nc2nccc(-c3cnc4cccnn34)n2)cc1
CHEMBL484738,7.96,CHEMBL301,0.011,Cc1ncc(-c2ccnc(Nc3ccc(S(N)(=O)=O)cc3)n2)n1C
CHEMBL520187,8.1,CHEMBL301,0.008,COCCNS(=O)(=O)c1ccc(Nc2nccc(-c3cnc(C)n3C)n2)cc1
CHEMBL520353,8.22,CHEMBL301,0.006,Cc1ncc(-c2ccnc(Nc3ccc(S(=O)(=O)NCCCOC(C)C)cc3)n2)n1C
CHEMBL485431,7.6,CHEMBL301,0.025,Cc1ncc(-c2ccnc(Nc3ccc(S(=O)(=O)NCCN(C)C)cc3)n2)n1C
CHEMBL485602,6.4,CHEMBL301,0.4,COCCN(C)S(=O)(=O)c1ccc(Nc2nccc(-c3cnc(C)n3C)n2)cc1
CHEMBL485618,8.4,CHEMBL301,0.004,CCn1c(-c2ccnc(Nc3ccc(S(=O)(=O)NCCOC)cc3)n2)cnc1C
CHEMBL478409,9.0,CHEMBL301,0.001,COCCNS(=O)(=O)c1ccc(Nc2nccc(-c3cnc(C)n3C(C)C)n2)cc1
CHEMBL485619,7.82,CHEMBL301,0.015,COCCNS(=O)(=O)c1ccc(Nc2nccc(-c3cnc(C)n3CC(C)C)n2)cc1
CHEMBL483590,7.08,CHEMBL301,0.083,COCCN(C)S(=O)(=O)c1ccc(Nc2nccc(-c3cnc(C)n3C3CC3)n2)cc1
CHEMBL458547,7.17,CHEMBL301,0.068,COCCNS(=O)(=O)c1ccc(Nc2nccc(-c3c(C)nc(C)n3C)n2)cc1
CHEMBL458548,6.53,CHEMBL301,0.295,Cc1ncc(-c2ccnc(Nc3ccc(S(=O)(=O)CCCN(C)C)cc3)n2)n1C
CHEMBL514913,7.64,CHEMBL301,0.023,CCn1c(-c2ccnc(Nc3ccc(S(C)(=O)=O)cc3)n2)cnc1C
CHEMBL488436,8.22,CHEMBL301,0.006,Cc1ncc(-c2ccnc(Nc3ccc(S(C)(=O)=O)cc3)n2)n1C(C)C
CHEMBL485240,8.1,CHEMBL301,0.008,CCCS(=O)(=O)c1ccc(Nc2nccc(-c3cnc(C)n3C(C)C)n2)cc1
CHEMBL457979,7.72,CHEMBL301,0.019,Cc1ncc(-c2ccnc(Nc3ccc(S(=O)(=O)Cc4ccccc4)cc3)n2)n1C(C)C
CHEMBL515854,7.85,CHEMBL301,0.014,COCCS(=O)(=O)c1ccc(Nc2nccc(-c3cnc(C)n3C(C)C)n2)cc1
CHEMBL515839,7.89,CHEMBL301,0.013,Cc1ncc(-c2ccnc(Nc3ccc(S(=O)(=O)CC4CCCO4)cc3)n2)n1C(C)C
CHEMBL457887,7.44,CHEMBL301,0.036,Cc1ncc(-c2ccnc(Nc3ccc(S(=O)(=O)CCCN(C)C)cc3)n2)n1C(C)C
CHEMBL457888,7.48,CHEMBL301,0.033,Cc1ncc(-c2ccnc(Nc3ccc(S(=O)(=O)CCCN4CCOCC4)cc3)n2)n1C(C)C
CHEMBL482193,7.4,CHEMBL301,0.04,CC[C@H](CO)Nc1nc(NCc2ccccc2)n2ncc(C(C)C)c2n1
CHEMBL480442,7.22,CHEMBL301,0.06,CC(C)c1cnn2c(NCc3ccc(Cl)cc3)nc(N[C@@H](CO)C(C)C)nc12
CHEMBL23327,7.16,CHEMBL301,0.07,CC(C)[C@H](CO)Nc1nc(Nc2cccc(Cl)c2)c2ncn(C(C)C)c2n1
CHEMBL14762,6.66,CHEMBL301,0.22,CC[C@H](CO)Nc1nc(NCc2ccccc2)c2ncn(C(C)C)c2n1
CHEMBL482211,6.66,CHEMBL301,0.22,CC[C@H](CO)Nc1nc(NCc2ccccc2)c2ncc(C(C)C)n2n1
CHEMBL280074,5.16,CHEMBL301,7.0,Cn1cnc2c(NCc3ccccc3)nc(NCCO)nc21
CHEMBL280074,5.16,CHEMBL301,7.0,Cn1cnc2c(NCc3ccccc3)nc(NCCO)nc21
CHEMBL115125,5.82,CHEMBL301,1500.0,Cc1cc(NC(=O)c2ccccc2)n[nH]1
CHEMBL112442,6.65,CHEMBL301,224.0,CCCC(=O)Nc1cc(C2CC2)[nH]n1
CHEMBL324942,6.54,CHEMBL301,290.0,O=C(Nc1cc(C2CC2)n[nH]1)c1ccccc1
CHEMBL115319,7.47,CHEMBL301,34.0,O=C(Nc1cc(C2CC2)[nH]n1)c1ccc(Br)cc1
CHEMBL115264,7.07,CHEMBL301,85.0,O=C(Nc1cc(C2CC2)[nH]n1)c1ccc(Cl)cc1
CHEMBL111897,6.15,CHEMBL301,705.0,COc1ccc(C(=O)Nc2cc(C3CC3)[nH]n2)cc1
CHEMBL324186,6.78,CHEMBL301,165.0,O=C(O)c1ccc(C(=O)Nc2cc(C3CC3)[nH]n2)cc1
CHEMBL325606,7.17,CHEMBL301,68.0,NC(=O)c1ccc(C(=O)Nc2cc(C3CC3)[nH]n2)cc1
CHEMBL114577,6.0,CHEMBL301,990.0,O=C(Nc1cc(C2CC2)[nH]n1)c1cccc(Br)c1
CHEMBL326310,6.0,CHEMBL301,1000.0,O=C(Nc1cc(C2CC2)[nH]n1)c1cccc(Cl)c1
CHEMBL420135,6.22,CHEMBL301,600.0,COc1cccc(C(=O)Nc2cc(C3CC3)[nH]n2)c1
CHEMBL333605,6.3,CHEMBL301,500.0,O=C(Nc1cc(C2CC2)[nH]n1)c1cccc(C(F)(F)F)c1
CHEMBL116047,5.82,CHEMBL301,1500.0,O=C(Nc1cc(C2CC2)[nH]n1)c1ccccc1Br
CHEMBL115446,5.0,CHEMBL301,10000.0,O=C(Nc1cc(C2CC2)[nH]n1)c1ccccc1Cl
CHEMBL323392,7.08,CHEMBL301,83.0,O=C(Nc1cc(C2CC2)[nH]n1)c1ccc(Cl)c(Cl)c1
CHEMBL112136,7.05,CHEMBL301,90.0,O=C(Nc1cc(C2CCC2)[nH]n1)c1ccc(Br)cc1
CHEMBL419753,7.3,CHEMBL301,50.0,O=C(Nc1cc(C2CCCC2)[nH]n1)c1ccc(Br)cc1
CHEMBL333382,5.0,CHEMBL301,10000.0,O=C(Nc1cc(C2CCCCC2)[nH]n1)c1ccc(Br)cc1
CHEMBL323594,5.22,CHEMBL301,6000.0,Cc1cc(NC(=O)c2ccc(Br)cc2)n[nH]1
CHEMBL115047,6.2,CHEMBL301,630.0,CCc1cc(NC(=O)c2ccc(Br)cc2)n[nH]1
CHEMBL114432,6.19,CHEMBL301,650.0,CCCc1cc(NC(=O)c2ccc(Br)cc2)n[nH]1
CHEMBL430703,6.7,CHEMBL301,200.0,CC(C)c1cc(NC(=O)c2ccc(Br)cc2)n[nH]1
CHEMBL114851,7.32,CHEMBL301,48.0,O=C(Cc1ccccc1)Nc1cc(C2CC2)[nH]n1
CHEMBL324577,7.13,CHEMBL301,74.0,NC(=O)c1ccc(CC(=O)Nc2cc(C3CC3)[nH]n2)cc1
CHEMBL114917,7.54,CHEMBL301,29.0,COc1cccc(CC(=O)Nc2cc(C3CC3)[nH]n2)c1
CHEMBL115994,7.17,CHEMBL301,67.0,O=C(Cc1ccc(OC(F)(F)F)cc1)Nc1cc(C2CC2)[nH]n1
CHEMBL115933,7.25,CHEMBL301,56.0,O=C(Cc1ccc(-c2ccccc2)cc1)Nc1cc(C2CC2)[nH]n1
CHEMBL489477,8.4,CHEMBL301,4.0,O=C(Cc1ccc(-c2ccccc2)c(F)c1)Nc1cc(C2CC2)[nH]n1
CHEMBL490480,8.05,CHEMBL301,9.0,Cc1cc(CC(=O)Nc2cc(C3CC3)[nH]n2)ccc1-c1ccccc1
CHEMBL490481,8.52,CHEMBL301,3.0,O=C(Cc1ccc(Cc2cccs2)cc1)Nc1cc(C2CC2)[nH]n1
CHEMBL190154,5.7,CHEMBL301,2000.0,CO[C@H](C(=O)Nc1cc(C2CC2)[nH]n1)c1ccccc1
CHEMBL193287,6.02,CHEMBL301,960.0,N[C@H](C(=O)Nc1cc(C2CC2)[nH]n1)c1ccccc1
CHEMBL190178,5.58,CHEMBL301,2600.0,O=C(Nc1cc(C2CC2)[nH]n1)C(=O)c1ccccc1
CHEMBL366230,7.08,CHEMBL301,84.0,C[C@H](C(=O)Nc1cc(C2CC2)[nH]n1)c1ccccc1
CHEMBL365988,5.22,CHEMBL301,6000.0,C[C@@H](C(=O)Nc1cc(C2CC2)[nH]n1)c1ccccc1
CHEMBL192471,5.6,CHEMBL301,2500.0,C[C@@H](C(=O)Nc1cc(C2CC2)[nH]n1)c1ccc(N2CCCC2=O)cc1
CHEMBL191144,7.43,CHEMBL301,37.0,C[C@H](C(=O)Nc1cc(C2CC2)[nH]n1)c1ccc(N2CCCC2=O)cc1
CHEMBL192126,6.77,CHEMBL301,170.0,C[C@@H](C(=O)Nc1cc(C2CC2)[nH]n1)c1ccc(N2Cc3ccccc3C2=O)cc1
CHEMBL190446,8.7,CHEMBL301,2.0,C[C@H](C(=O)Nc1cc(C2CC2)[nH]n1)c1ccc(N2Cc3ccccc3C2=O)cc1
CHEMBL189047,6.34,CHEMBL301,455.0,C[C@@H](C(=O)Nc1cc(C2CC2)[nH]n1)c1ccc(N2CCNC2=O)cc1
CHEMBL192602,8.7,CHEMBL301,2.0,C[C@H](C(=O)Nc1cc(C2CC2)[nH]n1)c1ccc(N2CCNC2=O)cc1
CHEMBL365355,5.07,CHEMBL301,8500.0,C[C@@H](C(=O)Nc1cc(C2CC2)[nH]n1)c1ccc(N2CCN(C)C2=O)cc1
CHEMBL192042,7.77,CHEMBL301,17.0,C[C@H](C(=O)Nc1cc(C2CC2)[nH]n1)c1ccc(N2CCN(C)C2=O)cc1
CHEMBL192179,5.6,CHEMBL301,2500.0,C[C@@H](C(=O)Nc1cc(C2CC2)[nH]n1)c1ccc(N2CCOC2=O)cc1
CHEMBL191834,7.7,CHEMBL301,20.0,C[C@H](C(=O)Nc1cc(C2CC2)[nH]n1)c1ccc(N2CCOC2=O)cc1
CHEMBL365341,7.1,CHEMBL301,80.0,C[C@H](C(=O)Nc1cc(C2CC2)[nH]n1)c1ccc(N2CCCC2)cc1
CHEMBL115125,5.82,CHEMBL301,5.824,Cc1cc(NC(=O)c2ccccc2)n[nH]1
CHEMBL112442,6.65,CHEMBL301,6.65,CCCC(=O)Nc1cc(C2CC2)[nH]n1
CHEMBL324942,6.54,CHEMBL301,6.538,O=C(Nc1cc(C2CC2)n[nH]1)c1ccccc1
CHEMBL115319,7.47,CHEMBL301,7.469,O=C(Nc1cc(C2CC2)[nH]n1)c1ccc(Br)cc1
CHEMBL115264,7.07,CHEMBL301,7.071,O=C(Nc1cc(C2CC2)[nH]n1)c1ccc(Cl)cc1
CHEMBL111897,6.15,CHEMBL301,6.152,COc1ccc(C(=O)Nc2cc(C3CC3)[nH]n2)cc1
CHEMBL324186,6.78,CHEMBL301,6.783,O=C(O)c1ccc(C(=O)Nc2cc(C3CC3)[nH]n2)cc1
CHEMBL325606,7.17,CHEMBL301,7.167,NC(=O)c1ccc(C(=O)Nc2cc(C3CC3)[nH]n2)cc1
CHEMBL114577,6.0,CHEMBL301,6.004,O=C(Nc1cc(C2CC2)[nH]n1)c1cccc(Br)c1
CHEMBL326310,6.0,CHEMBL301,6.0,O=C(Nc1cc(C2CC2)[nH]n1)c1cccc(Cl)c1
CHEMBL420135,6.22,CHEMBL301,6.222,COc1cccc(C(=O)Nc2cc(C3CC3)[nH]n2)c1
CHEMBL333605,6.3,CHEMBL301,6.301,O=C(Nc1cc(C2CC2)[nH]n1)c1cccc(C(F)(F)F)c1
CHEMBL116047,5.82,CHEMBL301,5.824,O=C(Nc1cc(C2CC2)[nH]n1)c1ccccc1Br
CHEMBL115446,6.0,CHEMBL301,6.0,O=C(Nc1cc(C2CC2)[nH]n1)c1ccccc1Cl
CHEMBL323392,7.08,CHEMBL301,7.081,O=C(Nc1cc(C2CC2)[nH]n1)c1ccc(Cl)c(Cl)c1
CHEMBL112136,7.05,CHEMBL301,7.046,O=C(Nc1cc(C2CCC2)[nH]n1)c1ccc(Br)cc1
CHEMBL419753,7.3,CHEMBL301,7.301,O=C(Nc1cc(C2CCCC2)[nH]n1)c1ccc(Br)cc1
CHEMBL333382,6.0,CHEMBL301,6.0,O=C(Nc1cc(C2CCCCC2)[nH]n1)c1ccc(Br)cc1
CHEMBL323594,5.22,CHEMBL301,5.222,Cc1cc(NC(=O)c2ccc(Br)cc2)n[nH]1
CHEMBL115047,6.2,CHEMBL301,6.201,CCc1cc(NC(=O)c2ccc(Br)cc2)n[nH]1
CHEMBL114432,6.19,CHEMBL301,6.187,CCCc1cc(NC(=O)c2ccc(Br)cc2)n[nH]1
CHEMBL430703,6.7,CHEMBL301,6.699,CC(C)c1cc(NC(=O)c2ccc(Br)cc2)n[nH]1
CHEMBL114851,7.32,CHEMBL301,7.319,O=C(Cc1ccccc1)Nc1cc(C2CC2)[nH]n1
CHEMBL324577,7.13,CHEMBL301,7.131,NC(=O)c1ccc(CC(=O)Nc2cc(C3CC3)[nH]n2)cc1
CHEMBL114917,7.54,CHEMBL301,7.538,COc1cccc(CC(=O)Nc2cc(C3CC3)[nH]n2)c1
CHEMBL115994,7.17,CHEMBL301,7.174,O=C(Cc1ccc(OC(F)(F)F)cc1)Nc1cc(C2CC2)[nH]n1
CHEMBL115933,7.25,CHEMBL301,7.252,O=C(Cc1ccc(-c2ccccc2)cc1)Nc1cc(C2CC2)[nH]n1
CHEMBL489477,8.4,CHEMBL301,8.398,O=C(Cc1ccc(-c2ccccc2)c(F)c1)Nc1cc(C2CC2)[nH]n1
CHEMBL490480,8.05,CHEMBL301,8.046,Cc1cc(CC(=O)Nc2cc(C3CC3)[nH]n2)ccc1-c1ccccc1
CHEMBL490481,8.52,CHEMBL301,8.523,O=C(Cc1ccc(Cc2cccs2)cc1)Nc1cc(C2CC2)[nH]n1
CHEMBL190154,5.7,CHEMBL301,5.699,CO[C@H](C(=O)Nc1cc(C2CC2)[nH]n1)c1ccccc1
CHEMBL193287,6.02,CHEMBL301,6.018,N[C@H](C(=O)Nc1cc(C2CC2)[nH]n1)c1ccccc1
CHEMBL190178,5.58,CHEMBL301,5.585,O=C(Nc1cc(C2CC2)[nH]n1)C(=O)c1ccccc1
CHEMBL366230,7.08,CHEMBL301,7.076,C[C@H](C(=O)Nc1cc(C2CC2)[nH]n1)c1ccccc1
CHEMBL365988,5.22,CHEMBL301,5.222,C[C@@H](C(=O)Nc1cc(C2CC2)[nH]n1)c1ccccc1
CHEMBL192471,5.6,CHEMBL301,5.602,C[C@@H](C(=O)Nc1cc(C2CC2)[nH]n1)c1ccc(N2CCCC2=O)cc1
CHEMBL191144,7.43,CHEMBL301,7.432,C[C@H](C(=O)Nc1cc(C2CC2)[nH]n1)c1ccc(N2CCCC2=O)cc1
CHEMBL192126,6.77,CHEMBL301,6.77,C[C@@H](C(=O)Nc1cc(C2CC2)[nH]n1)c1ccc(N2Cc3ccccc3C2=O)cc1
CHEMBL190446,8.7,CHEMBL301,8.699,C[C@H](C(=O)Nc1cc(C2CC2)[nH]n1)c1ccc(N2Cc3ccccc3C2=O)cc1
CHEMBL189047,6.34,CHEMBL301,6.342,C[C@@H](C(=O)Nc1cc(C2CC2)[nH]n1)c1ccc(N2CCNC2=O)cc1
CHEMBL192602,8.7,CHEMBL301,8.699,C[C@H](C(=O)Nc1cc(C2CC2)[nH]n1)c1ccc(N2CCNC2=O)cc1
CHEMBL365355,5.07,CHEMBL301,5.071,C[C@@H](C(=O)Nc1cc(C2CC2)[nH]n1)c1ccc(N2CCN(C)C2=O)cc1
CHEMBL192042,7.77,CHEMBL301,7.77,C[C@H](C(=O)Nc1cc(C2CC2)[nH]n1)c1ccc(N2CCN(C)C2=O)cc1
CHEMBL192179,5.6,CHEMBL301,5.602,C[C@@H](C(=O)Nc1cc(C2CC2)[nH]n1)c1ccc(N2CCOC2=O)cc1
CHEMBL191834,7.7,CHEMBL301,7.699,C[C@H](C(=O)Nc1cc(C2CC2)[nH]n1)c1ccc(N2CCOC2=O)cc1
CHEMBL365341,7.1,CHEMBL301,7.097,C[C@H](C(=O)Nc1cc(C2CC2)[nH]n1)c1ccc(N2CCCC2)cc1
CHEMBL474619,6.99,CHEMBL301,102.0,COc1cc(O)ccc1-c1ccc2c(-c3nc4c(N5CCN(C)CC5)cccc4[nH]3)n[nH]c2c1
CHEMBL514197,8.39,CHEMBL301,4.1,COc1cc(-c2ccc3c(-c4nc5c(N6CCN(C)CC6)cccc5[nH]4)n[nH]c3c2)ccc1O
CHEMBL473631,7.88,CHEMBL301,13.3,CN1CCN(c2cccc3[nH]c(-c4n[nH]c5cc(-c6ccc(O)cc6)ccc45)nc23)CC1
CHEMBL474807,4.67,CHEMBL301,21500.0,CN1CCN(c2cccc3[nH]c(-c4n[nH]c5cc(-c6ccc(CO)cc6)ccc45)nc23)CC1
CHEMBL475640,5.0,CHEMBL301,10000.0,COc1ccc(-c2ccc3c(-c4nc5c(N6CCN(C)CC6)cccc5[nH]4)n[nH]c3c2)c(OC)c1
CHEMBL516244,5.0,CHEMBL301,10000.0,COc1ccccc1-c1ccc2c(-c3nc4c(N5CCN(C)CC5)cccc4[nH]3)n[nH]c2c1
CHEMBL482350,5.0,CHEMBL301,10000.0,COc1cc(F)ccc1-c1ccc2c(-c3nc4c(N5CCN(C)CC5)cccc4[nH]3)n[nH]c2c1
CHEMBL480391,5.98,CHEMBL301,1040.0,CN1CCN(c2cccc3nc(-c4n[nH]c5cc(-c6ccc(N)cc6)ccc45)[nH]c23)CC1
CHEMBL480392,5.21,CHEMBL301,6100.0,CN1CCN(c2cccc3[nH]c(-c4n[nH]c5cc(-c6cccc(N)c6)ccc45)nc23)CC1
CHEMBL519795,5.76,CHEMBL301,1730.0,CN1CCN(c2cccc3[nH]c(-c4n[nH]c5cc(-c6ccc(N)c(F)c6)ccc45)nc23)CC1
CHEMBL482368,6.61,CHEMBL301,247.0,COc1cc(-c2ccc3c(-c4nc5c(N6CCN(C)CC6)cccc5[nH]4)n[nH]c3c2)ccc1N
CHEMBL474433,5.0,CHEMBL301,10000.0,CN1CCN(c2cccc3[nH]c(-c4n[nH]c5cc(-c6ccc(CN)cc6)ccc45)nc23)CC1
CHEMBL474600,5.0,CHEMBL301,10000.0,CC(=O)Nc1ccc(-c2ccc3c(-c4nc5c(N6CCN(C)CC6)cccc5[nH]4)n[nH]c3c2)cc1
CHEMBL471790,5.0,CHEMBL301,10000.0,COc1cc(N)ccc1-c1ccc2c(-c3nc4c(N5CCN(C)CC5)cccc4[nH]3)n[nH]c2c1
CHEMBL471791,5.0,CHEMBL301,10000.0,CN1CCN(c2cccc3[nH]c(-c4n[nH]c5cc(-c6ccc(C(=O)O)cc6)ccc45)nc23)CC1
CHEMBL472148,5.0,CHEMBL301,10000.0,CC(=O)c1ccc(-c2ccc3c(-c4nc5c(N6CCN(C)CC6)cccc5[nH]4)n[nH]c3c2)cc1
CHEMBL520911,5.0,CHEMBL301,10000.0,CN1CCN(c2cccc3[nH]c(-c4n[nH]c5cc(-c6ccc7[nH]ccc7c6)ccc45)nc23)CC1
CHEMBL480384,5.0,CHEMBL301,10000.0,CN1CCN(c2cccc3[nH]c(-c4n[nH]c5cc(C6=CC7=CC=CNC7C=C6)ccc45)nc23)CC1
CHEMBL481562,8.3,CHEMBL301,5.0,O=C(NC1CC1)c1n[nH]c2cc(-c3ccc(O)cc3)c(Br)cc12
CHEMBL388978,9.44,CHEMBL301,0.00036,CN[C@@H]1C[C@H]2O[C@@](C)([C@@H]1OC)n1c3ccccc3c3c4c(c5c6ccccc6n2c5c31)C(=O)NC4
CHEMBL521949,5.5,CHEMBL301,3.2,O=C(Nc1ccccc1Cl)c1ccc(Nc2nc(Nc3ccc(O)cc3)ncc2F)cc1
CHEMBL340813,5.64,CHEMBL301,2.3,Oc1ccc(Nc2nc(OCC3CCCCC3)c3nc[nH]c3n2)cc1
CHEMBL122264,6.0,CHEMBL301,1.0,c1ccc(Nc2nc(OCC3CCCCC3)c3[nH]cnc3n2)cc1
CHEMBL507249,6.23,CHEMBL301,0.59,O[C@H]1CC[C@H](c2n[nH]cc2-c2ccnc(NC3CCCC3)n2)CC1
CHEMBL478407,8.52,CHEMBL301,0.003,Cc1ncc(-c2ccnc(Nc3ccc(F)cc3)n2)n1C(C)C
CHEMBL478828,8.1,CHEMBL301,0.008,COc1ccc(Nc2nccc(-c3cnc(C)n3C(C)C)n2)cc1
CHEMBL476518,7.62,CHEMBL301,0.024,Cc1ncc(-c2ccnc(Nc3ccc(N(C)C)cc3)n2)n1C(C)C
CHEMBL475948,7.34,CHEMBL301,0.046,Cc1ncc(-c2nc(Nc3ccc(N4CCC[C@H]4C(=O)N(C)C)cc3)ncc2F)n1C(C)C
CHEMBL476577,9.3,CHEMBL301,0.0005,CC(=O)NC1CN(c2ccc(Nc3ncc(F)c(-c4cnc(C)n4C(C)C)n3)cc2)C1
CHEMBL515001,8.1,CHEMBL301,0.008,Cc1ncc(-c2nc(Nc3ccc(N4CCOCC4)cc3)ncc2F)n1C(C)C
CHEMBL514690,8.05,CHEMBL301,0.009,Cc1ncc(-c2ccnc(Nc3ccc(N4CCOCC4)cc3)n2)n1C(C)C
CHEMBL476993,8.22,CHEMBL301,0.006,Cc1ncc(-c2nc(Nc3ccc(N4CCN(C(=O)CO)CC4)cc3)ncc2F)n1C(C)C
CHEMBL478241,7.8,CHEMBL301,0.016,Cc1ncc(-c2ccnc(Nc3ccc(N4CCN(C(=O)CN(C)C)CC4)cc3)n2)n1C(C)C
CHEMBL515311,7.77,CHEMBL301,0.017,Cc1ncc(-c2ccnc(Nc3ccc(N4CCN(C(=O)[C@H](C)O)CC4)cc3)n2)n1C(C)C
CHEMBL477786,7.77,CHEMBL301,0.017,Cc1ncc(-c2ccnc(Nc3ccc(N4CCN(C(=O)CO)CC4)cc3)n2)n1C(C)C
CHEMBL477785,8.52,CHEMBL301,0.003,Cc1ncc(-c2ccnc(Nc3ccc(N4CCN(S(=O)(=O)CCN(C)C)CC4)cc3)n2)n1C(C)C
CHEMBL497854,6.96,CHEMBL301,0.11,Cc1cc(CNc2ncc(Br)c(Nc3cc(C4CC4)[nH]n3)n2)on1
CHEMBL457179,4.04,CHEMBL301,92.0,CN(CCc1c[nH]c2ccccc12)C(=O)c1ccc(-c2ccncc2)cc1
CHEMBL498705,4.04,CHEMBL301,91.0,CN(CCc1c[nH]c2ccccc12)C(=O)c1ccc(-c2ccc(-c3ccccc3)cc2)cc1
CHEMBL525921,4.16,CHEMBL301,70.0,Cc1ccc(-c2ccc(C(=O)N(C)CCc3c[nH]c4ccccc34)cc2)cc1
CHEMBL14619,6.96,CHEMBL301,0.11,CCCCOc1c(C(=O)c2ccccc2)cnc2[nH]ncc12
CHEMBL223147,4.82,CHEMBL301,15.0,CCN1C(=O)C(C)(C)c2cc3[nH]c4c(c3cc21)CCCc1c(C)n[nH]c1-4
CHEMBL14762,6.43,CHEMBL301,0.37,CC[C@H](CO)Nc1nc(NCc2ccccc2)c2ncn(C(C)C)c2n1
CHEMBL445813,7.33,CHEMBL301,0.047,O=C(NC1CCNCC1)c1n[nH]cc1NC(=O)c1c(Cl)cccc1Cl
CHEMBL497477,6.96,CHEMBL301,0.11,O=C(NC1CCNCC1)c1n[nH]cc1NC(=O)c1c(F)cccc1Cl
CHEMBL497306,6.46,CHEMBL301,0.35,COc1cccc(F)c1C(=O)Nc1c[nH]nc1C(=O)NC1CCNCC1
CHEMBL448316,6.12,CHEMBL301,0.75,O=C(NC1CCNCC1)c1n[nH]cc1NC(=O)c1c(F)cc(F)cc1F
CHEMBL498659,7.36,CHEMBL301,0.044,Cl.O=C(N[C@H]1CCCNC1)c1n[nH]cc1NC(=O)c1c(F)cccc1F
CHEMBL457388,6.85,CHEMBL301,0.14,O=C(NC1CCNCC1)c1n[nH]cc1NC(=O)c1c(F)cccc1F
CHEMBL507167,7.42,CHEMBL301,0.038,N[C@H]1CC[C@H](NC(=O)c2n[nH]cc2NC(=O)c2c(F)cccc2F)CC1
CHEMBL457177,7.72,CHEMBL301,0.019,O=C(N[C@H]1CC[C@H](O)CC1)c1n[nH]cc1NC(=O)c1c(F)cccc1F
CHEMBL456963,7.92,CHEMBL301,0.012,O=C(NC1CCCCC1)c1n[nH]cc1NC(=O)c1c(F)cccc1F
CHEMBL510578,7.6,CHEMBL301,0.025,O=C(NCC1CC1)c1n[nH]cc1NC(=O)c1c(F)cccc1F
CHEMBL518383,8.52,CHEMBL301,0.003,O=C(Nc1ccc(F)cc1)c1n[nH]cc1NC(=O)c1c(F)cccc1F
CHEMBL463580,6.85,CHEMBL301,0.14,O=C(Nc1c[nH]nc1C(=O)Nc1ccc(F)cc1)c1ccccc1
CHEMBL463579,7.05,CHEMBL301,0.09,O=C(Nc1ccc(F)cc1)c1n[nH]cc1NC(=O)C1CCCCC1
CHEMBL457208,5.8,CHEMBL301,1.6,O=C(Cc1ccccc1)Nc1c[nH]nc1C(=O)Nc1ccc(F)cc1
CHEMBL443198,6.14,CHEMBL301,0.73,O=C(CO)Nc1c[nH]nc1C(=O)Nc1ccc(F)cc1
CHEMBL456163,6.07,CHEMBL301,0.85,CC(=O)Nc1c[nH]nc1C(=O)Nc1ccc(F)cc1
CHEMBL499521,4.07,CHEMBL301,85.0,Nc1c[nH]nc1C(=O)Nc1ccc(F)cc1
CHEMBL495758,4.6,CHEMBL301,25.0,c1ccc2[nH]c(-c3cc[nH]n3)nc2c1
CHEMBL445420,4.01,CHEMBL301,97.0,O=C(Nc1ccccc1)c1cc[nH]n1
CHEMBL455946,6.18,CHEMBL301,0.66,NS(=O)(=O)c1ccc(NC(=O)c2n[nH]c3ccccc23)cc1
CHEMBL508964,5.52,CHEMBL301,3.0,O=C(Nc1ccccc1)c1n[nH]c2ccccc12
CHEMBL509730,7.52,CHEMBL301,0.03,CC(C)Nc1cc(N[C@H]2CC[C@H](N)CC2)nc2c(C#N)cnn12
CHEMBL458926,5.82,CHEMBL301,1.5,CC(C)Nc1cc(Cl)nc2c(C#N)cnn12
CHEMBL487738,5.72,CHEMBL301,1.9,NS(=O)(=O)c1ccc(Nc2cncc(Cl)n2)cc1
CHEMBL448853,5.16,CHEMBL301,7.0,Clc1cncc(Nc2ccccc2)n1
CHEMBL503917,6.43,CHEMBL301,0.37,N#Cc1cnn2cccnc12
CHEMBL457047,3.92,CHEMBL301,120.0,NS(=O)(=O)c1cccc2c(O)cccc12
CHEMBL86795,3.73,CHEMBL301,185.0,c1ccc2[nH]ncc2c1
CHEMBL514316,5.37,CHEMBL301,4.3,N=C(N)SCCCN1C(=O)C2=C(C1=O)n1ccc3cccc(c31)C1Cc3ccccc3N21
CHEMBL447317,5.28,CHEMBL301,5.3,CNC(=N)SCCCN1C(=O)C2=C(C1=O)n1ccc3cccc(c31)C1Cc3ccccc3N21
CHEMBL474724,5.17,CHEMBL301,6.8,CCNC(=N)SCCCN1C(=O)C2=C(C1=O)n1ccc3cccc(c31)C1Cc3ccccc3N21
CHEMBL488270,5.11,CHEMBL301,7.7,O=C1C2=C(C(=O)N1CCCSC1=NCCN1)n1ccc3cccc(c31)C1Cc3ccccc3N21
CHEMBL487254,5.29,CHEMBL301,5.1,N=C(Nc1ccccc1)SCCCN1C(=O)C2=C(C1=O)n1ccc3cccc(c31)C1Cc3ccccc3N21
CHEMBL489083,5.44,CHEMBL301,3.6,N=C(N)SCCCn1c(=O)c2c(c1=O)n1c3ccccc3cc1c1cccc3ccn2c31
CHEMBL488271,5.2,CHEMBL301,6.3,CNC(=N)SCCCn1c(=O)c2c(c1=O)n1c3ccccc3cc1c1cccc3ccn2c31
CHEMBL488084,8.52,CHEMBL301,0.003,Cc1ncc(-c2ccnc(Nc3ccc(C(N)=O)cc3)n2)n1C(C)C
CHEMBL508129,8.52,CHEMBL301,0.003,CNC(=O)c1ccc(Nc2nccc(-c3cnc(C)n3C(C)C)n2)cc1
CHEMBL488085,8.1,CHEMBL301,0.008,Cc1ncc(-c2ccnc(Nc3ccc(C(=O)N(C)C)cc3)n2)n1C(C)C
CHEMBL487066,7.77,CHEMBL301,0.017,Cc1ncc(-c2ccnc(Nc3ccc(C(=O)NC4CC4)cc3)n2)n1C(C)C
CHEMBL487067,8.7,CHEMBL301,0.002,Cc1ncc(-c2ccnc(Nc3ccc(C(=O)NCCO)cc3)n2)n1C(C)C
CHEMBL519422,7.25,CHEMBL301,0.056,CCn1c(-c2ccnc(Nc3ccc(C(=O)NC)cc3)n2)cnc1C
CHEMBL488256,7.38,CHEMBL301,0.042,CNC(=O)c1ccc(Nc2nccc(-c3cnc(C)n3CC3CC3)n2)cc1
CHEMBL488257,8.7,CHEMBL301,0.002,CNC(=O)c1ccc(Nc2nccc(-c3cnc(C)n3C3CCCC3)n2)cc1
CHEMBL507142,7.09,CHEMBL301,0.081,CNC(=O)c1ccc(Nc2nccc(-c3cnc(C4CC4)n3C(C)C)n2)cc1
CHEMBL453651,7.21,CHEMBL301,0.062,CNC(=O)c1ccc(Nc2nccc(-c3cnc(COC)n3C(C)C)n2)cc1
CHEMBL453655,8.52,CHEMBL301,0.003,CNC(=O)c1ccc(Nc2ncc(F)c(-c3cnc(C)n3C(C)C)n2)cc1
CHEMBL453862,8.7,CHEMBL301,0.002,Cc1ncc(-c2nc(Nc3ccc(C(=O)N(C)C)cc3)ncc2F)n1C(C)C
CHEMBL510436,8.22,CHEMBL301,0.006,Cc1ncc(-c2ccnc(Nc3ccc(C(=O)N(C)C)c(F)c3)n2)n1C(C)C
CHEMBL454648,8.7,CHEMBL301,0.002,Cc1ncc(-c2nc(Nc3ccc(C(=O)N(C)C)c(F)c3)ncc2F)n1C(C)C
CHEMBL508739,8.05,CHEMBL301,0.009,Cc1cc(Nc2ncc(F)c(-c3cnc(C)n3C(C)C)n2)ccc1C(=O)N(C)C
CHEMBL461140,5.09,CHEMBL301,8.2,CN(C)CCOc1ccc(/C=C/c2cc(-c3cc4c(=O)[nH]cnc4[nH]3)ccn2)cc1
CHEMBL488436,8.22,CHEMBL301,0.006,Cc1ncc(-c2ccnc(Nc3ccc(S(C)(=O)=O)cc3)n2)n1C(C)C
CHEMBL455467,8.05,CHEMBL301,0.009,Cc1ncc(-c2ccnc(Nc3ccc(C(=O)N4CCN(C)CC4)cc3)n2)n1C(C)C
CHEMBL451462,7.75,CHEMBL301,0.018,Cc1ncc(-c2nc(Nc3ccc(C(=O)N4CCN(C)CC4)cc3)ncc2F)n1C(C)C
CHEMBL455468,7.43,CHEMBL301,0.037,Cc1ncc(-c2ccnc(Nc3ccc(C(=O)NC4CCN(C)CC4)cc3)n2)n1C(C)C
CHEMBL507722,7.44,CHEMBL301,0.036,Cc1ncc(-c2nc(Nc3ccc(C(=O)NC4CCN(C)CC4)cc3)ncc2F)n1C(C)C
CHEMBL453895,7.96,CHEMBL301,0.011,Cc1ncc(-c2ccnc(Nc3ccc(C(=O)NC4CCN(C)CC4)c(F)c3)n2)n1C(C)C
CHEMBL509406,9.0,CHEMBL301,0.001,Cc1ncc(-c2nc(Nc3ccc(C(=O)NC4CCN(C)CC4)c(F)c3)ncc2F)n1C(C)C
CHEMBL453629,8.52,CHEMBL301,0.003,Cc1ncc(-c2ccnc(Nc3ccc(C(=O)NCCN(C)C)c(F)c3)n2)n1C(C)C
CHEMBL462385,8.7,CHEMBL301,0.002,Cc1ncc(-c2nc(Nc3ccc(C(=O)NCCN(C)C)c(F)c3)ncc2F)n1C(C)C
CHEMBL460102,8.7,CHEMBL301,0.002,Cc1ncc(-c2nc(Nc3ccc(C(=O)N4CC[C@H](N(C)C)C4)cc3)ncc2F)n1C(C)C
CHEMBL460103,8.22,CHEMBL301,0.006,Cc1ncc(-c2nc(Nc3ccc(C(=O)N4CC[C@@H](N(C)C)C4)cc3)ncc2F)n1C(C)C
CHEMBL462192,8.7,CHEMBL301,0.002,Cc1ncc(-c2nc(Nc3ccc(C(=O)N4CCCN(C)CC4)cc3)ncc2F)n1C(C)C
CHEMBL518826,8.4,CHEMBL301,0.004,CCCN(C)[C@H]1CCN(C(=O)c2ccc(Nc3nccc(-c4cnc(C)n4C(C)C)n3)cc2)C1
CHEMBL460087,8.7,CHEMBL301,0.002,CN[C@H]1CCN(C(=O)c2ccc(Nc3nccc(-c4cnc(C)n4C(C)C)n3)cc2)C1
CHEMBL455657,8.7,CHEMBL301,0.002,CN[C@H]1CCN(C(=O)c2ccc(Nc3ncc(F)c(-c4cnc(C)n4C(C)C)n3)cc2)C1
CHEMBL510566,6.7,CHEMBL301,0.2,C[C@@H]1CNC[C@@H](C(=O)Nc2ncc(SCc3ncc(C(C)(C)C)o3)s2)C1
CHEMBL452602,7.7,CHEMBL301,0.02,C[C@@H]1CNC[C@H](C(=O)Nc2ncc(SCc3ncc(C(C)(C)C)o3)s2)C1
CHEMBL452601,8.3,CHEMBL301,0.005,C[C@H]1CNC[C@H](C(=O)Nc2ncc(SCc3ncc(C(C)(C)C)o3)s2)C1
CHEMBL455450,7.44,CHEMBL301,0.036,C[C@H]1CNC[C@@H](C(=O)Nc2ncc(SCc3ncc(C(C)(C)C)o3)s2)C1
CHEMBL454646,6.85,CHEMBL301,0.14,CC1CNCC(C(=O)Nc2ncc(SCc3ncc(C(C)(C)C)o3)s2)C1
CHEMBL454645,7.85,CHEMBL301,0.014,CC1CCC(C(=O)Nc2ncc(SCc3ncc(C(C)(C)C)o3)s2)CN1
CHEMBL508506,7.02,CHEMBL301,0.095,CC1NCCCC1C(=O)Nc1ncc(SCc2ncc(C(C)(C)C)o2)s1
CHEMBL297570,7.7,CHEMBL301,0.02,CC(C)(C)c1cnc(CSc2cnc(NC(=O)C3CCCNC3)s2)o1
CHEMBL509012,7.77,CHEMBL301,0.017,CC(C)C1CC(C(=O)Nc2ncc(SCc3ncc(C(C)(C)C)o3)s2)CCN1
CHEMBL455195,8.52,CHEMBL301,0.003,CCC1CC(C(=O)Nc2ncc(SCc3ncc(C(C)(C)C)o3)s2)CCN1
CHEMBL455194,7.82,CHEMBL301,0.015,CC1CC(C(=O)Nc2ncc(SCc3ncc(C(C)(C)C)o3)s2)CCN1
CHEMBL296468,7.34,CHEMBL301,0.046,CC(C)(C)c1cnc(CSc2cnc(NC(=O)C3CCNCC3)s2)o1
CHEMBL503236,5.18,CHEMBL301,6.6,Cl.N[C@@H](CCCN/C=C1\C(=O)Nc2ccc(Br)cc21)C(=O)O
CHEMBL14762,6.16,CHEMBL301,0.7,CC[C@H](CO)Nc1nc(NCc2ccccc2)c2ncn(C(C)C)c2n1
CHEMBL494221,5.51,CHEMBL301,3100.0,O[C@H]1CC[C@H](Nc2ccc3nnc(-c4cccc(C(F)(F)F)c4)n3n2)CC1
CHEMBL559513,9.0,CHEMBL301,0.001,CN1CCN(c2cccc(Nc3ncc4c(n3)-c3c(c(C(N)=O)nn3C)CC4)c2)CC1
CHEMBL559845,8.7,CHEMBL301,0.002,Cn1nc(C(N)=O)c2c1-c1nc(Nc3ccccc3)ncc1CC2
CHEMBL560817,8.7,CHEMBL301,0.002,CN1CCN(c2ccc(Nc3ncc4c(n3)-c3c(c(C(N)=O)nn3C)CC4)cc2)CC1
CHEMBL556881,7.85,CHEMBL301,0.014,Cn1nc(C(N)=O)c2c1-c1nc(Nc3ccc(N4CCOCC4)cc3)ncc1CC2
CHEMBL563641,7.77,CHEMBL301,0.017,CN1CCN(c2ccc(Nc3ncc4c(n3)-c3c(c(C(N)=O)nn3C)C(C)(C)C4)cc2)CC1
CHEMBL562104,7.72,CHEMBL301,0.019,CNC(=O)c1nn(C)c2c1CCc1cnc(Nc3ccccc3)nc1-2
CHEMBL560818,7.62,CHEMBL301,0.024,Cn1nc(C(N)=O)c2c1-c1nc(Nc3ccccc3)ncc1CC2(C)C
CHEMBL565137,7.54,CHEMBL301,0.029,CNC(=O)c1nn(C)c2c1C(C)(C)Cc1cnc(Nc3ccc(OC4CCN(C)CC4)cc3)nc1-2
CHEMBL564884,7.51,CHEMBL301,0.031,CNC(=O)c1nn(C)c2c1C(C)(C)Cc1cnc(Nc3cccc(N4CCN(C)CC4)c3)nc1-2
CHEMBL561440,7.46,CHEMBL301,0.035,CNC(=O)c1nn(C)c2c1C(C)(C)Cc1cnc(Nc3ccc(CN(C)C)cc3)nc1-2
CHEMBL550959,7.44,CHEMBL301,0.036,CNC(=O)c1nn(C)c2c1C(C)(C)Cc1cnc(Nc3ccc(CN4CCOCC4)cc3)nc1-2
CHEMBL559844,7.35,CHEMBL301,0.045,CNC(=O)c1nn(C)c2c1CCc1cnc(Nc3ccc(N4CCN(C)CC4)cc3)nc1-2
CHEMBL564829,7.35,CHEMBL301,0.045,CNC(=O)c1nn(C)c2c1C(C)(C)Cc1cnc(Nc3ccc(N4CCN(C)CC4)cc3)nc1-2
CHEMBL560102,7.33,CHEMBL301,0.047,CNC(=O)c1nn(C)c2c1C(C)(C)Cc1cnc(Nc3cccc(OC4CCN(C)CC4)c3)nc1-2
CHEMBL549675,7.26,CHEMBL301,0.055,CNC(=O)c1nn(C)c2c1C(C)(C)Cc1cnc(Nc3ccc(CN4CCN(C)CC4)cc3)nc1-2
CHEMBL564470,7.23,CHEMBL301,0.059,CNC(=O)c1nn(C)c2c1C(C)(C)Cc1cnc(Nc3cccc(CN4CCN(C)CC4)c3)nc1-2
CHEMBL560301,7.23,CHEMBL301,0.059,CNC(=O)c1nn(C)c2c1C(C)(C)Cc1cnc(Nc3ccc(N(C)C)cc3)nc1-2
CHEMBL538195,7.13,CHEMBL301,0.074,Cn1nc(C(=O)NCCO)c2c1-c1nc(Nc3ccccc3)ncc1CC2
CHEMBL559639,7.09,CHEMBL301,0.081,Cn1nc(C(=O)NC2CC2)c2c1-c1nc(Nc3ccccc3)ncc1CC2
CHEMBL550964,7.08,CHEMBL301,0.083,CNC(=O)c1nn(C)c2c1C(C)(C)Cc1cnc(Nc3cccc(CN(C)C)c3)nc1-2
CHEMBL565211,6.86,CHEMBL301,0.137,CNC(=O)c1nn(C)c2c1C(C)(C)Cc1cnc(Nc3ccc(N4CCOCC4)cc3)nc1-2
CHEMBL565160,6.8,CHEMBL301,0.16,CNC(=O)c1nn(C)c2c1C(C)(C)Cc1cnc(Nc3cccc(CN4CCOCC4)c3)nc1-2
CHEMBL563366,6.66,CHEMBL301,0.22,CNC(=O)c1nn(C)c2c1C(C)(C)Cc1cnc(Nc3cccc(N(C)C)c3)nc1-2
CHEMBL560839,6.61,CHEMBL301,0.248,CNC(=O)c1nn(C)c2c1C(C)(C)Cc1cnc(Nc3cccc(N4CCOCC4)c3)nc1-2
CHEMBL564829,6.44,CHEMBL301,0.363,CNC(=O)c1nn(C)c2c1C(C)(C)Cc1cnc(Nc3ccc(N4CCN(C)CC4)cc3)nc1-2
CHEMBL563150,6.24,CHEMBL301,0.574,Cn1nc(C(=O)Nc2ccccc2)c2c1-c1nc(Nc3ccccc3)ncc1CC2
CHEMBL562030,5.98,CHEMBL301,1.053,Cn1nc(C(=O)NCc2ccccc2)c2c1-c1nc(Nc3ccccc3)ncc1CC2
CHEMBL563028,5.41,CHEMBL301,3.9,Cn1nc(C(=O)NC2CCCC2)c2c1-c1nc(Nc3ccccc3)ncc1CC2
CHEMBL557238,4.62,CHEMBL301,24.0,CCSc1nn2c(COc3ccc(Cl)cc3)nnc2s1
CHEMBL557237,4.62,CHEMBL301,24.0,CCSc1nn2c(Cc3ccccc3)nnc2s1
CHEMBL563674,4.62,CHEMBL301,24.0,S=c1[nH]c(=S)c2c(Cc3nn4c(Cc5ccccc5)nnc4s3)n[nH]c2[nH]1
CHEMBL550855,4.62,CHEMBL301,24.0,Cc1nnc2sc(Cc3n[nH]c4[nH]c(=S)[nH]c(=S)c34)nn12
CHEMBL551318,4.64,CHEMBL301,23.0,Cc1nnc2sc(SSc3nn4c(C)nnc4s3)nn12
CHEMBL550856,4.64,CHEMBL301,23.0,Sc1nn2c(Cc3ccccc3)nnc2s1
CHEMBL561985,4.8,CHEMBL301,16.0,Cc1nnc2sc(SCc3ccccc3)nn12
CHEMBL570313,4.82,CHEMBL301,15.0,NNc1nn2c(COc3ccc(Cl)cc3)nnc2s1
CHEMBL556836,4.82,CHEMBL301,15.0,c1ccc(Cc2nnc3sc(SSc4nn5c(Cc6ccccc6)nnc5s4)nn23)cc1
CHEMBL550712,4.85,CHEMBL301,14.0,Nc1nc(O)c(Cc2nn3c(Cc4ccccc4)nnc3s2)s1
CHEMBL551722,4.96,CHEMBL301,11.0,Cc1nnc2sc(NN)nn12
CHEMBL542013,4.96,CHEMBL301,11.0,CCSc1nn2c(C)nnc2s1
CHEMBL540752,5.17,CHEMBL301,6.8,Cc1nnc2sc(S)nn12
CHEMBL551258,6.09,CHEMBL301,0.82,Clc1ccc(OCc2nnc3sc(SSc4nn5c(COc6ccc(Cl)cc6)nnc5s4)nn23)cc1
CHEMBL553906,6.24,CHEMBL301,0.57,Cc1nnc2sc(-c3ccc(N)cc3)nn12
CHEMBL555229,6.4,CHEMBL301,0.4,Sc1nn2c(COc3ccc(Cl)cc3)nnc2s1
CHEMBL561179,6.48,CHEMBL301,0.33,Nc1ccc(-c2nn3c(COc4ccc(Cl)cc4)nnc3s2)cc1
CHEMBL556214,6.6,CHEMBL301,0.25,Cc1nnc2sc(Cc3sc(N)nc3O)nn12
CHEMBL559301,6.75,CHEMBL301,0.18,Nc1nc(O)c(Cc2nn3c(COc4ccc(Cl)cc4)nnc3s2)s1
CHEMBL563733,4.43,CHEMBL301,37.0,S=c1[nH]c(=S)c2c(Cc3nn4c(COc5ccc(Cl)cc5)nnc4s3)n[nH]c2[nH]1
CHEMBL574738,6.12,CHEMBL301,760.0,CCN1CCN(Cc2ccc(NC(=O)Nc3ccc(Oc4cc(NC)ncn4)cc3)cc2C(F)(F)F)CC1
CHEMBL296468,7.16,CHEMBL301,69.0,CC(C)(C)c1cnc(CSc2cnc(NC(=O)C3CCNCC3)s2)o1
CHEMBL428690,6.26,CHEMBL301,550.0,CN1CC[C@H](c2c(O)cc(O)c3c(=O)cc(-c4ccccc4Cl)oc23)[C@H](O)C1
CHEMBL191003,7.64,CHEMBL301,23.0,Nc1nc(Nc2ccc(S(N)(=O)=O)cc2)nn1C(=O)c1c(F)cccc1F
CHEMBL14762,5.47,CHEMBL301,3400.0,CC[C@H](CO)Nc1nc(NCc2ccccc2)c2ncn(C(C)C)c2n1
CHEMBL388978,8.15,CHEMBL301,7.0,CN[C@@H]1C[C@H]2O[C@@](C)([C@@H]1OC)n1c3ccccc3c3c4c(c5c6ccccc6n2c5c31)C(=O)NC4
CHEMBL571722,6.86,CHEMBL301,138.0,Cc1cnc(Nc2cccc3c2OCCO3)nc1-c1c[nH]c(C(=O)N[C@H](CO)c2cccc(Cl)c2)c1
CHEMBL576683,6.77,CHEMBL301,170.0,Cc1cnc(Nc2cccc3c2OC(F)(F)O3)nc1-c1c[nH]c(C(=O)N[C@H](CO)c2cccc(Cl)c2)c1
CHEMBL571484,6.68,CHEMBL301,209.0,Cc1cnc(Nc2cccc3c2OCO3)nc1-c1c[nH]c(C(=O)N[C@H](CO)c2cccc(Cl)c2)c1
CHEMBL570111,6.6,CHEMBL301,250.0,Cc1cnc(Nc2cccc3c2CCCC3)nc1-c1c[nH]c(C(=O)N[C@H](CO)c2cccc(Cl)c2)c1
CHEMBL568937,6.19,CHEMBL301,642.0,Cc1cnc(Nc2cccc3c2CCC3)nc1-c1c[nH]c(C(=O)N[C@H](CO)c2cccc(Cl)c2)c1
CHEMBL571056,6.35,CHEMBL301,450.0,CCc1ccccc1Nc1ncc(C)c(-c2c[nH]c(C(=O)N[C@H](CO)c3cccc(Cl)c3)c2)n1
CHEMBL576048,6.5,CHEMBL301,316.0,Cc1cnc(Nc2ccc(Cl)cc2F)nc1-c1c[nH]c(C(=O)N[C@H](CO)c2cccc(Cl)c2)c1
CHEMBL583042,6.07,CHEMBL301,852.0,Cc1cnc(Nc2ccc(F)cc2Cl)nc1-c1c[nH]c(C(=O)N[C@H](CO)c2cccc(Cl)c2)c1
CHEMBL568483,7.12,CHEMBL301,76.0,Cc1cc(Cl)ccc1Nc1ncc(C)c(-c2c[nH]c(C(=O)N[C@H](CO)c3cccc(Cl)c3)c2)n1
CHEMBL582829,6.82,CHEMBL301,150.0,Cc1cnc(Nc2cccc(F)c2C)nc1-c1c[nH]c(C(=O)N[C@H](CO)c2cccc(Cl)c2)c1
CHEMBL572157,7.39,CHEMBL301,41.0,Cc1cnc(Nc2cccc(C)c2C)nc1-c1c[nH]c(C(=O)N[C@H](CO)c2cccc(Cl)c2)c1
CHEMBL565460,7.16,CHEMBL301,69.0,Cc1cccc([C@@H](CO)NC(=O)c2cc(-c3nc(Nc4ccccc4)ncc3C)c[nH]2)c1
CHEMBL577193,6.54,CHEMBL301,290.0,Cc1cnc(Nc2ccccc2)nc1-c1c[nH]c(C(=O)N[C@H](CO)c2cccc(Cl)c2)c1
CHEMBL570367,5.96,CHEMBL301,1100.0,Cc1cnc(Nc2ccccc2)nc1-c1c[nH]c(C(=O)N[C@@H](CO)c2ccccc2)c1
CHEMBL572162,7.24,CHEMBL301,57.0,Cc1cnc(Nc2ccccc2F)nc1-c1c[nH]c(C(=O)N[C@H](CO)c2ccccc2)c1
CHEMBL572361,6.68,CHEMBL301,210.0,CCc1ccccc1Nc1ncc(C)c(-c2c[nH]c(C(=O)N[C@H](CO)c3ccccc3)c2)n1
CHEMBL584754,6.85,CHEMBL301,140.0,Cc1ccccc1Nc1ncc(C)c(-c2c[nH]c(C(=O)N[C@H](CO)c3ccccc3)c2)n1
CHEMBL571038,6.62,CHEMBL301,240.0,Cc1cnc(Nc2ccccc2Cl)nc1-c1c[nH]c(C(=O)N[C@H](CO)c2ccccc2)c1
CHEMBL565459,7.8,CHEMBL301,16.0,Cc1cnc(Nc2ccccc2)nc1-c1c[nH]c(C(=O)N[C@H](CO)c2ccccc2)c1
CHEMBL570002,7.3,CHEMBL301,0.05,Cc1cc(Nc2cnc(C#N)c(N[C@@H](C)c3ncc(F)cn3)n2)n[nH]1
CHEMBL569720,6.39,CHEMBL301,0.41,Cc1cc(Nc2nc(N[C@@H](C)c3ncc(F)cn3)c(C#N)nc2C)n[nH]1
CHEMBL578201,6.34,CHEMBL301,0.46,Cc1cc(Nc2nc(N[C@@H](C)c3ccc(F)cn3)c(C#N)nc2C)n[nH]1
CHEMBL576257,7.52,CHEMBL301,0.03,Cc1cc(Nc2cnc(C#N)c(N[C@@H](C)c3ccc(F)cn3)n2)n[nH]1
CHEMBL590109,6.85,CHEMBL301,0.14,NCCn1cc(-c2cc(-c3cc4ccccc4s3)c3[nH]ncc3c2)c2nc(N)ncc21
CHEMBL606245,4.77,CHEMBL301,17000.0,Cc1c(Nc2c(C#N)cncc2/C=C/CCN2CCC[C@@H](N)C2)ccc2[nH]ccc12
CHEMBL603494,4.52,CHEMBL301,30.0,O=C(O)c1cc2c(c3c1c([N+](=O)[O-])cc1ccc(O)cc13)OCO2
CHEMBL600828,4.6,CHEMBL301,25.0,COc1c(O)ccc2c1cc([N+](=O)[O-])c1c(C(=O)O)cc3c(c12)OCO3
CHEMBL604748,4.6,CHEMBL301,25.0,COc1cc(O)cc2c1cc([N+](=O)[O-])c1c(C(=O)O)cc3c(c12)OCO3
CHEMBL601026,4.82,CHEMBL301,15.0,O=C(O)c1cc2c(c3c1c([N+](=O)[O-])cc1c(O)cccc13)OCO2
CHEMBL600386,4.87,CHEMBL301,13.4,O=C(O)c1cc(O)c(O)c2c1c([N+](=O)[O-])cc1ccccc12
CHEMBL600387,4.75,CHEMBL301,18.0,O=C(O)c1cc(O)c(O)c2c1c([N+](=O)[O-])c(Cl)c1ccccc12
CHEMBL599987,5.24,CHEMBL301,5.7,O=C(O)c1cc(O)c(O)c2c1c([N+](=O)[O-])cc1c(O)cccc12
CHEMBL606426,4.78,CHEMBL301,16.5,COc1cccc2c1c(Cl)c([N+](=O)[O-])c1c(C(=O)O)cc(O)c(O)c12
CHEMBL603073,4.82,CHEMBL301,15.0,O=C1Nc2cc3ccccc3c3c4c(cc1c23)OCO4
CHEMBL479127,5.92,CHEMBL301,1.2,COc1cccc2c1cc1c3c(cc4c(c32)OCO4)C(=O)N1
CHEMBL598724,5.54,CHEMBL301,2.9,COc1c(O)ccc2c1cc1c3c(cc4c(c32)OCO4)C(=O)N1
CHEMBL609040,7.46,CHEMBL301,0.035,O=C1Nc2cc3c(O)cccc3c3c4c(cc1c23)OCO4
CHEMBL607579,5.67,CHEMBL301,2.15,O=C1Nc2cc3ccc(O)cc3c3c4c(cc1c23)OCO4
CHEMBL602679,5.0,CHEMBL301,10.0,COc1cccc2c1c(Cl)c1c3c(cc(O)c(O)c32)C(=O)N1
CHEMBL388956,6.85,CHEMBL301,0.14,COc1c(O)cc2c3c(cc4ccc(O)cc4c13)NC2=O
CHEMBL603097,7.7,CHEMBL301,0.02,COc1ccc2nc3[nH]nc(C)c3c(OC)c2c1
CHEMBL388956,6.85,CHEMBL301,140.0,COc1c(O)cc2c3c(cc4ccc(O)cc4c13)NC2=O
CHEMBL1095040,5.6,CHEMBL301,2500.0,CCCC(=O)Nc1n[nH]c2cc(Cl)c(-c3ccccc3)cc12
CHEMBL1086427,5.5,CHEMBL301,3160.0,CCCC(=O)Nc1n[nH]c2c(F)c(Cl)c(-c3ccccc3)cc12
CHEMBL1087281,7.14,CHEMBL301,72.0,Cc1n[nH]c2ccc(-c3nnc(NC[C@@H](N)Cc4ccccc4)s3)cc12
CHEMBL1088613,6.98,CHEMBL301,104.0,Cc1n[nH]c2ccc(-c3nnc(NC[C@@H](N)Cc4ccccc4F)s3)cc12
CHEMBL1080891,7.24,CHEMBL301,57.0,Cc1n[nH]c2ccc(-c3nnc(NC[C@@H](N)Cc4ccccc4Cl)s3)cc12
CHEMBL1080892,6.7,CHEMBL301,198.0,Cc1n[nH]c2ccc(-c3nnc(NC[C@@H](N)Cc4ccccc4C(F)(F)F)s3)cc12
CHEMBL1080893,7.77,CHEMBL301,17.0,Cc1n[nH]c2ccc(-c3nnc(NC[C@@H](N)Cc4cccc(Cl)c4)s3)cc12
CHEMBL1080561,7.46,CHEMBL301,35.0,Cc1n[nH]c2ccc(-c3nnc(NC[C@@H](N)Cc4cccc(C(F)(F)F)c4)s3)cc12
CHEMBL1080740,7.14,CHEMBL301,72.0,Cc1n[nH]c2ccc(-c3nnc(NC[C@@H](N)Cc4ccc(Cl)cc4)s3)cc12
CHEMBL1080911,7.77,CHEMBL301,17.0,Cc1n[nH]c2ccc(-c3nnc(NC[C@@H](N)Cc4ccc(C(F)(F)F)cc4)s3)cc12
CHEMBL1080912,7.16,CHEMBL301,70.0,Cc1n[nH]c2ccc(-c3nnc(NC[C@@H](N)Cc4ccc(Cl)cc4Cl)s3)cc12
CHEMBL1080913,7.72,CHEMBL301,19.0,Cc1n[nH]c2ccc(-c3nnc(NC[C@@H](N)Cc4ccc(F)c(F)c4)s3)cc12
CHEMBL1081437,6.87,CHEMBL301,135.0,N[C@H](CNc1nnc(-c2ccc3[nH]nc(C4CC4)c3c2)s1)Cc1ccc(C(F)(F)F)cc1
CHEMBL1081438,7.1,CHEMBL301,79.0,N[C@H](CNc1nnc(-c2ccc3[nH]nc(-c4ccccc4)c3c2)s1)Cc1cccc(C(F)(F)F)c1
CHEMBL1081439,7.13,CHEMBL301,74.0,N[C@H](CNc1nnc(-c2ccc3[nH]ncc3c2)s1)Cc1ccc(F)cc1
CHEMBL1081451,7.39,CHEMBL301,41.0,N[C@H](CNc1nnc(-c2ccc3[nH]ncc3c2)s1)Cc1ccc(Cl)cc1
CHEMBL1081628,7.62,CHEMBL301,24.0,N[C@H](CNc1nnc(-c2ccc3[nH]ncc3c2)s1)Cc1ccc(C(F)(F)F)cc1
CHEMBL1076581,6.49,CHEMBL301,323.0,N[C@H](CNc1nnc(-c2ccc3[nH]ncc3c2)s1)Cc1ccc(Cl)cc1Cl
CHEMBL1080569,7.28,CHEMBL301,53.0,N[C@H](CNc1nnc(-c2ccc3cnccc3c2)s1)Cc1ccc(C(F)(F)F)cc1
CHEMBL1081629,6.22,CHEMBL301,607.0,Cc1cc2cc(-c3nnc(NC[C@@H](N)Cc4ccc(C(F)(F)F)cc4)s3)ccc2cn1
CHEMBL1080569,7.28,CHEMBL301,53.0,N[C@H](CNc1nnc(-c2ccc3cnccc3c2)s1)Cc1ccc(C(F)(F)F)cc1
CHEMBL1081263,7.91,CHEMBL301,12.4,N[C@H](CNc1ncc(-c2ccc3cnccc3c2)s1)Cc1ccc(C(F)(F)F)cc1
CHEMBL1081425,5.97,CHEMBL301,1070.0,N[C@H](CNc1cnc(-c2ccc3cnccc3c2)s1)Cc1ccc(C(F)(F)F)cc1
CHEMBL1081104,7.03,CHEMBL301,93.0,N[C@H](CNc1cc(-c2ccc3cnccc3c2)no1)Cc1ccc(C(F)(F)F)cc1
CHEMBL1081105,6.93,CHEMBL301,117.0,N[C@H](CCc1cc(-c2ccc3cnccc3c2)no1)Cc1ccc(C(F)(F)F)cc1
CHEMBL1081118,5.33,CHEMBL301,4630.0,N[C@H](CCc1nc(-c2ccc3cnccc3c2)no1)Cc1ccc(C(F)(F)F)cc1
CHEMBL1081119,6.46,CHEMBL301,348.0,N[C@H](CNc1nnc(-c2ccc3cnccc3c2)o1)Cc1ccc(C(F)(F)F)cc1
CHEMBL1081295,7.81,CHEMBL301,15.4,Nc1cc2cc(-c3cnc(NC[C@@H](N)Cc4ccc(C(F)(F)F)cc4)s3)ccc2cn1
CHEMBL1081296,6.87,CHEMBL301,136.0,N[C@H](CNc1ncc(-c2ccc3cncnc3c2)s1)Cc1ccc(C(F)(F)F)cc1
CHEMBL1081830,7.26,CHEMBL301,55.3,N[C@H](CNc1ncc(-c2ccc3nnn(N)c3c2)s1)Cc1ccc(C(F)(F)F)cc1
CHEMBL1081831,6.73,CHEMBL301,185.0,N[C@H](CNc1ncc(-c2ccc3c(c2)CC(=O)N3)s1)Cc1ccc(C(F)(F)F)cc1
CHEMBL1081852,6.86,CHEMBL301,138.0,N[C@H](CNc1ncc(-c2ccc3[nH]c(=O)oc3c2)s1)Cc1ccc(C(F)(F)F)cc1
CHEMBL1081853,6.54,CHEMBL301,285.0,N[C@H](CNc1ncc(-c2ccc3[nH]c(=O)sc3c2)s1)Cc1ccc(C(F)(F)F)cc1
CHEMBL1082016,6.56,CHEMBL301,276.0,Cn1c(=O)[nH]c2ccc(-c3cnc(NC[C@@H](N)Cc4ccc(C(F)(F)F)cc4)s3)cc21
CHEMBL1080902,7.02,CHEMBL301,95.0,COc1ccc(C2=NNC(=O)/C2=N\Nc2cccc(OC)c2)cc1
CHEMBL1076721,7.21,CHEMBL301,62.0,COc1ccc(C2=NNC(=O)/C2=N\Nc2cccnc2)cc1
CHEMBL1086736,7.12,CHEMBL301,76.0,COc1ccncc1C1=NNC(=O)/C1=N\Nc1ccccc1
CHEMBL1082152,6.82,CHEMBL301,0.15,Cn1cc(C2=C(c3cccc(NCC(O)CO)c3)C(=O)NC2=O)c2cc(F)ccc21
CHEMBL1087650,4.58,CHEMBL301,26.4,CN1C[C@@H]2C[C@H]1CN2c1ccc(-c2ccnc3c(-c4cccc(O)c4)c(-c4ccncc4)nn23)cc1
CHEMBL1092754,7.45,CHEMBL301,35.5,Cn1cc(/C=C2\Oc3cccc(O)c3C2=O)c2c(-c3ccc(C(=O)NCCO)cc3)ccnc21
CHEMBL1089405,4.68,CHEMBL301,20.9,CP(C)(=O)c1ccc(Nc2nc(C3CCCC3)nc3c2ncn3CCc2cccc(O)c2)cc1
CHEMBL23327,7.16,CHEMBL301,70.0,CC(C)[C@H](CO)Nc1nc(Nc2cccc(Cl)c2)c2ncn(C(C)C)c2n1
CHEMBL482967,6.41,CHEMBL301,390.0,Cc1nc(N)sc1-c1ccnc(Nc2ccc(N3CCOCC3)cc2)n1
CHEMBL1083484,5.4,CHEMBL301,3967.0,Cc1nc(C)c(-c2ccnc(Nc3ccc(N4CCN(S(C)(=O)=O)CC4)cc3)n2)s1
CHEMBL1083786,6.37,CHEMBL301,432.0,CC(=O)N1CCN(c2ccc(Nc3nccc(-c4sc(C)nc4C)n3)cc2)CC1
CHEMBL1083785,6.53,CHEMBL301,297.0,CNc1nc(C)c(-c2ccnc(Nc3ccc(N4CCN(C(C)=O)CC4)cc3)n2)s1
CHEMBL1084969,6.28,CHEMBL301,522.0,CC(=O)N1CCN(c2ccc(Nc3nccc(-c4sc(N)nc4C)n3)cc2)CC1
CHEMBL1084630,6.82,CHEMBL301,151.0,CCNc1nc(C)c(-c2ccnc(Nc3ccc(N4CCOCC4)cc3)n2)s1
CHEMBL1084629,6.81,CHEMBL301,156.0,CNc1nc(C)c(-c2ccnc(Nc3ccc(N4CCOCC4)cc3)n2)s1
CHEMBL1085626,5.98,CHEMBL301,1039.0,Cc1nc(C)c(-c2ccnc(Nc3ccc(N4CCOCC4)cc3)n2)s1
CHEMBL1084715,7.5,CHEMBL301,32.0,CCNc1nc(C)c(-c2ccnc(Nc3ccc(CNC(C)=O)cc3)n2)s1
CHEMBL1086088,6.33,CHEMBL301,463.0,CCNc1nc(C)c(-c2ccnc(Nc3cc(OC)c(OC)c(OC)c3)n2)s1
CHEMBL1083152,6.59,CHEMBL301,256.0,CNc1nc(C)c(-c2ccnc(Nc3cc(OC)c(OC)c(OC)c3)n2)s1
CHEMBL1083151,6.62,CHEMBL301,239.0,COc1cc(Nc2nccc(-c3sc(C)nc3C)n2)cc(OC)c1OC
CHEMBL1084454,6.78,CHEMBL301,168.0,Cc1nc(C)c(-c2ccnc(Nc3ccc(N)cc3)n2)s1
CHEMBL1083150,6.54,CHEMBL301,286.0,CNc1ccc(Nc2nccc(-c3sc(C)nc3C)n2)cc1
CHEMBL46817,6.6,CHEMBL301,251.0,Cc1nc(C)c(-c2ccnc(Nc3ccc(N(C)C)cc3)n2)s1
CHEMBL298445,8.7,CHEMBL301,2.0,Cc1nc(N)sc1-c1ccnc(Nc2cccc([N+](=O)[O-])c2)n1
CHEMBL1171948,8.0,CHEMBL301,10.0,NC(=O)Cn1nc(C(N)=O)c2c1-c1nc(Nc3ccccc3)ncc1CC2
CHEMBL1171949,7.92,CHEMBL301,12.0,NC(=O)c1nn(CC2CCNCC2)c2c1CCc1cnc(Nc3ccccc3)nc1-2
CHEMBL1171950,9.0,CHEMBL301,1.0,NCCCn1nc(C(N)=O)c2c1-c1nc(Nc3ccccc3)ncc1CC2
CHEMBL1169805,6.5,CHEMBL301,319.0,Cc1cc(CNC(=O)c2nn(C)c3c2CCc2cnc(Nc4ccc(N5CCN(C)CC5)cc4)nc2-3)ccn1
CHEMBL1172241,6.3,CHEMBL301,500.0,Cc1cc(CNC(=O)c2nn(CCCN)c3c2CCc2cnc(Nc4cccc(CC(=O)N(C)C)c4)nc2-3)ccn1
CHEMBL1222565,4.02,CHEMBL301,95.0,O=C(NC[C@@H]1CCCN1)c1ccc(-c2cnc3ccc(NCc4ccc(Cl)c(Cl)c4)nn23)cc1
CHEMBL428690,7.4,CHEMBL301,40.0,CN1CC[C@H](c2c(O)cc(O)c3c(=O)cc(-c4ccccc4Cl)oc23)[C@H](O)C1
CHEMBL225519,6.62,CHEMBL301,240.0,O=C1NCCc2[nH]c(-c3ccncc3)cc21
CHEMBL603469,7.7,CHEMBL301,20.0,C[C@]12O[C@H](C[C@]1(O)CO)n1c3ccccc3c3c4c(c5c6ccccc6n2c5c31)CNC4=O
CHEMBL280074,5.16,CHEMBL301,7.0,Cn1cnc2c(NCc3ccccc3)nc(NCCO)nc21
CHEMBL14762,6.16,CHEMBL301,0.7,CC[C@H](CO)Nc1nc(NCc2ccccc2)c2ncn(C(C)C)c2n1
CHEMBL428690,6.77,CHEMBL301,0.17,CN1CC[C@H](c2c(O)cc(O)c3c(=O)cc(-c4ccccc4Cl)oc23)[C@H](O)C1
CHEMBL79049,7.3,CHEMBL301,0.05,CCCCOc1c(C(=O)c2c(F)cc(F)cc2F)c[nH]c2nncc1-2
CHEMBL258805,7.46,CHEMBL301,0.035,COc1ccc2c(c1)/C(=C/c1cnc[nH]1)C(=O)N2
CHEMBL1207227,7.66,CHEMBL301,0.022,O=C1C(c2c(O)[nH]c3ccc(S(=O)(=O)O)cc23)=Nc2ccccc21
CHEMBL50894,7.82,CHEMBL301,0.015,O=C1Cc2c([nH]c3ccc([N+](=O)[O-])cc23)-c2ccccc2N1
CHEMBL336242,7.11,CHEMBL301,0.078,O=C(Nc1cc(CN[C@H]2Cc3ccc(Cl)cc3C2)n[nH]1)Nc1cccc2c1[C@@H]1CCCN1C2=O
CHEMBL141247,6.36,CHEMBL301,0.44,O=C(Nc1ccccn1)Nc1cccc2c1[C@H]1CCCN1C2=O
CHEMBL1242973,5.82,CHEMBL301,1.5,COC(=O)[C@@]1(Cc2ccc(O)c(CC=C(C)C)c2)OC(=O)C(O)=C1c1ccc(O)cc1
CHEMBL133498,5.68,CHEMBL301,2.11,CN1CC[C@H](c2c(O)cc(O)c3c(=O)cc(Oc4ccccc4Cl)oc23)[C@H](O)C1
CHEMBL1242832,5.35,CHEMBL301,4.5,NC(=O)c1ccc2c(c1)/C(=N/Nc1ccc(S(=O)(=O)NCCOCCO)cc1)C(=O)N2
CHEMBL1242833,6.22,CHEMBL301,0.6,CC(C)(C)Nc1nc(C(F)(F)F)nc2ccc(Nc3ccccc3)cc12
CHEMBL16484,5.92,CHEMBL301,1.2,CC(C)(C)Nc1nc(C(F)(F)F)nc2ccc(-c3cccnc3)cc12
CHEMBL1234009,5.89,CHEMBL301,1.3,c1ccc2c(c1)Cc1c-2n[nH]c1-c1ccncc1
CHEMBL102926,9.0,CHEMBL301,0.001,Cc1nc2ccccn2c1-c1ccnc(Nc2ccc(OCC(O)CN(C)C)cc2)n1
CHEMBL1241566,7.5,CHEMBL301,0.032,Cc1ccc(F)c(Nc2nccc(-c3ccc(S(N)(=O)=O)cc3)n2)c1
CHEMBL1241567,8.22,CHEMBL301,0.006,CCCCOc1c(C(=O)c2c(F)cc(C)cc2F)ccc2[nH]ncc12
CHEMBL291324,8.05,CHEMBL301,0.009,Nc1nc(N)c(N=O)c(=O)[nH]1
CHEMBL1241661,5.66,CHEMBL301,2.2,Nc1nc(Nc2ccc(S(N)(=O)=O)cc2)nc(OCc2ccccc2)c1N=O
CHEMBL1241662,7.48,CHEMBL301,0.033,Nc1nc2ccc(C(=O)c3c(F)cccc3Cl)cc2n1Cc1c(F)cccc1F
CHEMBL362560,8.05,CHEMBL301,0.009,COc1ccc(-c2[nH]nc3c2C(=O)c2c(NC(=O)NNC(=O)c4ccc(O)cc4)cccc2-3)cc1
CHEMBL1241849,8.3,CHEMBL301,0.005,CN(C)CCNS(=O)(=O)c1ccc(Nc2cccc(-c3cnc4ccccn34)c2)cc1
CHEMBL115220,7.43,CHEMBL301,0.037,O=C(Cc1ccc2ccccc2c1)Nc1cc(C2CC2)n[nH]1
CHEMBL194721,8.7,CHEMBL301,0.002,FC(F)(F)c1cnc(Nc2ccc3[nH]cnc3c2)nc1Nc1ccccc1Cl
CHEMBL259850,4.0,CHEMBL301,100.0,COc1ccc(CNC(=O)Nc2ncc([N+](=O)[O-])s2)cc1
CHEMBL264406,4.75,CHEMBL301,18.0,CC(C)(C)n1nc(-c2cccc3ccccc23)c2c(N)ncnc21
CHEMBL264406,7.82,CHEMBL301,0.015,CC(C)(C)n1nc(-c2cccc3ccccc23)c2c(N)ncnc21
CHEMBL573578,4.54,CHEMBL301,29.0,CC(C)(C)n1nc(Cc2cccc3ccccc23)c2c(N)ncnc21
CHEMBL573578,8.3,CHEMBL301,0.005,CC(C)(C)n1nc(Cc2cccc3ccccc23)c2c(N)ncnc21
CHEMBL1288651,5.52,CHEMBL301,3.0,COc1ccc(NC(=O)c2n[nH]c3ccccc23)cc1
CHEMBL1288582,5.4,CHEMBL301,4.0,COc1ccc2cc(-c3n[nH]c4cccnc34)[nH]c2c1
CHEMBL1630107,6.36,CHEMBL301,0.44,O=C(/C=C/c1ccc(-c2ccc3ncnc(Nc4ccc(OCc5cccc(F)c5)c(Cl)c4)c3c2)o1)NO
CHEMBL1630108,6.36,CHEMBL301,0.44,O=C(/C=C/c1ccc(-c2ccc3ncnc(Nc4ccc(OCc5cccc(F)c5)c(Cl)c4)c3c2)s1)NO
CHEMBL1630109,6.04,CHEMBL301,0.92,O=C(/C=C/c1cccc(-c2ccc3ncnc(Nc4ccc(OCc5cccc(F)c5)c(Cl)c4)c3c2)c1)NO
CHEMBL1630110,6.07,CHEMBL301,0.85,O=C(/C=C/c1ccc(-c2ccc3ncnc(Nc4ccc(OCc5cccc(F)c5)c(Cl)c4)c3c2)cc1)NO
CHEMBL1630111,4.82,CHEMBL301,15.0,Nc1ccccc1NC(=O)c1ccc(-c2ccc3ncnc(Nc4ccc(OCc5cccc(F)c5)c(Cl)c4)c3c2)o1
CHEMBL1630112,5.68,CHEMBL301,2.1,Nc1ccccc1NC(=O)c1ccc(-c2ccc3ncnc(Nc4ccc(OCc5cccc(F)c5)c(Cl)c4)c3c2)s1
CHEMBL1630113,5.72,CHEMBL301,1.9,Nc1ccccc1NC(=O)/C=C/c1ccc(-c2ccc3ncnc(Nc4ccc(OCc5cccc(F)c5)c(Cl)c4)c3c2)o1
CHEMBL1630114,6.07,CHEMBL301,0.85,Nc1ccccc1NC(=O)/C=C/c1cccc(-c2ccc3ncnc(Nc4ccc(OCc5cccc(F)c5)c(Cl)c4)c3c2)c1
CHEMBL1630115,5.92,CHEMBL301,1.2,Nc1ccccc1NC(=O)/C=C/c1ccc(-c2ccc3ncnc(Nc4ccc(OCc5cccc(F)c5)c(Cl)c4)c3c2)cc1
CHEMBL1630116,5.85,CHEMBL301,1.4,Nc1ccccc1NC(=O)CCc1ccc(-c2ccc3ncnc(Nc4ccc(OCc5cccc(F)c5)c(Cl)c4)c3c2)cc1
CHEMBL1630117,6.34,CHEMBL301,0.46,O=C(NO)c1ccc(-c2ccc3ncnc(Nc4ccc(OCc5cccc(F)c5)c(Cl)c4)c3c2)o1
CHEMBL1630118,6.7,CHEMBL301,0.2,O=C(NO)c1ccc(-c2ccc3ncnc(Nc4ccc(OCc5cccc(F)c5)c(Cl)c4)c3c2)s1
CHEMBL554,4.96,CHEMBL301,11.0,CS(=O)(=O)CCNCc1ccc(-c2ccc3ncnc(Nc4ccc(OCc5cccc(F)c5)c(Cl)c4)c3c2)o1
CHEMBL1688215,6.55,CHEMBL301,0.28,Nc1nccc(-c2ccc3c(N)n[nH]c3c2)n1
CHEMBL1761791,7.6,CHEMBL301,25.0,Nc1nc(Nc2cccnc2)sc1C(=O)c1ccccc1F
CHEMBL1760035,6.15,CHEMBL301,0.711,COc1cc(Nc2nccc(Nc3cnc4ccccc4c3)n2)cc(OC)c1OC
CHEMBL1760057,4.71,CHEMBL301,19.5,c1ccc2ncc(Nc3ccnc(Nc4ccc(OCCCN5CCCCC5)cc4)n3)cc2c1
CHEMBL1270795,5.64,CHEMBL301,2273.0,CSc1cn2c(-c3cn[nH]c3)cnc2c(Nc2cc(C)ns2)n1
CHEMBL1800464,7.82,CHEMBL301,0.015,Nc1nc(NC2CCCC2)cc(-c2cc(N3C[C@H](O)[C@@H](O)C3)ccc2O)n1
CHEMBL1800449,7.68,CHEMBL301,0.021,Nc1nccc(-c2cc(N3C[C@H](O)[C@@H](O)C3)ccc2O)n1
CHEMBL1800450,7.38,CHEMBL301,0.042,Cc1cc(-c2cc(N3C[C@H](O)[C@@H](O)C3)ccc2O)nc(N)n1
CHEMBL1800455,7.38,CHEMBL301,0.042,Nc1nc(-c2cc(N3C[C@H](O)[C@@H](O)C3)ccc2O)cc(C2CCCC2)n1
CHEMBL1800451,7.3,CHEMBL301,0.05,CCc1cc(-c2cc(N3C[C@H](O)[C@@H](O)C3)ccc2O)nc(N)n1
CHEMBL1800456,7.28,CHEMBL301,0.052,Nc1nc(-c2cc(N3C[C@H](O)[C@@H](O)C3)ccc2O)cc(C2CCCCC2)n1
CHEMBL1800465,7.22,CHEMBL301,0.06,Nc1nc(NC2CCCCC2)cc(-c2cc(N3C[C@H](O)[C@@H](O)C3)ccc2O)n1
CHEMBL1800452,7.17,CHEMBL301,0.068,CC(C)c1cc(-c2cc(N3C[C@H](O)[C@@H](O)C3)ccc2O)nc(N)n1
CHEMBL1800457,7.05,CHEMBL301,0.09,Nc1nc(-c2cc(N3C[C@H](O)[C@@H](O)C3)ccc2O)cc(C2CCCCCC2)n1
CHEMBL1800459,6.7,CHEMBL301,0.2,Nc1nc(-c2cc(N3C[C@H](O)[C@@H](O)C3)ccc2O)cc(C2CCNCC2)n1
CHEMBL1800460,6.6,CHEMBL301,0.25,CN(C)c1cc(-c2cc(N3C[C@H](O)[C@@H](O)C3)ccc2O)nc(N)n1
CHEMBL1800462,6.52,CHEMBL301,0.3,CN1CCN(c2cc(-c3cc(N4C[C@H](O)[C@@H](O)C4)ccc3O)nc(N)n2)CC1
CHEMBL1800458,6.44,CHEMBL301,0.36,Nc1nc(-c2cc(N3C[C@H](O)[C@@H](O)C3)ccc2O)cc(C2CCCNC2)n1
CHEMBL1800453,6.35,CHEMBL301,0.45,CCCCCCc1cc(-c2cc(N3C[C@H](O)[C@@H](O)C3)ccc2O)nc(N)n1
CHEMBL1800463,6.35,CHEMBL301,0.45,Nc1nc(NCCN2CCOCC2)cc(-c2cc(N3C[C@H](O)[C@@H](O)C3)ccc2O)n1
CHEMBL1800218,6.1,CHEMBL301,0.79,Nc1nccc(-c2cc(N3CCOCC3)ccc2O)n1
CHEMBL1800461,6.03,CHEMBL301,0.94,Nc1nc(-c2cc(N3C[C@H](O)[C@@H](O)C3)ccc2O)cc(N2CCOCC2)n1
CHEMBL1800448,5.68,CHEMBL301,2.11,Nc1nccc(-c2cc(N3CCC(O)C3)ccc2O)n1
CHEMBL1800447,5.42,CHEMBL301,3.76,Nc1nccc(-c2cc(N3CCC(O)CC3)ccc2O)n1
CHEMBL1800219,5.4,CHEMBL301,3.98,Nc1nccc(-c2cc(N3CCS(=O)(=O)CC3)ccc2O)n1
CHEMBL1809107,4.8,CHEMBL301,4.8,O=c1[nH]cc(-c2ccc(N3CCOCC3)cc2)c2sc(-c3ccncc3)cc12
CHEMBL1809109,5.5,CHEMBL301,5.5,CS(=O)(=O)Nc1cccc(-c2c[nH]c(=O)c3cc(-c4ccnc5[nH]ccc45)sc23)c1
CHEMBL1809110,6.6,CHEMBL301,6.6,O=c1[nH]cc(-c2ccc(N3CCOCC3)cc2)c2sc(-c3cn[nH]c3)cc12
CHEMBL1809113,6.7,CHEMBL301,6.7,N#Cc1ccc(F)c(-c2c[nH]c(=O)c3cc(-c4ccncc4)sc23)c1
CHEMBL1809114,5.8,CHEMBL301,5.8,O=c1[nH]cc(-c2ccc3c(c2)OCCO3)c2sc(-c3ccncc3)cc12
CHEMBL1809115,5.4,CHEMBL301,5.4,N#CCc1cccc(-c2c[nH]c(=O)c3cc(-c4ccncc4)sc23)c1
CHEMBL1809117,6.8,CHEMBL301,6.8,N#Cc1cscc1-c1c[nH]c(=O)c2cc(-c3ccncc3)sc12
CHEMBL1809118,5.3,CHEMBL301,5.3,COCc1ccccc1-c1c[nH]c(=O)c2cc(-c3ccncc3)sc12
CHEMBL1809119,5.2,CHEMBL301,5.2,CCOc1ccc(-c2c[nH]c(=O)c3cc(-c4ccncc4)sc23)cn1
CHEMBL1809120,5.3,CHEMBL301,5.3,COc1cc(F)ccc1-c1c[nH]c(=O)c2cc(-c3ccncc3)sc12
CHEMBL1809122,4.9,CHEMBL301,4.9,O=c1[nH]cc(-c2cccc3cccnc23)c2sc(-c3ccncc3)cc12
CHEMBL73303,9.0,CHEMBL301,0.001,NS(=O)(=O)c1ccc(Nc2nccc(-c3cnc4ccccn34)n2)cc1
CHEMBL1809191,7.11,CHEMBL301,0.078,CC(=O)N1CCN(c2ccc(Nc3nccc(-c4cnc5ccccn45)n3)cc2)CC1
CHEMBL1809193,5.57,CHEMBL301,2.7,COc1cc(N2CCN(C(C)=O)CC2)ccc1Nc1ncc(F)c(-c2cnc3ccccn23)n1
CHEMBL1809044,5.96,CHEMBL301,1.1,COc1cc(N2CCN(C(C)=O)CC2)ccc1Nc1ncc(Cl)c(-c2cnc3ccccn23)n1
CHEMBL1809194,5.96,CHEMBL301,1.1,COc1cc(N2CCN(C(C)=O)CC2)ccc1Nc1ncc(Br)c(-c2cnc3ccccn23)n1
CHEMBL1809195,5.0,CHEMBL301,10.0,COc1cc(N2CCN(C(C)=O)CC2)ccc1Nc1ncc(C)c(-c2cnc3ccccn23)n1
CHEMBL1809196,4.8,CHEMBL301,16.0,COc1cc(N2CCN(C(C)=O)CC2)ccc1Nc1ncc(C(F)(F)F)c(-c2cnc3ccccn23)n1
CHEMBL1809197,4.28,CHEMBL301,53.0,COc1cc(N2CCN(C(C)=O)CC2)ccc1Nc1ncc(OC)c(-c2cnc3ccccn23)n1
CHEMBL1806525,4.57,CHEMBL301,27.0,COc1cc(N2CCN(C(C)=O)CC2)ccc1Nc1ncc(C#N)c(-c2cnc3ccccn23)n1
CHEMBL86795,3.73,CHEMBL301,185.0,c1ccc2[nH]ncc2c1
CHEMBL1080569,7.3,CHEMBL301,0.05,N[C@H](CNc1nnc(-c2ccc3cnccc3c2)s1)Cc1ccc(C(F)(F)F)cc1
CHEMBL1823630,6.72,CHEMBL301,0.19,N[C@H](CNc1nnc(-c2ccc3c(c2)CC(=O)N3)s1)Cc1ccc(C(F)(F)F)cc1
CHEMBL1823632,4.71,CHEMBL301,19.7,O=C(NC(c1ccccc1)C1CCNCC1)c1ccc2cnccc2c1
CHEMBL1823653,4.68,CHEMBL301,21.0,O=C(NC(c1ccc(Cl)c(Cl)c1)C1CCCNC1)c1ccc2cnccc2c1
CHEMBL1823655,6.17,CHEMBL301,0.68,O=C(N[C@@H](c1ccc(Cl)c(Cl)c1)C1CNC1)c1ccc2cnccc2c1
CHEMBL1823656,5.01,CHEMBL301,9.8,O=C(N[C@H](c1ccc(Cl)c(Cl)c1)C1CNC1)c1ccc2cnccc2c1
CHEMBL1823663,6.44,CHEMBL301,0.36,CN1CC([C@@H](NC(=O)c2ccc3cnccc3c2)c2ccc(Cl)c(Cl)c2)C1
CHEMBL1533622,5.28,CHEMBL301,5.22,COc1ccc2nc(C(F)(F)Cl)c(C#N)c(N)c2c1
CHEMBL1459203,5.92,CHEMBL301,1.2,CC(C)[C@H](CO)Nc1nc(NCc2ccc(S(N)(=O)=O)cc2)c2ncn(C(C)C)c2n1
CHEMBL1894742,4.86,CHEMBL301,13.82,c1cncc(CNc2nccc(-c3ccc4cn[nH]c4c3)n2)c1
CHEMBL1877990,4.84,CHEMBL301,14.29,c1cncc(CNc2nccc(-c3ccc4c(c3)OCO4)n2)c1
CHEMBL1901114,4.82,CHEMBL301,15.12,Cc1c(-c2ccnc(NCc3cccnc3)n2)sc(=O)n1C
CHEMBL1612677,5.11,CHEMBL301,7.77,Cc1ccsc1CN(C)c1ncnc2ccc(-c3ccoc3)cc12
CHEMBL1902528,5.45,CHEMBL301,3.52,c1cncc(CNc2nccc(-c3ccc4[nH]ncc4c3)n2)c1
CHEMBL1592223,4.95,CHEMBL301,11.28,Cc1ccc(CN(C)c2ncnc3ccc(-c4ccc5c(c4)OCO5)cc23)o1
CHEMBL509032,5.28,CHEMBL301,5200.0,COc1cc(N2CCC(N3CCN(C)CC3)CC2)ccc1Nc1ncc(Cl)c(Nc2ccccc2S(=O)(=O)C(C)C)n1
CHEMBL502835,5.85,CHEMBL301,1400.0,COC(=O)c1ccc2c(c1)NC(=O)/C2=C(\Nc1ccc(N(C)C(=O)CN2CCN(C)CC2)cc1)c1ccccc1
CHEMBL428690,6.26,CHEMBL301,550.0,CN1CC[C@H](c2c(O)cc(O)c3c(=O)cc(-c4ccccc4Cl)oc23)[C@H](O)C1
CHEMBL300138,5.3,CHEMBL301,5000.0,Cn1cc(C2=C(c3cn(C4CCN(Cc5ccccn5)CC4)c4ccccc34)C(=O)NC2=O)c2ccccc21
CHEMBL296468,7.16,CHEMBL301,69.0,CC(C)(C)c1cnc(CSc2cnc(NC(=O)C3CCNCC3)s2)o1
CHEMBL384304,9.28,CHEMBL301,0.53,COc1ccc(F)c(F)c1C(=O)c1cnc(NC2CCN(S(C)(=O)=O)CC2)nc1N
CHEMBL603469,7.7,CHEMBL301,20.0,C[C@]12O[C@H](C[C@]1(O)CO)n1c3ccccc3c3c4c(c5c6ccccc6n2c5c31)CNC4=O
CHEMBL574738,6.35,CHEMBL301,450.0,CCN1CCN(Cc2ccc(NC(=O)Nc3ccc(Oc4cc(NC)ncn4)cc3)cc2C(F)(F)F)CC1
CHEMBL1336,5.06,CHEMBL301,8700.0,CNC(=O)c1cc(Oc2ccc(NC(=O)Nc3ccc(Cl)c(C(F)(F)F)c3)cc2)ccn1
CHEMBL445813,7.52,CHEMBL301,30.0,O=C(NC1CCNCC1)c1n[nH]cc1NC(=O)c1c(Cl)cccc1Cl
CHEMBL388978,8.15,CHEMBL301,7.0,CN[C@@H]1C[C@H]2O[C@@](C)([C@@H]1OC)n1c3ccccc3c3c4c(c5c6ccccc6n2c5c31)C(=O)NC4
CHEMBL303958,5.89,CHEMBL301,1.3,Nc1nc(N)c(N=O)c(OCC2CCCCC2)n1
CHEMBL1933343,6.82,CHEMBL301,0.15,Cc1cnc2nc1-c1cccc(c1)OCC/C=C/CN(C)Cc1cccc(c1)N2
CHEMBL1933344,5.39,CHEMBL301,4.1,CN1C/C=C/CCOc2cccc(c2)-c2nc(nc3[nH]cnc23)Nc2cccc(c2)C1
CHEMBL1933345,5.16,CHEMBL301,7.0,Oc1ccc(-c2nc(Nc3cccc(Cl)c3)nc3[nH]cnc23)cc1
CHEMBL573108,5.82,CHEMBL301,1.5,CC(C)(C(N)=O)C(=O)NCCCNc1nc(Nc2cccc(NC(=O)N3CCCC3)c2)ncc1Br
CHEMBL1944698,6.89,CHEMBL301,0.13,CN1C/C=C/CCOc2cccc(c2)-c2ccnc(n2)Nc2cccc(c2)C1
CHEMBL285527,4.43,CHEMBL301,37.0,O=S(=O)(O)c1cccc2cccc(Nc3ccccc3)c12
CHEMBL1957085,6.1,CHEMBL301,6.1,COc1ccc(-c2ocnc2C(=O)NCc2ccncc2)cc1
CHEMBL1957085,6.3,CHEMBL301,6.3,COc1ccc(-c2ocnc2C(=O)NCc2ccncc2)cc1
CHEMBL1957091,6.3,CHEMBL301,6.3,COc1ccc(-c2ocnc2C(=O)NCc2ccncc2)cc1Cl
CHEMBL1957092,6.3,CHEMBL301,6.3,COc1ccc(-c2ocnc2C(=O)NCc2ccncc2)cc1F
CHEMBL1957093,5.3,CHEMBL301,5.3,COc1ccc(-c2ocnc2C(=O)NCc2ccncc2)c(F)c1
CHEMBL1957098,5.3,CHEMBL301,5.3,COc1ccc(-c2ocnc2C(=O)NCc2ccncc2)cn1
CHEMBL1957099,5.3,CHEMBL301,5.3,COc1ncc(-c2ocnc2C(=O)NCc2ccncc2)cc1Cl
CHEMBL1957102,6.2,CHEMBL301,6.2,COc1ccc(-c2ocnc2C(=O)NCc2ccnc(Cl)c2)cc1Cl
CHEMBL1957225,5.9,CHEMBL301,5.9,COc1ccc(-c2ocnc2C(=O)NCc2ccnc(C)c2)cc1Cl
CHEMBL1957226,6.2,CHEMBL301,6.2,COc1cc(CNC(=O)c2ncoc2-c2ccc(OC)c(Cl)c2)ccn1
CHEMBL1957227,5.7,CHEMBL301,5.7,COc1ccc(-c2ocnc2C(=O)NCc2ccnc(C(F)(F)F)c2)cc1Cl
CHEMBL1957228,6.3,CHEMBL301,6.3,COc1ccc(-c2ocnc2C(=O)NCc2ccnnc2)cc1Cl
CHEMBL1957229,5.5,CHEMBL301,5.5,COc1ccc(-c2ocnc2C(=O)NCc2ccnc(C)n2)cc1Cl
CHEMBL1957230,5.5,CHEMBL301,5.5,COc1ccc(-c2ocnc2C(=O)NCCc2ccncc2)cc1Cl
CHEMBL1957231,6.3,CHEMBL301,6.3,COc1ccc(-c2ocnc2C(=O)NCc2ccn3ccnc3c2)cc1Cl
CHEMBL220241,5.46,CHEMBL301,3500.0,CCn1c(-c2nonc2N)nc2cnc(Oc3cccc(NC(=O)c4ccc(OCCN5CCOCC5)cc4)c3)cc21
CHEMBL1956071,5.16,CHEMBL301,7000.0,CCn1c(-c2nonc2N)nc2cncc(C(=O)N3CC[C@H](N)C3)c21
CHEMBL2011926,6.87,CHEMBL301,0.135,COc1ccc(-c2nc3c(NCC4CCNCC4)c(Br)cnc3[nH]2)cc1
CHEMBL2011927,6.88,CHEMBL301,0.133,COc1ccc(-c2nc3c(OCC4CCNCC4)c(Br)cnc3[nH]2)cc1
CHEMBL2011928,6.43,CHEMBL301,0.37,COc1ccc(-c2nc3c(NCCCNC(C)=O)c(Br)cnc3[nH]2)cc1
CHEMBL2011931,5.86,CHEMBL301,1.37,COc1ccc(-c2nc3c(NCCCNC(=O)C4CC4)c(Br)cnc3[nH]2)cc1
CHEMBL2011932,7.16,CHEMBL301,0.07,COc1ccc(-c2nc3c(NCCCNC(=O)C4(CN)CC4)c(Br)cnc3[nH]2)cc1
CHEMBL2011934,6.73,CHEMBL301,0.187,COc1ccc(-c2nc3c(NCCCN(C)C(=O)C4CCC4)c(Br)cnc3[nH]2)cc1
CHEMBL2011935,6.46,CHEMBL301,0.345,COc1ccc(-c2nc3c(NCCCNC(=O)C4CC(O)C4)c(Br)cnc3[nH]2)cc1
CHEMBL2011936,5.55,CHEMBL301,2.79,COc1ccc(-c2nc3c(NCCCNC(=O)C4CCCC4)c(Br)cnc3[nH]2)cc1
CHEMBL2011937,5.4,CHEMBL301,3.97,COc1ccc(-c2nc3c(NCCCNC(=O)c4ccccc4)c(Br)cnc3[nH]2)cc1
CHEMBL2011940,6.81,CHEMBL301,0.155,Nc1cccc(-c2nc3c(NCCCNC(=O)C4CCC4)c(Br)cnc3[nH]2)c1
CHEMBL2011941,6.29,CHEMBL301,0.518,O=C(NCCCNc1c(Br)cnc2[nH]c(-c3ccc(OCCN4CCCCC4)cc3)nc12)C1CCC1
CHEMBL2011942,5.03,CHEMBL301,9.41,NC(=O)c1cnc2[nH]c(-c3ccc(OCCN4CCCCC4)cc3)nc2c1NCCCNC(=O)C1CCC1
CHEMBL2011944,5.33,CHEMBL301,4.65,COc1ccccc1-c1nc2c(NCC(O)CNC(=O)C3CCC3)c(Br)cnc2[nH]1
CHEMBL2011945,5.19,CHEMBL301,6.52,COc1ccc(F)cc1-c1nc2c(NCCCNC(=O)C3CCC3)c(Br)cnc2[nH]1
CHEMBL2010815,5.7,CHEMBL301,2.02,COc1cc(F)ccc1-c1nc2c(NCCCNC(=O)C3CCC3)c(Br)cnc2[nH]1
CHEMBL2035042,7.11,CHEMBL301,0.077,CN1C/C=C/CCn2ccc3ccc(cc32)-c2ccnc(n2)Nc2cccc(c2)C1
CHEMBL2035043,7.08,CHEMBL301,0.083,C1=C/Cn2ccc3ccc(cc32)-c2ccnc(n2)Nc2cccc(c2)COC/1
CHEMBL2035044,7.66,CHEMBL301,0.022,CN1C/C=C/CCOc2cc(ccn2)-c2ccnc(n2)Nc2cccc(c2)C1
CHEMBL2035045,6.38,CHEMBL301,0.42,CN1C/C=C/COCc2cncc(c2)-c2ccnc(n2)Nc2cccc(c2)C1
CHEMBL2035046,6.7,CHEMBL301,0.2,C1=C/COCc2cncc(c2)-c2ccnc(n2)Nc2cccc(c2)COC/1
CHEMBL2035047,6.5,CHEMBL301,0.32,CN1C/C=C/COCc2ccc(o2)-c2ccnc(n2)Nc2cccc(c2)C1
CHEMBL2035048,6.17,CHEMBL301,0.68,C1=C/COCc2ccc(o2)-c2ccnc(n2)Nc2cccc(c2)COC/1
CHEMBL2035049,6.64,CHEMBL301,0.23,C1=C/Cn2ccc3ccc(cc32)-c2ccnc(n2)Nc2ccc(OCCN3CCCC3)c(c2)COC/1
CHEMBL2035050,5.6,CHEMBL301,2.5,Cc1cnc2nc1-c1ccc3ccn(c3c1)C/C=C/COCc1cc(ccc1OCCN1CCCC1)N2
CHEMBL2035051,5.5,CHEMBL301,3.2,C1=C/COCc2cc(ccc2OCCN2CCCC2)Nc2nccc(n2)-c2cncc(c2)COC/1
CHEMBL2035052,6.57,CHEMBL301,0.27,C1=C/COCc2cc(ccc2OCCN2CCCC2)Nc2nccc(n2)-c2ccnc(c2)OCC/1
CHEMBL2035053,5.41,CHEMBL301,3.9,Cc1cnc2nc1-c1ccnc(c1)OCC/C=C/COCc1cc(ccc1OCCN1CCCC1)N2
CHEMBL2035054,5.8,CHEMBL301,1.6,CN1C/C=C/COCc2ccc(o2)-c2ccnc(n2)Nc2ccc(OCCN3CCCC3)c(c2)C1
CHEMBL2035055,6.15,CHEMBL301,0.71,CN1C/C=C/COCc2ccc(s2)-c2ccnc(n2)Nc2ccc(OCCN3CCCC3)c(c2)C1
CHEMBL2035056,5.07,CHEMBL301,8.6,COCCOc1ccc2cc1CN(C)C/C=C/COCc1ccc(o1)-c1ccnc(n1)N2
CHEMBL2035182,6.48,CHEMBL301,0.33,COCCOc1ccc2cc1CN(C)C/C=C/COCc1ccc(s1)-c1ccnc(n1)N2
CHEMBL2035183,5.54,CHEMBL301,2.9,C1=C/COCc2cc(ccc2OCCN2CCCC2)Nc2nccc(n2)-c2ccc(s2)COC/1
CHEMBL2035184,5.17,CHEMBL301,6.8,C1=C/COCc2cc(ccc2OCCN2CCCC2)Nc2nccc(n2)-c2csc(c2)COC/1
CHEMBL2035185,5.16,CHEMBL301,7.0,C1=C/COCc2cc(ccc2OCCN2CCCC2)Nc2nccc(n2)-c2ccc(o2)COC/1
CHEMBL2042031,5.56,CHEMBL301,2.74,CC(Oc1cc(-c2cc(-c3ccc(CN(C)C)cc3)cnc2N)ccc1C(N)=O)c1ccccc1C(F)(F)F
CHEMBL2042042,6.28,CHEMBL301,0.53,C[C@@H](/C=C\C(F)(F)F)Oc1cc(-c2cc(-c3cc(CN(C)C)cs3)cnc2N)ccc1C(N)=O
CHEMBL2042135,5.34,CHEMBL301,4.57,C[C@H](/C=C\C(F)(F)F)Oc1cc(-c2cc(-c3cc(CN(C)C)cs3)cnc2N)ccc1C(N)=O
CHEMBL2042136,4.58,CHEMBL301,26.6,C[C@@H](Oc1cc(-c2cc(-c3cc(CN(C)C)cs3)cnc2N)ccc1C(N)=O)c1ccccc1C(F)(F)F
CHEMBL2062563,4.58,CHEMBL301,26.0,CC(=O)Nc1ccc2ccn(-c3cc(NC4CC4)n4ncc(C#N)c4n3)c2c1
CHEMBL2062581,4.85,CHEMBL301,14.0,CC(=O)Nc1ccc2[nH]cc(-c3cc(NC4CC4)n4ncc(C#N)c4n3)c2c1
CHEMBL2064555,8.47,CHEMBL301,0.0034,CN(C)C[C@@H](NC(=O)c1ccc2[nH]nc(-c3nc4ccccc4[nH]3)c2c1)c1ccccc1
CHEMBL2064558,5.75,CHEMBL301,1.8,CN(C)C[C@@H](NC(=O)N1Cc2c(NC(=O)c3ccccc3)n[nH]c2C1(C)C)c1ccccc1
CHEMBL2064561,5.7,CHEMBL301,2.0,CN(C)C[C@@H](OC(=O)N1Cc2c(NC(=O)c3ccccc3)n[nH]c2C1(C)C)c1ccccc1
CHEMBL2064562,5.94,CHEMBL301,1.16,CN(C)C[C@@H](OC(=O)N1Cc2c(NC(=O)c3ccc(F)cc3)n[nH]c2C1(C)C)c1ccccc1
CHEMBL2064628,6.35,CHEMBL301,450.0,CN(C)C[C@@H](OC(=O)N1Cc2c(NC(=O)C(C)(C)C)n[nH]c2C1(C)C)c1ccccc1
CHEMBL341110,5.79,CHEMBL301,1.61,Cn1cc(C2=C(c3cn(CC(O)CO)c4ccccc34)C(=O)NC2=O)c2ccccc21
CHEMBL2158866,5.15,CHEMBL301,7.1,CCN(CC)S(=O)(=O)c1cc(Nc2nccc(-c3ccnc(-c4ccc(NC(=O)NC)cc4)c3)n2)ccc1Cl
CHEMBL2158863,5.52,CHEMBL301,3.0,CCN(CC)S(=O)(=O)c1cc(Nc2nccc(-c3ccnc(-c4ccc(NC(=O)NC)cc4)c3)n2)ccc1C
CHEMBL2158011,6.25,CHEMBL301,0.56,CCN(CC)S(=O)(=O)c1cccc(Nc2nccc(-c3ccnc(-c4ccc(NC(=O)NC)cc4)c3)n2)c1
CHEMBL2158865,6.28,CHEMBL301,0.52,CNC(=O)Nc1ccc(-c2cc(-c3ccnc(Nc4ccc(Cl)c(S(=O)(=O)N(C)C)c4)n3)ccn2)cc1
CHEMBL2158861,6.34,CHEMBL301,0.46,CNC(=O)Nc1ccc(-c2cc(-c3ccnc(Nc4ccc(C)c(S(=O)(=O)N(C)C)c4)n3)ccn2)cc1
CHEMBL2158864,6.85,CHEMBL301,0.14,CNC(=O)Nc1ccc(-c2cc(-c3ccnc(Nc4ccc(Cl)c(S(=O)(=O)NC)c4)n3)ccn2)cc1
CHEMBL2158862,6.96,CHEMBL301,0.11,CNC(=O)Nc1ccc(-c2cc(-c3ccnc(Nc4ccc(C)c(S(=O)(=O)NC)c4)n3)ccn2)cc1
CHEMBL2158859,7.0,CHEMBL301,0.1,CNC(=O)Nc1ccc(-c2cc(-c3ccnc(Nc4cccc(S(=O)(=O)NC)c4)n3)ccn2)cc1
CHEMBL2158848,7.34,CHEMBL301,0.046,Cc1cccc(Nc2nccc(-c3ccnc(N4CCOCC4)c3)n2)c1
CHEMBL2158854,7.51,CHEMBL301,0.031,NS(=O)(=O)c1cccc(Nc2nccc(-c3ccnc(N4C5CCC4COC5)c3)n2)c1
CHEMBL2158858,7.64,CHEMBL301,0.023,CNC(=O)Nc1ccc(-c2cc(-c3ccnc(Nc4cccc(S(N)(=O)=O)c4)n3)ccn2)cc1
CHEMBL2158855,7.68,CHEMBL301,0.021,NS(=O)(=O)c1cccc(Nc2nccc(-c3ccnc(N4CC5CCC(C4)O5)c3)n2)c1
CHEMBL2158845,7.72,CHEMBL301,0.019,NS(=O)(=O)c1cccc(Nc2nccc(-c3ccnc(N4CCOCC4)c3)n2)c1
CHEMBL2158857,7.8,CHEMBL301,0.016,NS(=O)(=O)c1cccc(Nc2nccc(-c3ccnc(N4CCCCC4)c3)n2)c1
CHEMBL2158844,8.05,CHEMBL301,0.0089,Clc1cccc(Nc2nccc(-c3ccnc(N4CCOCC4)c3)n2)c1
CHEMBL2158843,8.17,CHEMBL301,0.0067,NS(=O)(=O)c1cccc(Nc2nccc(-c3ccnc(NCCCO)c3)n2)c1
CHEMBL2163606,5.19,CHEMBL301,6.4,Cc1c(N[C@H]2CC[C@H](N)CC2)nc2ccnn2c1Nc1ccccc1Cl
CHEMBL2163607,6.41,CHEMBL301,0.39,N[C@H]1CC[C@H](Nc2cc(Nc3ccccc3Cl)n3nccc3n2)CC1
CHEMBL2163608,4.6,CHEMBL301,25.0,Cc1nc2ccc(Nc3c(C)c(N[C@H]4CCCNC4)nc4ccnn34)cc2s1
CHEMBL2163611,4.57,CHEMBL301,27.0,Cc1c(N[C@H]2CCCNC2)nc2ccnn2c1Nc1ccc2c(cnn2C)c1
CHEMBL2163610,4.68,CHEMBL301,21.0,CC(=O)c1ccc(-c2ccc(Nc3c(C)c(N[C@H]4CCCNC4)nc4ccnn34)cc2)s1
CHEMBL2163609,4.31,CHEMBL301,49.0,Cc1c(N[C@H]2CCCNC2)nc2ccnn2c1Nc1ccc(C(=O)NC2CCCC2)cc1
CHEMBL2163612,4.21,CHEMBL301,62.0,Cc1c(N[C@H]2CCCNC2)nc2ccnn2c1Nc1ccc(OCCN2CCOCC2)cc1
CHEMBL2163616,4.66,CHEMBL301,22.0,COCCOc1ccc(Nc2c(C)c(N[C@H]3CCCNC3)nc3ccnn23)cc1
CHEMBL1235213,4.64,CHEMBL301,23.0,CCOc1ccc(Nc2c(C)c(N[C@H]3CCCNC3)nc3ccnn23)cc1
CHEMBL2163623,4.62,CHEMBL301,24.0,CCc1c(NC2CCCNC2)nc2ccnn2c1Nc1ccc(F)c(Cl)c1
CHEMBL2163624,4.48,CHEMBL301,33.0,Cc1c(NC2CCCNC2)nc2ccnn2c1Nc1ccc(F)c(Cl)c1
CHEMBL2163984,6.16,CHEMBL301,0.7,Fc1ccc(Nc2cc(NC3CCCNC3)nc3ccnn23)cc1Cl
CHEMBL2163991,5.22,CHEMBL301,6.0,N[C@H]1CC[C@H](Nc2nc3ccnn3c(Nc3ccc(F)c(Cl)c3)c2-c2ccccc2)CC1
CHEMBL2163992,5.68,CHEMBL301,2.1,CCCc1c(N[C@H]2CC[C@H](N)CC2)nc2ccnn2c1Nc1ccc(F)c(Cl)c1
CHEMBL2163993,5.44,CHEMBL301,3.6,CCc1c(N[C@H]2CC[C@H](N)CC2)nc2ccnn2c1Nc1ccc(F)c(Cl)c1
CHEMBL2163994,4.96,CHEMBL301,11.0,Cc1c(N[C@H]2CC[C@H](N)CC2)nc2ccnn2c1Nc1ccc(F)c(Cl)c1
CHEMBL2163995,8.47,CHEMBL301,0.0034,N[C@H]1CC[C@H](Nc2cc(Nc3ccc(F)c(Cl)c3)n3ncc(Br)c3n2)CC1
CHEMBL2163996,8.52,CHEMBL301,0.003,N[C@H]1CC[C@H](Nc2cc(Nc3ccc(F)c(Cl)c3)n3ncc(Cl)c3n2)CC1
CHEMBL2163997,8.4,CHEMBL301,0.004,N#Cc1cnn2c(Nc3ccc(F)c(Cl)c3)cc(N[C@H]3CC[C@H](N)CC3)nc12
CHEMBL2163999,7.26,CHEMBL301,0.055,N[C@H]1CC[C@H](Nc2cc(Nc3ccc(F)c(Cl)c3)n3nccc3n2)CC1
CHEMBL1235529,6.85,CHEMBL301,140.0,O=S1(=O)NCCCNc2nc(ncc2Br)Nc2cccc1c2
CHEMBL215803,8.47,CHEMBL301,3.4,C[C@@H]1C[C@H]2CN1CCn1nc3c(cccc3c1O)-c1nc3c(cccc3nc1O)O2
CHEMBL2203628,7.0,CHEMBL301,100.0,N#CCNc1nc(Nc2ccccc2)ncc1Br
CHEMBL2207208,6.96,CHEMBL301,0.11,Cn1cc(Nc2ncc(C3CC3)c(NCCCNC(=O)C3CCC3)n2)cn1
CHEMBL2207198,6.2,CHEMBL301,0.63,O=C(NCCCNc1nc(Nc2ccc(N3CCOCC3)cc2)ncc1C1CC1)C1CCC1
CHEMBL574737,7.52,CHEMBL301,0.03,CN[C@@H]1C[C@H]2O[C@@](C)([C@@H]1OC)n1c3ccccc3c3c4c(c5c6ccccc6n2c5c31)C(=O)N[C@H]4O
CHEMBL388978,10.0,CHEMBL301,0.0001,CN[C@@H]1C[C@H]2O[C@@](C)([C@@H]1OC)n1c3ccccc3c3c4c(c5c6ccccc6n2c5c31)C(=O)NC4
CHEMBL428690,6.72,CHEMBL301,190.0,CN1CC[C@H](c2c(O)cc(O)c3c(=O)cc(-c4ccccc4Cl)oc23)[C@H](O)C1
CHEMBL296468,7.42,CHEMBL301,38.0,CC(C)(C)c1cnc(CSc2cnc(NC(=O)C3CCNCC3)s2)o1
CHEMBL1980391,5.88,CHEMBL301,1.33,COc1cc2c(cc1F)C(c1ccccc1Cl)=Nc1c(n[nH]c1C)N2
CHEMBL2322701,7.06,CHEMBL301,0.088,Cc1[nH]nc2c1N=C(c1ccccc1Cl)c1cc(N)ccc1N2
CHEMBL2348154,6.51,CHEMBL301,0.31,Nc1nccc(-n2cc(-c3cccnc3Cl)c3cnccc32)n1
CHEMBL2348155,7.22,CHEMBL301,0.06,Nc1nccc(-n2cc(-c3ccc(Cl)cc3)c3cnccc32)n1
CHEMBL2348156,6.96,CHEMBL301,0.11,Nc1nccc(-n2cc(-c3ccccc3Cl)c3cnccc32)n1
CHEMBL2348158,6.8,CHEMBL301,0.16,Nc1nccc(-n2cc(C3=CCOCC3)c3cnccc32)n1
CHEMBL2348160,7.0,CHEMBL301,0.1,Nc1nccc(-n2cc(-c3ccoc3)c3cnccc32)n1
CHEMBL2348159,6.26,CHEMBL301,0.55,Nc1nccc(-n2cc(-c3cc[nH]n3)c3cnccc32)n1
CHEMBL2348161,6.8,CHEMBL301,0.16,Nc1nccc(-n2cc(-c3ccncc3)c3cnccc32)n1
CHEMBL2348162,5.96,CHEMBL301,1.1,Nc1nccc(-n2cc(-c3cccnc3)c3cnccc32)n1
CHEMBL2348164,6.51,CHEMBL301,0.31,Nc1nccc(-n2cc(-c3ccccc3)c3cnccc32)n1
CHEMBL2346665,4.42,CHEMBL301,38.0,Nc1nccc(-n2ccc3cnc(Cl)cc32)n1
CHEMBL2348165,4.68,CHEMBL301,21.0,Nc1nccc(-n2ccc3ncccc32)n1
CHEMBL2348168,5.43,CHEMBL301,3.7,Nc1nccc(-n2ccc3cnccc32)n1
CHEMBL2348167,4.35,CHEMBL301,45.1,Nc1nccc(-n2ccc3ccncc32)n1
CHEMBL2348170,4.38,CHEMBL301,42.0,Nc1nccc(-n2ccc3cccnc32)n1
CHEMBL2348171,5.0,CHEMBL301,10.0,C#Cc1ccc2ccn(-c3ccnc(N)n3)c2c1
CHEMBL2348173,5.3,CHEMBL301,5.0,Nc1nccc(-n2ccc3ccc(O)cc32)n1
CHEMBL2348172,4.77,CHEMBL301,17.0,Nc1nccc(-n2ccc3ccc(C(F)(F)F)cc32)n1
CHEMBL2334965,5.09,CHEMBL301,8.2,Nc1nccc(-n2ccc3ccc(Br)cc32)n1
CHEMBL2334964,5.43,CHEMBL301,3.7,Nc1nccc(-n2ccc3ccc(Cl)cc32)n1
CHEMBL2348175,4.47,CHEMBL301,34.0,Nc1nccc(-n2ccc3ccc(F)cc32)n1
CHEMBL2348176,4.54,CHEMBL301,28.5,Nc1nccc(-n2ccc3ccccc32)n1
CHEMBL2348180,4.41,CHEMBL301,39.0,N#Cc1ccc2ccn(-c3ccnc(N)c3)c2c1
CHEMBL2348181,4.35,CHEMBL301,45.0,N#Cc1ccc2ccn(-c3cccc(N)n3)c2c1
CHEMBL2348182,5.57,CHEMBL301,2.7,CNc1nccc(-n2ccc3ccc(C#N)cc32)n1
CHEMBL2334966,4.78,CHEMBL301,16.5,N#Cc1ccc2ccn(-c3ccnc(N)n3)c2c1
CHEMBL2403108,5.4,CHEMBL301,3.97,Cc1cc(Nc2ncc(Cl)c(Nc3ccccc3S(=O)(=O)C(C)C)n2)c(OC(C)C)cc1C1CCNCC1
CHEMBL2409175,5.14,CHEMBL301,7.2,CC(=O)Nc1cc(Nc2cc(NC3CC3)n3ncc(C#N)c3n2)ccc1C
CHEMBL14762,6.3,CHEMBL301,0.5,CC[C@H](CO)Nc1nc(NCc2ccccc2)c2ncn(C(C)C)c2n1
CHEMBL280074,5.16,CHEMBL301,7.0,Cn1cnc2c(NCc3ccccc3)nc(NCCO)nc21
CHEMBL2426397,7.52,CHEMBL301,0.03,COc1ccc(-c2nn(-c3ccccc3)cc2C(=O)NC(=S)Nc2ccc(Cl)cc2)cc1
CHEMBL2426396,7.5,CHEMBL301,0.032,COc1ccc(-c2nn(-c3ccccc3)cc2C(=O)NC(=S)Nc2ccc(F)cc2)cc1
CHEMBL2426395,7.6,CHEMBL301,0.025,COc1ccc(NC(=S)NC(=O)c2cn(-c3ccccc3)nc2-c2ccc(OC)cc2)cc1
CHEMBL2426394,7.54,CHEMBL301,0.029,COc1ccc(-c2nn(-c3ccccc3)cc2C(=O)NC(=S)Nc2ccc(C)cc2)cc1
CHEMBL2426393,7.36,CHEMBL301,0.044,O=C(NC(=S)Nc1ccc(Cl)cc1)c1cn(-c2ccccc2)nc1-c1ccc(F)cc1
CHEMBL2426392,7.31,CHEMBL301,0.049,O=C(NC(=S)Nc1ccc(F)cc1)c1cn(-c2ccccc2)nc1-c1ccc(F)cc1
CHEMBL2426391,7.44,CHEMBL301,0.036,COc1ccc(NC(=S)NC(=O)c2cn(-c3ccccc3)nc2-c2ccc(F)cc2)cc1
CHEMBL2426390,7.37,CHEMBL301,0.043,Cc1ccc(NC(=S)NC(=O)c2cn(-c3ccccc3)nc2-c2ccc(F)cc2)cc1
CHEMBL2426389,7.24,CHEMBL301,0.058,O=C(NC(=S)Nc1ccc(Cl)cc1)c1cn(-c2ccccc2)nc1-c1ccc(Cl)cc1
CHEMBL2426388,7.23,CHEMBL301,0.059,O=C(NC(=S)Nc1ccc(F)cc1)c1cn(-c2ccccc2)nc1-c1ccc(Cl)cc1
CHEMBL2426387,7.43,CHEMBL301,0.037,COc1ccc(NC(=S)NC(=O)c2cn(-c3ccccc3)nc2-c2ccc(Cl)cc2)cc1
CHEMBL2426386,7.38,CHEMBL301,0.042,Cc1ccc(NC(=S)NC(=O)c2cn(-c3ccccc3)nc2-c2ccc(Cl)cc2)cc1
CHEMBL2426385,7.2,CHEMBL301,0.063,Cc1ccc(-c2nn(-c3ccccc3)cc2C(=O)NC(=S)Nc2ccc(Cl)cc2)cc1
CHEMBL2426384,7.39,CHEMBL301,0.041,Cc1ccc(-c2nn(-c3ccccc3)cc2C(=O)NC(=S)Nc2ccc(F)cc2)cc1
CHEMBL2426383,7.33,CHEMBL301,0.047,COc1ccc(NC(=S)NC(=O)c2cn(-c3ccccc3)nc2-c2ccc(C)cc2)cc1
CHEMBL2426382,7.28,CHEMBL301,0.052,Cc1ccc(NC(=S)NC(=O)c2cn(-c3ccccc3)nc2-c2ccc(C)cc2)cc1
CHEMBL2426381,7.15,CHEMBL301,0.071,O=C(NC(=S)Nc1ccc(Cl)cc1)c1cn(-c2ccccc2)nc1-c1ccccc1
CHEMBL2426380,7.12,CHEMBL301,0.075,O=C(NC(=S)Nc1ccc(F)cc1)c1cn(-c2ccccc2)nc1-c1ccccc1
CHEMBL2426399,7.25,CHEMBL301,0.056,COc1ccc(NC(=S)NC(=O)c2cn(-c3ccccc3)nc2-c2ccccc2)cc1
CHEMBL2426398,7.16,CHEMBL301,0.069,Cc1ccc(NC(=S)NC(=O)c2cn(-c3ccccc3)nc2-c2ccccc2)cc1
CHEMBL2436978,5.93,CHEMBL301,1180.0,CN1CCN(Cc2ccc(-c3cnc4[nH]cc(-c5ccc6[nH]ccc6c5)c4c3)cc2)CC1
CHEMBL2436977,6.14,CHEMBL301,720.0,CN1CCN(Cc2ccc(-c3cnc4[nH]cc(-c5cnc6[nH]ccc6c5)c4c3)cc2)CC1
CHEMBL2442291,6.24,CHEMBL301,580.0,Cc1nnc(-c2cccc(-c3cnn4ccc(NCCN)nc34)c2)o1
CHEMBL3099762,7.26,CHEMBL301,0.055,COC(=O)[C@H](Cc1ccc(O)cc1)NC(=O)c1cc(C(=O)O)c2cc(CCc3ccc(Cl)cc3)ccc2n1
CHEMBL3099761,7.3,CHEMBL301,0.05,COC(=O)[C@H](Cc1ccc(O)cc1)NC(=O)c1cc(C(=O)O)c2cc(-c3cccc(C(F)(F)F)c3)ccc2n1
CHEMBL3099755,6.52,CHEMBL301,0.3,COC(=O)[C@H](Cc1ccc(O)cc1)NC(=O)c1cc(C(=O)O)c2cc(-c3cccc(Cl)c3)ccc2n1
CHEMBL3099754,6.0,CHEMBL301,1.0,COC(=O)[C@H](Cc1ccc(O)cc1)NC(=O)c1cc(C(=O)O)c2cc(-c3cccs3)ccc2n1
CHEMBL3099753,7.6,CHEMBL301,0.025,COC[C@H](Cc1ccc(O)cc1)NC(=O)c1cc(C(=O)O)c2cc(/C=C/c3ccc(Cl)cc3)ccc2n1
CHEMBL3099752,6.62,CHEMBL301,0.24,COC[C@H](Cc1ccc(O)cc1)NC(=O)c1cc(C(=O)O)c2cc(-c3cccc(C(F)(F)F)c3)ccc2n1
CHEMBL3099751,6.46,CHEMBL301,0.35,CN(C)C(=O)[C@H](Cc1ccc(O)cc1)NC(=O)c1cc(C(=O)O)c2cc(/C=C/c3ccc(Cl)cc3)ccc2n1
CHEMBL3099750,6.52,CHEMBL301,0.3,CNC(=O)[C@H](Cc1ccc(O)cc1)NC(=O)c1cc(C(=O)O)c2cc(/C=C/c3ccc(Cl)cc3)ccc2n1
CHEMBL3099749,6.4,CHEMBL301,0.4,CCC[C@H](Cc1ccc(O)cc1)NC(=O)c1cc(C(=O)O)c2cc(-c3cccc(C(F)(F)F)c3)ccc2n1
CHEMBL3099748,5.4,CHEMBL301,4.0,C[C@H](Cc1ccc(O)cc1)NC(=O)c1cc(C(=O)O)c2cc(-c3cccc(C(F)(F)F)c3)ccc2n1
CHEMBL3099743,5.4,CHEMBL301,4.0,COC(=O)[C@H](Cc1ccc(F)cc1)NC(=O)c1cc(C(=O)O)c2cc(-c3cccc(C(F)(F)F)c3)ccc2n1
CHEMBL3099764,7.12,CHEMBL301,0.076,CCCCCCc1ccc2nc(C(=O)N[C@@H](Cc3ccc(O)cc3)C(=O)OC)cc(C(=O)O)c2c1
CHEMBL3099763,8.3,CHEMBL301,0.005,COC(=O)[C@H](Cc1ccc(O)cc1)NC(=O)c1cc(C(=O)O)c2cc(/C=C/c3ccc(Cl)cc3)ccc2n1
CHEMBL3099762,7.32,CHEMBL301,0.048,COC(=O)[C@H](Cc1ccc(O)cc1)NC(=O)c1cc(C(=O)O)c2cc(CCc3ccc(Cl)cc3)ccc2n1
CHEMBL3099761,7.4,CHEMBL301,0.04,COC(=O)[C@H](Cc1ccc(O)cc1)NC(=O)c1cc(C(=O)O)c2cc(-c3cccc(C(F)(F)F)c3)ccc2n1
CHEMBL3099760,5.62,CHEMBL301,2.4,COC(=O)[C@H](Cc1ccc(O)cc1)NC(=O)c1cc(C(=O)O)c2cc(N3CCOCC3)ccc2n1
CHEMBL3099759,4.92,CHEMBL301,12.0,COC(=O)[C@H](Cc1ccc(O)cc1)NC(=O)c1cc(C(=O)O)c2cc(-c3ccccc3)ccc2n1
CHEMBL3099758,6.5,CHEMBL301,0.32,COC(=O)[C@H](Cc1ccc(O)cc1)NC(=O)c1cc(C(=O)O)c2cc(-c3cc(Cl)cc(Cl)c3)ccc2n1
CHEMBL3099757,6.05,CHEMBL301,0.9,COC(=O)[C@H](Cc1ccc(O)cc1)NC(=O)c1cc(C(=O)O)c2cc(-c3ccc(Cl)cc3)ccc2n1
CHEMBL3099756,6.1,CHEMBL301,0.8,COC(=O)[C@H](Cc1ccc(O)cc1)NC(=O)c1cc(C(=O)O)c2cc(-c3ccccc3Cl)ccc2n1
CHEMBL3099755,6.52,CHEMBL301,0.3,COC(=O)[C@H](Cc1ccc(O)cc1)NC(=O)c1cc(C(=O)O)c2cc(-c3cccc(Cl)c3)ccc2n1
CHEMBL3099754,5.96,CHEMBL301,1.1,COC(=O)[C@H](Cc1ccc(O)cc1)NC(=O)c1cc(C(=O)O)c2cc(-c3cccs3)ccc2n1
CHEMBL3099752,7.0,CHEMBL301,0.1,COC[C@H](Cc1ccc(O)cc1)NC(=O)c1cc(C(=O)O)c2cc(-c3cccc(C(F)(F)F)c3)ccc2n1
CHEMBL3099751,6.8,CHEMBL301,0.16,CN(C)C(=O)[C@H](Cc1ccc(O)cc1)NC(=O)c1cc(C(=O)O)c2cc(/C=C/c3ccc(Cl)cc3)ccc2n1
CHEMBL3099750,7.0,CHEMBL301,0.1,CNC(=O)[C@H](Cc1ccc(O)cc1)NC(=O)c1cc(C(=O)O)c2cc(/C=C/c3ccc(Cl)cc3)ccc2n1
CHEMBL3099749,6.52,CHEMBL301,0.3,CCC[C@H](Cc1ccc(O)cc1)NC(=O)c1cc(C(=O)O)c2cc(-c3cccc(C(F)(F)F)c3)ccc2n1
CHEMBL3099748,5.6,CHEMBL301,2.5,C[C@H](Cc1ccc(O)cc1)NC(=O)c1cc(C(=O)O)c2cc(-c3cccc(C(F)(F)F)c3)ccc2n1
CHEMBL3099747,4.92,CHEMBL301,12.0,O=C(N[C@@H](Cc1ccc(O)cc1)C(=O)O)c1cc(C(=O)O)c2cc(-c3cccc(C(F)(F)F)c3)ccc2n1
CHEMBL3099743,5.6,CHEMBL301,2.5,COC(=O)[C@H](Cc1ccc(F)cc1)NC(=O)c1cc(C(=O)O)c2cc(-c3cccc(C(F)(F)F)c3)ccc2n1
CHEMBL3099760,5.55,CHEMBL301,2.8,COC(=O)[C@H](Cc1ccc(O)cc1)NC(=O)c1cc(C(=O)O)c2cc(N3CCOCC3)ccc2n1
CHEMBL3099759,5.0,CHEMBL301,10.0,COC(=O)[C@H](Cc1ccc(O)cc1)NC(=O)c1cc(C(=O)O)c2cc(-c3ccccc3)ccc2n1
CHEMBL3099758,6.7,CHEMBL301,0.2,COC(=O)[C@H](Cc1ccc(O)cc1)NC(=O)c1cc(C(=O)O)c2cc(-c3cc(Cl)cc(Cl)c3)ccc2n1
CHEMBL3099757,6.05,CHEMBL301,0.9,COC(=O)[C@H](Cc1ccc(O)cc1)NC(=O)c1cc(C(=O)O)c2cc(-c3ccc(Cl)cc3)ccc2n1
CHEMBL3099756,6.16,CHEMBL301,0.7,COC(=O)[C@H](Cc1ccc(O)cc1)NC(=O)c1cc(C(=O)O)c2cc(-c3ccccc3Cl)ccc2n1
CHEMBL3099755,6.85,CHEMBL301,0.14,COC(=O)[C@H](Cc1ccc(O)cc1)NC(=O)c1cc(C(=O)O)c2cc(-c3cccc(Cl)c3)ccc2n1
CHEMBL3099754,6.05,CHEMBL301,0.9,COC(=O)[C@H](Cc1ccc(O)cc1)NC(=O)c1cc(C(=O)O)c2cc(-c3cccs3)ccc2n1
CHEMBL3110144,5.55,CHEMBL301,2.8,Cc1nn(-c2ccc(Cl)cc2Cl)c2c1c1c(c3cccn32)C(=O)NC1=O
CHEMBL258805,7.66,CHEMBL301,0.022,COc1ccc2c(c1)/C(=C/c1cnc[nH]1)C(=O)N2
CHEMBL3125722,4.87,CHEMBL301,13.6,COc1ccc(-c2nc3c(NCCCNC(=O)C4CCCC4)c(-c4nc(C(=O)O)cs4)cnc3[nH]2)cc1
CHEMBL2011936,5.55,CHEMBL301,2.79,COc1ccc(-c2nc3c(NCCCNC(=O)C4CCCC4)c(Br)cnc3[nH]2)cc1
CHEMBL3125721,5.84,CHEMBL301,1.45,COc1ccc(-c2nc3c(NCCCNC(=O)C4CCCC4)c(-c4nc(C(N)=O)cs4)cnc3[nH]2)cc1
CHEMBL3125732,6.01,CHEMBL301,0.984,COc1ccc(-c2nc3cc(-c4csc(C(N)=O)c4)cnc3[nH]2)cc1
CHEMBL3134612,4.73,CHEMBL301,18.782,COc1cc(Nc2nccc(-c3ccc(Cl)cc3)n2)cc(OC)c1OC
CHEMBL3217993,4.66,CHEMBL301,22.0,Nc1ccccc1NC(=O)c1ccc(COc2ccc3ncnc(Nc4cccc(Br)c4)c3c2)cc1
CHEMBL3218000,4.89,CHEMBL301,13.0,C#Cc1cccc(Nc2ncnc3ccc(OCc4ccc(C(=O)Nc5ccccc5N)cc4)cc23)c1
CHEMBL3218001,4.77,CHEMBL301,17.0,C#Cc1cccc(Nc2ncnc3ccc(S(=O)(=O)n4ccc(/C=C/C(=O)Nc5ccccc5N)c4)cc23)c1
CHEMBL3298823,7.22,CHEMBL301,0.06,O=C(CC1CNC(=O)c2cc(-c3cn[nH]c3)cn21)NCc1cccc(F)c1
CHEMBL3298414,7.8,CHEMBL301,16.0,O=C(N[C@H](CO)c1ccc(F)c(Cl)c1)N1CCc2cnc(NC3CCOCC3)nc2C1
CHEMBL3298678,8.0,CHEMBL301,10.0,O=C(N[C@H](CO)c1ccc(Cl)c(F)c1)N1CCc2cnc(NC3CCOCC3)nc2C1
CHEMBL3298982,7.96,CHEMBL301,11.0,O=C(N[C@H](CO)c1ccc(Cl)c(Cl)c1)N1CCc2cnc(NC3CCOCC3)nc2C1
CHEMBL3298983,7.16,CHEMBL301,69.0,C[C@@H](NC(=O)N1CCc2cnc(NC3CCOCC3)nc2C1)c1ccc2cc[nH]c2c1
CHEMBL3298984,7.89,CHEMBL301,13.0,C[C@@H](NC(=O)N1CCc2cnc(NC3CCOCC3)nc2C1)c1ccc(Cl)c(F)c1
CHEMBL3298985,8.7,CHEMBL301,2.0,CC[C@@H](NC(=O)N1CCc2cnc(NC3CCOCC3)nc2C1)c1ccc(C#N)c(Cl)c1
CHEMBL3298199,8.7,CHEMBL301,2.0,C[C@@H](NC(=O)N1CCc2cnc(N[C@H]3CCO[C@@H](CO)C3)nc2C1)c1ccc(Cl)c(Cl)c1
CHEMBL3298308,6.98,CHEMBL301,104.0,C[C@@H](CO)Nc1ncc2c(n1)CN(C(=O)N[C@H](C)c1ccc(Cl)c(Cl)c1)CC2
CHEMBL3298309,7.89,CHEMBL301,13.0,CC[C@@H](NC(=O)N1CCc2cnc(N[C@@H](C)CO)nc2C1)c1ccc(F)c(F)c1
CHEMBL3298310,7.92,CHEMBL301,12.0,CC[C@@H](NC(=O)N1CCc2cnc(N[C@@H](C)CO)nc2C1)c1ccc(Cl)c(Cl)c1
CHEMBL3298311,6.09,CHEMBL301,821.0,C[C@@H](CO)Nc1ncc2c(n1)CN(C(=O)N[C@H](C)c1ccc(C(F)(F)F)c(F)c1)CC2
CHEMBL3298312,7.15,CHEMBL301,71.0,CC[C@@H](NC(=O)N1CCc2cnc(N[C@@H](C)CO)nc2C1)c1ccc(OC)c(Cl)c1
CHEMBL3298418,8.05,CHEMBL301,9.0,Cc1cc(Nc2ncc3c(n2)CN(C(=O)N[C@H](C)c2ccc(Cl)c(Cl)c2)CC3)ccn1
CHEMBL3357950,8.4,CHEMBL301,4.0,C[C@@H](NC(=O)N1CCc2cnc(Nc3cnn(C)c3)nc2C1)c1ccc(Cl)c(Cl)c1
CHEMBL3357951,7.64,CHEMBL301,23.0,C[C@@H](NC(=O)N1CCc2cnc(Nc3ccnn3C)nc2C1)c1ccc(Cl)c(Cl)c1
CHEMBL3352835,6.3,CHEMBL301,503.0,COC1CCN(c2nccc(Nc3cc(NC(=O)c4c(Cl)cccc4Cl)ccn3)n2)CC1
CHEMBL3354185,7.05,CHEMBL301,90.0,COC1CCN(c2nccc(Nc3cc4[nH]c(-c5cn[nH]c5)nc4cn3)n2)CC1
CHEMBL3354186,8.3,CHEMBL301,5.0,COC1CCN(c2nccc(Nc3cc4[nH]c(-c5cn[nH]c5)cc4cn3)n2)CC1
CHEMBL3354187,8.0,CHEMBL301,10.0,COC1CCN(c2nccc(Nc3cc4c(cn3)cc(-c3cn[nH]c3)n4C(C)C)n2)CC1
CHEMBL3354188,7.1,CHEMBL301,80.0,COC1CCN(c2nccc(Nc3cc4c(ccn4C(C)C)cn3)n2)CC1
CHEMBL3354189,7.03,CHEMBL301,93.0,COC1CCN(c2nccc(Nc3cc4c(ccn4C4CCCC4)cn3)n2)CC1
CHEMBL3354190,5.65,CHEMBL301,2220.0,COC1CCN(c2nccc(Nc3cc4c(cn3)ncn4C(C)C)n2)CC1
CHEMBL3354191,6.28,CHEMBL301,530.0,COC1CCN(c2nccc(Nc3cc4c(cn3)c(N)nn4C(C)C)n2)CC1
CHEMBL3354192,6.32,CHEMBL301,476.0,COC1CCN(c2nccc(Nc3cc4c(C(C)C)n[nH]c4cn3)n2)CC1
CHEMBL3401987,5.92,CHEMBL301,1.2,CC(O)[C@H]1C2CCC(CC2)[C@@H]1Nc1nc(-c2c[nH]c3ncc(F)cc23)ncc1F
CHEMBL3421963,4.91,CHEMBL301,12.295,COc1cc(N2CCN(C)CC2)ccc1Nc1cc(-c2c[nH]c3cnccc23)ncn1
CHEMBL3421962,6.24,CHEMBL301,0.577,CN1CCN(c2ccc(Nc3cc(-c4c[nH]c5cnccc45)ncn3)cc2)CC1
CHEMBL3421636,4.48,CHEMBL301,33.215,CN1CCN(c2ccc(Nc3cc(-c4c[nH]c5ccccc45)ncn3)cc2)CC1
CHEMBL3421964,4.85,CHEMBL301,14.06,COc1cc(N2CCN(C(C)=O)CC2)ccc1Nc1cc(-c2c[nH]c3cnccc23)ncn1
CHEMBL3421965,4.83,CHEMBL301,14.789,COc1cc(N2CCN(C(C)=O)CC2)ccc1Nc1cc(-c2cn(C)c3cnccc23)ncn1
CHEMBL3421966,5.7,CHEMBL301,1.995,COc1cc(N2CCN(C(C)=O)CC2)ccc1Nc1nccc(-c2c[nH]c3cnccc23)n1
CHEMBL3421967,5.74,CHEMBL301,1.819,COc1cc(N2CCN(C)CC2)ccc1Nc1nccc(-c2c[nH]c3cnccc23)n1
CHEMBL3421968,5.35,CHEMBL301,4.473,COc1cc(N2CCN(C)CC2)ccc1Nc1nccc(-c2cn(C)c3cnccc23)n1
CHEMBL3421969,4.98,CHEMBL301,10.476,COc1cc(N2CCN(C)CC2)ccc1Nc1nccc(-c2c[nH]c3cnc(C)cc23)n1
CHEMBL3421970,4.76,CHEMBL301,17.368,COc1cc(N2CCN(C)CC2)ccc1Nc1nccc(-c2c[nH]c3c(C)nccc23)n1
CHEMBL3421971,4.86,CHEMBL301,13.713,COc1cc(N2CCN(C)CC2)ccc1Nc1nccc(-c2cn(C)c3c(C)nccc23)n1
CHEMBL3421973,7.7,CHEMBL301,0.02,CN1CCN(c2ccc(Nc3ncc(Cl)c(-c4c[nH]c5cnccc45)n3)cc2)CC1
CHEMBL3421974,4.34,CHEMBL301,45.885,O=C(NC1CCCC1)c1ccc(-c2nccc(-c3c[nH]c4cnccc34)n2)cc1
CHEMBL3421975,4.77,CHEMBL301,16.884,CS(=O)(=O)c1ccc(-c2nccc(-c3c[nH]c4cnccc34)n2)cc1
CHEMBL3421978,5.29,CHEMBL301,5.176,C(=C/c1nccc(-c2c[nH]c3cnccc23)n1)\c1ccccc1
CHEMBL3421979,4.42,CHEMBL301,38.379,Cc1nccc(-c2c[nH]c3cnccc23)n1
CHEMBL3421980,4.25,CHEMBL301,56.703,Cc1nccc(-c2cn(Cc3ccccc3)c3cnccc23)n1
CHEMBL3421981,6.5,CHEMBL301,0.314,c1cc2c(-c3ccnc4[nH]ccc34)c[nH]c2cn1
CHEMBL190281,7.37,CHEMBL301,43.0,O=c1c(Br)cc2cnc(Nc3ccc(N4CCNCC4)cc3)nc2n1C1CCCC1
CHEMBL189937,6.36,CHEMBL301,439.0,Cc1c(Br)c(=O)n(C2CCCC2)c2nc(Nc3ccc(N4CCNCC4)cc3)ncc12
CHEMBL365847,6.64,CHEMBL301,230.0,CC(=O)c1c(C)c2cnc(Nc3ccc(N4CCNCC4)cc3)nc2n(C2CCCC2)c1=O
CHEMBL3616869,4.16,CHEMBL301,69.8,CSc1ccc(/C=N/c2cc([N+](=O)[O-])ccc2O)cc1
CHEMBL3616869,4.24,CHEMBL301,58.15,CSc1ccc(/C=N/c2cc([N+](=O)[O-])ccc2O)cc1
CHEMBL3616869,4.26,CHEMBL301,55.11,CSc1ccc(/C=N/c2cc([N+](=O)[O-])ccc2O)cc1
CHEMBL3616869,4.11,CHEMBL301,78.33,CSc1ccc(/C=N/c2cc([N+](=O)[O-])ccc2O)cc1
CHEMBL3616869,4.28,CHEMBL301,52.12,CSc1ccc(/C=N/c2cc([N+](=O)[O-])ccc2O)cc1
CHEMBL3621496,6.21,CHEMBL301,610.0,CN1CCN(C(=O)c2ccc3c(c2)[nH]c2c(C(N)=O)ccc(-c4ccccc4F)c23)CC1
CHEMBL3621515,5.57,CHEMBL301,2700.0,CC(=O)Nc1cccc(-c2ccc(C(N)=O)c3[nH]c4cc(C(=O)N5CCN(C)CC5)ccc4c23)c1C
CHEMBL285527,4.04,CHEMBL301,91.0,O=S(=O)(O)c1cccc2cccc(Nc3ccccc3)c12
CHEMBL3648110,8.52,CHEMBL301,3.0,C[C@H](O)[C@@H](C)Nc1nc(Nc2ccc(S(=N)(=O)CCO)cc2)ncc1Br
CHEMBL3655774,6.11,CHEMBL301,770.0,CC[C@H](Nc1nc(NCc2ncccc2C)c2ncn(C(C)C)c2n1)[C@@H](C)O
CHEMBL3648126,7.8,CHEMBL301,16.0,CC(C)Nc1nc(Nc2ccc(S(C)(=N)=O)cc2)ncc1Br
CHEMBL3648121,8.05,CHEMBL301,9.0,CCS(=N)(=O)c1ccc(Nc2ncc(Br)c(N[C@@H](COC)[C@H](C)O)n2)cc1
CHEMBL3639469,8.15,CHEMBL301,7.0,Cc1cc(Nc2ncc(Br)c(N[C@H](C)C(C)(C)O)n2)ccc1S(C)(=N)=O
CHEMBL3648128,8.1,CHEMBL301,8.0,CC(C)(O)CSc1nc(Nc2ccc(S(C)(=N)=O)cc2)ncc1Br
CHEMBL3648088,7.38,CHEMBL301,42.0,CCOC(=O)N=S(=O)(CC)c1ccc(Nc2ncc(Br)c(N[C@H](C)C(C)(C)O)n2)cc1
CHEMBL3648123,8.3,CHEMBL301,5.0,CCS(=N)(=O)c1ccc(Nc2ncc(Br)c(N[C@H](C)C(C)(C)O)n2)cc1
CHEMBL3648095,8.4,CHEMBL301,4.0,CCS(=N)(=O)c1ccc(Nc2ncc(Br)c(N[C@H](C)[C@H](C)O)n2)cc1
CHEMBL1922218,7.05,CHEMBL301,90.0,CC[C@@H](Nc1nc(NCc2cccnc2)c2ncn(C(C)C)c2n1)[C@H](C)O
CHEMBL1922120,6.66,CHEMBL301,220.0,CCC(O)[C@@H](CC)Nc1nc(NCc2cccnc2)c2ncn(C(C)C)c2n1
CHEMBL3648124,7.62,CHEMBL301,24.0,CCS(=N)(=O)c1ccc(Nc2ncc(Br)c(N[C@@H](C)C(C)(C)O)n2)cc1
CHEMBL3655763,6.28,CHEMBL301,520.0,CC[C@H](Nc1nc(NCc2ccc(C)nc2)c2ncn(C(C)C)c2n1)[C@@H](C)O
CHEMBL3655762,7.05,CHEMBL301,90.0,CC[C@H](Nc1nc(NCc2cnc(C)cc2C)c2ncn(C(C)C)c2n1)[C@@H](C)O
CHEMBL3648073,8.0,CHEMBL301,10.0,C[C@H](O)[C@@H](C)Oc1nc(Nc2ccc(S(C)(=N)=O)cc2)ncc1Br
CHEMBL3648120,8.05,CHEMBL301,9.0,CCS(=N)(=O)c1ccc(Nc2ncc(Br)c(N[C@H](COC)[C@@H](C)O)n2)cc1
CHEMBL3655770,7.4,CHEMBL301,40.0,CC[C@H](Nc1nc(NCc2ccncc2)c2ncn(C(C)C)c2n1)[C@@H](C)O
CHEMBL3648092,7.72,CHEMBL301,19.0,CCOC(=O)N=S(=O)(CC)c1ccc(Nc2ncc(Br)c(O[C@H](C)[C@H](C)O)n2)cc1
CHEMBL1922121,6.16,CHEMBL301,690.0,CC[C@@H](Nc1nc(NCc2cccnc2)c2ncn(C(C)C)c2n1)C(O)C(C)C
CHEMBL3648089,7.96,CHEMBL301,11.0,CCOC(=O)N=S(=O)(CC)c1ccc(Nc2ncc(Br)c(N[C@H](C)[C@H](C)O)n2)cc1
CHEMBL3655765,6.92,CHEMBL301,120.0,CC[C@H](Nc1nc(NCc2cccc(F)c2)c2ncn(C(C)C)c2n1)[C@@H](C)O
CHEMBL3648110,8.15,CHEMBL301,7.0,C[C@H](O)[C@@H](C)Nc1nc(Nc2ccc(S(=N)(=O)CCO)cc2)ncc1Br
CHEMBL3648094,8.15,CHEMBL301,7.0,CCS(=N)(=O)c1ccc(Nc2ncc(Br)c(N[C@H](COC)[C@H](C)O)n2)cc1
CHEMBL3648084,8.05,CHEMBL301,9.0,CCOC(=O)N=S(C)(=O)c1ccc(Nc2ncc(Br)c(N[C@H](C)C(C)(C)O)n2)cc1
CHEMBL3648072,8.22,CHEMBL301,6.0,C[C@@H](Nc1nc(Nc2ccc(S(C)(=N)=O)cc2)ncc1Br)C(C)(C)O
CHEMBL2148124,6.08,CHEMBL301,840.0,CCN1CCN(Cc2ccc(NC(=O)c3cccc(-c4ccc5nc(NC(=O)C6CC6)sc5n4)c3)cc2C(F)(F)F)CC1
CHEMBL3648091,7.11,CHEMBL301,78.0,CCOC(=O)N=S(C)(=O)c1ccc(Nc2ncc(Br)c(N[C@H](C)[C@H](C)O)n2)cc1C
CHEMBL3648115,8.7,CHEMBL301,2.0,COc1cc(Nc2ncc(Br)c(N[C@H](C)C(C)(C)O)n2)ccc1S(C)(=N)=O
CHEMBL3673435,6.04,CHEMBL301,913.0,COc1cc(F)ccc1-c1ccnc(NC(=O)C2CCC(NC(C)=O)C2)c1
CHEMBL3648112,8.52,CHEMBL301,3.0,COc1cc(Nc2ncc(Br)c(N[C@H](C)[C@H](C)O)n2)ccc1S(C)(=N)=O
CHEMBL3648083,8.15,CHEMBL301,7.0,CN=S(C)(=O)c1ccc(Nc2ncc(Br)c(N[C@H](C)[C@H](C)O)n2)cc1
CHEMBL3648079,7.31,CHEMBL301,49.0,C[C@@H](Nc1nc(Nc2ccc(S(=O)(CC=O)=NS(=O)(=O)CC[Si](C)(C)C)cc2)ncc1Br)C(C)(C)O
CHEMBL3648087,7.55,CHEMBL301,28.0,CCOC(=O)N=S(C)(=O)c1ccc(Nc2ncc(Br)c(N[C@@H](COC)[C@H](C)O)n2)cc1
CHEMBL3655762,7.7,CHEMBL301,20.0,CC[C@H](Nc1nc(NCc2cnc(C)cc2C)c2ncn(C(C)C)c2n1)[C@@H](C)O
CHEMBL3648115,8.22,CHEMBL301,6.0,COc1cc(Nc2ncc(Br)c(N[C@H](C)C(C)(C)O)n2)ccc1S(C)(=N)=O
CHEMBL3648100,7.48,CHEMBL301,33.0,CCC(C)Sc1nc(Nc2ccc(S(C)(=N)=O)cc2)ncc1Br
CHEMBL3648101,7.39,CHEMBL301,41.0,CC(O)CSc1nc(Nc2ccc(S(C)(=N)=O)cc2)ncc1Br
CHEMBL3655775,6.54,CHEMBL301,290.0,CC(C)n1cnc2c(NCc3cccnc3)nc(NC[C@@H](C)O)nc21
CHEMBL3648105,7.57,CHEMBL301,27.0,CCC(Sc1nc(Nc2ccc(S(C)(=N)=O)cc2)ncc1Br)C(C)(C)O
CHEMBL3648078,7.6,CHEMBL301,25.0,C[C@@H](Nc1nc(Nc2ccc(S(=N)(=O)C3CCCC3)cc2)ncc1Br)C(C)(C)O
CHEMBL3655772,7.4,CHEMBL301,40.0,CC[C@H](Nc1nc(NCc2ccc(C(F)(F)F)nc2)c2ncn(C(C)C)c2n1)[C@@H](C)O
CHEMBL3648118,8.4,CHEMBL301,4.0,COC[C@@H](Nc1nc(Nc2ccc(S(C)(=N)=O)cc2)ncc1Br)[C@@H](C)O
CHEMBL1922219,7.52,CHEMBL301,30.0,CC[C@H](Nc1nc(NCc2cccnc2)c2ncn(C(C)C)c2n1)[C@@H](C)O
CHEMBL1922209,6.96,CHEMBL301,110.0,CCC(O)[C@H](CC)Nc1nc(NCc2cccnc2)c2ncn(C(C)C)c2n1
CHEMBL3648122,8.4,CHEMBL301,4.0,CCS(=N)(=O)c1ccc(Nc2ncc(Br)c(N[C@@H](C)[C@H](C)O)n2)cc1
CHEMBL3648096,8.4,CHEMBL301,4.0,Cc1cc(Nc2ncc(Br)c(N[C@H](C)[C@H](C)O)n2)ccc1S(C)(=N)=O
CHEMBL3655764,7.0,CHEMBL301,100.0,CC[C@H](Nc1nc(NCc2cccc(Cl)c2)c2ncn(C(C)C)c2n1)[C@@H](C)O
CHEMBL3655769,6.8,CHEMBL301,160.0,CC[C@H](Nc1nc(NC2CCC2)c2ncn(C(C)C)c2n1)[C@@H](C)O
CHEMBL1922122,6.0,CHEMBL301,1000.0,CC[C@@H](Nc1nc(NCc2cccnc2)c2ncn(C(C)C)c2n1)C(O)C(C)(C)C
CHEMBL3655771,7.3,CHEMBL301,50.0,CC[C@H](Nc1nc(NCc2cc(C)nc(C)c2)c2ncn(C(C)C)c2n1)[C@@H](C)O
CHEMBL1922210,5.96,CHEMBL301,1100.0,CC[C@H](Nc1nc(NCc2cccnc2)c2ncn(C(C)C)c2n1)C(O)C(C)C
CHEMBL3648114,8.22,CHEMBL301,6.0,CN=S(C)(=O)c1ccc(Nc2ncc(Br)c(N[C@H](C)[C@H](C)O)n2)cc1OC
CHEMBL3648082,8.1,CHEMBL301,8.0,COc1cc(Nc2ncc(Br)c(O[C@H](C)[C@H](C)O)n2)ccc1S(C)(=N)=O
CHEMBL3655767,7.3,CHEMBL301,50.0,CC[C@H](Nc1nc(NC2CC2)c2ncn(C(C)C)c2n1)[C@@H](C)O
CHEMBL1922212,7.16,CHEMBL301,70.0,CC[C@H](Nc1nc(NCc2cccnc2)c2ncn(C(C)C)c2n1)C(C)(C)O
CHEMBL3648108,8.4,CHEMBL301,4.0,C[C@H](Nc1nc(Nc2ccc(S(=N)(=O)CCO)cc2)ncc1Br)C(C)(C)O
CHEMBL3655763,5.49,CHEMBL301,3250.0,CC[C@H](Nc1nc(NCc2ccc(C)nc2)c2ncn(C(C)C)c2n1)[C@@H](C)O
CHEMBL1922211,6.41,CHEMBL301,390.0,CC[C@H](Nc1nc(NCc2cccnc2)c2ncn(C(C)C)c2n1)C(O)C(C)(C)C
CHEMBL3655776,6.24,CHEMBL301,570.0,CC(C)n1cnc2c(NCc3cccnc3)nc(NCC(O)C(F)(F)F)nc21
CHEMBL3648093,7.85,CHEMBL301,14.0,CCOC(=O)N=S(C)(=O)c1ccc(Nc2ncc(Br)c(O[C@H](C)[C@H](C)O)n2)cc1
CHEMBL3648127,7.8,CHEMBL301,16.0,CCC(CO)Sc1nc(Nc2ccc(S(C)(=N)=O)cc2)ncc1Br
CHEMBL3639469,8.4,CHEMBL301,4.0,Cc1cc(Nc2ncc(Br)c(N[C@H](C)C(C)(C)O)n2)ccc1S(C)(=N)=O
CHEMBL3648085,7.92,CHEMBL301,12.0,CCOC(=O)N=S(C)(=O)c1ccc(Nc2ncc(Br)c(N[C@H](C)[C@H](C)O)n2)cc1
CHEMBL3648123,7.57,CHEMBL301,27.0,CCS(=N)(=O)c1ccc(Nc2ncc(Br)c(N[C@H](C)C(C)(C)O)n2)cc1
CHEMBL3648071,7.7,CHEMBL301,20.0,C[C@@H](O)[C@@H](C)Nc1nc(Nc2ccc(S(C)(=N)=O)cc2)ncc1Br
CHEMBL3648112,8.4,CHEMBL301,4.0,COc1cc(Nc2ncc(Br)c(N[C@H](C)[C@H](C)O)n2)ccc1S(C)(=N)=O
CHEMBL3673434,6.78,CHEMBL301,168.0,COc1cc(F)ccc1-c1ccnc(NC(=O)[C@H]2CCC[C@@H](NC(C)=O)C2)c1
CHEMBL3655765,7.7,CHEMBL301,20.0,CC[C@H](Nc1nc(NCc2cccc(F)c2)c2ncn(C(C)C)c2n1)[C@@H](C)O
CHEMBL3648102,8.1,CHEMBL301,8.0,CC(O)C(C)Sc1nc(Nc2ccc(S(C)(=N)=O)cc2)ncc1Br
CHEMBL3648098,6.41,CHEMBL301,390.0,C[C@H](CO)Nc1nc(Nc2ccc(S(C)(=O)=NS(=O)(=O)CC[Si](C)(C)C)cc2)ncc1Br
CHEMBL3648086,7.29,CHEMBL301,51.0,CCOC(=O)N=S(=O)(CC)c1ccc(Nc2ncc(Br)c(N[C@@H](COC)[C@H](C)O)n2)cc1
CHEMBL3648111,8.4,CHEMBL301,4.0,COc1cc(Nc2ncc(Br)c(N[C@H](C)[C@@H](C)O)n2)ccc1S(C)(=N)=O
CHEMBL3655764,8.0,CHEMBL301,10.0,CC[C@H](Nc1nc(NCc2cccc(Cl)c2)c2ncn(C(C)C)c2n1)[C@@H](C)O
CHEMBL3648107,8.4,CHEMBL301,4.0,C[C@@H](Nc1nc(Nc2ccc(S(=N)(=O)CCO)cc2)ncc1Br)C(C)(C)O
CHEMBL3648110,8.22,CHEMBL301,6.0,C[C@H](O)[C@@H](C)Nc1nc(Nc2ccc(S(=N)(=O)CCO)cc2)ncc1Br
CHEMBL3648080,6.89,CHEMBL301,130.0,C[C@H](O)[C@@H](C)Nc1nc(Nc2ccc(S(=O)(CC=O)=NS(=O)(=O)CC[Si](C)(C)C)cc2)ncc1Br
CHEMBL3648119,8.22,CHEMBL301,6.0,COC[C@H](Nc1nc(Nc2ccc(S(C)(=N)=O)cc2)ncc1Br)[C@H](C)O
CHEMBL3648076,8.4,CHEMBL301,4.0,C[C@@H](Nc1nc(Nc2ccc(S(=N)(=O)CC3CC3)cc2)ncc1Br)C(C)(C)O
CHEMBL3648081,7.27,CHEMBL301,54.0,C[C@H](O)[C@@H](C)Oc1nc(Nc2ccc(S(=O)(CCO)=NS(=O)(=O)CC[Si](C)(C)C)cc2)ncc1Br
CHEMBL3648125,8.15,CHEMBL301,7.0,Cc1cc(Nc2ncc(Br)c(N[C@@H](C)C(C)(C)O)n2)ccc1S(C)(=N)=O
CHEMBL3655768,7.4,CHEMBL301,40.0,CC[C@H](Nc1nc(NCC2CC2)c2ncn(C(C)C)c2n1)[C@@H](C)O
CHEMBL3648104,7.96,CHEMBL301,11.0,CC(Sc1nc(Nc2ccc(S(C)(=N)=O)cc2)ncc1Br)C(C)(C)O
CHEMBL3648128,8.1,CHEMBL301,8.0,CC(C)(O)CSc1nc(Nc2ccc(S(C)(=N)=O)cc2)ncc1Br
CHEMBL3655777,7.05,CHEMBL301,90.0,CCC(Nc1nc(NCc2cccnc2)c2ncn(C(C)C)c2n1)C(O)C(F)(F)F
CHEMBL3648113,8.4,CHEMBL301,4.0,CN=S(C)(=O)c1ccc(Nc2ncc(Br)c(N[C@H](C)[C@@H](C)O)n2)cc1OC
CHEMBL1922123,6.7,CHEMBL301,200.0,CC[C@@H](Nc1nc(NCc2cccnc2)c2ncn(C(C)C)c2n1)C(C)(C)O
CHEMBL3648106,8.4,CHEMBL301,4.0,CC(CO)Sc1nc(Nc2ccc(S(C)(=N)=O)cc2)ncc1Br
CHEMBL3648090,7.32,CHEMBL301,48.0,CCOC(=O)N=S(C)(=O)c1ccc(Nc2ncc(Br)c(N[C@H](C)C(C)(C)O)n2)cc1C
CHEMBL3655766,6.08,CHEMBL301,830.0,CC[C@H](Nc1nc(NCc2cccnc2)c2ncn(CC3CC3)c2n1)[C@@H](C)O
CHEMBL3648116,8.7,CHEMBL301,2.0,C[C@H](Nc1nc(Nc2ccc(S(C)(=N)=O)cc2)ncc1Br)C(C)(C)O
CHEMBL3648074,8.1,CHEMBL301,8.0,C[C@@H](Nc1nc(Nc2ccc(S(=N)(=O)C3CC3)cc2)ncc1Br)C(C)(C)O
CHEMBL3655773,7.3,CHEMBL301,50.0,CC[C@H](Nc1nc(NCc2cccc(C)n2)c2ncn(C(C)C)c2n1)[C@@H](C)O
CHEMBL3648103,7.75,CHEMBL301,18.0,CCC(Sc1nc(Nc2ccc(S(C)(=N)=O)cc2)ncc1Br)C(C)O
CHEMBL3648117,8.7,CHEMBL301,2.0,C[C@H](O)[C@@H](C)Nc1nc(Nc2ccc(S(C)(=N)=O)cc2)ncc1Br
CHEMBL3648097,7.2,CHEMBL301,63.0,CCOc1nc(Nc2ccc(S(=N)(=O)CC)cc2)ncc1Br
CHEMBL3648109,8.52,CHEMBL301,3.0,C[C@@H](O)[C@@H](C)Nc1nc(Nc2ccc(S(=N)(=O)CCO)cc2)ncc1Br
CHEMBL228862,4.21,CHEMBL301,62.0,c1ccc(CNc2ncnc3[nH]cnc23)cc1
CHEMBL476189,4.46,CHEMBL301,35.0,CC(C)=CCNc1ncnc2[nH]cnc12
CHEMBL3787112,6.39,CHEMBL301,0.41,Nc1ncnc2c1c(-c1cccc(O)c1)cn2[C@H]1C[C@@H](CN2CCC2)C1
CHEMBL3797559,4.6,CHEMBL301,25.0,Nc1ncccc1-c1nc2ccccc2[nH]1
CHEMBL3799935,5.89,CHEMBL301,1.3,Nc1ncc(-c2ccccc2)cc1-c1nc2ccccc2[nH]1
CHEMBL3797574,5.24,CHEMBL301,5.7,CN(C)C(=O)c1cccc(-c2cnc(N)c(-c3nc4ccccc4[nH]3)c2)c1
CHEMBL3797828,5.4,CHEMBL301,4.0,CN(C)C(=O)c1cccc(-c2cnc(N)c(-c3nc4cccc(N5CCNCC5)c4[nH]3)c2)c1
CHEMBL3798066,4.96,CHEMBL301,11.0,CN(C)C(=O)c1cccc(-c2cnc(N)c(-c3nc4cccc(N5CCNCC5)c4[nH]3)n2)c1
CHEMBL3798762,5.85,CHEMBL301,1.4,CN(C)C(=O)c1cccc(-c2cnc(N)c(-c3nc4cccc(N5CCNCC5)c4n3C)n2)c1
CHEMBL3797873,5.47,CHEMBL301,3.4,C[C@H]1CN(c2cccc3nc(-c4nc(-c5cccc(C(=O)N(C)C)c5)cnc4N)n(C)c23)CCN1
CHEMBL428690,6.77,CHEMBL301,0.17,CN1CC[C@H](c2c(O)cc(O)c3c(=O)cc(-c4ccccc4Cl)oc23)[C@H](O)C1
CHEMBL388978,8.59,CHEMBL301,2.6,CN[C@@H]1C[C@H]2O[C@@](C)([C@@H]1OC)n1c3ccccc3c3c4c(c5c6ccccc6n2c5c31)C(=O)NC4
CHEMBL3823297,5.99,CHEMBL301,1.03,COc1cc(N2CCN(C(C)=O)CC2)ccc1Nc1ncc(Cl)c(-c2cnn3ccccc23)n1
CHEMBL3823659,7.6,CHEMBL301,0.025,CC(=O)N1CCC(n2cc(Nc3ncc(Cl)c(-c4cnc5ccccn45)n3)cn2)CC1
CHEMBL3822858,6.31,CHEMBL301,0.494,COc1nn(C2CCN(C(C)=O)CC2)cc1Nc1ncc(Cl)c(-c2cnc3ccccn23)n1
CHEMBL3823278,6.87,CHEMBL301,0.135,CC(=O)N1CCC(n2cc(Nc3ncc(Cl)c(-c4cnc5ccccn45)n3)c(C)n2)CC1
CHEMBL3823007,6.41,CHEMBL301,0.392,Cc1nn(C2CCNCC2)cc1Nc1ncc(Cl)c(-c2cnc3ccccn23)n1
CHEMBL3822583,6.63,CHEMBL301,0.232,CC(=O)N1CCC(n2ncc(Nc3ncc(Cl)c(-c4cnc5ccccn45)n3)c2C)CC1
CHEMBL3822543,6.41,CHEMBL301,0.392,Cc1c(Nc2ncc(Cl)c(-c3cnc4ccccn34)n2)cnn1C1CCNCC1
CHEMBL3823929,5.78,CHEMBL301,1.68,CC(=O)N1CCC(n2nc(C)c(Nc3ncc(Cl)c(-c4cnc5ccccn45)n3)c2C)CC1
CHEMBL3823522,6.44,CHEMBL301,0.361,COc1nn(C2CCN(C(C)=O)CC2)cc1Nc1ncc(Cl)c(-c2cnn3ccccc23)n1
CHEMBL3822989,7.2,CHEMBL301,0.063,CC(=O)N1CCC(n2cc(Nc3ncc(Cl)c(-c4cnn5ccccc45)n3)c(C)n2)CC1
CHEMBL3823301,6.59,CHEMBL301,0.254,CC(=O)N1CCC(n2ncc(Nc3ncc(Cl)c(-c4cnn5ccccc45)n3)c2C)CC1
CHEMBL3824296,5.82,CHEMBL301,1.52,Cc1nn(C2CCNCC2)c(C)c1Nc1ncc(Cl)c(-c2cnn3ccccc23)n1
CHEMBL3823914,5.86,CHEMBL301,1.38,CC(=O)N1CCC(n2nc(C)c(Nc3ncc(Cl)c(-c4cnn5ccccc45)n3)c2C)CC1
CHEMBL3822943,6.26,CHEMBL301,0.545,CCOc1nn(C2CCN(C(C)=O)CC2)cc1Nc1ncc(Cl)c(-c2cnn3ccccc23)n1
CHEMBL3822619,6.95,CHEMBL301,0.113,CCc1nn(C2CCN(C(C)=O)CC2)cc1Nc1ncc(Cl)c(-c2cnn3ccccc23)n1
CHEMBL3822962,6.08,CHEMBL301,0.832,CCc1c(Nc2ncc(Cl)c(-c3cnn4ccccc34)n2)cnn1C1CCN(C(C)=O)CC1
CHEMBL3823030,6.16,CHEMBL301,0.7,Cc1nn(C2CCN(C(=O)[C@@H](C)O)CC2)c(C)c1Nc1ncc(Cl)c(-c2cnn3ccccc23)n1
CHEMBL393525,6.27,CHEMBL301,540.0,Cc1ccc([N+](=O)[O-])cc1S(=O)(=O)N(C)/N=C/c1cnc2ccc(Br)cn12
CHEMBL2103840,9.0,CHEMBL301,1.0,CCc1cnn2c(NCc3ccc[n+]([O-])c3)cc(N3CCCC[C@H]3CCO)nc12
CHEMBL1944698,8.52,CHEMBL301,3.0,CN1C/C=C/CCOc2cccc(c2)-c2ccnc(n2)Nc2cccc(c2)C1
CHEMBL3932121,6.83,CHEMBL301,149.0,Cc1c(-c2ccnc(Nc3ccc(N4CCNCC4)cc3)n2)sc(=O)n1C
CHEMBL298445,8.7,CHEMBL301,2.0,Cc1nc(N)sc1-c1ccnc(Nc2cccc([N+](=O)[O-])c2)n1
CHEMBL411491,7.22,CHEMBL301,60.0,NS(=O)(=O)c1ccc(N/N=C2\C(=O)Nc3ccc(Br)cc32)cc1
CHEMBL3884319,6.22,CHEMBL301,605.0,CC1(C)C(=O)N([C@H]2CCc3c(O)cccc32)c2nc(Nc3ccccc3)ncc21
CHEMBL2103840,9.0,CHEMBL301,1.0,CCc1cnn2c(NCc3ccc[n+]([O-])c3)cc(N3CCCC[C@H]3CCO)nc12
CHEMBL3940661,7.48,CHEMBL301,33.0,CS(=N)(=O)c1ccc(Nc2ncc(Br)c(Nc3ccccc3)n2)cc1
CHEMBL3644032,8.22,CHEMBL301,6.0,C[C@@H](O)[C@@H](C)Oc1nc(Nc2ccc(S(=O)(=O)C3CC3)cc2)ncc1C(F)(F)F
CHEMBL3644033,8.4,CHEMBL301,4.0,C[C@@H](O)[C@@H](C)Oc1nc(Nc2ccc(S(C)(=O)=O)cc2)ncc1C(F)(F)F
CHEMBL3644034,8.1,CHEMBL301,8.0,C[C@@H](Oc1nc(Nc2ccc(S(C)(=O)=O)cc2)ncc1C(F)(F)F)C(C)(C)O
CHEMBL3701062,5.82,CHEMBL301,1500.0,Cc1nccc(-c2ccc(C(=O)N3CCOCC3)c(Cl)c2)c1C#Cc1ccc(N)nc1
CHEMBL3701063,5.41,CHEMBL301,3900.0,Cc1nccc(-c2ccc(C(=O)N(C)C)c(Cl)c2)c1C#Cc1ccc(N)nc1
CHEMBL3701062,5.66,CHEMBL301,2200.0,Cc1nccc(-c2ccc(C(=O)N3CCOCC3)c(Cl)c2)c1C#Cc1ccc(N)nc1
CHEMBL3701063,5.36,CHEMBL301,4400.0,Cc1nccc(-c2ccc(C(=O)N(C)C)c(Cl)c2)c1C#Cc1ccc(N)nc1
CHEMBL401377,7.7,CHEMBL301,20.0,Brc1cnn2c(NCc3ccncc3)cc(-c3ccccc3)nc12
CHEMBL401377,7.54,CHEMBL301,29.0,Brc1cnn2c(NCc3ccncc3)cc(-c3ccccc3)nc12
CHEMBL3642646,7.5,CHEMBL301,32.0,Fc1ccccc1-c1cc(NCc2ccncc2)n2ncc(Br)c2n1
CHEMBL3642646,7.62,CHEMBL301,24.0,Fc1ccccc1-c1cc(NCc2ccncc2)n2ncc(Br)c2n1
CHEMBL3642647,7.96,CHEMBL301,11.0,Fc1ccccc1-c1cc(NCc2cccnc2)n2ncc(Br)c2n1
CHEMBL3642648,7.68,CHEMBL301,21.0,Fc1ccccc1-c1cc(NCc2cccnc2)n2ncc(Cl)c2n1
CHEMBL401303,8.52,CHEMBL301,3.0,Clc1ccccc1-c1cc(NCc2cccnc2)n2ncc(Br)c2n1
CHEMBL3642649,7.19,CHEMBL301,64.0,Fc1ccccc1-c1cc(NCc2ccncc2)n2ncc(Cl)c2n1
CHEMBL3642649,7.54,CHEMBL301,29.0,Fc1ccccc1-c1cc(NCc2ccncc2)n2ncc(Cl)c2n1
CHEMBL3642650,8.0,CHEMBL301,10.0,Clc1ccccc1-c1cc(NCc2ccncc2)n2ncc(Br)c2n1
CHEMBL3642650,8.22,CHEMBL301,6.0,Clc1ccccc1-c1cc(NCc2ccncc2)n2ncc(Br)c2n1
CHEMBL3642651,7.38,CHEMBL301,42.0,CC(C)c1cc(NCc2ccncc2)n2ncc(Br)c2n1
CHEMBL3642652,6.77,CHEMBL301,170.0,CC(C)(C)c1cc(NCc2ccncc2)n2ncc(Br)c2n1
CHEMBL3642653,6.21,CHEMBL301,620.0,N#Cc1cnn2c(NCc3ccncc3)cc(-c3ccccc3)nc12
CHEMBL3642654,5.25,CHEMBL301,5600.0,CN1CCN(c2cc(NCc3cccnc3)n3nccc3n2)CC1
CHEMBL3642655,6.85,CHEMBL301,140.0,CN1CCN(c2cc(NCc3cccnc3)n3ncc(Br)c3n2)CC1
CHEMBL3644032,7.8,CHEMBL301,16.0,C[C@@H](O)[C@@H](C)Oc1nc(Nc2ccc(S(=O)(=O)C3CC3)cc2)ncc1C(F)(F)F
CHEMBL3644033,8.1,CHEMBL301,8.0,C[C@@H](O)[C@@H](C)Oc1nc(Nc2ccc(S(C)(=O)=O)cc2)ncc1C(F)(F)F
CHEMBL3644034,7.92,CHEMBL301,12.0,C[C@@H](Oc1nc(Nc2ccc(S(C)(=O)=O)cc2)ncc1C(F)(F)F)C(C)(C)O
CHEMBL3644019,7.68,CHEMBL301,21.0,C[C@@H](Oc1nc(Nc2ccc(S(=O)(=O)C3CC3)cc2)ncc1C(F)(F)F)C(C)(C)O
CHEMBL3644020,7.44,CHEMBL301,36.0,C[C@@H](O)[C@@H](C)Oc1nc(Nc2ccc(S(=O)(=O)c3ccccc3)cc2)ncc1C(F)(F)F
CHEMBL3644021,7.92,CHEMBL301,12.0,C[C@@H](O)[C@@H](C)Oc1nc(Nc2ccc(S(=O)(=O)C(F)F)cc2)ncc1C(F)(F)F
CHEMBL3644022,7.68,CHEMBL301,21.0,C[C@@H](O)[C@@H](C)Oc1nc(Nc2ccc(S(=O)(=O)C3CCCC3)cc2)ncc1C(F)(F)F
CHEMBL3644023,7.96,CHEMBL301,11.0,C=CCS(=O)(=O)c1ccc(Nc2ncc(C(F)(F)F)c(O[C@H](C)C(C)(C)O)n2)cc1
CHEMBL3644024,8.22,CHEMBL301,6.0,CC(C)S(=O)(=O)c1ccc(Nc2ncc(C(F)(F)F)c(O[C@H](C)[C@@H](C)O)n2)cc1
CHEMBL3644025,7.37,CHEMBL301,43.0,C#CCS(=O)(=O)c1ccc(Nc2ncc(C(F)(F)F)c(O[C@H](C)C(C)(C)O)n2)cc1
CHEMBL3644026,8.52,CHEMBL301,3.0,C[C@@H](O)[C@@H](C)Oc1nc(Nc2ccc(S(=O)(=O)CCO)cc2)ncc1C(F)(F)F
CHEMBL3644027,7.92,CHEMBL301,12.0,COC[C@@H](C)Oc1nc(Nc2ccc(S(C)(=O)=O)cc2)ncc1C(F)(F)F
CHEMBL3644028,7.6,CHEMBL301,25.0,C#CCOc1nc(Nc2ccc(S(C)(=O)=O)cc2)ncc1C(F)(F)F
CHEMBL3644029,7.03,CHEMBL301,94.0,CS(=O)(=O)c1ccc(Nc2ncc(C(F)(F)F)c(OCCC(F)(F)F)n2)cc1
CHEMBL3644030,7.31,CHEMBL301,49.0,C=CCOc1nc(Nc2ccc(S(C)(=O)=O)cc2)ncc1C(F)(F)F
CHEMBL3644031,6.32,CHEMBL301,480.0,CS(=O)(=O)c1ccc(Nc2ncc(C(F)(F)F)c(OC3CCCCC3)n2)cc1
CHEMBL3654239,5.1,CHEMBL301,8000.0,CN(C)C(=O)c1cc2cnc(Nc3ccc(N4CCCNCC4)cn3)nc2n1C1CCCC1
CHEMBL3654242,4.85,CHEMBL301,14000.0,CN(C)C(=O)c1cc2cnc(Nc3ccc(CN4CC(O)C4)cn3)nc2n1C1CCCC1
CHEMBL3658028,5.33,CHEMBL301,4700.0,CN(C)C(=O)c1cc2cnc(Nc3ccc(C(=O)N(C)CCN)cn3)nc2n1C1CCCC1
CHEMBL3658023,5.54,CHEMBL301,2900.0,CN(C)C(=O)c1cc2cnc(Nc3ccc(N4CCC(CCO)CC4)cn3)nc2n1C1CCCC1
CHEMBL3658032,4.7,CHEMBL301,20000.0,CN(C)C(=O)c1cc2cnc(Nc3ccc(N4CCN(C(=O)OC(C)(C)C)CC4)nn3)nc2n1C1CCCC1
CHEMBL3658034,5.08,CHEMBL301,8300.0,CN(C)C1CCN(c2ccc(Nc3ncc4cc(C#N)n(C5CCCC5)c4n3)nc2)CC1
CHEMBL3654243,5.46,CHEMBL301,3500.0,c1ncc(-c2cc3cnc(Nc4ccc(N5CCNCC5)cn4)nc3n2C2CCCC2)o1
CHEMBL3654250,5.55,CHEMBL301,2800.0,c1ncc(-c2cc3cnc(Nc4ccc(CN5CCNCC5)cn4)nc3n2C2CCCC2)o1
CHEMBL3545110,4.12,CHEMBL301,76000.0,CN(C)C(=O)c1cc2cnc(Nc3ccc(N4CCNCC4)cn3)nc2n1C1CCCC1
CHEMBL3906489,6.11,CHEMBL301,780.0,CCOC(=O)N=S(C)(=O)Cc1cccc(Nc2ncc(F)c(-c3ccc(F)cc3OC)n2)c1
CHEMBL3965161,5.96,CHEMBL301,1100.0,COc1cc(F)ccc1-c1nc(Nc2cccc(CS(C)(=N)=O)c2)ncc1F
CHEMBL3900262,5.96,CHEMBL301,1100.0,CCOC(=O)N=S(C)(=O)Cc1cccc(Nc2ncc(F)c(-c3ccc(F)cc3OCc3ccccc3)n2)c1
CHEMBL3927078,6.07,CHEMBL301,850.0,CS(=N)(=O)Cc1cccc(Nc2ncc(F)c(-c3ccc(F)cc3OCc3ccccc3)n2)c1
CHEMBL3949057,6.48,CHEMBL301,330.0,CCOC(=O)N=S(C)(=O)Cc1cccc(Nc2ncc(F)c(-c3cccc4c3OCCC4)n2)c1
CHEMBL3978185,6.57,CHEMBL301,270.0,CS(=N)(=O)Cc1cccc(Nc2ncc(F)c(-c3cccc4c3OCCC4)n2)c1
CHEMBL3892285,4.7,CHEMBL301,20000.0,CS(=O)(Cc1cccc(Nc2ncc(F)c(-c3ccc(F)cc3OCc3ccccc3)n2)c1)=NC#N
CHEMBL3916775,6.37,CHEMBL301,430.0,CNC(=O)N=S(C)(=O)Cc1cccc(Nc2ncc(F)c(-c3ccc(F)cc3OC)n2)c1
CHEMBL3934755,6.25,CHEMBL301,560.0,CCOC(=O)N=S(C)(=O)Cc1cc(F)cc(Nc2ncc(F)c(-c3ccc(F)cc3OC)n2)c1
CHEMBL3962241,6.66,CHEMBL301,220.0,COc1cc(F)ccc1-c1nc(Nc2cc(F)cc(CS(C)(=N)=O)c2)ncc1F
CHEMBL3965161,6.33,CHEMBL301,470.0,COc1cc(F)ccc1-c1nc(Nc2cccc(CS(C)(=N)=O)c2)ncc1F
CHEMBL3965161,6.27,CHEMBL301,540.0,COc1cc(F)ccc1-c1nc(Nc2cccc(CS(C)(=N)=O)c2)ncc1F
CHEMBL3927078,6.55,CHEMBL301,280.0,CS(=N)(=O)Cc1cccc(Nc2ncc(F)c(-c3ccc(F)cc3OCc3ccccc3)n2)c1
CHEMBL3927078,6.32,CHEMBL301,480.0,CS(=N)(=O)Cc1cccc(Nc2ncc(F)c(-c3ccc(F)cc3OCc3ccccc3)n2)c1
CHEMBL3962241,6.5,CHEMBL301,320.0,COc1cc(F)ccc1-c1nc(Nc2cc(F)cc(CS(C)(=N)=O)c2)ncc1F
CHEMBL3962241,6.51,CHEMBL301,310.0,COc1cc(F)ccc1-c1nc(Nc2cc(F)cc(CS(C)(=N)=O)c2)ncc1F
CHEMBL3960348,6.62,CHEMBL301,240.0,COc1cc(F)ccc1-c1nc(Nc2cccc(CS(C)(=O)=NC#N)c2)ncc1F
CHEMBL3960348,6.48,CHEMBL301,330.0,COc1cc(F)ccc1-c1nc(Nc2cccc(CS(C)(=O)=NC#N)c2)ncc1F
CHEMBL3960348,6.24,CHEMBL301,570.0,COc1cc(F)ccc1-c1nc(Nc2cccc(CS(C)(=O)=NC#N)c2)ncc1F
CHEMBL3959283,6.77,CHEMBL301,170.0,CCS(=O)(Cc1cccc(Nc2ncc(F)c(-c3ccc(F)cc3OC)n2)c1)=NC#N
CHEMBL3976450,6.42,CHEMBL301,380.0,CCS(=N)(=O)Cc1cccc(Nc2ncc(F)c(-c3ccc(F)cc3OC)n2)c1
CHEMBL3976450,6.39,CHEMBL301,410.0,CCS(=N)(=O)Cc1cccc(Nc2ncc(F)c(-c3ccc(F)cc3OC)n2)c1
CHEMBL3976450,6.46,CHEMBL301,350.0,CCS(=N)(=O)Cc1cccc(Nc2ncc(F)c(-c3ccc(F)cc3OC)n2)c1
CHEMBL3973367,7.14,CHEMBL301,73.0,COc1cc(F)ccc1-c1nc(Nc2cc(F)c(F)c(CS(C)(=O)=NC#N)c2)ncc1F
CHEMBL3897217,6.77,CHEMBL301,170.0,COc1cc(F)ccc1-c1nc(Nc2cc(F)c(F)c(CS(C)(=N)=O)c2)ncc1F
CHEMBL3897217,6.68,CHEMBL301,210.0,COc1cc(F)ccc1-c1nc(Nc2cc(F)c(F)c(CS(C)(=N)=O)c2)ncc1F
CHEMBL3897217,6.75,CHEMBL301,180.0,COc1cc(F)ccc1-c1nc(Nc2cc(F)c(F)c(CS(C)(=N)=O)c2)ncc1F
CHEMBL3919796,6.92,CHEMBL301,120.0,COc1cc(F)ccc1-c1nc(Nc2cc(Br)cc(CS(C)(=O)=NC#N)c2)ncc1F
CHEMBL3946675,7.07,CHEMBL301,86.0,COc1cc(F)ccc1-c1nc(Nc2cc(Br)cc(CS(C)(=N)=O)c2)ncc1F
CHEMBL3946675,6.96,CHEMBL301,110.0,COc1cc(F)ccc1-c1nc(Nc2cc(Br)cc(CS(C)(=N)=O)c2)ncc1F
CHEMBL3946675,6.92,CHEMBL301,120.0,COc1cc(F)ccc1-c1nc(Nc2cc(Br)cc(CS(C)(=N)=O)c2)ncc1F
CHEMBL3934141,6.89,CHEMBL301,130.0,COc1cc(CS(C)(=O)=NC#N)cc(Nc2ncc(F)c(-c3ccc(F)cc3OC)n2)c1
CHEMBL3960677,6.82,CHEMBL301,150.0,COc1cc(CS(C)(=N)=O)cc(Nc2ncc(F)c(-c3ccc(F)cc3OC)n2)c1
CHEMBL3960677,6.68,CHEMBL301,210.0,COc1cc(CS(C)(=N)=O)cc(Nc2ncc(F)c(-c3ccc(F)cc3OC)n2)c1
CHEMBL3960677,6.72,CHEMBL301,190.0,COc1cc(CS(C)(=N)=O)cc(Nc2ncc(F)c(-c3ccc(F)cc3OC)n2)c1
CHEMBL3923419,6.54,CHEMBL301,290.0,CCOc1cc(F)ccc1-c1nc(Nc2cc(F)cc(CS(C)(=O)=NC#N)c2)ncc1F
CHEMBL3959867,6.29,CHEMBL301,510.0,CCOc1cc(F)ccc1-c1nc(Nc2cc(F)cc(CS(C)(=N)=O)c2)ncc1F
CHEMBL3959867,6.58,CHEMBL301,260.0,CCOc1cc(F)ccc1-c1nc(Nc2cc(F)cc(CS(C)(=N)=O)c2)ncc1F
CHEMBL3959867,6.62,CHEMBL301,240.0,CCOc1cc(F)ccc1-c1nc(Nc2cc(F)cc(CS(C)(=N)=O)c2)ncc1F
CHEMBL3937866,6.7,CHEMBL301,200.0,COc1cc(F)ccc1-c1nc(Nc2cc(CS(C)(=O)=NC#N)cc(C(F)(F)F)c2)ncc1F
CHEMBL3905335,6.75,CHEMBL301,180.0,COc1cc(F)ccc1-c1nc(Nc2cc(CS(C)(=N)=O)cc(C(F)(F)F)c2)ncc1F
CHEMBL3979266,6.8,CHEMBL301,160.0,CCS(=O)(Cc1cc(F)cc(Nc2ncc(F)c(-c3ccc(F)cc3OC)n2)c1)=NC#N
CHEMBL3917892,6.54,CHEMBL301,290.0,CCS(=N)(=O)Cc1cc(F)cc(Nc2ncc(F)c(-c3ccc(F)cc3OC)n2)c1
CHEMBL3917892,6.66,CHEMBL301,220.0,CCS(=N)(=O)Cc1cc(F)cc(Nc2ncc(F)c(-c3ccc(F)cc3OC)n2)c1
CHEMBL3917892,6.6,CHEMBL301,250.0,CCS(=N)(=O)Cc1cc(F)cc(Nc2ncc(F)c(-c3ccc(F)cc3OC)n2)c1
CHEMBL3984385,6.2,CHEMBL301,630.0,COc1cc(F)ccc1-c1nc(Nc2cc(CS(C)(=O)=NC#N)cc(C(F)(F)C(F)(F)F)c2)ncc1F
CHEMBL3912866,6.64,CHEMBL301,230.0,COc1cc(F)ccc1-c1nc(Nc2cc(CS(C)(=N)=O)cc(C(F)(F)C(F)(F)F)c2)ncc1F
CHEMBL3944304,6.66,CHEMBL301,220.0,COc1cc(F)ccc1-c1nc(Nc2cccc(CS(=O)(=NC#N)C3CC3)c2)ncc1F
CHEMBL3921855,6.39,CHEMBL301,410.0,COc1cc(F)ccc1-c1nc(Nc2cccc(CS(=N)(=O)C3CC3)c2)ncc1F
CHEMBL3949630,6.6,CHEMBL301,250.0,COc1cc(F)ccc1-c1nc(Nc2cc(F)cc(CS(=O)(=NC#N)C3CC3)c2)ncc1F
CHEMBL3934257,6.39,CHEMBL301,410.0,COc1cc(F)ccc1-c1nc(Nc2cc(F)cc(CS(=N)(=O)C3CC3)c2)ncc1F
CHEMBL3934257,6.24,CHEMBL301,580.0,COc1cc(F)ccc1-c1nc(Nc2cc(F)cc(CS(=N)(=O)C3CC3)c2)ncc1F
CHEMBL3934257,6.42,CHEMBL301,380.0,COc1cc(F)ccc1-c1nc(Nc2cc(F)cc(CS(=N)(=O)C3CC3)c2)ncc1F
CHEMBL3972796,6.46,CHEMBL301,350.0,CCOC(=O)N=S(C)(=O)Cc1cccc(Nc2ncc(F)c(-c3cccc4c3OCC4)n2)c1
CHEMBL3892881,6.11,CHEMBL301,770.0,CS(=N)(=O)Cc1cccc(Nc2ncc(F)c(-c3ccc(F)cc3OCc3ccc(F)cc3)n2)c1
CHEMBL3967588,6.8,CHEMBL301,160.0,COc1cc(F)ccc1-c1nc(Nc2cc(Cl)cc(CS(C)(=O)=NC#N)c2)ncc1F
CHEMBL3981911,6.75,CHEMBL301,180.0,COc1cc(F)ccc1-c1nc(Nc2cc(Cl)cc(CS(C)(=N)=O)c2)ncc1F
CHEMBL3953160,6.66,CHEMBL301,220.0,COc1cc(F)ccc1-c1nc(Nc2cc(C)cc(CS(C)(=O)=NC#N)c2)ncc1F
CHEMBL3932396,6.48,CHEMBL301,330.0,COCCOC(=O)N=S(C)(=O)Cc1cc(F)cc(Nc2ncc(F)c(-c3ccc(F)cc3OC)n2)c1
CHEMBL3736216,4.44,CHEMBL301,36000.0,COc1ccc2[nH]nc(C(=O)NCC3CCN(CCc4ccc(O)cc4)CC3)c2c1
CHEMBL3929399,5.2,CHEMBL301,6350.0,C[C@H](O)CN1CCN(c2ccc(Nc3ncc4cc5n(c4n3)C3(CCCCC3)CNC5=O)nc2)CC1
CHEMBL3917699,5.52,CHEMBL301,3040.0,C[C@H]1CN(c2ccc(Nc3ncc4cc5n(c4n3)C3(CCCCC3)CNC5=O)nc2)CCN1CC1CC1
CHEMBL3955667,5.72,CHEMBL301,1920.0,C[C@H](O)CN1CCN(c2ccc(Nc3ncc4cc5n(c4n3)C3(CCCCC3)CNC5=O)nc2)C[C@@H]1C
CHEMBL3973056,5.46,CHEMBL301,3480.0,CN1CCN(c2ccc(Nc3ncc4cc5n(c4n3)C3(CCCCC3)CNC5=O)nc2)CC1(C)C
CHEMBL3943554,6.16,CHEMBL301,695.0,CC(C)C1CN(c2ccc(Nc3ncc4cc5n(c4n3)C3(CCCCC3)CNC5=O)nc2)CCN1
CHEMBL3967732,6.2,CHEMBL301,628.0,O=C1NCC2(CCCCC2)n2c1cc1cnc(Nc3ccc(N4CCN(C5CCC5)CC4)cn3)nc12
CHEMBL3934575,5.59,CHEMBL301,2580.0,CC1CN(c2ccc(Nc3ncc4cc5n(c4n3)C3(CCCCC3)CNC5=O)nc2)CCN1CCC(C)(C)C
CHEMBL3956661,5.82,CHEMBL301,1520.0,CC1(C)CN(c2ccc(Nc3ncc4cc5n(c4n3)C3(CCCCC3)CNC5=O)nc2)CCN1CC1CC1
CHEMBL3929122,5.67,CHEMBL301,2120.0,CC1(C)CN(c2ccc(Nc3ncc4cc5n(c4n3)C3(CCCCC3)CNC5=O)nc2)CCN1
CHEMBL4113081,5.29,CHEMBL301,5110.0,C[C@@H]1CN(c2ccc(Nc3ncc4cc5n(c4n3)C3(CCCCC3)CNC5=O)nc2)CCN1C[C@@H](C)O
CHEMBL3920205,5.97,CHEMBL301,1070.0,CC1CCN(C2CCN(c3ccc(Nc4ncc5cc6n(c5n4)C4(CCCCC4)CNC6=O)nc3)CC2)C1
CHEMBL4109276,5.34,CHEMBL301,4530.0,CC(C)N1CCN(c2ccc(Nc3ncc4cc5n(c4n3)C3(CCCCC3)CNC5=O)nc2)C[C@H]1C
CHEMBL3981462,5.64,CHEMBL301,2280.0,C[C@H]1CN(c2ccc(Nc3ncc4cc5n(c4n3)C3(CCCCC3)CNC5=O)nc2)CCN1CCC(C)(C)C
CHEMBL3915889,5.82,CHEMBL301,1500.0,O=C1NCC2(CCCCC2)n2c1cc1cnc(Nc3ccc(N4CCC(N5CCCCC5)CC4)cn3)nc12
CHEMBL3943841,4.38,CHEMBL301,41410.0,CN(C)C1CCN(c2ccc(Nc3ncc4cc5n(c4n3)C3(CCCCC3)CNC5=O)nc2)CC1
CHEMBL3906916,5.45,CHEMBL301,3560.0,C[C@@H]1CN(c2ccc(Nc3ncc4cc5n(c4n3)C3(CCCCC3)CNC5=O)nc2)C[C@H](C)N1
CHEMBL3890528,5.97,CHEMBL301,1080.0,O=C1NCC2(CCCCC2)n2c1cc1cnc(Nc3ccc(N4CCNCC4)cn3)nc12
CHEMBL3901454,5.72,CHEMBL301,1920.0,C[C@H]1CN(c2ccc(Nc3ncc4cc5n(c4n3)C3(CCCCC3)CNC5=O)nc2)CCN1C
CHEMBL4115060,5.9,CHEMBL301,1250.0,C[C@@H](O)CN1CCN(c2ccc(Nc3ncc4cc5n(c4n3)C3(CCCCC3)CNC5=O)nc2)CC1
CHEMBL3894860,5.78,CHEMBL301,1660.0,CN1CCN(c2ccc(Nc3ncc4cc5n(c4n3)C3(CCCCC3)CNC5=O)nc2)CC1
CHEMBL3919361,5.84,CHEMBL301,1460.0,O=C1NCC2(CCCCC2)n2c1cc1cnc(Nc3ccc(N4CCC(N5CCOCC5)CC4)cn3)nc12
CHEMBL4111196,5.46,CHEMBL301,3500.0,C[C@@H]1CN(c2ccc(Nc3ncc4cc5n(c4n3)C3(CCCCC3)CNC5=O)nc2)CCN1
CHEMBL3925377,5.4,CHEMBL301,3970.0,CC1CN(c2ccc(Nc3ncc4cc5n(c4n3)C3(CCCCC3)CNC5=O)nc2)CCN1CC(C)(C)O
CHEMBL3892888,4.94,CHEMBL301,11600.0,O=C1NCC2(CCCCC2)n2c1cc1cnc(Nc3ccc(N4CCC(N5CCC(C(F)(F)F)CC5)CC4)cn3)nc12
CHEMBL3967592,6.91,CHEMBL301,124.0,O=C1NCC2(CCCCC2)n2c1cc1cnc(Nc3ccc(C(=O)N4CCNCC4)cn3)nc12
CHEMBL3938919,5.43,CHEMBL301,3710.0,C[C@H](O)CN1[C@H](C)CN(c2ccc(Nc3ncc4cc5n(c4n3)C3(CCCCC3)CNC5=O)nc2)C[C@@H]1C
CHEMBL3910976,5.21,CHEMBL301,6100.0,CC(C)N1CCN(c2ccc(Nc3ncc4cc5n(c4n3)C3(CCCCC3)CNC5=O)nc2)C[C@@H]1C
CHEMBL3947713,5.78,CHEMBL301,1680.0,CC1(C)CN(c2ccc(Nc3ncc4cc5n(c4n3)C3(CCCCC3)CNC5=O)nc2)CCN1C1CC1
CHEMBL3916385,5.9,CHEMBL301,1250.0,CCN(CC)C1CCN(c2ccc(Nc3ncc4cc5n(c4n3)C3(CCCCC3)CNC5=O)nc2)CC1
CHEMBL3919835,5.02,CHEMBL301,9620.0,C[C@@H]1CN(c2ccc(Nc3ncc4cc5n(c4n3)C3(CCCCC3)CNC5=O)nc2)C[C@H](C)N1C
CHEMBL3891784,5.78,CHEMBL301,1660.0,CC(C)N1CCN(Cc2ccc(Nc3ncc4cc5n(c4n3)C3(CCCCC3)CNC5=O)nc2)CC1
CHEMBL3975426,5.33,CHEMBL301,4620.0,CCN1[C@H](C)CN(c2ccc(Nc3ncc4cc5n(c4n3)C3(CCCCC3)CNC5=O)nc2)C[C@@H]1C
CHEMBL3904602,5.45,CHEMBL301,3580.0,CC(C)N1CCN(c2ccc(Nc3ncc4cc5n(c4n3)C3(CCCCC3)CNC5=O)nc2)CC1
CHEMBL3986852,5.89,CHEMBL301,1280.0,O=C1NCC2(CCCCC2)n2c1cc1cnc(Nc3ccc(N4CCN(CC5CC5)CC4)cn3)nc12
CHEMBL3913590,6.43,CHEMBL301,367.0,CC(C)N1CCN(C(=O)c2ccc(Nc3ncc4cc5n(c4n3)C3(CCCCC3)CNC5=O)nc2)CC1
CHEMBL3890286,6.54,CHEMBL301,288.0,CCN(CC)C1CCN(C(=O)c2ccc(Nc3ncc4cc5n(c4n3)C3(CCCCC3)CNC5=O)nc2)C1
CHEMBL3918318,5.75,CHEMBL301,1760.0,C[C@H]1CN(c2ccc(Nc3ncc4cc5n(c4n3)C3(CCCCC3)CNC5=O)nc2)CCN1
CHEMBL3895782,6.7,CHEMBL301,202.0,O=C1NCC2(CCCCC2)n2c1cc1cnc(Nc3ccc(C(=O)N4CCN(C5CCC5)CC4)cn3)nc12
CHEMBL4114182,5.47,CHEMBL301,3390.0,C[C@@H]1CN(c2ccc(Nc3ncc4cc5n(c4n3)C3(CCCCC3)CNC5=O)nc2)C[C@H](C)N1C[C@@H](C)O
CHEMBL4112645,5.33,CHEMBL301,4700.0,C[C@@H]1CN(c2ccc(Nc3ncc4cc5n(c4n3)C3(CCCCC3)CNC5=O)nc2)CCN1C
CHEMBL3896827,5.4,CHEMBL301,3980.0,CC1CN(c2ccc(Nc3ncc4cc5n(c4n3)C3(CCCCC3)CNC5=O)nc2)CC(C)N1CC1CC1
CHEMBL3931143,5.44,CHEMBL301,3600.0,CC(C)N1CCN(c2ccc(Nc3ncc4cc5n(c4n3)C3(CCCCC3)CNC5=O)nc2)CC1C
CHEMBL3899618,5.51,CHEMBL301,3060.0,CCN(CC)C1CCN(c2ccc(Nc3ncc4cc5n(c4n3)C3(CCCCC3)CNC5=O)nc2)C1
CHEMBL3890659,5.8,CHEMBL301,1580.0,CCN(CC)C1CCN(C2CCN(c3ccc(Nc4ncc5cc6n(c5n4)C4(CCCCC4)CNC6=O)nc3)CC2)C1
CHEMBL3894204,5.84,CHEMBL301,1460.0,CN(C)C1CCN(c2ccc(Nc3ncc4cc5n(c4n3)C3(CCCCC3)CNC5=O)nn2)CC1
CHEMBL3975020,5.9,CHEMBL301,1260.0,CC(C)N1CCN(c2ccc(Nc3ncc4cc5n(c4n3)C3(CCCCC3)CNC5=O)nn2)CC1
CHEMBL3949088,5.4,CHEMBL301,3960.0,CCN(CC)C1CCN(c2ccc(Nc3ncc4cc5n(c4n3)C3(CCCC3)CNC5=O)nc2)C1
CHEMBL3897592,5.58,CHEMBL301,2630.0,C[C@@H](O)CN1CCN(c2ccc(Nc3ncc4cc5n(c4n3)C3(CCCC3)CNC5=O)nc2)C[C@@H]1C
CHEMBL3908669,5.87,CHEMBL301,1350.0,O=C1NCC2(CCCC2)n2c1cc1cnc(Nc3ccc(N4CCC(N5CCOCC5)CC4)cn3)nc12
CHEMBL4114427,5.14,CHEMBL301,7300.0,C[C@H](O)CN1CCN(c2ccc(Nc3ncc4cc5n(c4n3)C3(CCCC3)CNC5=O)nc2)C[C@H]1C
CHEMBL3963064,5.16,CHEMBL301,6900.0,CN(C)C1CCN(c2ccc(Nc3ncc4cc5n(c4n3)C3(CCCC3)CNC5=O)nc2)CC1
CHEMBL3977652,5.0,CHEMBL301,9960.0,CN1CCN(c2ccc(Nc3ncc4cc5n(c4n3)C3(CCCC3)CNC5=O)nc2)CC1
CHEMBL3980597,5.22,CHEMBL301,6010.0,CCC(C)CN1CCN(c2ccc(Nc3ncc4cc5n(c4n3)C3(CCCC3)CNC5=O)nc2)CC1
CHEMBL3972676,6.73,CHEMBL301,187.0,CN1CCN(C(=O)c2ccc(Nc3ncc4cc5n(c4n3)C3(CCCC3)CNC5=O)nc2)CC1
CHEMBL3961663,5.66,CHEMBL301,2170.0,CC(C)(C)CCN1CCN(c2ccc(Nc3ncc4cc5n(c4n3)C3(CCCC3)CNC5=O)nc2)CC1(C)C
CHEMBL3971523,5.03,CHEMBL301,9350.0,C[C@@H]1CN(c2ccc(Nc3ncc4cc5n(c4n3)C3(CCCC3)CNC5=O)nc2)C[C@H](C)N1
CHEMBL3896841,5.53,CHEMBL301,2950.0,CC(C)(O)CN1CCN(c2ccc(Nc3ncc4cc5n(c4n3)C3(CCCC3)CNC5=O)nc2)CC1
CHEMBL3980597,5.34,CHEMBL301,4540.0,CCC(C)CN1CCN(c2ccc(Nc3ncc4cc5n(c4n3)C3(CCCC3)CNC5=O)nc2)CC1
CHEMBL3985649,5.12,CHEMBL301,7610.0,CC(C)N1CCN(c2ccc(Nc3ncc4cc5n(c4n3)C3(CCCC3)CNC5=O)nc2)CC1C
CHEMBL3940741,5.55,CHEMBL301,2840.0,O=C1NCC2(CCCC2)n2c1cc1cnc(Nc3ccc(N4CCC(N5CCCCC5)CC4)cn3)nc12
CHEMBL3973664,5.42,CHEMBL301,3770.0,CC(C)N1CCN(c2ccc(Nc3ncc4cc5n(c4n3)C3(CCCC3)CNC5=O)nc2)CC1
CHEMBL3984435,5.28,CHEMBL301,5200.0,CCC(C)CN1[C@H](C)CN(c2ccc(Nc3ncc4cc5n(c4n3)C3(CCCC3)CNC5=O)nc2)C[C@@H]1C
CHEMBL3955818,6.54,CHEMBL301,291.0,CC(C)(C)CCN1CCN(c2ccc(Nc3ncc4cc5n(c4n3)C3(CCCC3)CNC5=O)nc2)CC1
CHEMBL3966804,5.79,CHEMBL301,1620.0,CCN(CC)C1CCN(c2ccc(Nc3ncc4cc5n(c4n3)C3(CCCC3)CNC5=O)nc2)CC1
CHEMBL3961115,5.72,CHEMBL301,1890.0,CCOCCN1CCN(c2ccc(Nc3ncc4cc5n(c4n3)C3(CCCC3)CNC5=O)nc2)CC1
CHEMBL3972093,5.53,CHEMBL301,2930.0,CC1CN(c2ccc(Nc3ncc4cc5n(c4n3)C3(CCCC3)CNC5=O)nc2)CCN1CC1CC1
CHEMBL3942483,6.41,CHEMBL301,393.0,O=C1NCC2(CCCC2)n2c1cc1cnc(Nc3ccc(C(=O)N4CCN(CC5CC5)CC4)cn3)nc12
CHEMBL3980145,4.78,CHEMBL301,16500.0,CC1CN(c2ccc(Nc3ncc4cc5n(c4n3)C3(CCCC3)CNC5=O)nc2)CC(C)N1CCC(C)(C)C
CHEMBL3954643,4.96,CHEMBL301,11100.0,O=C1NCC2(CCCC2)n2c1cc1cnc(Nc3ccc(N4CCNCC4)cn3)nc12
CHEMBL3948158,5.35,CHEMBL301,4500.0,CC(C)N1CCN(c2ccc(Nc3ncc4cc5n(c4n3)C3(CCCC3)CNC5=O)nn2)CC1
CHEMBL3920345,5.64,CHEMBL301,2280.0,O=C1NCC2(CCCC2)n2c1cc1cnc(Nc3ccc(N4CCOCC4)nn3)nc12
CHEMBL3950849,5.52,CHEMBL301,3030.0,CN(C)C1CCN(c2ccc(Nc3ncc4cc5n(c4n3)C3(CCCC3)CNC5=O)nn2)CC1
CHEMBL4106830,4.78,CHEMBL301,16460.0,CC(C)[C@H]1CNC(=O)c2cc3cnc(Nc4ccc(N5CCNCC5)cn4)nc3n21
CHEMBL3986691,5.36,CHEMBL301,4380.0,CCC(C)[C@@H]1CNC(=O)c2cc3cnc(Nc4ccc(N5CCN(C)CC5)cn4)nc3n21
CHEMBL4106617,5.6,CHEMBL301,2500.0,CC(C)C[C@@H]1CNC(=O)c2cc3cnc(Nc4ccc(N5CCNCC5)cn4)nc3n21
CHEMBL4107086,5.18,CHEMBL301,6620.0,CC(C)C[C@@H]1CNC(=O)c2cc3cnc(Nc4ccc(N5CCN(C)CC5)cn4)nc3n21
CHEMBL3929399,5.5,CHEMBL301,3160.0,C[C@H](O)CN1CCN(c2ccc(Nc3ncc4cc5n(c4n3)C3(CCCCC3)CNC5=O)nc2)CC1
CHEMBL3917699,5.72,CHEMBL301,1890.0,C[C@H]1CN(c2ccc(Nc3ncc4cc5n(c4n3)C3(CCCCC3)CNC5=O)nc2)CCN1CC1CC1
CHEMBL3955667,6.21,CHEMBL301,616.0,C[C@H](O)CN1CCN(c2ccc(Nc3ncc4cc5n(c4n3)C3(CCCCC3)CNC5=O)nc2)C[C@@H]1C
CHEMBL3973056,5.82,CHEMBL301,1500.0,CN1CCN(c2ccc(Nc3ncc4cc5n(c4n3)C3(CCCCC3)CNC5=O)nc2)CC1(C)C
CHEMBL3943554,6.69,CHEMBL301,204.0,CC(C)C1CN(c2ccc(Nc3ncc4cc5n(c4n3)C3(CCCCC3)CNC5=O)nc2)CCN1
CHEMBL3967732,6.72,CHEMBL301,190.0,O=C1NCC2(CCCCC2)n2c1cc1cnc(Nc3ccc(N4CCN(C5CCC5)CC4)cn3)nc12
CHEMBL3934575,6.19,CHEMBL301,646.0,CC1CN(c2ccc(Nc3ncc4cc5n(c4n3)C3(CCCCC3)CNC5=O)nc2)CCN1CCC(C)(C)C
CHEMBL3956661,6.42,CHEMBL301,377.0,CC1(C)CN(c2ccc(Nc3ncc4cc5n(c4n3)C3(CCCCC3)CNC5=O)nc2)CCN1CC1CC1
CHEMBL3929122,5.95,CHEMBL301,1130.0,CC1(C)CN(c2ccc(Nc3ncc4cc5n(c4n3)C3(CCCCC3)CNC5=O)nc2)CCN1
CHEMBL4113081,5.36,CHEMBL301,4340.0,C[C@@H]1CN(c2ccc(Nc3ncc4cc5n(c4n3)C3(CCCCC3)CNC5=O)nc2)CCN1C[C@@H](C)O
CHEMBL3920205,6.13,CHEMBL301,738.0,CC1CCN(C2CCN(c3ccc(Nc4ncc5cc6n(c5n4)C4(CCCCC4)CNC6=O)nc3)CC2)C1
CHEMBL4109276,5.83,CHEMBL301,1490.0,CC(C)N1CCN(c2ccc(Nc3ncc4cc5n(c4n3)C3(CCCCC3)CNC5=O)nc2)C[C@H]1C
CHEMBL3981462,5.85,CHEMBL301,1410.0,C[C@H]1CN(c2ccc(Nc3ncc4cc5n(c4n3)C3(CCCCC3)CNC5=O)nc2)CCN1CCC(C)(C)C
CHEMBL3943841,5.5,CHEMBL301,3150.0,CN(C)C1CCN(c2ccc(Nc3ncc4cc5n(c4n3)C3(CCCCC3)CNC5=O)nc2)CC1
CHEMBL3906916,6.0,CHEMBL301,1010.0,C[C@@H]1CN(c2ccc(Nc3ncc4cc5n(c4n3)C3(CCCCC3)CNC5=O)nc2)C[C@H](C)N1
CHEMBL3890528,5.52,CHEMBL301,3030.0,O=C1NCC2(CCCCC2)n2c1cc1cnc(Nc3ccc(N4CCNCC4)cn3)nc12
CHEMBL3901454,5.87,CHEMBL301,1360.0,C[C@H]1CN(c2ccc(Nc3ncc4cc5n(c4n3)C3(CCCCC3)CNC5=O)nc2)CCN1C
CHEMBL4115060,6.47,CHEMBL301,342.0,C[C@@H](O)CN1CCN(c2ccc(Nc3ncc4cc5n(c4n3)C3(CCCCC3)CNC5=O)nc2)CC1
CHEMBL3894860,5.78,CHEMBL301,1670.0,CN1CCN(c2ccc(Nc3ncc4cc5n(c4n3)C3(CCCCC3)CNC5=O)nc2)CC1
CHEMBL3919361,6.07,CHEMBL301,857.0,O=C1NCC2(CCCCC2)n2c1cc1cnc(Nc3ccc(N4CCC(N5CCOCC5)CC4)cn3)nc12
CHEMBL4111196,5.67,CHEMBL301,2130.0,C[C@@H]1CN(c2ccc(Nc3ncc4cc5n(c4n3)C3(CCCCC3)CNC5=O)nc2)CCN1
CHEMBL3925377,6.27,CHEMBL301,539.0,CC1CN(c2ccc(Nc3ncc4cc5n(c4n3)C3(CCCCC3)CNC5=O)nc2)CCN1CC(C)(C)O
CHEMBL3892888,5.74,CHEMBL301,1840.0,O=C1NCC2(CCCCC2)n2c1cc1cnc(Nc3ccc(N4CCC(N5CCC(C(F)(F)F)CC5)CC4)cn3)nc12
CHEMBL3967592,7.21,CHEMBL301,61.0,O=C1NCC2(CCCCC2)n2c1cc1cnc(Nc3ccc(C(=O)N4CCNCC4)cn3)nc12
CHEMBL3938919,6.19,CHEMBL301,647.0,C[C@H](O)CN1[C@H](C)CN(c2ccc(Nc3ncc4cc5n(c4n3)C3(CCCCC3)CNC5=O)nc2)C[C@@H]1C
CHEMBL3910976,5.33,CHEMBL301,4630.0,CC(C)N1CCN(c2ccc(Nc3ncc4cc5n(c4n3)C3(CCCCC3)CNC5=O)nc2)C[C@@H]1C
CHEMBL3947713,6.3,CHEMBL301,502.0,CC1(C)CN(c2ccc(Nc3ncc4cc5n(c4n3)C3(CCCCC3)CNC5=O)nc2)CCN1C1CC1
CHEMBL3916385,6.12,CHEMBL301,755.0,CCN(CC)C1CCN(c2ccc(Nc3ncc4cc5n(c4n3)C3(CCCCC3)CNC5=O)nc2)CC1
CHEMBL3919835,5.08,CHEMBL301,8360.0,C[C@@H]1CN(c2ccc(Nc3ncc4cc5n(c4n3)C3(CCCCC3)CNC5=O)nc2)C[C@H](C)N1C
CHEMBL3891784,5.96,CHEMBL301,1110.0,CC(C)N1CCN(Cc2ccc(Nc3ncc4cc5n(c4n3)C3(CCCCC3)CNC5=O)nc2)CC1
CHEMBL3975426,5.85,CHEMBL301,1400.0,CCN1[C@H](C)CN(c2ccc(Nc3ncc4cc5n(c4n3)C3(CCCCC3)CNC5=O)nc2)C[C@@H]1C
CHEMBL3904602,5.82,CHEMBL301,1510.0,CC(C)N1CCN(c2ccc(Nc3ncc4cc5n(c4n3)C3(CCCCC3)CNC5=O)nc2)CC1
CHEMBL3986852,6.58,CHEMBL301,265.0,O=C1NCC2(CCCCC2)n2c1cc1cnc(Nc3ccc(N4CCN(CC5CC5)CC4)cn3)nc12
CHEMBL3913590,6.62,CHEMBL301,239.0,CC(C)N1CCN(C(=O)c2ccc(Nc3ncc4cc5n(c4n3)C3(CCCCC3)CNC5=O)nc2)CC1
CHEMBL3918318,6.04,CHEMBL301,915.0,C[C@H]1CN(c2ccc(Nc3ncc4cc5n(c4n3)C3(CCCCC3)CNC5=O)nc2)CCN1
CHEMBL3895782,6.97,CHEMBL301,108.0,O=C1NCC2(CCCCC2)n2c1cc1cnc(Nc3ccc(C(=O)N4CCN(C5CCC5)CC4)cn3)nc12
CHEMBL4114182,6.22,CHEMBL301,597.0,C[C@@H]1CN(c2ccc(Nc3ncc4cc5n(c4n3)C3(CCCCC3)CNC5=O)nc2)C[C@H](C)N1C[C@@H](C)O
CHEMBL4112645,5.81,CHEMBL301,1560.0,C[C@@H]1CN(c2ccc(Nc3ncc4cc5n(c4n3)C3(CCCCC3)CNC5=O)nc2)CCN1C
CHEMBL3896827,6.24,CHEMBL301,570.0,CC1CN(c2ccc(Nc3ncc4cc5n(c4n3)C3(CCCCC3)CNC5=O)nc2)CC(C)N1CC1CC1
CHEMBL3931143,5.51,CHEMBL301,3090.0,CC(C)N1CCN(c2ccc(Nc3ncc4cc5n(c4n3)C3(CCCCC3)CNC5=O)nc2)CC1C
CHEMBL3899618,5.59,CHEMBL301,2570.0,CCN(CC)C1CCN(c2ccc(Nc3ncc4cc5n(c4n3)C3(CCCCC3)CNC5=O)nc2)C1
CHEMBL3890659,6.16,CHEMBL301,693.0,CCN(CC)C1CCN(C2CCN(c3ccc(Nc4ncc5cc6n(c5n4)C4(CCCCC4)CNC6=O)nc3)CC2)C1
CHEMBL3894204,5.86,CHEMBL301,1390.0,CN(C)C1CCN(c2ccc(Nc3ncc4cc5n(c4n3)C3(CCCCC3)CNC5=O)nn2)CC1
CHEMBL3975020,6.22,CHEMBL301,596.0,CC(C)N1CCN(c2ccc(Nc3ncc4cc5n(c4n3)C3(CCCCC3)CNC5=O)nn2)CC1
CHEMBL3897592,6.1,CHEMBL301,789.0,C[C@@H](O)CN1CCN(c2ccc(Nc3ncc4cc5n(c4n3)C3(CCCC3)CNC5=O)nc2)C[C@@H]1C
CHEMBL4114427,5.2,CHEMBL301,6290.0,C[C@H](O)CN1CCN(c2ccc(Nc3ncc4cc5n(c4n3)C3(CCCC3)CNC5=O)nc2)C[C@H]1C
CHEMBL3980597,5.67,CHEMBL301,2130.0,CCC(C)CN1CCN(c2ccc(Nc3ncc4cc5n(c4n3)C3(CCCC3)CNC5=O)nc2)CC1
CHEMBL3972676,7.07,CHEMBL301,85.0,CN1CCN(C(=O)c2ccc(Nc3ncc4cc5n(c4n3)C3(CCCC3)CNC5=O)nc2)CC1
CHEMBL3961663,6.34,CHEMBL301,457.0,CC(C)(C)CCN1CCN(c2ccc(Nc3ncc4cc5n(c4n3)C3(CCCC3)CNC5=O)nc2)CC1(C)C
CHEMBL3896841,6.03,CHEMBL301,943.0,CC(C)(O)CN1CCN(c2ccc(Nc3ncc4cc5n(c4n3)C3(CCCC3)CNC5=O)nc2)CC1
CHEMBL3980597,5.86,CHEMBL301,1370.0,CCC(C)CN1CCN(c2ccc(Nc3ncc4cc5n(c4n3)C3(CCCC3)CNC5=O)nc2)CC1
CHEMBL3984435,5.55,CHEMBL301,2830.0,CCC(C)CN1[C@H](C)CN(c2ccc(Nc3ncc4cc5n(c4n3)C3(CCCC3)CNC5=O)nc2)C[C@@H]1C
CHEMBL3955818,7.06,CHEMBL301,87.3,CC(C)(C)CCN1CCN(c2ccc(Nc3ncc4cc5n(c4n3)C3(CCCC3)CNC5=O)nc2)CC1
CHEMBL3966804,5.34,CHEMBL301,4530.0,CCN(CC)C1CCN(c2ccc(Nc3ncc4cc5n(c4n3)C3(CCCC3)CNC5=O)nc2)CC1
CHEMBL3961115,6.0,CHEMBL301,990.0,CCOCCN1CCN(c2ccc(Nc3ncc4cc5n(c4n3)C3(CCCC3)CNC5=O)nc2)CC1
CHEMBL3972093,6.0,CHEMBL301,1010.0,CC1CN(c2ccc(Nc3ncc4cc5n(c4n3)C3(CCCC3)CNC5=O)nc2)CCN1CC1CC1
CHEMBL3942483,6.69,CHEMBL301,203.0,O=C1NCC2(CCCC2)n2c1cc1cnc(Nc3ccc(C(=O)N4CCN(CC5CC5)CC4)cn3)nc12
CHEMBL3980145,5.58,CHEMBL301,2640.0,CC1CN(c2ccc(Nc3ncc4cc5n(c4n3)C3(CCCC3)CNC5=O)nc2)CC(C)N1CCC(C)(C)C
CHEMBL3920345,5.73,CHEMBL301,1880.0,O=C1NCC2(CCCC2)n2c1cc1cnc(Nc3ccc(N4CCOCC4)nn3)nc12
CHEMBL189963,8.0,CHEMBL301,10.0,CC(=O)c1c(C)c2cnc(Nc3ccc(N4CCNCC4)cn3)nc2n(C2CCCC2)c1=O
CHEMBL3894860,8.78,CHEMBL301,1.66,CN1CCN(c2ccc(Nc3ncc4cc5n(c4n3)C3(CCCCC3)CNC5=O)nc2)CC1
CHEMBL3890528,8.97,CHEMBL301,1.08,O=C1NCC2(CCCCC2)n2c1cc1cnc(Nc3ccc(N4CCNCC4)cn3)nc12
CHEMBL3904602,8.45,CHEMBL301,3.58,CC(C)N1CCN(c2ccc(Nc3ncc4cc5n(c4n3)C3(CCCCC3)CNC5=O)nc2)CC1
CHEMBL3919361,8.84,CHEMBL301,1.46,O=C1NCC2(CCCCC2)n2c1cc1cnc(Nc3ccc(N4CCC(N5CCOCC5)CC4)cn3)nc12
CHEMBL3894860,8.78,CHEMBL301,1.67,CN1CCN(c2ccc(Nc3ncc4cc5n(c4n3)C3(CCCCC3)CNC5=O)nc2)CC1
CHEMBL3890528,8.52,CHEMBL301,3.03,O=C1NCC2(CCCCC2)n2c1cc1cnc(Nc3ccc(N4CCNCC4)cn3)nc12
CHEMBL3904602,8.82,CHEMBL301,1.51,CC(C)N1CCN(c2ccc(Nc3ncc4cc5n(c4n3)C3(CCCCC3)CNC5=O)nc2)CC1
CHEMBL3919361,9.07,CHEMBL301,0.857,O=C1NCC2(CCCCC2)n2c1cc1cnc(Nc3ccc(N4CCC(N5CCOCC5)CC4)cn3)nc12
CHEMBL482967,5.37,CHEMBL301,4232.0,Cc1nc(N)sc1-c1ccnc(Nc2ccc(N3CCOCC3)cc2)n1
CHEMBL1944698,6.61,CHEMBL301,243.0,CN1C/C=C/CCOc2cccc(c2)-c2ccnc(n2)Nc2cccc(c2)C1
CHEMBL2028663,7.72,CHEMBL301,19.0,CC(C)(C)c1nc(-c2cccc(NS(=O)(=O)c3c(F)cccc3F)c2F)c(-c2ccnc(N)n2)s1
CHEMBL445813,6.77,CHEMBL301,169.0,O=C(NC1CCNCC1)c1n[nH]cc1NC(=O)c1c(Cl)cccc1Cl
CHEMBL3301610,4.98,CHEMBL301,10487.0,CCN1CCN(Cc2ccc(Nc3ncc(F)c(-c4cc(F)c5nc(C)n(C(C)C)c5c4)n3)nc2)CC1
CHEMBL4289017,5.75,CHEMBL301,1775.0,CC(=O)NCC(=O)N1[C@@H]2CC[C@H]1c1ccc(Nc3ncc(C(F)(F)F)c(NC4CCC4)n3)cc12
CHEMBL488436,6.14,CHEMBL301,721.0,Cc1ncc(-c2ccnc(Nc3ccc(S(C)(=O)=O)cc3)n2)n1C(C)C
CHEMBL1084546,5.97,CHEMBL301,1073.0,CN(c1ncccc1CNc1nc(Nc2ccc3c(c2)CC(=O)N3)ncc1C(F)(F)F)S(C)(=O)=O
CHEMBL2105728,6.89,CHEMBL301,128.0,CC1(COc2ccc3c(c2)ncn3-c2ccc3cccc(N4CCC(N)CC4)c3n2)COC1
CHEMBL384304,8.3,CHEMBL301,5.0,COc1ccc(F)c(F)c1C(=O)c1cnc(NC2CCN(S(C)(=O)=O)CC2)nc1N
CHEMBL3688339,7.04,CHEMBL301,91.0,CC(=O)c1cnc2ccc(-c3cc(Cl)c(O)c(Cl)c3)nc2c1N[C@H]1CC[C@H](CN(C)C)CC1
CHEMBL1738757,6.7,CHEMBL301,199.0,CNC(=O)c1cc(Oc2ccc(NC(=O)Nc3cc(C(C)(C)C)nn3-c3ccc4ncccc4c3)c(F)c2)ccn1
CHEMBL1230165,5.77,CHEMBL301,1688.0,O=C(O)c1ccc2c(c1)nc(Nc1cccc(Cl)c1)c1ccncc12
CHEMBL1078178,5.67,CHEMBL301,2113.0,N#CCNC(=O)c1ccc(-c2ccnc(Nc3ccc(N4CCOCC4)cc3)n2)cc1
CHEMBL3137331,5.78,CHEMBL301,1656.0,CNC(=O)c1ccc(Nc2ncc(C(F)(F)F)c(NCc3nccnc3N(C)S(C)(=O)=O)n2)cc1
CHEMBL564829,6.13,CHEMBL301,739.0,CNC(=O)c1nn(C)c2c1C(C)(C)Cc1cnc(Nc3ccc(N4CCN(C)CC4)cc3)nc1-2
CHEMBL3545083,7.14,CHEMBL301,72.0,COCCN1CCN(Cc2ccc(-c3n[nH]c4c3C(=O)c3c(NC(=O)NN5CCOCC5)cccc3-4)cc2)CC1
CHEMBL428690,5.87,CHEMBL301,1337.0,CN1CC[C@H](c2c(O)cc(O)c3c(=O)cc(-c4ccccc4Cl)oc23)[C@H](O)C1
CHEMBL281948,7.0,CHEMBL301,101.0,COC(=O)[C@@]1(O)C[C@H]2O[C@]1(C)n1c3ccccc3c3c4c(c5c6ccccc6n2c5c31)C(=O)NC4
CHEMBL603469,6.48,CHEMBL301,330.0,C[C@]12O[C@H](C[C@]1(O)CO)n1c3ccccc3c3c4c(c5c6ccccc6n2c5c31)CNC4=O
CHEMBL1230607,7.01,CHEMBL301,98.0,CC(C)CC(=O)Nc1n[nH]c2c1CN(C(=O)C1CCN(C)CC1)C2(C)C
CHEMBL296468,6.69,CHEMBL301,205.0,CC(C)(C)c1cnc(CSc2cnc(NC(=O)C3CCNCC3)s2)o1
CHEMBL2103840,7.05,CHEMBL301,90.0,CCc1cnn2c(NCc3ccc[n+]([O-])c3)cc(N3CCCC[C@H]3CCO)nc12
CHEMBL4062453,6.43,CHEMBL301,370.0,CN(C)CCn1cc(-c2ccn3c(-c4ccc(C(N)=O)c(OCc5cccc(F)c5)c4)cnc3c2)cn1
CHEMBL4077967,6.66,CHEMBL301,220.0,CN(C)Cc1ccc2ccc(Cl)c(C3=C(c4cn(C)c5ccccc45)C(=O)NC3=O)c2c1
CHEMBL269881,4.77,CHEMBL301,17.0,Nc1nc(OCC2CCCCC2)c2nc[nH]c2n1
CHEMBL319467,8.3,CHEMBL301,0.005,NS(=O)(=O)c1ccc(Nc2nc(OCC3CCCCC3)c3nc[nH]c3n2)cc1
CHEMBL259244,4.31,CHEMBL301,49.0,CCC(C)Oc1nc(N)nc2[nH]cnc12
CHEMBL4088242,9.1,CHEMBL301,0.8,CC[C@@H](C)Oc1nc(Nc2ccc(S(N)(=O)=O)cc2)nc(N)c1C=O
CHEMBL4073198,6.0,CHEMBL301,6.0,COCCn1cc(NC(=O)c2csc(-c3nncn3C(C)C)n2)cn1
CHEMBL1642655,6.81,CHEMBL301,6.81,CC(C)(C)c1ccc(C(=O)Nc2cn3cc(-n4ccnc4)ccc3n2)cc1
CHEMBL4076947,7.05,CHEMBL301,89.0,Cc1cc(Nc2nccc3nc(-c4c(Cl)cc(C#N)cc4Cl)[nH]c23)ncn1
CHEMBL4126111,5.32,CHEMBL301,4.8,C=C1CCC[C@H]2[C@]3(C)CC4=C(O[C@]3(C)CC[C@]12C)C(=O)C=C(NC)C4=O
CHEMBL2103840,9.0,CHEMBL301,1.0,CCc1cnn2c(NCc3ccc[n+]([O-])c3)cc(N3CCCC[C@H]3CCO)nc12
CHEMBL4161364,6.72,CHEMBL301,0.19,N=c1[nH]c(=O)[nH]c2c1cnn2-c1ccc(S(N)(=O)=O)cc1
CHEMBL4206957,5.17,CHEMBL301,6.7,CN1CCN(CCCCOc2c(OCc3ccc(C#N)cc3)cc(O)c3c(=O)cc(-c4ccccc4)oc23)CC1
CHEMBL4228654,5.42,CHEMBL301,3.8,CC(C)Nc1ccc2cnn(-c3cncc(-c4ccc(C(=O)O)cc4)n3)c2c1
CHEMBL4294760,7.05,CHEMBL301,0.09,CSc1ncc2c(n1)CCc1cnc(Nc3ccc(C(=O)N(C)CCN(C)C)cc3)nc1-2
CHEMBL14762,6.16,CHEMBL301,0.7,CC[C@H](CO)Nc1nc(NCc2ccccc2)c2ncn(C(C)C)c2n1
CHEMBL564829,7.35,CHEMBL301,45.0,CNC(=O)c1nn(C)c2c1C(C)(C)Cc1cnc(Nc3ccc(N4CCN(C)CC4)cc3)nc1-2
CHEMBL296468,7.32,CHEMBL301,48.0,CC(C)(C)c1cnc(CSc2cnc(NC(=O)C3CCNCC3)s2)o1
CHEMBL428690,6.77,CHEMBL301,170.0,CN1CC[C@H](c2c(O)cc(O)c3c(=O)cc(-c4ccccc4Cl)oc23)[C@H](O)C1
CHEMBL445813,7.33,CHEMBL301,47.0,O=C(NC1CCNCC1)c1n[nH]cc1NC(=O)c1c(Cl)cccc1Cl
CHEMBL4282338,8.05,CHEMBL301,9.0,C[C@@H](O)[C@@H](C)Oc1nc(Nc2ccc([S@](=N)(=O)C3CC3)cc2)ncc1C(F)(F)F
CHEMBL4292930,9.0,CHEMBL301,1.0,Cc1cnn2c(NCc3ccc[n+]([O-])c3)cc(N3CCCC[C@@H]3CCO)nc12
CHEMBL1802728,6.4,CHEMBL301,0.4,CCN(CC)C(=O)c1ccc(Nc2nc(OCC3CCCCC3)c3nc[nH]c3n2)cc1
CHEMBL1276446,8.0,CHEMBL301,10.0,O=C1Nc2ccc3ncsc3c2/C1=C/Nc1ccc(S(=O)(=O)Nc2ccccn2)cc1
CHEMBL4592358,5.9,CHEMBL301,1.27,CC(C)C/C=N/c1c(C#N)c2n(c1C(=O)Nc1ccc(Br)cc1)CCC2
CHEMBL4527978,6.24,CHEMBL301,0.58,CC/C=N/c1c(C#N)c2n(c1C(=O)Nc1ccccc1)CCC2
CHEMBL4471323,6.2,CHEMBL301,0.63,CCC1SCC(=O)N1c1c(C#N)c2n(c1C(=O)Nc1ccccc1)CCC2
CHEMBL4472486,7.28,CHEMBL301,52.7,CN1CCN(Cc2ccc(NC(=O)Nc3ccc(Oc4ccnc(N)n4)cc3)cc2C(F)(F)F)CC1
CHEMBL45408,6.96,CHEMBL301,110.0,Cc1nc(C)c(-c2ccnc(Nc3cccc([N+](=O)[O-])c3)n2)s1
CHEMBL411491,7.22,CHEMBL301,60.0,NS(=O)(=O)c1ccc(N/N=C2\C(=O)Nc3ccc(Br)cc32)cc1
CHEMBL4579344,8.3,CHEMBL301,5.0,Cc1cc(C)c(CNc2nc(N[C@@H](C)[C@@H](C)O)nc3c2ncn3C(C)C)cn1
CHEMBL298445,6.4,CHEMBL301,396.0,Cc1nc(N)sc1-c1ccnc(Nc2cccc([N+](=O)[O-])c2)n1
CHEMBL47302,6.4,CHEMBL301,396.0,Cc1nc(C)c(-c2ccnc(N)n2)s1
CHEMBL354634,8.52,CHEMBL301,3.0,COc1cc[nH]c1/C=C1\C(=O)Nc2ccc(F)c(C#C[C@@H](O)[C@@H](N)[C@@H](C)O)c21
CHEMBL1276127,5.66,CHEMBL301,2200.0,O=C1Nc2ccccc2/C1=C1/Nc2ccccc2C1=O
CHEMBL2103840,9.0,CHEMBL301,1.0,CCc1cnn2c(NCc3ccc[n+]([O-])c3)cc(N3CCCC[C@H]3CCO)nc12
CHEMBL4518287,5.88,CHEMBL301,1.31,C=CS(=O)(=O)c1ccc(Nc2nc(OCC3CCCCC3)c3nc[nH]c3n2)cc1
CHEMBL428690,6.77,CHEMBL301,170.0,CN1CC[C@H](c2c(O)cc(O)c3c(=O)cc(-c4ccccc4Cl)oc23)[C@H](O)C1
CHEMBL14762,6.66,CHEMBL301,220.0,CC[C@H](CO)Nc1nc(NCc2ccccc2)c2ncn(C(C)C)c2n1
CHEMBL2103840,9.0,CHEMBL301,1.0,CCc1cnn2c(NCc3ccc[n+]([O-])c3)cc(N3CCCC[C@H]3CCO)nc12
CHEMBL2036792,6.94,CHEMBL301,0.114,CNc1ncc2c(-c3ccc(N4CCNCC4)cc3)nn(CC3CCC(N)CC3)c2n1
CHEMBL16171,5.84,CHEMBL301,1.46,COc1c(O)cc(O)c2c(=O)cc(-c3ccccc3)oc12
CHEMBL428690,7.4,CHEMBL301,40.0,CN1CC[C@H](c2c(O)cc(O)c3c(=O)cc(-c4ccccc4Cl)oc23)[C@H](O)C1
CHEMBL4445812,5.1,CHEMBL301,8.02,O=C(Nc1ccc2cc(C(=O)Nc3nccs3)ccc2c1)c1ccc(Cl)c(Cl)c1
CHEMBL4449374,3.46,CHEMBL301,350.0,Nc1nc(I)c2nc[nH]c2n1
CHEMBL4564592,4.3,CHEMBL301,50.0,Nc1nc(-c2cccc(CC(=O)O)c2)c2nc[nH]c2n1
CHEMBL428690,6.77,CHEMBL301,170.0,CN1CC[C@H](c2c(O)cc(O)c3c(=O)cc(-c4ccccc4Cl)oc23)[C@H](O)C1
CHEMBL14762,7.05,CHEMBL301,90.0,CC[C@H](CO)Nc1nc(NCc2ccccc2)c2ncn(C(C)C)c2n1
CHEMBL296468,7.32,CHEMBL301,48.0,CC(C)(C)c1cnc(CSc2cnc(NC(=O)C3CCNCC3)s2)o1
CHEMBL2103840,9.0,CHEMBL301,1.0,CCc1cnn2c(NCc3ccc[n+]([O-])c3)cc(N3CCCC[C@H]3CCO)nc12
CHEMBL4454044,5.41,CHEMBL301,3900.0,CC(C)c1cnn2c(NCc3ccccc3N(C)C)nc(OC3CCN(C)CC3)nc12
CHEMBL4562323,8.19,CHEMBL301,6.4,CC(C)c1cnn2c(NCc3ccccc3-n3cccn3)nc(OC3CCCNC3)nc12
CHEMBL4303287,7.01,CHEMBL301,96.9,CN(C)C/C=C/C(=O)Nc1cccc(C(=O)Nc2cccc(Nc3ncc(Cl)c(-c4c[nH]c5ccccc45)n3)c2)c1
CHEMBL4453997,7.24,CHEMBL301,57.0,COc1ccc(-c2n[nH]c3c2C(=O)c2c(C=O)cccc2-3)cc1
CHEMBL148580,7.89,CHEMBL301,13.0,COc1ccc(-c2[nH]nc3c2C(=O)c2c(NC(=O)CN4CCN(C(=N)N)CC4)cccc2-3)cc1
CHEMBL151546,7.34,CHEMBL301,46.0,NC(=O)Nc1cccc2c1C(=O)c1c(-c3csc(Cl)c3)n[nH]c1-2
CHEMBL334285,8.1,CHEMBL301,8.0,O=C(Nc1cccc2c1C(=O)c1c(-c3ccc(C(=O)N4CCNCC4)s3)n[nH]c1-2)NN1CCOCC1
CHEMBL4518287,5.89,CHEMBL301,1.3,C=CS(=O)(=O)c1ccc(Nc2nc(OCC3CCCCC3)c3nc[nH]c3n2)cc1
CHEMBL4297488,6.21,CHEMBL301,620.0,CC(C)c1cnn2c(NCc3ccccc3)cc(NC[C@H]3CCNC[C@@H]3O)nc12
CHEMBL4457608,8.7,CHEMBL301,2.0,O=C1Nc2ccc([N+](=O)[O-])cc2/C1=C1/Nc2ccc(O)cc2/C1=N\O
CHEMBL1801932,6.05,CHEMBL301,900.0,CC(C)c1cnn2c(NCc3ccccc3)cc(NCCCCCCN)nc12
CHEMBL1234833,8.52,CHEMBL301,3.0,CC(C)c1cnn2c(NCc3ccccc3)cc(N[C@@H](CO)[C@H](O)CO)nc12
CHEMBL4471178,4.89,CHEMBL301,13.0,CC(C)n1cnc2c(NCc3cccc(C(F)(F)F)c3)ncnc21
CHEMBL4462126,4.43,CHEMBL301,37.0,CC(C1CC1)n1cnc2c(NCc3cccc(C(F)(F)F)c3)nc(NCCN(C)C)nc21
CHEMBL14762,6.4,CHEMBL301,0.4,CC[C@H](CO)Nc1nc(NCc2ccccc2)c2ncn(C(C)C)c2n1
CHEMBL4569508,7.92,CHEMBL301,12.0,O=C(NCC(F)(F)F)c1cc(-c2cnn3cc(-c4ccc(OCCN5CCCCC5)cc4)cnc23)cs1
CHEMBL4568087,8.66,CHEMBL301,2.2,Cn1cc(-c2cnc3c(-c4csc(C(=O)N[C@@H]5CCCC[C@@H]5N)c4)cnn3c2)cn1
CHEMBL4552628,7.29,CHEMBL301,51.0,Cc1sc(C(=O)N[C@@H]2[C@H](N)CCCC2(F)F)cc1-c1cnn2cc(Cl)cnc12
CHEMBL1801932,6.06,CHEMBL301,880.0,CC(C)c1cnn2c(NCc3ccccc3)cc(NCCCCCCN)nc12
CHEMBL4644434,8.52,CHEMBL301,3.0,CC(C)c1cnn2c(NCc3ccccc3)cc(N[C@@H](CO)[C@@H](O)CO)nc12
CHEMBL4297488,6.21,CHEMBL301,620.0,CC(C)c1cnn2c(NCc3ccccc3)cc(NC[C@H]3CCNC[C@@H]3O)nc12
CHEMBL4582951,5.67,CHEMBL301,2117.0,CN(C)C/C=C/C(=O)Nc1ccc(C(=O)N[C@@]2(C)CCC[C@@H](Nc3ncc(Cl)c(-c4c[nH]c5ccccc45)n3)C2)nc1
CHEMBL4303287,6.65,CHEMBL301,222.0,CN(C)C/C=C/C(=O)Nc1cccc(C(=O)Nc2cccc(Nc3ncc(Cl)c(-c4c[nH]c5ccccc45)n3)c2)c1
CHEMBL4450322,5.89,CHEMBL301,1300.0,C=CC(=O)Nc1ccc(C(=O)Nc2[nH]nc3c2CN(C(=O)N[C@H](CN(C)C)c2ccccc2)C3(C)C)cc1
CHEMBL4434871,5.94,CHEMBL301,1140.0,C=CC(=O)Nc1ccc(C(=O)Nc2cccc(Nc3n[nH]c4c3CN(C(=O)N[C@H](CN(C)C)c3ccccc3)C4(C)C)c2)cc1
CHEMBL1235529,6.85,CHEMBL301,140.0,O=S1(=O)NCCCNc2nc(ncc2Br)Nc2cccc1c2
CHEMBL4649135,6.49,CHEMBL301,321.0,CCn1cnc2c(NCc3nc4ccc(F)c(F)c4[nH]3)nc(N3CCCC[C@H]3CCO)nc21
CHEMBL285527,4.43,CHEMBL301,37.0,O=S(=O)(O)c1cccc2cccc(Nc3ccccc3)c12
CHEMBL319467,6.6,CHEMBL301,250.0,NS(=O)(=O)c1ccc(Nc2nc(OCC3CCCCC3)c3nc[nH]c3n2)cc1
CHEMBL4637085,5.96,CHEMBL301,1.11,COc1cc(/C=C2\Oc3cc4occc4c(OC)c3C2=O)ccc1OCC(=O)Nc1ccccc1
CHEMBL553,5.94,CHEMBL301,1.14,C#Cc1cccc(Nc2ncnc3cc(OCCOC)c(OCCOC)cc23)c1
CHEMBL428690,6.4,CHEMBL301,0.4,CN1CC[C@H](c2c(O)cc(O)c3c(=O)cc(-c4ccccc4Cl)oc23)[C@H](O)C1
CHEMBL3898028,5.62,CHEMBL301,2.4,CN1CC[C@H](c2c(O)cc(O)c3c(=O)cc(-c4ccccc4)oc23)[C@H](O)C1
CHEMBL428690,7.16,CHEMBL301,70.0,CN1CC[C@H](c2c(O)cc(O)c3c(=O)cc(-c4ccccc4Cl)oc23)[C@H](O)C1
CHEMBL4741442,8.4,CHEMBL301,4.0,C[C@H](CO)Nc1nc(Nc2ccc(S(N)(=O)=O)cc2)ncc1Br
CHEMBL4442620,8.05,CHEMBL301,9.0,C[C@@H](O)[C@@H](C)Oc1nc(Nc2ccc(S(=N)(=O)C3CC3)cc2)ncc1C(F)(F)F
CHEMBL4755256,5.61,CHEMBL301,2.46,COc1cc(F)ccc1-c1cc(NC(=O)[C@H]2CCC[C@@H](NC(C)=O)C2)ncc1Cl
CHEMBL4439321,6.33,CHEMBL301,470.0,COc1cc(F)ccc1-c1ncnc(Nc2cccc(C[S@](C)(=N)=O)c2)n1
CHEMBL14762,7.0,CHEMBL301,100.0,CC[C@H](CO)Nc1nc(NCc2ccccc2)c2ncn(C(C)C)c2n1
CHEMBL4764173,8.3,CHEMBL301,5.0,CC[C@H](Nc1nc(NCc2ccccc2)c2ncn(C(C)C)c2n1)[C@@H](C)O
CHEMBL2103840,9.0,CHEMBL301,1.0,CCc1cnn2c(NCc3ccc[n+]([O-])c3)cc(N3CCCC[C@H]3CCO)nc12
CHEMBL445813,7.33,CHEMBL301,47.0,O=C(NC1CCNCC1)c1n[nH]cc1NC(=O)c1c(Cl)cccc1Cl
CHEMBL1944698,8.3,CHEMBL301,5.0,CN1C/C=C/CCOc2cccc(c2)-c2ccnc(n2)Nc2cccc(c2)C1
CHEMBL3651854,6.04,CHEMBL301,0.92,Cc1cc(Nc2nc(Nc3ccccc3S(=O)(=O)C(C)C)c3c(C)[nH]nc3n2)c(OC(C)C)cc1C1CCN(C)CC1
CHEMBL3952214,7.2,CHEMBL301,7.2,CC(C)n1cnnc1-c1cccc(N2Cc3ccccc3C2=O)n1
CHEMBL4759397,5.5,CHEMBL301,5.5,CC(C)n1cnnc1-c1cccc(NC(=O)C2CCCCO2)n1
CHEMBL4742169,6.77,CHEMBL301,168.9,CC(C)N1c2cc(Nc3nccc(-c4cncc5ccccc45)n3)ccc2N(C)C(=O)[C@H]1C
CHEMBL1906448,5.3,CHEMBL301,5.0,Cc1nn(-c2ccccn2)c2c1C(=O)CC(C)(C)C2Br
CHEMBL1708376,5.32,CHEMBL301,4.8,Cc1nn(-c2nccs2)c2c1C(=O)CC(C)(C)C2Br
CHEMBL4763182,5.35,CHEMBL301,4.5,Cc1nn(-c2ccncn2)c2c1C(=O)CC(C)(C)C2Br
CHEMBL2103840,9.0,CHEMBL301,0.001,CCc1cnn2c(NCc3ccc[n+]([O-])c3)cc(N3CCCC[C@H]3CCO)nc12
CHEMBL4762791,5.39,CHEMBL301,4.1,O=c1[nH]cc(C2CCCCC2)c2nccn12
CHEMBL2103840,7.74,CHEMBL301,18.4,CCc1cnn2c(NCc3ccc[n+]([O-])c3)cc(N3CCCC[C@H]3CCO)nc12
CHEMBL4793573,6.73,CHEMBL301,185.0,C=CC(=O)NC1CCC(C(=O)N2CCCC(Nc3ncc(SCc4ncc(C(C)(C)C)o4)s3)C2)CC1
CHEMBL4776271,6.76,CHEMBL301,174.0,C=CC(=O)NC1CCN(C(=O)N2CCCC(Nc3ncc(SCc4ncc(C(C)(C)C)o4)s3)C2)CC1
CHEMBL4746993,6.9,CHEMBL301,126.0,C=CC(=O)Nc1ccc(C(=O)N2CCCC(Nc3ncc(SCc4ncc(C(C)(C)C)o4)s3)C2)c(OC)c1
CHEMBL4788401,6.48,CHEMBL301,334.0,C=CC(=O)Nc1ccc(O[C@@H]2CCC[C@@H](Nc3ncc(SCc4ncc(C(C)(C)C)o4)s3)C2)cc1
CHEMBL4753350,7.64,CHEMBL301,22.9,C=CC(=O)Nc1ccc(C(=O)N2CCCC(Nc3ncc(/C=C/c4ncc(C(C)(C)C)o4)s3)C2)cc1
CHEMBL4781334,5.5,CHEMBL301,3170.0,C=CC(=O)Nc1ccc(C(=O)N2CCCC(Nc3ncc(CNCc4ncc(C(C)(C)C)o4)s3)C2)cc1
CHEMBL4756935,6.58,CHEMBL301,264.0,C=CC(=O)Nc1ccc(S(=O)(=O)N2CCCC(Nc3ncc(SCc4ncc(C(C)(C)C)o4)s3)C2)cc1
CHEMBL4744627,6.91,CHEMBL301,124.0,C=CC(=O)N1CCc2cc(S(=O)(=O)N3CCCC(Nc4ncc(SCc5ncc(C(C)(C)C)o5)s4)C3)ccc21
CHEMBL4752238,6.6,CHEMBL301,251.0,C=CC(=O)Nc1ccc(O[C@@H]2CCC[C@@H](Nc3ncc(SCc4ncc(C(C)(C)C)o4)s3)C2)c(C(F)(F)F)c1
CHEMBL4758168,7.92,CHEMBL301,11.9,CN(C)C/C=C/C(=O)Nc1ccc(C(=O)N2CC[C@@H](Nc3ncc(SCc4ncc(C(C)(C)C)o4)s3)C2)cc1
CHEMBL4777844,7.94,CHEMBL301,11.5,CN(C)C/C=C/C(=O)N1CCC(C(=O)Nc2ncc(SCc3ncc(C(C)(C)C)o3)s2)CC1
CHEMBL4641226,7.97,CHEMBL301,10.8,C=CC(=O)N1CCC(C(=O)Nc2ncc(SCc3ncc(C(C)(C)C)o3)s2)CC1
CHEMBL4753717,7.63,CHEMBL301,23.3,CN(C)CC/C=C/C(=O)Nc1ccc(C(=O)N2CCCC(C(=O)Nc3ncc(SCc4ncc(C(C)(C)C)o4)s3)C2)cc1
CHEMBL4644893,7.96,CHEMBL301,11.0,C=CC(=O)Nc1ccc(C(=O)N2CCCC(C(=O)Nc3ncc(SCc4ncc(C(C)(C)C)o4)s3)C2)cc1
CHEMBL4643057,7.23,CHEMBL301,58.8,C=CC(=O)Nc1cccc(C(=O)Nc2ncc(SCc3ncc(C(C)(C)C)o3)s2)c1
CHEMBL4786429,7.54,CHEMBL301,29.0,CN(C)C/C=C/C(=O)Nc1cccc(C(=O)Nc2ncc(SCc3ncc(C(C)(C)C)o3)s2)c1
CHEMBL4756353,8.11,CHEMBL301,7.8,CN(C)C/C=C/C(=O)Nc1ccc(C(=O)Nc2ncc(SCc3ncc(C(C)(C)C)o3)s2)cc1
CHEMBL4797409,6.51,CHEMBL301,312.0,C=CC(=O)Nc1cccc(C(=O)N2CCCC(Nc3ncc(SCc4ncc(C(C)(C)C)o4)s3)C2)c1
CHEMBL4752989,6.54,CHEMBL301,286.0,CN(C)C/C=C/C(=O)Nc1cccc(C(=O)N2CCCC(Nc3ncc(SCc4ncc(C(C)(C)C)o4)s3)C2)c1
CHEMBL4761637,6.79,CHEMBL301,162.0,C=CC(=O)Nc1ccc(C(=O)Nc2cccc(C(=O)Nc3ncc(SCc4ncc(C(C)(C)C)o4)s3)c2)cc1
CHEMBL4781539,6.97,CHEMBL301,108.0,C=CC(=O)Nc1ccc(C(=O)N2CCCC(Nc3ncc(SCc4ncc(C(C)(C)C)o4)s3)C2)cc1
CHEMBL4761001,7.04,CHEMBL301,92.3,CN(C)C/C=C/C(=O)Nc1ccc(C(=O)N2CCCC(Nc3ncc(SCc4ncc(C(C)(C)C)o4)s3)C2)cc1
CHEMBL4744850,6.16,CHEMBL301,689.0,CN(C)C/C=C/C(=O)Nc1ccc(S(=O)(=O)N2CCCC(Nc3ncc(SCc4ncc(C(C)(C)C)o4)s3)C2)cc1
CHEMBL4788136,8.01,CHEMBL301,9.86,C=CC(=O)Nc1ccc(C(=O)N2CC[C@@H](Nc3ncc(SCc4ncc(C(C)(C)C)o4)s3)C2)cc1
CHEMBL1234833,8.52,CHEMBL301,3.0,CC(C)c1cnn2c(NCc3ccccc3)cc(N[C@@H](CO)[C@H](O)CO)nc12
CHEMBL2103840,9.0,CHEMBL301,1.0,CCc1cnn2c(NCc3ccc[n+]([O-])c3)cc(N3CCCC[C@H]3CCO)nc12
CHEMBL4864688,6.81,CHEMBL301,155.0,O=C(CCCOc1ccc(CC(=O)Nc2cc(C3CCC3)[nH]n2)cc1)NCCCCNc1cccc2c1C(=O)N(C1CCC(=O)NC1=O)C2=O
CHEMBL4846069,7.36,CHEMBL301,44.0,COc1ccc(CC(=O)Nc2cc(C3CCC3)[nH]n2)cc1
CHEMBL4864688,6.42,CHEMBL301,385.0,O=C(CCCOc1ccc(CC(=O)Nc2cc(C3CCC3)[nH]n2)cc1)NCCCCNc1cccc2c1C(=O)N(C1CCC(=O)NC1=O)C2=O
CHEMBL4846069,6.87,CHEMBL301,135.0,COc1ccc(CC(=O)Nc2cc(C3CCC3)[nH]n2)cc1
CHEMBL2103840,9.0,CHEMBL301,1.0,CCc1cnn2c(NCc3ccc[n+]([O-])c3)cc(N3CCCC[C@H]3CCO)nc12
CHEMBL4855785,6.83,CHEMBL301,146.85,Cc1n[nH]c2ccc(-c3cncc(NC(CO)c4ccccc4)n3)cc12
CHEMBL4856767,7.17,CHEMBL301,67.44,Cc1n[nH]c2ccc(-c3cncc(N[C@@H](CO)c4ccccc4)n3)cc12
CHEMBL4860265,7.25,CHEMBL301,56.13,Cc1n[nH]c2ccc(-c3cncc(N[C@@H](CO)c4ccc(F)cc4)n3)cc12
CHEMBL4872952,7.46,CHEMBL301,34.48,Cc1n[nH]c2ccc(-c3cncc(N[C@@H](CO)c4cccc(F)c4)n3)cc12
CHEMBL4863726,7.28,CHEMBL301,52.86,Cc1n[nH]c2ccc(-c3cncc(NC4CCCC(O)C4)n3)cc12
CHEMBL4876497,6.79,CHEMBL301,163.95,Cc1n[nH]c2ccc(-c3cc(N[C@@H](CO)c4ccccc4)cnc3Cl)cc12
CHEMBL4538174,6.1,CHEMBL301,0.79,C[C@@H](NC(=O)Nc1cc2[nH]ncc2c(CO)n1)c1ccccc1
CHEMBL4088216,6.0,CHEMBL301,6.0,CN1C(=O)[C@@H](N2CCc3cn(Cc4ccccc4)nc3C2=O)COc2ccccc21
CHEMBL4549667,6.0,CHEMBL301,6.0,CN1C(=O)[C@@H](N2CCc3c(nn(Cc4ccccc4)c3Br)C2=O)COc2ccccc21
CHEMBL4097778,6.0,CHEMBL301,6.0,CN1C(=O)[C@@H](N2CCc3cn(CC4CCS(=O)(=O)CC4)nc3C2=O)COc2ccccc21
CHEMBL5092606,6.08,CHEMBL301,834.9,CN(C)C(=O)c1ccc(Nc2ncc(C(F)(F)F)c(N[C@H]3CC[C@@H](N)CC3)n2)cc1
CHEMBL5089164,6.08,CHEMBL301,830.15,Cn1ccc2cc(Nc3ncc(C(F)(F)F)c(N[C@H]4CC[C@@H](N)CC4)n3)ccc2c1=O
CHEMBL5070887,7.0,CHEMBL301,99.4,Cc1cnc(Nc2ccnn2C)nc1-c1cc2n(c1)C(=O)N([C@H](CO)c1cccc(Cl)c1)C2
CHEMBL4442620,8.3,CHEMBL301,5.0,C[C@@H](O)[C@@H](C)Oc1nc(Nc2ccc(S(=N)(=O)C3CC3)cc2)ncc1C(F)(F)F
CHEMBL5201044,5.34,CHEMBL301,4.6,O=C(c1ccc(-c2ccnc3[nH]c(-c4ccc(CN5CCOCC5)cc4)nc23)cc1)N1CCCC1
CHEMBL5188442,5.96,CHEMBL301,1.1,COc1cc(F)ccc1-c1ccnc2[nH]c(-c3ccc(CN4CCOCC4)cc3)nc12
CHEMBL5173041,5.51,CHEMBL301,3.1,COc1cc(C(=O)N2CCCC2)ccc1-c1ccnc2[nH]c(-c3ccc(CN4CCOCC4)cc3)nc12
CHEMBL5191333,5.09,CHEMBL301,8.1,COc1cc(F)ccc1-c1ccnc2[nH]c(C3CCC(NC(C)=O)C3)nc12
CHEMBL5170195,6.62,CHEMBL301,0.24,COc1cc(F)ccc1-c1ccnc2[nH]c(-c3ccc(CN4CCOCC4)cc3)cc12
CHEMBL3663760,5.8,CHEMBL301,1.6,COc1cc(F)ccc1-c1ccnc2[nH]c(C3CCNCC3)cc12
CHEMBL5170524,4.96,CHEMBL301,11.0,COc1cc(C(=O)N2CCCC2)ccc1-c1ccnc2[nH]c(C3CCNCC3)cc12
CHEMBL5198038,6.46,CHEMBL301,0.35,CC(C)n1cc(-c2ccnc3[nH]c(C4CCN(CC(=O)N(C)C)CC4)cc23)ccc1=O
CHEMBL5197170,6.14,CHEMBL301,0.72,CC(C)n1cc(-c2ccnc3[nH]c(C4CCN(CC(=O)N5CCCCC5)CC4)cc23)ccc1=O
CHEMBL5207871,6.12,CHEMBL301,0.76,CC(C)n1cc(-c2ccnc3[nH]c(C4CCN(CC(=O)N5CCCC5)CC4)cc23)ccc1=O
CHEMBL5181709,7.08,CHEMBL301,0.084,Cc1nc2ccc(-c3ccnc4[nH]c(C5CCN(CC(=O)N(C)C)CC5)cc34)cc2n1C(C)C
CHEMBL3663760,4.85,CHEMBL301,14.0,COc1cc(F)ccc1-c1ccnc2[nH]c(C3CCNCC3)cc12
CHEMBL5197170,4.92,CHEMBL301,12.0,CC(C)n1cc(-c2ccnc3[nH]c(C4CCN(CC(=O)N5CCCCC5)CC4)cc23)ccc1=O
CHEMBL5207871,4.92,CHEMBL301,12.0,CC(C)n1cc(-c2ccnc3[nH]c(C4CCN(CC(=O)N5CCCC5)CC4)cc23)ccc1=O
CHEMBL5200108,7.06,CHEMBL301,87.0,O=C(Cc1ccc(B2C=CC=CN2)cc1)Nc1cc(C2CC2)[nH]n1
CHEMBL4518287,6.8,CHEMBL301,0.16,C=CS(=O)(=O)c1ccc(Nc2nc(OCC3CCCCC3)c3nc[nH]c3n2)cc1
CHEMBL4173631,8.0,CHEMBL301,0.01,Cn1cc(-c2ccc(S(=O)(=O)N3CCC(Nc4ccc(C#N)cn4)CC3)cc2)cn1
CHEMBL5202653,6.33,CHEMBL301,0.47,CC(=O)N(c1ccc(-c2cnn(C)c2)cc1)C1CCC(Nc2ccc(C#N)cn2)CC1
CHEMBL5188909,5.57,CHEMBL301,2.68,CC(C)n1cnc2c(NCc3nc4ccc(F)c(F)c4[nH]3)nc(N3CCCC[C@H]3CCO)nc21
CHEMBL5184492,5.47,CHEMBL301,3.4,C[C@H]1C[C@@H]2CN1CCn1[nH]c3c(cccc3c1=O)-c1nc3c(cccc3[nH]c1=O)O2
CHEMBL5192247,7.0,CHEMBL301,100.0,COCc1cc(C(=O)Nc2cc([C@H]3CC[C@@H](OC(=O)N(C)C(C)C)C3)[nH]n2)n(C)n1
CHEMBL5179057,7.0,CHEMBL301,100.0,CC(C)NC(=O)O[C@H]1CC[C@@H](c2cc(NC(=O)c3ccnn3C)n[nH]2)C1
CHEMBL5170812,7.0,CHEMBL301,100.0,Cc1ncc(CC(=O)Nc2cc([C@H]3CC[C@@H](OC(=O)NC(C)C)C3)[nH]n2)s1
CHEMBL5209174,7.0,CHEMBL301,100.0,CC(C)NC(=O)O[C@@H]1CC[C@H](c2cc(NC(=O)Cc3ccccc3)n[nH]2)C1
CHEMBL5179286,7.0,CHEMBL301,100.0,CC(C)NC(=O)O[C@@H]1CC[C@H](c2cc(NC(=O)Cc3ccccc3S(C)(=O)=O)n[nH]2)C1
CHEMBL5173190,7.0,CHEMBL301,100.0,COc1cc(CC(=O)Nc2cc([C@H]3CC[C@@H](OC(=O)NC(C)C)C3)[nH]n2)ccn1
CHEMBL5187579,7.0,CHEMBL301,100.0,Cc1cc(CC(=O)Nc2cc([C@H]3CCC[C@@H](OC(=O)NC4(C)CC4)CC3)[nH]n2)on1
CHEMBL5195030,8.3,CHEMBL301,5.0,CC[C@@H](Nc1nc(NCc2cnc(C)cc2C)c2ncn(C(C)C)c2n1)[C@H](C)O
CHEMBL2386747,7.05,CHEMBL301,88.8,COC(=N)c1nc2ccc3ncnc(Nc4ccc(Cl)cc4Cl)c3c2s1
CHEMBL5179335,5.59,CHEMBL301,2.57,CC(C)(C)/C=C(\C#N)C(=O)Nc1cccc(-c2nn(C(C)(C)C)c3nc[nH]c(=O)c23)c1
CHEMBL5174745,4.94,CHEMBL301,11.58,CCCC/C=C(\C#N)C(=O)Nc1cccc(-c2nn(C(C)(C)C)c3nc[nH]c(=O)c23)c1
CHEMBL5207329,5.85,CHEMBL301,1.4,CC(C)(C)n1nc(-c2cccc(NC(=O)/C(C#N)=C/c3ccc(C(=O)O)cc3)c2)c2c(=O)[nH]cnc21
CHEMBL5174224,5.66,CHEMBL301,2.2,CC(C)(C)n1nc(-c2cccc(NC(=O)/C(C#N)=C/c3ccccc3)c2)c2c(=O)[nH]cnc21
CHEMBL5178045,5.61,CHEMBL301,2.46,CC(C)(C)n1nc(-c2cccc(NC(=O)/C(C#N)=C/c3cccc([N+](=O)[O-])c3)c2)c2c(=O)[nH]cnc21
CHEMBL5190359,5.79,CHEMBL301,1.64,CC(C)(C)n1nc(-c2cccc(NC(=O)/C(C#N)=C/c3cc([N+](=O)[O-])cc([N+](=O)[O-])c3)c2)c2c(=O)[nH]cnc21
CHEMBL5193468,5.44,CHEMBL301,3.63,CC(C)(C)n1nc(-c2cccc(NC(=O)/C(C#N)=C/c3ccc(Br)cc3)c2)c2c(=O)[nH]cnc21
CHEMBL5174075,5.88,CHEMBL301,1.31,CC(C)(C)n1nc(-c2cccc(NC(=O)/C(C#N)=C/c3ccccc3Br)c2)c2c(=O)[nH]cnc21
CHEMBL5181384,6.28,CHEMBL301,0.52,CC(C)(C)n1nc(-c2cccc(NC(=O)/C(C#N)=C/c3ccc(O)cc3)c2)c2c(=O)[nH]cnc21
CHEMBL5196242,6.46,CHEMBL301,0.35,CC(C)(C)n1nc(-c2cccc(NC(=O)/C(C#N)=C/c3ccccc3O)c2)c2c(=O)[nH]cnc21
CHEMBL5207710,5.32,CHEMBL301,4.84,Cc1cc(NS(=O)(=O)c2ccc(Nc3n[nH]c4nc[nH]c(=O)c34)cc2)no1
CHEMBL5178569,5.71,CHEMBL301,1.95,CC(C)(C)n1nc(-c2cccc(NC(=O)/C(C#N)=C/c3ccc([N+](=O)[O-])cc3)c2)c2c(=O)[nH]cnc21
CHEMBL5181880,4.91,CHEMBL301,12.25,CC(C)(C)n1nc(-c2cccc(NC(=O)/C(C#N)=C/c3ccccc3[N+](=O)[O-])c2)c2c(=O)[nH]cnc21
CHEMBL5190528,4.83,CHEMBL301,14.66,CC(C)(C)n1nc(-c2cccc(NC(=O)/C(C#N)=C/c3cccc(Br)c3)c2)c2c(=O)[nH]cnc21
CHEMBL5196147,5.51,CHEMBL301,3.1,CC(C)(C)n1nc(-c2cccc(NC(=O)/C(C#N)=C/c3cccc(Cl)c3)c2)c2c(=O)[nH]cnc21
CHEMBL5171425,5.54,CHEMBL301,2.87,CC(C)(C)n1nc(-c2cccc(NC(=O)/C(C#N)=C/c3ccc(F)cc3)c2)c2c(=O)[nH]cnc21
CHEMBL5181593,5.25,CHEMBL301,5.59,CC(C)(C)n1nc(-c2cccc(NC(=O)/C(C#N)=C/c3cccc(C(F)(F)F)c3)c2)c2c(=O)[nH]cnc21
CHEMBL5194758,5.01,CHEMBL301,9.7,COc1ccc(/C=C(\C#N)C(=O)Nc2cccc(-c3nn(C(C)(C)C)c4nc[nH]c(=O)c34)c2)cc1
CHEMBL5172686,5.2,CHEMBL301,6.25,CC(C)(C)n1nc(-c2cccc(NC(=O)/C(C#N)=C/C=C/c3ccccc3)c2)c2c(=O)[nH]cnc21
CHEMBL5186159,8.31,CHEMBL301,4.9,NS(=O)(=O)c1ccc(Nc2ncc3c(n2)N(C2CCCC2)C(=O)C32CC2)cc1
CHEMBL5195597,6.99,CHEMBL301,102.0,CS(=O)(=O)N1CCC(Nc2ncc3c(n2)N(C2CCCC2)C(=O)C32CC2)CC1
CHEMBL5186159,5.12,CHEMBL301,7600.0,NS(=O)(=O)c1ccc(Nc2ncc3c(n2)N(C2CCCC2)C(=O)C32CC2)cc1
CHEMBL5175160,6.64,CHEMBL301,230.0,CNS(=O)(=O)c1ccc(Nc2ncc3c(n2)N([C@H]2CCC[C@@H]2C)C(=O)C32CC2)cc1
CHEMBL5169515,6.11,CHEMBL301,770.0,C[C@@H]1CCC[C@H]1N1C(=O)C2(CC2)c2cnc(Nc3ccc(S(=O)(=O)NCCO)cc3)nc21
CHEMBL5194832,7.36,CHEMBL301,44.0,C[C@@H]1CCC[C@H]1N1C(=O)C2(CC2)c2cnc(Nc3ccc(S(=O)(=O)N[C@@H]4CCCN(C)C4)cc3)nc21
CHEMBL5203908,6.34,CHEMBL301,460.0,CNS(=O)(=O)c1ccc(Nc2ncc3c(n2)N([C@@H](C)C2CC2)C(=O)C32CC2)cc1
CHEMBL5190590,6.34,CHEMBL301,460.0,CNS(=O)(=O)c1ccc(Nc2ncc3c(n2)N(c2cc(F)ccc2Cl)C(=O)C32CC2)cc1
CHEMBL5190046,6.46,CHEMBL301,350.0,CNS(=O)(=O)c1ccc(Nc2ncc3c(n2)N([C@@H]2CCC[C@@]2(C)O)C(=O)C32CC2)cc1
CHEMBL5179962,6.17,CHEMBL301,670.0,CNS(=O)(=O)c1ccc(Nc2ncc3c(n2)N([C@@H]2CCC[C@@H](O)C2)C(=O)C32CC2)cc1
CHEMBL5190067,6.13,CHEMBL301,746.0,[2H]C([2H])([2H])NS(=O)(=O)c1ccc(Nc2ncc3c(n2)N([C@@H]2CCC[C@@]2(C)O)C(=O)C32CC2)cc1
CHEMBL5199259,6.19,CHEMBL301,642.0,[2H]C([2H])([2H])NS(=O)(=O)c1ccc(Nc2ncc3c(n2)N([C@@H]2CCC[C@@H](O)C2)C(=O)C32CC2)cc1
CHEMBL5177986,6.5,CHEMBL301,316.0,Cn1cc(S(=O)(=O)N2CCC(Nc3ncc4c(n3)N([C@@H]3CCC[C@@H](O)C3)C(=O)C43CC3)CC2)cn1
CHEMBL14762,7.0,CHEMBL301,100.0,CC[C@H](CO)Nc1nc(NCc2ccccc2)c2ncn(C(C)C)c2n1
CHEMBL428690,8.0,CHEMBL301,10.0,CN1CC[C@H](c2c(O)cc(O)c3c(=O)cc(-c4ccccc4Cl)oc23)[C@H](O)C1
CHEMBL2103840,9.0,CHEMBL301,1.0,CCc1cnn2c(NCc3ccc[n+]([O-])c3)cc(N3CCCC[C@H]3CCO)nc12
CHEMBL5209307,7.51,CHEMBL301,31.0,CCCc1cnc(NC(=O)[C@@H](C)c2ccc(NC(C)=O)cc2)s1
CHEMBL280074,5.16,CHEMBL301,7.0,Cn1cnc2c(NCc3ccccc3)nc(NCCO)nc21
CHEMBL23327,8.4,CHEMBL301,4.0,CC(C)[C@H](CO)Nc1nc(Nc2cccc(Cl)c2)c2ncn(C(C)C)c2n1
CHEMBL2143507,7.51,CHEMBL301,31.0,CC(=O)Nc1ccc(C(C)C(=O)Nc2ncc(C(C)C)s2)cc1
CHEMBL428690,6.77,CHEMBL301,170.0,CN1CC[C@H](c2c(O)cc(O)c3c(=O)cc(-c4ccccc4Cl)oc23)[C@H](O)C1
CHEMBL3084839,8.15,CHEMBL301,0.006999999999999999,N[C@H]1CC[C@H](Nc2nc(Nc3ccccc3)c3ncn(C4CCCC4)c3n2)CC1
CHEMBL5198461,7.77,CHEMBL301,0.017,NCCCCNc1ccc(Nc2nc(N[C@H]3CC[C@H](N)CC3)nc3c2ncn3C2CCCC2)cc1
CHEMBL5172816,7.68,CHEMBL301,0.021,NCCCNCCCCNc1ccc(Nc2nc(N[C@H]3CC[C@H](N)CC3)nc3c2ncn3C2CCCC2)cc1
CHEMBL5178263,7.51,CHEMBL301,0.031,NCCCNCCCCNCCCNc1ccc(Nc2nc(N[C@H]3CC[C@H](N)CC3)nc3c2ncn3C2CCCC2)cc1
CHEMBL5188322,8.4,CHEMBL301,0.004,NC(=O)c1ccc(Nc2nc(N[C@H]3CC[C@H](N)CC3)nc3c2ncn3C2CCCC2)cc1
CHEMBL5176691,7.7,CHEMBL301,0.02,NCCCCNC(=O)c1ccc(Nc2nc(N[C@H]3CC[C@H](N)CC3)nc3c2ncn3C2CCCC2)cc1
CHEMBL5189978,7.72,CHEMBL301,0.019,NCCCNCCCCNC(=O)c1ccc(Nc2nc(N[C@H]3CC[C@H](N)CC3)nc3c2ncn3C2CCCC2)cc1
CHEMBL150261,8.15,CHEMBL301,0.006999999999999999,N[C@H]1CC[C@H](Nc2nc(NCc3ccccc3)c3ncn(C4CCCC4)c3n2)CC1
CHEMBL5205172,7.57,CHEMBL301,0.027000000000000003,NCCCCNC(=O)c1ccc(CNc2nc(N[C@H]3CC[C@H](N)CC3)nc3c2ncn3C2CCCC2)cc1
CHEMBL5201965,7.6,CHEMBL301,0.025,NCCCNCCCCNC(=O)c1ccc(CNc2nc(N[C@H]3CC[C@H](N)CC3)nc3c2ncn3C2CCCC2)cc1
CHEMBL384304,8.52,CHEMBL301,3.0,COc1ccc(F)c(F)c1C(=O)c1cnc(NC2CCN(S(C)(=O)=O)CC2)nc1N
CHEMBL8817,6.77,CHEMBL301,170.0,CN1CC[C@@H](c2c(O)cc(O)c3c(=O)cc(-c4ccccc4Cl)oc23)[C@@H](O)C1
CHEMBL334881,5.68,CHEMBL301,2100.0,CN1CC[C@H](c2c(O)cc(O)c3c(=O)cc(Sc4ccccc4Cl)oc23)[C@H](O)C1
CHEMBL5171657,9.0,CHEMBL301,1.0,CCc1cnn2c(NCc3ccc[n+]([O-])c3)cc(C3CCCC[C@H]3CCO)nc12
CHEMBL4297488,6.21,CHEMBL301,620.0,CC(C)c1cnn2c(NCc3ccccc3)cc(NC[C@H]3CCNC[C@@H]3O)nc12
CHEMBL14762,6.16,CHEMBL301,700.0,CC[C@H](CO)Nc1nc(NCc2ccccc2)c2ncn(C(C)C)c2n1
CHEMBL4450322,5.89,CHEMBL301,1300.0,C=CC(=O)Nc1ccc(C(=O)Nc2[nH]nc3c2CN(C(=O)N[C@H](CN(C)C)c2ccccc2)C3(C)C)cc1
CHEMBL5202522,6.63,CHEMBL301,233.0,Nc1nc(N[C@H]2CC3CCC2C3)sc1C(=O)c1ccccc1[N+](=O)[O-]
CHEMBL296468,7.42,CHEMBL301,38.0,CC(C)(C)c1cnc(CSc2cnc(NC(=O)C3CCNCC3)s2)o1
CHEMBL4442620,8.05,CHEMBL301,9.0,C[C@@H](O)[C@@H](C)Oc1nc(Nc2ccc(S(=N)(=O)C3CC3)cc2)ncc1C(F)(F)F
CHEMBL191003,8.4,CHEMBL301,4.0,Nc1nc(Nc2ccc(S(N)(=O)=O)cc2)nn1C(=O)c1c(F)cccc1F
CHEMBL3545083,8.52,CHEMBL301,3.0,COCCN1CCN(Cc2ccc(-c3n[nH]c4c3C(=O)c3c(NC(=O)NN5CCOCC5)cccc3-4)cc2)CC1
CHEMBL4518287,5.88,CHEMBL301,1.31,C=CS(=O)(=O)c1ccc(Nc2nc(OCC3CCCCC3)c3nc[nH]c3n2)cc1
CHEMBL285527,4.43,CHEMBL301,37.0,O=S(=O)(O)c1cccc2cccc(Nc3ccccc3)c12
CHEMBL3604460,4.15,CHEMBL301,71.0,CC1=C(C(=O)OC2CCCCC2)C(c2ccc([N+](=O)[O-])cc2)C2=C(CC(C)(C)CC2=O)N1
CHEMBL5177698,6.11,CHEMBL301,0.78,CNc1nc(C(=O)/C=C/c2ccc(OC)cc2)c(C)s1
CHEMBL133342,6.16,CHEMBL301,700.0,CC[C@@H](CO)Nc1nc(NCc2ccccc2)c2ncn(C(C)C)c2n1
CHEMBL5207533,6.43,CHEMBL301,375.0,C[C@H]1CC[C@@H](n2c3cnccc3c3cnc(Nc4ccc5c(n4)CCN(C(=O)CO)C5)nc32)CC1
CHEMBL5196783,6.07,CHEMBL301,0.85,CCCn1cc(/C=N/N=C2\C(=O)Nc3ccc(C)cc32)c2ccccc21
CHEMBL5186025,7.42,CHEMBL301,38.0,O=C1Nc2ccc(Br)cc2/C1=N/NC(=O)c1cc2cc(Br)ccc2o1
CHEMBL5172659,7.28,CHEMBL301,53.0,COc1ccc2c(c1)/C(=N/NC(=O)c1cc3cc(Br)ccc3o1)C(=O)N2
CHEMBL514499,5.12,CHEMBL301,7600.0,COc1cc2ncn(-c3cc(OCc4ccccc4C(F)(F)F)c(C(N)=O)s3)c2cc1OC
CHEMBL278894,6.22,CHEMBL301,0.6,CC(C)(C)Nc1nc(C(F)(F)F)nc2ccc(-c3cccc(N)c3)cc12
CHEMBL4637085,5.96,CHEMBL301,1.11,COc1cc(/C=C2\Oc3cc4occc4c(OC)c3C2=O)ccc1OCC(=O)Nc1ccccc1
CHEMBL553,5.94,CHEMBL301,1.14,C#Cc1cccc(Nc2ncnc3cc(OCCOC)c(OCCOC)cc23)c1
CHEMBL428690,7.16,CHEMBL301,70.0,CN1CC[C@H](c2c(O)cc(O)c3c(=O)cc(-c4ccccc4Cl)oc23)[C@H](O)C1
CHEMBL3905910,6.75,CHEMBL301,180.0,CN1CC[C@@H](c2c(O)cc(O)c3c(=O)cc(-c4ccc(C(F)(F)F)cc4Cl)oc23)[C@@H]1CO
CHEMBL5287796,5.93,CHEMBL301,1180.0,COc1cc(O)c2c(=O)cc(-c3ccc(N4CCN(C)CC4)cc3)oc2c1N1CCNCC1
CHEMBL4741442,8.4,CHEMBL301,4.0,C[C@H](CO)Nc1nc(Nc2ccc(S(N)(=O)=O)cc2)ncc1Br
CHEMBL5287128,8.05,CHEMBL301,9.0,C[C@@H](O)[C@@H](C)Nc1nc(Nc2ccc([S@](=N)(=O)C3CC3)cc2)ncc1C(F)(F)F
CHEMBL133342,7.0,CHEMBL301,100.0,CC[C@@H](CO)Nc1nc(NCc2ccccc2)c2ncn(C(C)C)c2n1
CHEMBL3655762,8.3,CHEMBL301,5.0,CC[C@H](Nc1nc(NCc2cnc(C)cc2C)c2ncn(C(C)C)c2n1)[C@@H](C)O
CHEMBL1922219,6.96,CHEMBL301,110.0,CC[C@H](Nc1nc(NCc2cccnc2)c2ncn(C(C)C)c2n1)[C@@H](C)O
CHEMBL2103840,9.0,CHEMBL301,1.0,CCc1cnn2c(NCc3ccc[n+]([O-])c3)cc(N3CCCC[C@H]3CCO)nc12
CHEMBL3656841,6.15,CHEMBL301,706.0,COC[C@@H](C)N[C@H]1CC[C@H](Nc2cc(-c3cccc(NCC4(C#N)CCOCC4)n3)c(Cl)cn2)CC1
CHEMBL5199065,6.4,CHEMBL301,396.0,CCC(CC)c1cc(N[C@H]2CC[C@H](N)C2)n2nccc2n1
CHEMBL5285499,4.74,CHEMBL301,18200.0,CCCc1cc(N[C@@H]2CC[C@@H](N)C2)n2nccc2n1
CHEMBL3668457,5.87,CHEMBL301,1360.0,COc1ccc(F)cc1-c1ccnc2[nH]c(C3=CCN(CC(O)CO)CC3)cc12
CHEMBL4777981,6.48,CHEMBL301,328.0,COc1ccc(F)cc1-c1c(F)cnc2[nH]c(C3=CCN([C@H]4CC[C@H](C(=O)O)CC4)CC3)cc12
CHEMBL4446357,10.05,CHEMBL301,0.09,C[C@@]1(O)CCC[C@H]1n1c(=O)c(C(F)F)cc2cnc(NC3CCN(S(C)(=O)=O)CC3)nc21
CHEMBL2103840,8.0,CHEMBL301,10.0,CCc1cnn2c(NCc3ccc[n+]([O-])c3)cc(N3CCCC[C@H]3CCO)nc12
CHEMBL428690,6.77,CHEMBL301,170.0,CN1CC[C@H](c2c(O)cc(O)c3c(=O)cc(-c4ccccc4Cl)oc23)[C@H](O)C1
CHEMBL5196783,6.07,CHEMBL301,0.85,CCCn1cc(/C=N/N=C2\C(=O)Nc3ccc(C)cc32)c2ccccc21
CHEMBL428690,7.7,CHEMBL301,20.0,CN1CC[C@H](c2c(O)cc(O)c3c(=O)cc(-c4ccccc4Cl)oc23)[C@H](O)C1
CHEMBL445813,8.0,CHEMBL301,10.0,O=C(NC1CCNCC1)c1n[nH]cc1NC(=O)c1c(Cl)cccc1Cl
CHEMBL488436,8.22,CHEMBL301,6.0,Cc1ncc(-c2ccnc(Nc3ccc(S(C)(=O)=O)cc3)n2)n1C(C)C
CHEMBL564829,7.35,CHEMBL301,45.0,CNC(=O)c1nn(C)c2c1C(C)(C)Cc1cnc(Nc3ccc(N4CCN(C)CC4)cc3)nc1-2
CHEMBL384304,8.52,CHEMBL301,3.0,COc1ccc(F)c(F)c1C(=O)c1cnc(NC2CCN(S(C)(=O)=O)CC2)nc1N
CHEMBL14762,6.16,CHEMBL301,0.7,CC[C@H](CO)Nc1nc(NCc2ccccc2)c2ncn(C(C)C)c2n1
CHEMBL2103840,9.0,CHEMBL301,1.0,CCc1cnn2c(NCc3ccc[n+]([O-])c3)cc(N3CCCC[C@H]3CCO)nc12
CHEMBL5273925,7.32,CHEMBL301,48.0,CC(C)(C)c1coc(CSc2cnc(NC(=O)C3CCNCC3)s2)n1
CHEMBL1230607,8.1,CHEMBL301,8.0,CC(C)CC(=O)Nc1n[nH]c2c1CN(C(=O)C1CCN(C)CC1)C2(C)C
CHEMBL5285495,6.8,CHEMBL301,0.16,C[C@@H](CO)Nc1nc(N)c(N=O)c(OCC2CCCCC2)n1
CHEMBL5269468,6.52,CHEMBL301,0.3,C[C@@H](CO)Nc1nc(N)c(/[N+]([O-])=N/C#N)c(OCC2CCCCC2)n1
CHEMBL5280858,5.33,CHEMBL301,4.63,O=C(CCCn1cc(CNC2CCCCC2)c(-c2ccccc2)n1)NO
CHEMBL5280632,5.43,CHEMBL301,3.7,O=C(CCCn1cc(CNC2CC2)c(-c2ccccc2)n1)NO
CHEMBL5275225,5.35,CHEMBL301,4.5,O=C1CC(=O)N(c2ccc(F)cc2)C(=S)N1C(=O)c1ccccc1
CHEMBL5281901,5.28,CHEMBL301,5.2,O=C(c1ccccc1)N1C(=O)C(C2C(=O)N(C(=O)c3ccccc3)C(=S)N(c3ccc(F)cc3)C2=O)C(=O)N(c2ccc(F)cc2)C1=S
CHEMBL14762,6.37,CHEMBL301,0.43,CC[C@H](CO)Nc1nc(NCc2ccccc2)c2ncn(C(C)C)c2n1
CHEMBL5284490,5.75,CHEMBL301,1.79,Cc1ccc(S(=O)(=O)Nc2ccc(-c3ccnc(Nc4ccc(S(=O)(=O)Nc5nccc(C)n5)cc4)c3C#N)cc2)cc1
CHEMBL5287479,5.6,CHEMBL301,2.53,Cc1ccc(S(=O)(=O)Nc2ccc(-c3ccnc(Nc4ccc(S(=O)(=O)Nc5cc(C)no5)cc4)c3C#N)cc2)cc1
CHEMBL5270694,5.54,CHEMBL301,2.92,COc1ccccc1/C=C/C(=C(C#N)C#N)c1ccc(NS(=O)(=O)c2ccc(C)cc2)cc1
CHEMBL5279871,5.75,CHEMBL301,1.8,Nc1c([N+](=O)[O-])cnc(NC2CCCCC2)c1[N+](=O)[O-]
CHEMBL269538,4.48,CHEMBL301,33.0,COc1ccc2c(c1)[nH]c1c(C)nccc12
CHEMBL189657,6.77,CHEMBL301,169.0,CCn1c(-c2nonc2N)nc2cnccc21
CHEMBL5278835,4.02,CHEMBL301,96.0,Nc1nonc1-n1nnc(C(=O)/N=N/Cc2ccncc2)c1CN1CCCCC1
CHEMBL5285163,6.7,CHEMBL301,200.0,CS(=O)(=O)N1CCC(Nc2ncc3cc(CCO)c(=O)n(C4CCCC4)c3n2)CC1
CHEMBL4446357,8.05,CHEMBL301,9.0,C[C@@]1(O)CCC[C@H]1n1c(=O)c(C(F)F)cc2cnc(NC3CCN(S(C)(=O)=O)CC3)nc21
CHEMBL5290362,7.01,CHEMBL301,97.0,N[C@H](COc1cncc(-c2ccc3[nH]nc(NC(=O)c4ccccc4)c3c2)c1)Cc1ccccc1
CHEMBL5285145,6.3,CHEMBL301,499.0,N[C@@H](COc1cncc(-c2ccc3[nH]nc(NC(=O)c4ccccc4)c3c2)c1)Cc1ccccc1
CHEMBL5287079,6.92,CHEMBL301,120.0,N[C@H](COc1cncc(-c2ccc3[nH]nc(NC(=O)c4ccccc4)c3c2)c1)c1ccccc1
CHEMBL5281785,6.57,CHEMBL301,269.0,O=C(Nc1n[nH]c2ccc(-c3cncc(NC[C@H](O)c4ccccc4)c3)cc12)c1ccccc1
CHEMBL5276424,6.1,CHEMBL301,802.0,O=C(Nc1n[nH]c2ccc(-c3cncc(NC[C@@H](O)c4ccccc4)c3)cc12)c1ccccc1
CHEMBL5268968,6.09,CHEMBL301,813.0,O=C(Nc1n[nH]c2ccc(-c3cncc(NC[C@@H](CO)c4ccccc4)c3)cc12)c1ccccc1
CHEMBL5280467,6.24,CHEMBL301,577.0,O=C(Nc1n[nH]c2ccc(-c3cncc(NC[C@H](CO)c4ccccc4)c3)cc12)c1ccccc1
CHEMBL5283549,6.21,CHEMBL301,609.0,O=C(Nc1n[nH]c2ccc(-c3cncc(NC[C@@H](CO)Cc4ccccc4)c3)cc12)c1ccccc1
CHEMBL5283085,5.62,CHEMBL301,2396.0,O=C(Nc1n[nH]c2ccc(-c3cncc(NC[C@H](CO)Cc4ccccc4)c3)cc12)c1ccccc1
CHEMBL5284748,6.72,CHEMBL301,190.0,NC[C@@H](CNc1cncc(-c2ccc3[nH]nc(NC(=O)c4ccccc4)c3c2)c1)c1ccccc1
CHEMBL5277013,5.98,CHEMBL301,1049.0,N[C@@H](Cc1ccccc1)C(=O)Nc1cncc(-c2ccc3[nH]nc(NC(=O)c4ccccc4)c3c2)c1
CHEMBL5270227,6.26,CHEMBL301,550.0,N[C@H](Cc1ccccc1)C(=O)Nc1cncc(-c2ccc3[nH]nc(NC(=O)c4ccccc4)c3c2)c1
CHEMBL5286683,6.04,CHEMBL301,918.0,C=CC(=O)Nc1ccc(C(=O)Nc2n[nH]c3ccc(-c4cncc(NC[C@H](O)c5ccccc5)c4)cc23)cc1
CHEMBL5288241,6.08,CHEMBL301,823.0,C=CC(=O)Nc1ccc(C(=O)Nc2n[nH]c3ccc(-c4cncc(NC[C@@H](O)c5ccccc5)c4)cc23)cc1
CHEMBL5273413,6.12,CHEMBL301,756.0,C=CC(=O)Nc1ccc(C(=O)Nc2n[nH]c3ccc(-c4cncc(N[C@H](CO)c5ccccc5)c4)cc23)cc1
CHEMBL5269885,6.22,CHEMBL301,595.0,C=CC(=O)Nc1ccc(C(=O)Nc2n[nH]c3ccc(-c4cncc(N[C@H](CO)Cc5ccccc5)c4)cc23)cc1
CHEMBL5274920,6.32,CHEMBL301,477.0,C=CC(=O)Nc1ccc(C(=O)Nc2n[nH]c3ccc(-c4cncc(NC(=O)[C@@H](N)Cc5ccccc5)c4)cc23)cc1
CHEMBL5273636,5.73,CHEMBL301,1.85,CCOC(=O)c1cnn2c(-c3ccc(Cl)cc3)nc(NCc3ccccc3)nc12
CHEMBL5275667,5.68,CHEMBL301,2.09,O=C(NCCc1ccccc1)c1cnn2c(-c3ccc(Cl)cc3)nc(NCCc3ccccc3)nc12
CHEMBL191003,8.7,CHEMBL301,2.0,Nc1nc(Nc2ccc(S(N)(=O)=O)cc2)nn1C(=O)c1c(F)cccc1F
CHEMBL428690,6.77,CHEMBL301,170.0,CN1CC[C@H](c2c(O)cc(O)c3c(=O)cc(-c4ccccc4Cl)oc23)[C@H](O)C1
CHEMBL4439321,6.0,CHEMBL301,1000.0,COc1cc(F)ccc1-c1ncnc(Nc2cccc(C[S@](C)(=N)=O)c2)n1
CHEMBL3673434,5.61,CHEMBL301,2460.0,COc1cc(F)ccc1-c1ccnc(NC(=O)[C@H]2CCC[C@@H](NC(C)=O)C2)c1
CHEMBL3940387,6.4,CHEMBL301,400.0,CC(C)c1c2cc(-c3ccnc(N[C@H]4CC[C@H](NC5CCOCC5)CC4)n3)ccc2nn1C
CHEMBL4442620,8.05,CHEMBL301,9.0,C[C@@H](O)[C@@H](C)Oc1nc(Nc2ccc(S(=N)(=O)C3CC3)cc2)ncc1C(F)(F)F
CHEMBL5266005,9.0,CHEMBL301,1.0,CCc1cnn2c(NCc3ccc[n+]([O-])c3)cc(N3CCCC[C@@H]3CCO)nc12
CHEMBL5270781,5.85,CHEMBL301,1.4,CC1CN(c2ccncc2NC(=O)c2ccnn3cc(-c4ccccc4)nc23)CCO1
CHEMBL388978,8.89,CHEMBL301,1.3,CN[C@@H]1C[C@H]2O[C@@](C)([C@@H]1OC)n1c3ccccc3c3c4c(c5c6ccccc6n2c5c31)C(=O)NC4
CHEMBL5283398,6.0,CHEMBL301,1.0,CN(C)CCCNC(=O)Cc1cccc(Nc2nc(OCC3CCCCC3)c3nc[nH]c3n2)c1
CHEMBL319467,8.3,CHEMBL301,0.005,NS(=O)(=O)c1ccc(Nc2nc(OCC3CCCCC3)c3nc[nH]c3n2)cc1
CHEMBL1964259,7.92,CHEMBL301,12.0,O=C1Nc2ccc3ncsc3c2/C1=C/Nc1ccc(S(=O)(=O)NCCOCCO)cc1
CHEMBL1952030,4.41,CHEMBL301,39.0,COc1cc[nH]c1/C=C1\C(=O)Nc2ccc([N+](=O)[O-])cc21
CHEMBL354634,8.52,CHEMBL301,3.0,COc1cc[nH]c1/C=C1\C(=O)Nc2ccc(F)c(C#C[C@@H](O)[C@@H](N)[C@@H](C)O)c21
CHEMBL355631,8.7,CHEMBL301,2.0,COc1cc[nH]c1/C=C1\C(=O)Nc2ccc(F)c(C#C[C@@H]3CCCN3)c21
CHEMBL2103840,9.0,CHEMBL301,1.0,CCc1cnn2c(NCc3ccc[n+]([O-])c3)cc(N3CCCC[C@H]3CCO)nc12
CHEMBL428690,6.77,CHEMBL301,170.0,CN1CC[C@H](c2c(O)cc(O)c3c(=O)cc(-c4ccccc4Cl)oc23)[C@H](O)C1
CHEMBL5287042,7.34,CHEMBL301,46.0,CCc1c(C(=O)NCCc2ccccc2)[nH]c2ccc(C)cc12
CHEMBL5287016,7.48,CHEMBL301,33.0,CCc1c(C(=O)NCCc2ccc(N3CCCCC3)cc2)[nH]c2ccc(C)cc12
CHEMBL5289560,7.62,CHEMBL301,24.0,CCc1c(C(=O)NCCc2ccc(N3CCOCC3)cc2)[nH]c2ccc(C(F)(F)F)cc12
CHEMBL5280635,7.8,CHEMBL301,16.0,CCc1c(C(=O)NCCc2ccc(N3CCOCC3)cc2)[nH]c2ccc(C)cc12
CHEMBL2103840,7.7,CHEMBL301,20.0,CCc1cnn2c(NCc3ccc[n+]([O-])c3)cc(N3CCCC[C@H]3CCO)nc12
CHEMBL5281464,7.64,CHEMBL301,23.0,Cc1c(C(=O)NCCc2ccc(N3CCOCC3)cc2)[nH]c2ccc(Cl)cc12
CHEMBL5267773,7.89,CHEMBL301,13.0,Cc1c(C(=O)NCCc2ccc(N3CCCC3C)cc2)[nH]c2ccc(Cl)cc12
CHEMBL5280144,7.47,CHEMBL301,34.0,Cc1c(C(=O)NCCc2ccc(F)cc2)[nH]c2cc(F)ccc12
CHEMBL5440428,7.33,CHEMBL301,47.0,O=C(NC1CCNCC1)c1n[nH]cc1NC(=O)c1c(Cl)cccc1Cl.O=C(O)C(F)(F)F
CHEMBL3775792,8.05,CHEMBL301,9.0,CC(C)c1n[nH]c2c(NCc3ccc(-c4ccccn4)cc3)nc(NCC(C)(C)O)nc12
CHEMBL2103840,9.0,CHEMBL301,1.0,CCc1cnn2c(NCc3ccc[n+]([O-])c3)cc(N3CCCC[C@H]3CCO)nc12
CHEMBL14762,7.0,CHEMBL301,100.0,CC[C@H](CO)Nc1nc(NCc2ccccc2)c2ncn(C(C)C)c2n1
CHEMBL4442620,8.05,CHEMBL301,9.0,C[C@@H](O)[C@@H](C)Oc1nc(Nc2ccc(S(=N)(=O)C3CC3)cc2)ncc1C(F)(F)F
CHEMBL428690,7.16,CHEMBL301,70.0,CN1CC[C@H](c2c(O)cc(O)c3c(=O)cc(-c4ccccc4Cl)oc23)[C@H](O)C1
CHEMBL4764656,8.4,CHEMBL301,4.0,C[C@H](CO)Nc1nc(Nc2ccc(S(N)(=O)=O)cc2)ncc1Br.Cl
CHEMBL5419652,6.66,CHEMBL301,0.22,N#Cc1ccc(Nc2nccc(C(=O)Nc3cnccc3-c3ccc(F)cc3)n2)cc1
CHEMBL5402829,6.33,CHEMBL301,0.47,O=C(Nc1cnccc1-c1ccc(F)cc1)c1ccnc(Nc2ccc(F)cc2)n1
CHEMBL202695,6.92,CHEMBL301,0.12,CN(C)S(=O)(=O)c1ccc(Nc2cc(N[C@H]3CC[C@H](N)CC3)nc3ncnn23)cc1
CHEMBL14762,6.16,CHEMBL301,0.7,CC[C@H](CO)Nc1nc(NCc2ccccc2)c2ncn(C(C)C)c2n1
CHEMBL2103840,9.0,CHEMBL301,1.0,CCc1cnn2c(NCc3ccc[n+]([O-])c3)cc(N3CCCC[C@H]3CCO)nc12
CHEMBL5398705,6.54,CHEMBL301,285.5,O=C(Nc1ccccc1)N1CCN(c2nnc(Cc3ccccc3)c3ccccc23)CC1
CHEMBL5438882,6.96,CHEMBL301,108.4,COc1ccc(NC(=O)N2CCN(c3nnc(Cc4ccccc4)c4ccccc34)CC2)cc1
CHEMBL5431565,6.99,CHEMBL301,102.6,O=C(Nc1ccc(Cl)cc1)N1CCN(c2nnc(Cc3ccccc3)c3ccccc23)CC1
CHEMBL5414410,6.14,CHEMBL301,722.27,O=C(Nc1ccc(Cl)c(C(F)(F)F)c1)N1CCN(c2nnc(Cc3ccccc3)c3ccccc23)CC1
CHEMBL5417190,6.29,CHEMBL301,515.17,COc1ccc(Cc2nnc(N3CCN(C(=O)Nc4ccccc4)CC3)c3ccccc23)cc1
CHEMBL5440832,6.46,CHEMBL301,344.53,COc1ccc(Cc2nnc(N3CCN(C(=O)Nc4ccc(OC)cc4)CC3)c3ccccc23)cc1
CHEMBL5409788,6.51,CHEMBL301,305.17,COc1ccc(Cc2nnc(N3CCN(C(=O)Nc4ccc(Cl)c(C(F)(F)F)c4)CC3)c3ccccc23)cc1
CHEMBL5407116,6.62,CHEMBL301,239.7,S=C(Nc1ccccc1)N1CCN(c2nnc(Cc3ccccc3)c3ccccc23)CC1
CHEMBL5436482,6.37,CHEMBL301,425.83,COc1cccc(NC(=S)N2CCN(c3nnc(Cc4ccccc4)c4ccccc34)CC2)c1
CHEMBL5424372,6.51,CHEMBL301,307.77,COc1ccc(NC(=S)N2CCN(c3nnc(Cc4ccccc4)c4ccccc34)CC2)cc1
CHEMBL5426122,6.21,CHEMBL301,621.93,S=C(Nc1cccc(Cl)c1)N1CCN(c2nnc(Cc3ccccc3)c3ccccc23)CC1
CHEMBL5418073,6.47,CHEMBL301,340.87,S=C(Nc1ccc(Cl)cc1)N1CCN(c2nnc(Cc3ccccc3)c3ccccc23)CC1
CHEMBL5396190,6.28,CHEMBL301,523.59,COc1ccc(Cc2nnc(N3CCN(C(=S)Nc4ccccc4)CC3)c3ccccc23)cc1
CHEMBL5431456,6.4,CHEMBL301,396.35,COc1ccc(Cc2nnc(N3CCN(C(=S)Nc4ccc(OC)cc4)CC3)c3ccccc23)cc1
CHEMBL5411187,6.72,CHEMBL301,188.71,COc1ccc(Cc2nnc(N3CCN(C(=S)Nc4cccc(Cl)c4)CC3)c3ccccc23)cc1
CHEMBL5436647,6.27,CHEMBL301,533.56,COc1ccc(Cc2nnc(N3CCN(C(=S)Nc4ccc(Cl)cc4)CC3)c3ccccc23)cc1
CHEMBL5424761,6.94,CHEMBL301,114.62,O=C(c1ccccc1)N1CCN(c2nnc(Cc3ccccc3)c3ccccc23)CC1
CHEMBL5417371,6.52,CHEMBL301,301.0,COc1ccc(C(=O)N2CCN(c3nnc(Cc4ccccc4)c4ccccc34)CC2)cc1
CHEMBL5423237,6.86,CHEMBL301,137.54,O=C(c1ccc(Cl)cc1)N1CCN(c2nnc(Cc3ccccc3)c3ccccc23)CC1
CHEMBL5404411,6.34,CHEMBL301,455.48,COc1ccc(Cc2nnc(N3CCN(C(=O)c4ccccc4)CC3)c3ccccc23)cc1
CHEMBL2103840,8.38,CHEMBL301,4.19,CCc1cnn2c(NCc3ccc[n+]([O-])c3)cc(N3CCCC[C@H]3CCO)nc12
CHEMBL5414905,7.4,CHEMBL301,40.0,CCc1cnn2c(NCc3nc4ccc(F)c(F)c4[nH]3)cc(N3CCCC[C@H]3CCO)nc12
CHEMBL4649135,6.49,CHEMBL301,321.0,CCn1cnc2c(NCc3nc4ccc(F)c(F)c4[nH]3)nc(N3CCCC[C@H]3CCO)nc21
CHEMBL5188909,5.57,CHEMBL301,2680.0,CC(C)n1cnc2c(NCc3nc4ccc(F)c(F)c4[nH]3)nc(N3CCCC[C@H]3CCO)nc21
CHEMBL4864688,6.42,CHEMBL301,385.0,O=C(CCCOc1ccc(CC(=O)Nc2cc(C3CCC3)[nH]n2)cc1)NCCCCNc1cccc2c1C(=O)N(C1CCC(=O)NC1=O)C2=O
CHEMBL4519788,6.87,CHEMBL301,135.0,O=C1CCC(N2C(=O)c3cccc(OCCCCCOc4ccc(CC(=O)Nc5cc(C6CCC6)[nH]n5)cc4)c3C2=O)C(=O)N1
CHEMBL4077071,8.61,CHEMBL301,2.47,CN1CCN(Cc2ccc(NC(=O)c3n[nH]cc3Nc3ncnc4[nH]ccc34)cc2)CC1
CHEMBL5399420,7.64,CHEMBL301,23.03,CN1CCN(Cc2ccc(NC(=O)c3n[nH]cc3Nc3ccncn3)cc2)CC1
CHEMBL5415967,6.71,CHEMBL301,193.21,O=C(Nc1ccc(N2CCNCC2)cc1)c1n[nH]cc1Nc1cc(C2CC2)ncn1
CHEMBL5435746,6.87,CHEMBL301,135.01,O=C(Nc1ccc(N2CCNCC2)cc1)c1n[nH]cc1Nc1cc(OC2CCCC2)ncn1
CHEMBL5401158,7.01,CHEMBL301,98.31,O=C(Nc1ccc(N2CCNCC2)cc1)c1n[nH]cc1Nc1cc(Oc2ccccc2)ncn1
CHEMBL5416999,6.07,CHEMBL301,0.86,COc1ccc2cc1COC/C=C/COCc1cccc(c1)-c1ccnc(n1)N2
CHEMBL5439075,5.0,CHEMBL301,10.0,Cc1cnc2nc1-c1cccc(c1)COC/C=C/COCc1cc(ccc1OCCN1CCCC1)N2
CHEMBL5434272,5.43,CHEMBL301,3.7,OCCN1CCN(c2ccc3cc2COC/C=C/COCc2cccc(c2)-c2ccnc(n2)N3)CC1
CHEMBL5419439,7.06,CHEMBL301,0.088,CN(C)CCN(C)c1ccc2cc1COC/C=C/COCc1cccc(c1)-c1ccnc(n1)N2
CHEMBL1944698,7.89,CHEMBL301,13.0,CN1C/C=C/CCOc2cccc(c2)-c2ccnc(n2)Nc2cccc(c2)C1
CHEMBL2035185,5.16,CHEMBL301,7000.0,C1=C/COCc2cc(ccc2OCCN2CCCC2)Nc2nccc(n2)-c2ccc(o2)COC/1
CHEMBL5401267,6.08,CHEMBL301,833.5,CS(=O)(=O)N1CCc2cc(Nc3ncc(C(F)(F)F)c(NCCCN)n3)ccc2C1
CHEMBL5430461,5.28,CHEMBL301,5.2,O=C(O)c1cc([N+](=O)[O-])ccc1NCCc1c[nH]c2ccccc12
CHEMBL5436881,5.64,CHEMBL301,2300.0,O=C(O)c1cc(C(F)(F)F)ccc1NCCc1c[nH]c2ccccc12
CHEMBL5423185,6.58,CHEMBL301,260.0,O=C(O)c1cc(S(F)(F)(F)(F)F)ccc1NCCc1c[nH]c2ccccc12
CHEMBL5432928,7.75,CHEMBL301,18.0,O=C(O)c1cc(C(F)(F)F)ccc1NCCc1c[nH]c2cc(Br)ccc12
CHEMBL5439308,7.64,CHEMBL301,23.0,N#Cc1ccc2c(CCNc3ccc(C(F)(F)F)cc3C(=O)O)c[nH]c2c1
CHEMBL5397283,8.13,CHEMBL301,7.4,N#Cc1ccc2c(CCNc3ccc(S(F)(F)(F)(F)F)cc3C(=O)O)c[nH]c2c1
CHEMBL5432928,6.8,CHEMBL301,160.0,O=C(O)c1cc(C(F)(F)F)ccc1NCCc1c[nH]c2cc(Br)ccc12
CHEMBL5439308,7.0,CHEMBL301,100.0,N#Cc1ccc2c(CCNc3ccc(C(F)(F)F)cc3C(=O)O)c[nH]c2c1
CHEMBL1256759,4.47,CHEMBL301,34.0,O=C(O)c1cc([N+](=O)[O-])ccc1NCCCc1ccccc1
CHEMBL5430461,5.34,CHEMBL301,4.6,O=C(O)c1cc([N+](=O)[O-])ccc1NCCc1c[nH]c2ccccc12
CHEMBL5440790,4.68,CHEMBL301,21.0,Cc1ccc2c(c1)c(CCNc1ccc([N+](=O)[O-])cc1C(=O)O)cn2C
CHEMBL5427324,5.41,CHEMBL301,3.9,Cn1cc(CCNc2ccc([N+](=O)[O-])cc2C(=O)O)c2c(Cl)cccc21
CHEMBL5410597,5.3,CHEMBL301,5.0,Cc1cccc2c1c(CCNc1ccc([N+](=O)[O-])cc1C(=O)O)cn2C
CHEMBL5413620,4.8,CHEMBL301,16.0,Cc1[nH]c2ccccc2c1CCNc1ccc([N+](=O)[O-])cc1C(=O)O
CHEMBL5412113,4.5,CHEMBL301,32.0,O=C(O)c1cc([N+](=O)[O-])ccc1NCCc1coc2ccccc12
CHEMBL5394312,4.68,CHEMBL301,21.0,Cn1cc(CCNc2ccc([N+](=O)[O-])cc2C(=O)O)c2ccccc21
CHEMBL5423185,6.52,CHEMBL301,0.3,O=C(O)c1cc(S(F)(F)(F)(F)F)ccc1NCCc1c[nH]c2ccccc12
CHEMBL5427047,4.35,CHEMBL301,45.0,COc1ccc(NCCc2c[nH]c3ccccc23)c(C(=O)O)c1
CHEMBL5427192,5.05,CHEMBL301,8.9,O=C(O)c1cc(OC(F)F)ccc1NCCc1c[nH]c2ccccc12
CHEMBL5413829,6.03,CHEMBL301,0.94,O=C(O)c1cc(OC(F)(F)F)ccc1NCCc1c[nH]c2ccccc12
CHEMBL5436881,5.96,CHEMBL301,1.1,O=C(O)c1cc(C(F)(F)F)ccc1NCCc1c[nH]c2ccccc12
CHEMBL5435410,5.4,CHEMBL301,4.0,O=C(O)c1cc(Br)ccc1NCCc1c[nH]c2ccccc12
CHEMBL5400738,5.1,CHEMBL301,8.0,O=C(O)c1cc(Cl)ccc1NCCc1c[nH]c2ccccc12
CHEMBL5416233,4.33,CHEMBL301,47.0,CC(=O)c1ccc(NCCc2c[nH]c3ccccc23)c(C(=O)O)c1
CHEMBL5419968,5.0,CHEMBL301,10.0,COC(=O)c1ccc(NCCc2c[nH]c3ccccc23)c(C(=O)O)c1
CHEMBL5412165,4.82,CHEMBL301,15.0,N#Cc1ccc(NCCc2c[nH]c3ccccc23)c(C(=O)O)c1
CHEMBL5407777,4.38,CHEMBL301,42.0,Nc1cc(NCCc2c[nH]c3ccccc23)c(C(=O)O)cc1[N+](=O)[O-]
CHEMBL5428330,5.34,CHEMBL301,4.6,COc1cc(NCCc2c[nH]c3ccccc23)c(C(=O)O)cc1[N+](=O)[O-]
CHEMBL5423683,5.55,CHEMBL301,2.8,O=C(O)c1cc([N+](=O)[O-])c(Br)cc1NCCc1c[nH]c2ccccc12
CHEMBL5404611,4.89,CHEMBL301,13.0,O=C(O)c1ccc(Br)cc1NCCc1c[nH]c2ccccc12
CHEMBL5401897,5.21,CHEMBL301,6.1,O=C(O)c1ccc([N+](=O)[O-])cc1NCCc1c[nH]c2ccccc12
CHEMBL5407688,4.42,CHEMBL301,38.0,Cc1cc([N+](=O)[O-])cc(C(=O)O)c1NCCc1c[nH]c2ccccc12
CHEMBL5432063,4.42,CHEMBL301,38.0,O=C(O)c1cccc([N+](=O)[O-])c1NCCc1c[nH]c2ccccc12
CHEMBL5421310,5.24,CHEMBL301,5.8,Cn1cc(CCNc2ccc([N+](=O)[O-])cc2C(=O)O)c2cc(Cl)ccc21
CHEMBL5428382,4.62,CHEMBL301,24.0,Cc1cccc2c(CCNc3ccc([N+](=O)[O-])cc3C(=O)O)cn(C)c12
CHEMBL5394608,4.82,CHEMBL301,15.0,Cn1cc(CCNc2ccc([N+](=O)[O-])cc2C(=O)O)c2cccc(Cl)c21
CHEMBL5434594,6.04,CHEMBL301,0.92,Cc1ccc2c(CCNc3ccc([N+](=O)[O-])cc3C(=O)O)cn(C)c2c1
CHEMBL5439522,6.36,CHEMBL301,0.44,Cn1cc(CCNc2ccc([N+](=O)[O-])cc2C(=O)O)c2ccc(Cl)cc21
CHEMBL5421048,6.43,CHEMBL301,0.37,Cn1cc(CCNc2ccc([N+](=O)[O-])cc2C(=O)O)c2ccc(F)cc21
CHEMBL5406341,6.6,CHEMBL301,0.25,Cn1cc(CCNc2ccc([N+](=O)[O-])cc2C(=O)O)c2ccc(Br)cc21
CHEMBL5397283,7.06,CHEMBL301,87.0,N#Cc1ccc2c(CCNc3ccc(S(F)(F)(F)(F)F)cc3C(=O)O)c[nH]c2c1
CHEMBL1257080,5.7,CHEMBL301,2.0,Cc1nc(/N=N/c2ccc(C(=O)[O-])cc2)c(COP(=O)([O-])[O-])c(C=O)c1O.[Na+].[Na+].[Na+]
CHEMBL450786,4.6,CHEMBL301,25.0,Cc1[nH]c(/C=C2\C(=O)Nc3ccc(S(=O)(=O)Cc4c(Cl)cccc4Cl)cc32)c(C)c1C(=O)N1CCC[C@@H]1CN1CCCC1
CHEMBL5427167,4.54,CHEMBL301,29.0,Cc1cc(O)c(C(C)C)cc1C1(c2cc(C(C)C)c(O)cc2C)OS(=O)(=O)c2ccccc21
CHEMBL1332616,4.77,CHEMBL301,17.0,O=C1OC2(c3ccccc31)c1cc(I)c(O)c(I)c1Oc1c2cc(I)c(O)c1I
CHEMBL12131,5.0,CHEMBL301,10.0,Cc1cc(C(C#N)c2ccc(Cl)cc2)c(Cl)cc1NC(=O)c1cc(I)cc(I)c1O
CHEMBL307145,5.17,CHEMBL301,6.8,Oc1cccc(O)c1O
CHEMBL366861,5.1,CHEMBL301,8.0,Cc1cc(O)c(C=O)c2c1C(=O)Oc1c(COC(=O)/C=C/C(=O)O)c(O)c(C(=O)O)c(C)c1O2
CHEMBL5401470,5.03,CHEMBL301,9.3,O=C(O)c1ccc([N+](=O)[O-])c2c1NC(c1ccc(Cl)cc1)C1CC=CC21
CHEMBL256057,5.19,CHEMBL301,6.5,Nc1c(S(=O)(=O)[O-])cc(Nc2ccccc2)c2c1C(=O)c1ccccc1C2=O.[Na+]
CHEMBL5404588,5.18,CHEMBL301,6.6,Cc1ccc(S(=O)(=O)Nc2cc(S(=O)(=O)[O-])c(N)c3c2C(=O)c2ccccc2C3=O)cc1.[Na+]
CHEMBL3964783,5.17,CHEMBL301,6.7,O=c1c(O)cccc2ccc(O)c(O)c12
CHEMBL23293,5.51,CHEMBL301,3.1,CC(C)=CCC/C(C)=C/CC/C(C)=C/CSc1ccccc1C(=O)O
CHEMBL271673,5.46,CHEMBL301,3.49,Nc1c(S(=O)(=O)[O-])cc(Nc2ccc(Cl)cc2)c2c1C(=O)c1ccccc1C2=O.[Na+]
CHEMBL5413135,5.25,CHEMBL301,5.6,Cc1nc(/N=N/c2cc(S(=O)(=O)[O-])c3cc([N+](=O)[O-])cc(S(=O)(=O)[O-])c3c2)c(COP(=O)([O-])O)c(C=O)c1O.[Na+].[Na+].[Na+].[Na+]
CHEMBL258805,6.96,CHEMBL301,0.11,COc1ccc2c(c1)/C(=C/c1cnc[nH]1)C(=O)N2
CHEMBL346119,5.8,CHEMBL301,1.6,O=c1c(O)cc([C@H]2Oc3cc(O)cc(O)c3C[C@H]2O)cc2c([C@H]3Oc4cc(O)cc(O)c4C[C@H]3O)cc(O)c(O)c12
CHEMBL5430461,5.24,CHEMBL301,5.7,O=C(O)c1cc([N+](=O)[O-])ccc1NCCc1c[nH]c2ccccc12
CHEMBL1257080,5.75,CHEMBL301,1.8,Cc1nc(/N=N/c2ccc(C(=O)[O-])cc2)c(COP(=O)([O-])[O-])c(C=O)c1O.[Na+].[Na+].[Na+]
CHEMBL450786,4.16,CHEMBL301,69.0,Cc1[nH]c(/C=C2\C(=O)Nc3ccc(S(=O)(=O)Cc4c(Cl)cccc4Cl)cc32)c(C)c1C(=O)N1CCC[C@@H]1CN1CCCC1
CHEMBL5427167,4.39,CHEMBL301,41.0,Cc1cc(O)c(C(C)C)cc1C1(c2cc(C(C)C)c(O)cc2C)OS(=O)(=O)c2ccccc21
CHEMBL1332616,4.46,CHEMBL301,35.0,O=C1OC2(c3ccccc31)c1cc(I)c(O)c(I)c1Oc1c2cc(I)c(O)c1I
CHEMBL307145,5.05,CHEMBL301,8.9,Oc1cccc(O)c1O
CHEMBL366861,4.77,CHEMBL301,17.0,Cc1cc(O)c(C=O)c2c1C(=O)Oc1c(COC(=O)/C=C/C(=O)O)c(O)c(C(=O)O)c(C)c1O2
CHEMBL5401470,4.77,CHEMBL301,17.0,O=C(O)c1ccc([N+](=O)[O-])c2c1NC(c1ccc(Cl)cc1)C1CC=CC21
CHEMBL256057,5.34,CHEMBL301,4.6,Nc1c(S(=O)(=O)[O-])cc(Nc2ccccc2)c2c1C(=O)c1ccccc1C2=O.[Na+]
CHEMBL5404588,5.99,CHEMBL301,1.03,Cc1ccc(S(=O)(=O)Nc2cc(S(=O)(=O)[O-])c(N)c3c2C(=O)c2ccccc2C3=O)cc1.[Na+]
CHEMBL3964783,5.04,CHEMBL301,9.1,O=c1c(O)cccc2ccc(O)c(O)c12
CHEMBL23293,5.51,CHEMBL301,3.1,CC(C)=CCC/C(C)=C/CC/C(C)=C/CSc1ccccc1C(=O)O
CHEMBL271673,6.0,CHEMBL301,0.99,Nc1c(S(=O)(=O)[O-])cc(Nc2ccc(Cl)cc2)c2c1C(=O)c1ccccc1C2=O.[Na+]
CHEMBL5413135,5.17,CHEMBL301,6.7,Cc1nc(/N=N/c2cc(S(=O)(=O)[O-])c3cc([N+](=O)[O-])cc(S(=O)(=O)[O-])c3c2)c(COP(=O)([O-])O)c(C=O)c1O.[Na+].[Na+].[Na+].[Na+]
CHEMBL258805,4.6,CHEMBL301,25.0,COc1ccc2c(c1)/C(=C/c1cnc[nH]1)C(=O)N2
CHEMBL346119,5.7,CHEMBL301,2.0,O=c1c(O)cc([C@H]2Oc3cc(O)cc(O)c3C[C@H]2O)cc2c([C@H]3Oc4cc(O)cc(O)c4C[C@H]3O)cc(O)c(O)c12
CHEMBL1256759,4.8,CHEMBL301,16.0,O=C(O)c1cc([N+](=O)[O-])ccc1NCCCc1ccccc1
CHEMBL583042,6.07,CHEMBL301,0.85,Cc1cnc(Nc2ccc(F)cc2Cl)nc1-c1c[nH]c(C(=O)N[C@H](CO)c2cccc(Cl)c2)c1
CHEMBL4778541,6.8,CHEMBL301,0.158,CC(C)(C)c1ccc(C(=O)Nc2cn3cc(-n4ccnc4)ccc3n2)cc1.Cl.Cl
CHEMBL14762,5.47,CHEMBL301,3400.0,CC[C@H](CO)Nc1nc(NCc2ccccc2)c2ncn(C(C)C)c2n1
CHEMBL14762,5.54,CHEMBL301,2900.0,CC[C@H](CO)Nc1nc(NCc2ccccc2)c2ncn(C(C)C)c2n1
CHEMBL209148,4.54,CHEMBL301,29000.0,COc1cc(C)c(Sc2cnc(NC(=O)c3ccc(CNC(C)C(C)(C)C)cc3)s2)cc1C(=O)N1CCN(C(C)=O)CC1
CHEMBL2103840,9.0,CHEMBL301,1.0,CCc1cnn2c(NCc3ccc[n+]([O-])c3)cc(N3CCCC[C@H]3CCO)nc12
CHEMBL4095226,8.26,CHEMBL301,5.5,Nc1nccc(-c2c[nH]c3ncc(-c4ccc(F)cc4)cc23)n1
CHEMBL5279564,7.08,CHEMBL301,83.0,CN(C)CC(=O)Nc1cc(Nc2ncc(F)c(Nc3c(F)cccc3F)n2)ccc1F
CHEMBL2103840,8.55,CHEMBL301,2.81,CCc1cnn2c(NCc3ccc[n+]([O-])c3)cc(N3CCCC[C@H]3CCO)nc12
CHEMBL4849464,5.7,CHEMBL301,2006.0,CC(C)c1cnn2c(NCc3ccccc3)nc(OC3CCN(C)CC3)nc12
CHEMBL5555405,5.34,CHEMBL301,4518.0,CC(C)c1cnn2c(NCc3cccc(N)c3)nc(OC3CCN(C)CC3)nc12
CHEMBL5517798,5.88,CHEMBL301,1333.0,CC(C)c1cnn2c(NCc3ccc(N)cc3)nc(OC3CCN(C)CC3)nc12
CHEMBL5512510,4.63,CHEMBL301,23678.0,CC(=O)Nc1ccccc1CNc1nc(OC2CCN(C)CC2)nc2c(C(C)C)cnn12
CHEMBL5512494,5.35,CHEMBL301,4427.5,CC(=O)Nc1cccc(CNc2nc(OC3CCN(C)CC3)nc3c(C(C)C)cnn23)c1
CHEMBL5542488,5.91,CHEMBL301,1237.5,CC(=O)Nc1ccc(CNc2nc(OC3CCN(C)CC3)nc3c(C(C)C)cnn23)cc1
CHEMBL5556898,5.0,CHEMBL301,9896.0,CC(=O)Nc1ccc(CNc2nc(OC3CCN(C)CC3)nc3c(C(C)C)cnn23)c(-n2ccnc2)c1
CHEMBL5555502,4.66,CHEMBL301,21943.0,CC(=O)Nc1cccc(CNc2nc(OC3CCN(C)CC3)nc3c(C(C)C)cnn23)c1N(C)C
CHEMBL5556362,5.23,CHEMBL301,5849.0,CC(=O)Nc1ccc(CNc2nc(OC3CCN(C)CC3)nc3c(C(C)C)cnn23)c(N(C)C)c1
CHEMBL5559473,5.9,CHEMBL301,1264.5,CCC(=O)Nc1ccc(CNc2nc(OC3CCN(C)CC3)nc3c(C(C)C)cnn23)cc1
CHEMBL5558604,5.82,CHEMBL301,1526.5,CC(C)c1cnn2c(NCc3ccc(NC(=O)CCCCCCO)cc3)nc(OC3CCN(C)CC3)nc12
CHEMBL5559020,5.63,CHEMBL301,2328.5,CC(=O)Nc1ccc(CNc2nc(NC3CCN(C)CC3)nc3c(C(C)C)cnn23)cc1
CHEMBL5558295,6.36,CHEMBL301,433.6,CC(=O)Nc1ccc(CNc2nc(O[C@H]3CCCNC3)nc3c(C(C)C)cnn23)cc1
CHEMBL5517691,6.38,CHEMBL301,412.15,CC(=O)Nc1ccc(CNc2nc(O[C@@H]3CCCNC3)nc3c(C(C)C)cnn23)cc1
CHEMBL5555057,6.67,CHEMBL301,214.4,CC(=O)Nc1ccc(CNc2nc(NC3CCCNC3)nc3c(C(C)C)cnn23)cc1
CHEMBL5556499,5.87,CHEMBL301,1337.5,CC(=O)Nc1ccc(CNc2nc(NC3CCNCC3)nc3c(C(C)C)cnn23)cc1
CHEMBL5542710,6.15,CHEMBL301,712.75,CC(=O)Nc1ccc(CNc2nc(NC3CCOCC3)nc3c(C(C)C)cnn23)cc1
CHEMBL5518081,6.36,CHEMBL301,436.8,CC(=O)Nc1ccc(CNc2nc(NC3COC3)nc3c(C(C)C)cnn23)cc1
CHEMBL5531956,6.45,CHEMBL301,351.4,CC[C@@H](CO)Nc1nc(NCc2ccc(NC(C)=O)cc2)n2ncc(C(C)C)c2n1
CHEMBL5532122,6.5,CHEMBL301,316.9,CC[C@H](CO)Nc1nc(NCc2ccc(NC(C)=O)cc2)n2ncc(C(C)C)c2n1
CHEMBL5542095,6.15,CHEMBL301,708.9,CC(=O)Nc1ccc(CNc2nc(NC(CO)CO)nc3c(C(C)C)cnn23)cc1
CHEMBL5505838,7.09,CHEMBL301,81.98,CC(=O)Nc1ccc(CNc2nc(N3CCC[C@@H]3CO)nc3c(C(C)C)cnn23)cc1
CHEMBL5527858,6.4,CHEMBL301,398.4,CC(=O)Nc1ccc(CNc2nc(N3CCC[C@@H](O)C3)nc3c(C(C)C)cnn23)cc1
CHEMBL5517681,6.4,CHEMBL301,397.9,CC(=O)Nc1ccc(CNc2nc(N3CCC[C@H](O)C3)nc3c(C(C)C)cnn23)cc1
CHEMBL5558916,5.41,CHEMBL301,3925.5,CC(=O)Nc1ccc(CNc2cc(NC3CCOCC3)nc3c(C(C)C)cnn23)cc1
CHEMBL5512517,6.39,CHEMBL301,402.6,CC[C@@H](CO)Nc1cc(NCc2ccc(NC(C)=O)cc2)n2ncc(C(C)C)c2n1
CHEMBL5555640,6.1,CHEMBL301,793.2,CCC(=O)Nc1ccc(CNc2nc(NC3CCN(C)CC3)nc3c(C(C)C)cnn23)cc1
CHEMBL5505818,6.16,CHEMBL301,697.6,CCC(=O)Nc1ccc(CNc2nc(O[C@H]3CCCNC3)nc3c(C(C)C)cnn23)cc1
CHEMBL5532236,7.38,CHEMBL301,41.18,CCC(=O)Nc1ccc(CNc2nc(O[C@@H]3CCCNC3)nc3c(C(C)C)cnn23)cc1
CHEMBL5556871,6.76,CHEMBL301,174.7,CCC(=O)Nc1ccc(CNc2nc(NC3CCCNC3)nc3c(C(C)C)cnn23)cc1
CHEMBL5505745,6.12,CHEMBL301,757.4,CCC(=O)Nc1ccc(CNc2nc(NC3CCNCC3)nc3c(C(C)C)cnn23)cc1
CHEMBL5557963,6.5,CHEMBL301,316.3,CCC(=O)Nc1ccc(CNc2nc(NC3CCOCC3)nc3c(C(C)C)cnn23)cc1
CHEMBL5542666,6.76,CHEMBL301,173.4,CCC(=O)Nc1ccc(CNc2nc(N[C@@H](CC)CO)nc3c(C(C)C)cnn23)cc1
CHEMBL5542924,6.99,CHEMBL301,101.6,CCC(=O)Nc1ccc(CNc2nc(N[C@H](CC)CO)nc3c(C(C)C)cnn23)cc1
CHEMBL5555560,6.68,CHEMBL301,206.7,CCC(=O)Nc1ccc(CNc2nc(NC(CO)CO)nc3c(C(C)C)cnn23)cc1
CHEMBL5512555,6.73,CHEMBL301,187.6,CC(=O)N1CCC(C(=O)Nc2ccc(CNc3nc(NC4CCOCC4)nc4c(C(C)C)cnn34)cc2)CC1
CHEMBL5537078,6.81,CHEMBL301,156.4,CC(C)c1cnn2c(NCc3ccc(NC(=O)C4CCOCC4)cc3)nc(NC3CCOCC3)nc12
CHEMBL5527848,6.09,CHEMBL301,805.8,CC(C)c1cnn2c(NCc3ccc(NC(=O)C4(F)CC4)cc3)nc(NC3CCOCC3)nc12
CHEMBL5537062,6.94,CHEMBL301,115.2,CC[C@@H](CO)Nc1nc(NCc2ccc(NC(=O)C3CCN(C(C)=O)CC3)cc2)n2ncc(C(C)C)c2n1
CHEMBL5555666,6.45,CHEMBL301,358.4,CC[C@@H](CO)Nc1nc(NCc2ccc(NC(=O)C3CCOCC3)cc2)n2ncc(C(C)C)c2n1
CHEMBL5558477,6.75,CHEMBL301,175.7,CC[C@@H](CO)Nc1nc(NCc2ccc(NC(=O)C3(F)CC3)cc2)n2ncc(C(C)C)c2n1
CHEMBL5542804,6.9,CHEMBL301,124.7,CC[C@H](CO)Nc1nc(NCc2ccc(NC(=O)C3CCN(C(C)=O)CC3)cc2)n2ncc(C(C)C)c2n1
CHEMBL5532052,7.15,CHEMBL301,71.53,CC[C@H](CO)Nc1nc(NCc2ccc(NC(=O)C3CCOCC3)cc2)n2ncc(C(C)C)c2n1
CHEMBL5559108,6.24,CHEMBL301,571.5,CC[C@H](CO)Nc1nc(NCc2ccc(NC(=O)C3(F)CC3)cc2)n2ncc(C(C)C)c2n1
CHEMBL380500,7.1,CHEMBL301,0.08,Nc1nccc(-c2c3c(O)ccnc3n3c(N)nccc23)n1
CHEMBL270897,5.51,CHEMBL301,3.1,Nc1nccc(-c2c[nH]c3nccc(O)c23)n1
CHEMBL405665,5.0,CHEMBL301,10.0,Nc1nccc(-c2c[nH]c3ncccc23)n1
CHEMBL4442620,8.05,CHEMBL301,9.0,C[C@@H](O)[C@@H](C)Oc1nc(Nc2ccc(S(=N)(=O)C3CC3)cc2)ncc1C(F)(F)F
CHEMBL3655762,8.35,CHEMBL301,4.5,CC[C@H](Nc1nc(NCc2cnc(C)cc2C)c2ncn(C(C)C)c2n1)[C@@H](C)O
CHEMBL5095094,8.62,CHEMBL301,2.4,CC(C)c1c2cc(-c3nc(Nc4ccc(N5CCNCC5)cn4)ncc3F)ccc2nn1C
CHEMBL5201870,8.96,CHEMBL301,1.1,COCc1cc(C(=O)Nc2cc([C@H]3CC[C@@H](OC(=O)NC(C)C)C3)[nH]n2)n(C)n1
CHEMBL564829,7.35,CHEMBL301,45.0,CNC(=O)c1nn(C)c2c1C(C)(C)Cc1cnc(Nc3ccc(N4CCN(C)CC4)cc3)nc1-2
CHEMBL5557384,6.78,CHEMBL301,166.8,CC(C)N1CCN(C(=O)c2ccnc(Nc3cc(-c4ccc5nnn(C(C)C)c5c4)ccn3)c2)CC1
CHEMBL5561839,6.87,CHEMBL301,134.2,CC(C)n1nnc2ccc(-c3ccnc(Nc4cc(C(=O)N5CCCC5)ccn4)c3)cc21
CHEMBL488436,8.22,CHEMBL301,6.08,Cc1ncc(-c2ccnc(Nc3ccc(S(C)(=O)=O)cc3)n2)n1C(C)C
CHEMBL5590050,5.3,CHEMBL301,5046.0,CS(=O)(=O)N1CCC(Nc2ncc(C(F)(F)F)c(-c3cnn(C4CCCCC4)c3)n2)CC1
CHEMBL5573253,6.15,CHEMBL301,708.0,CN1CCC(n2cc(-c3nc(NC4CCN(S(C)(=O)=O)CC4)ncc3C(F)(F)F)cn2)CC1
CHEMBL5572788,5.29,CHEMBL301,5111.0,CS(=O)(=O)N1CCC(Nc2ncc(C(F)(F)F)c(-c3cnn(-c4ccccc4F)c3)n2)CC1
CHEMBL5569109,6.08,CHEMBL301,823.0,CS(=O)(=O)N1CCC(Nc2ncc(C(F)(F)F)c(-c3cnn(-c4ccccc4Cl)c3)n2)CC1
CHEMBL5573816,6.15,CHEMBL301,709.0,CS(=O)(=O)N1CCC(Nc2ncc(C(F)(F)F)c(-c3cnn(CC(F)(F)F)c3)n2)CC1
CHEMBL5557118,5.92,CHEMBL301,1208.0,CC(C)(O)Cn1cc(-c2nc(NC3CCN(S(C)(=O)=O)CC3)ncc2C(F)(F)F)cn1
CHEMBL5592661,6.52,CHEMBL301,299.0,CS(=O)(=O)N1CCC(Nc2ncc(C(F)(F)F)c(-c3cnn(-c4ccc(C#N)cc4Cl)c3)n2)CC1
CHEMBL5573043,6.58,CHEMBL301,263.0,CNCc1ccc(-n2cc(-c3nc(NC4CCN(S(C)(=O)=O)CC4)ncc3C(F)(F)F)cn2)c(Cl)c1
CHEMBL5562769,6.95,CHEMBL301,112.0,CNCc1ccc(-n2cc(-c3nc(NC4CCN(S(C)(=O)=O)CC4)ncc3C#N)cn2)c(Cl)c1
CHEMBL5570663,6.23,CHEMBL301,585.0,Cn1cc(S(=O)(=O)N2CCC(Nc3ncc(C(F)(F)F)c(-c4cnn(CC(F)(F)F)c4)n3)CC2)cn1
CHEMBL5583697,6.48,CHEMBL301,334.0,Cn1cnc(S(=O)(=O)N2CCC(Nc3ncc(C(F)(F)F)c(-c4cnn(CC(F)(F)F)c4)n3)CC2)c1
CHEMBL5574741,6.94,CHEMBL301,115.0,Cn1cnc(S(=O)(=O)N2CCC(Nc3ncc(C#N)c(-c4cnn(CC(F)(F)F)c4)n3)CC2)c1
CHEMBL5591731,6.78,CHEMBL301,167.0,N#Cc1cnc(NC2CCN(S(=O)(=O)c3ccccn3)CC2)nc1-c1cnn(CC(F)(F)F)c1
CHEMBL5569715,6.4,CHEMBL301,398.0,CC(C)(O)Cn1cc(-c2nc(NC3CCN(S(=O)(=O)C4CC4)CC3)ncc2C(F)(F)F)cn1
CHEMBL5556607,6.84,CHEMBL301,146.0,CC(C)(O)Cn1cc(-c2nc(NC3CCN(S(=O)(=O)C4CC4)CC3)ncc2C#N)cn1
CHEMBL5592661,7.85,CHEMBL301,14.0,CS(=O)(=O)N1CCC(Nc2ncc(C(F)(F)F)c(-c3cnn(-c4ccc(C#N)cc4Cl)c3)n2)CC1
CHEMBL5573043,7.6,CHEMBL301,25.0,CNCc1ccc(-n2cc(-c3nc(NC4CCN(S(C)(=O)=O)CC4)ncc3C(F)(F)F)cn2)c(Cl)c1
CHEMBL5562769,7.75,CHEMBL301,18.0,CNCc1ccc(-n2cc(-c3nc(NC4CCN(S(C)(=O)=O)CC4)ncc3C#N)cn2)c(Cl)c1
CHEMBL5570663,7.39,CHEMBL301,41.0,Cn1cc(S(=O)(=O)N2CCC(Nc3ncc(C(F)(F)F)c(-c4cnn(CC(F)(F)F)c4)n3)CC2)cn1
CHEMBL5583697,8.07,CHEMBL301,8.5,Cn1cnc(S(=O)(=O)N2CCC(Nc3ncc(C(F)(F)F)c(-c4cnn(CC(F)(F)F)c4)n3)CC2)c1
CHEMBL5574741,7.85,CHEMBL301,14.0,Cn1cnc(S(=O)(=O)N2CCC(Nc3ncc(C#N)c(-c4cnn(CC(F)(F)F)c4)n3)CC2)c1
CHEMBL5591731,7.85,CHEMBL301,14.0,N#Cc1cnc(NC2CCN(S(=O)(=O)c3ccccn3)CC2)nc1-c1cnn(CC(F)(F)F)c1
CHEMBL5569715,7.75,CHEMBL301,18.0,CC(C)(O)Cn1cc(-c2nc(NC3CCN(S(=O)(=O)C4CC4)CC3)ncc2C(F)(F)F)cn1
CHEMBL5556607,7.28,CHEMBL301,52.0,CC(C)(O)Cn1cc(-c2nc(NC3CCN(S(=O)(=O)C4CC4)CC3)ncc2C#N)cn1
CHEMBL428690,6.77,CHEMBL301,170.0,CN1CC[C@H](c2c(O)cc(O)c3c(=O)cc(-c4ccccc4Cl)oc23)[C@H](O)C1
CHEMBL488436,8.22,CHEMBL301,6.0,Cc1ncc(-c2ccnc(Nc3ccc(S(C)(=O)=O)cc3)n2)n1C(C)C
CHEMBL4442620,8.05,CHEMBL301,9.0,C[C@@H](O)[C@@H](C)Oc1nc(Nc2ccc(S(=N)(=O)C3CC3)cc2)ncc1C(F)(F)F
CHEMBL5568620,8.55,CHEMBL301,2.8,CC(C)c1c2cc(-c3ccnc(Nc4ccc5c(N6CCN(C)CC6)ncnc5c4)n3)ccc2nn1C
CHEMBL5571022,7.68,CHEMBL301,21.0,CN(C)C(=O)c1cc2cnc(Nc3ccc(S(N)(=O)=O)cc3)nc2n1C1CCCC1
CHEMBL2103840,9.0,CHEMBL301,1.0,CCc1cnn2c(NCc3ccc[n+]([O-])c3)cc(N3CCCC[C@H]3CCO)nc12
CHEMBL5195030,8.3,CHEMBL301,5.0,CC[C@@H](Nc1nc(NCc2cnc(C)cc2C)c2ncn(C(C)C)c2n1)[C@H](C)O
CHEMBL5570843,5.92,CHEMBL301,1205.0,COc1ccccc1-c1cccc(Nc2cccc(N3CCCNCC3)c2)n1
CHEMBL5416114,7.94,CHEMBL301,11.58,Cl.N[C@H]1CCN(c2c3c(nc4ccc(-c5ccnc(NC(=O)C6CC6)n5)cc24)CCCCC3)C1
CHEMBL5572638,7.26,CHEMBL301,54.81,Cl.N[C@H]1CCN(c2c3c(nc4ccc(-c5ccnc(NC(=O)C6CC6)n5)cc24)CCCC3)C1
CHEMBL5571625,5.92,CHEMBL301,1211.0,COc1ccccc1-c1ccnc(Nc2ccc3c(c2)CC(=O)C(C(C)=O)C3C)n1
CHEMBL393525,6.27,CHEMBL301,540.0,Cc1ccc([N+](=O)[O-])cc1S(=O)(=O)N(C)/N=C/c1cnc2ccc(Br)cn12
CHEMBL5589612,6.0,CHEMBL301,1.0,CO[C@@]1(C)[C@H](O)C(=O)C(C)=C2OC(=O)c3c(C)cc(O)c(C)c3O[C@@H]21
CHEMBL5589612,6.19,CHEMBL301,0.64,CO[C@@]1(C)[C@H](O)C(=O)C(C)=C2OC(=O)c3c(C)cc(O)c(C)c3O[C@@H]21
CHEMBL5589612,5.96,CHEMBL301,1.1,CO[C@@]1(C)[C@H](O)C(=O)C(C)=C2OC(=O)c3c(C)cc(O)c(C)c3O[C@@H]21
CHEMBL5589612,6.02,CHEMBL301,0.95,CO[C@@]1(C)[C@H](O)C(=O)C(C)=C2OC(=O)c3c(C)cc(O)c(C)c3O[C@@H]21
CHEMBL73243,8.4,CHEMBL301,4.0,COCCCNS(=O)(=O)c1ccc(Nc2nccc(-c3cnc4ccccn34)n2)cc1
CHEMBL5280928,8.23,CHEMBL301,5.9,CC(=O)c1c(C)c2cnc(NC3CCN(S(C)(=O)=O)CC3)nc2n(C2CCCC2)c1=O
CHEMBL5499697,7.29,CHEMBL301,0.051,N[C@H]1CCN(c2c3c(nc4ccc(-c5ccnc(NC(=O)C6CC6)c5)cc24)CCCC3)C1
CHEMBL4472486,7.28,CHEMBL301,52.7,CN1CCN(Cc2ccc(NC(=O)Nc3ccc(Oc4ccnc(N)n4)cc3)cc2C(F)(F)F)CC1
CHEMBL285527,4.43,CHEMBL301,37000.0,O=S(=O)(O)c1cccc2cccc(Nc3ccccc3)c12
CHEMBL1256759,4.47,CHEMBL301,34000.0,O=C(O)c1cc([N+](=O)[O-])ccc1NCCCc1ccccc1
CHEMBL5591779,6.13,CHEMBL301,734.55,CC(=O)N[C@H]1CC[C@H](c2ncc(Cl)c(Nc3ccccc3S(=O)(=O)C(C)C)n2)CC1
CHEMBL3109949,6.4,CHEMBL301,0.4,COc1ccc(Nc2cc3[nH]c(-c4cn[nH]c4)cc3cn2)cc1
CHEMBL3109950,8.3,CHEMBL301,0.005,CN(C)S(=O)(=O)c1ccc(Nc2cc3[nH]c(-c4cn[nH]c4)cc3cn2)cc1
CHEMBL3109953,6.01,CHEMBL301,0.97,COc1ccccc1Nc1cc2[nH]c(-c3cn[nH]c3)cc2cn1
CHEMBL3109954,5.05,CHEMBL301,8.9,CCOc1ccccc1Nc1cc2[nH]c(-c3cn[nH]c3)cc2cn1
CHEMBL3109955,6.1,CHEMBL301,0.8,Clc1ccccc1Nc1cc2[nH]c(-c3cn[nH]c3)cc2cn1
CHEMBL5597436,5.11,CHEMBL301,7.8,CN(C)C(=O)c1cc2cnc(Nc3ccc(S(=O)(=O)N(C)C)cc3Cl)cc2[nH]1
CHEMBL5598262,5.1,CHEMBL301,7.9,CN(C)C(=O)c1cc2cnc(Nc3ccc(-c4cnn(C)c4)cc3Cl)cc2[nH]1
CHEMBL5596321,5.03,CHEMBL301,9.4,COC1CCN(C(=O)c2ccc(Nc3cc4[nH]c(C(=O)N(C)C)cc4cn3)c(Cl)c2)CC1
CHEMBL5598242,5.72,CHEMBL301,1.9,CN(C)C(=O)c1ccc(Nc2cc3c(cn2)cc(C(=O)N(C)C)n3C(=O)OC(C)(C)C)c(Cl)c1
CHEMBL5596897,7.12,CHEMBL301,75.6,O=C(c1ccc([N+](=O)[O-])cc1)[C@H]1[C@H](c2cn(-c3ccccc3)nc2-c2ccccc2)[C@@H]2CC3CCCCC3N2[C@]12C(=O)Nc1ccc(Cl)cc12
CHEMBL5590319,7.1,CHEMBL301,80.2,O=C(c1ccccc1[N+](=O)[O-])[C@H]1[C@H](c2cn(-c3ccccc3)nc2-c2ccccc2)[C@@H]2CC3CCCCC3N2[C@]12C(=O)Nc1ccc(Cl)cc12
CHEMBL14762,6.85,CHEMBL301,141.0,CC[C@H](CO)Nc1nc(NCc2ccccc2)c2ncn(C(C)C)c2n1
CHEMBL5598550,5.05,CHEMBL301,8970.0,N#CC1(CNc2cccc(-c3cc(Nc4cnn(CCCCCCC(=O)NO)c4)ncc3Cl)n2)CCOCC1
CHEMBL5598054,5.2,CHEMBL301,6303.0,N#CC1(CNc2cccc(-c3cc(Nc4cnn(Cc5ccc(C(=O)NO)cc5)c4)ncc3Cl)n2)CCOCC1
CHEMBL5597651,5.19,CHEMBL301,6488.0,COc1cc(F)ccc1-c1cc(Nc2cnn(CCCCCCC(=O)NO)c2)ncc1F
CHEMBL5597702,5.05,CHEMBL301,8853.0,COc1cc(F)ccc1-c1cc(Nc2cnn(CCCCCC(=O)NO)c2)ncc1F
CHEMBL5597605,5.02,CHEMBL301,9631.0,COc1cc(F)ccc1-c1cc(Nc2ccc(NC(=O)CCCCCCC(=O)NO)cc2)ncc1F
CHEMBL5598317,5.77,CHEMBL301,1711.0,O=C(CCCCCCn1cc(Nc2ncc(Cl)c(-c3cnc4ccccn34)n2)cn1)NO
CHEMBL5597396,5.8,CHEMBL301,1587.0,O=C(CCCCCn1cc(Nc2ncc(Cl)c(-c3cnc4ccccn34)n2)cn1)NO
CHEMBL5633539,6.16,CHEMBL301,689.4,NC(=O)c1cccc2[nH]c(NC(=O)c3cccc(C(=O)N4CCC(Nc5ncc(I)cn5)CC4)c3)nc12
CHEMBL5647234,5.76,CHEMBL301,1.73,Cc1nn2c(-c3ccccc3)ccnc2c1/C(N)=N/O
CHEMBL5639131,5.97,CHEMBL301,1.07,Cc1nn2c(-c3ccc(Cl)cc3)ccnc2c1/C(N)=N/O
CHEMBL5641843,6.23,CHEMBL301,0.59,Cc1nn2c(-c3ccc(Br)cc3)ccnc2c1/C(N)=N/O
CHEMBL5647522,5.89,CHEMBL301,1.29,Cc1nc(-c2c(C)nn3c(-c4ccccc4)ccnc23)no1
CHEMBL5639303,6.15,CHEMBL301,0.71,COc1ccc(-c2ccnc3c(-c4noc(C)n4)c(C)nn23)cc1
CHEMBL14762,6.39,CHEMBL301,0.41,CC[C@H](CO)Nc1nc(NCc2ccccc2)c2ncn(C(C)C)c2n1
CHEMBL3752910,7.6,CHEMBL301,25.3,Cc1ccc(C(=O)Nc2cccc(C(F)(F)F)c2)cc1Nc1nc(-c2cccnc2)nc2c1cnn2C
CHEMBL3752910,7.32,CHEMBL301,47.513,Cc1ccc(C(=O)Nc2cccc(C(F)(F)F)c2)cc1Nc1nc(-c2cccnc2)nc2c1cnn2C
CHEMBL205799,4.57,CHEMBL301,27000.0,CC(=O)N1CCN(C(=O)c2cccc(CSc3cnc(NC(=O)c4ccc(N(C)C)cc4)s3)c2)CC1
CHEMBL382362,5.48,CHEMBL301,3300.0,CC(=O)N1CCN(C(=O)c2cc(CSc3cnc(NC(=O)c4ccc(CNC(C)C(C)(C)C)cc4)s3)cc(C)c2C)CC1
CHEMBL209148,4.54,CHEMBL301,29000.0,COc1cc(C)c(Sc2cnc(NC(=O)c3ccc(CNC(C)C(C)(C)C)cc3)s2)cc1C(=O)N1CCN(C(C)=O)CC1
CHEMBL296468,6.87,CHEMBL301,134.1,CC(C)(C)c1cnc(CSc2cnc(NC(=O)C3CCNCC3)s2)o1
CHEMBL296468,6.92,CHEMBL301,121.2,CC(C)(C)c1cnc(CSc2cnc(NC(=O)C3CCNCC3)s2)o1
CHEMBL296468,6.97,CHEMBL301,108.2,CC(C)(C)c1cnc(CSc2cnc(NC(=O)C3CCNCC3)s2)o1
CHEMBL296468,6.8,CHEMBL301,159.5,CC(C)(C)c1cnc(CSc2cnc(NC(=O)C3CCNCC3)s2)o1
CHEMBL296468,7.17,CHEMBL301,67.1,CC(C)(C)c1cnc(CSc2cnc(NC(=O)C3CCNCC3)s2)o1
CHEMBL296468,6.73,CHEMBL301,187.2,CC(C)(C)c1cnc(CSc2cnc(NC(=O)C3CCNCC3)s2)o1
CHEMBL3301610,7.28,CHEMBL301,52.2,CCN1CCN(Cc2ccc(Nc3ncc(F)c(-c4cc(F)c5nc(C)n(C(C)C)c5c4)n3)nc2)CC1
CHEMBL5905735,7.46,CHEMBL301,35.0,Cc1nc2c(F)cc(-c3nc(Nc4ccc5c(n4)CCN(C(C)C)C5)ncc3F)cc2n1C(C)C
CHEMBL5814867,7.53,CHEMBL301,29.6,CNCC(=O)N1CCc2nc(Nc3ncc(F)c(-c4cc(F)c5nc(C)n(C(C)C)c5c4)n3)ccc2C1
CHEMBL4212532,7.47,CHEMBL301,33.7,Cc1nc2c(F)cc(-c3nc(Nc4ccc5c(n4)CCN(C(=O)CN(C)C)C5)ncc3F)cc2n1C(C)C
CHEMBL5814867,7.54,CHEMBL301,28.7,CNCC(=O)N1CCc2nc(Nc3ncc(F)c(-c4cc(F)c5nc(C)n(C(C)C)c5c4)n3)ccc2C1
CHEMBL5813772,7.81,CHEMBL301,15.5,Cc1nc2c(F)cc(-c3nc(Nc4ccc5c(n4)CCN(C)C5)ncc3F)cc2n1C(C)C
CHEMBL5844694,7.87,CHEMBL301,13.4,Cc1nc2c(F)cc(-c3nc(Nc4ccc5c(n4)CCN(C(=O)CCO)C5)ncc3F)cc2n1C(C)C
CHEMBL6017199,7.98,CHEMBL301,10.4,COC(=O)C(=O)N1CCc2nc(Nc3ncc(F)c(-c4cc(F)c5nc(C)n(C(C)C)c5c4)n3)ccc2C1
CHEMBL5805137,7.22,CHEMBL301,60.4,Cc1nc2c(F)cc(-c3nc(Nc4ccc5c(n4)CCN(CC(F)(F)F)C5)ncc3F)cc2n1C(C)C
CHEMBL5836990,6.25,CHEMBL301,558.0,Cc1nc2c(F)cc(-c3nc(Nc4ccc5c(n4)CCNC5)ncc3F)cc2n1C(C)C
CHEMBL6046321,5.96,CHEMBL301,1090.0,C=C(CN(C)C)N1CCc2nc(Nc3ncc(F)c(-c4cc(F)c5nc(C)n(C(C)C)c5c4)n3)ccc2C1
CHEMBL5867735,6.51,CHEMBL301,306.0,Cc1nc2c(F)cc(-c3nc(Nc4ccc5c(n4)CN(CCN(C)C)C5=O)ncc3F)cc2n1C(C)C
CHEMBL5811164,7.43,CHEMBL301,37.2,Cc1nc2c(F)cc(-c3nc(Nc4ccc5c(n4)CCC(C(=O)CN)C5)ncc3F)cc2n1C(C)C
CHEMBL5953872,7.42,CHEMBL301,38.2,COC(=O)N1CCc2nc(Nc3ncc(F)c(-c4cc(F)c5nc(C)n(C(C)C)c5c4)n3)ccc2C1
CHEMBL5800538,8.13,CHEMBL301,7.34,Cc1nc2c(F)cc(-c3nc(Nc4ccc5c(n4)CCN(C(=O)O)C5)ncc3F)cc2n1C(C)C
CHEMBL5956369,6.89,CHEMBL301,128.0,Cc1nc2c(F)cc(-c3nc(Nc4ccc5c(n4)CCNC5)ncc3F)cc2n1C1CCCC1
CHEMBL5759958,6.71,CHEMBL301,193.0,Cc1nc2c(F)cc(-c3nc(Nc4ccc5c(n4)CCN(C(=O)CN(C)C)C5)ncc3F)cc2n1C1CCCC1
CHEMBL5941698,7.83,CHEMBL301,14.8,C=C(CN1CCN(C)CC1)N1CCc2nc(Nc3ncc(F)c(-c4cc(F)c5nc(C)n(C6CCCC6)c5c4)n3)ccc2C1
CHEMBL5763679,7.51,CHEMBL301,31.1,Cc1nc2c(F)cc(-c3nc(Nc4ccc5c(n4)CCN(C(=O)CN4CCOCC4)C5)ncc3F)cc2n1C(C)C
CHEMBL5784667,7.24,CHEMBL301,57.9,Cc1nc2c(F)cc(-c3nc(Nc4ccc5c(n4)CCN(C(=O)C(C)N(C)C)C5)ncc3F)cc2n1C(C)C
CHEMBL5833493,7.43,CHEMBL301,37.2,Cc1nc2c(F)cc(-c3nc(Nc4ccc5c(n4)CCN(C(=O)CC(C)(C)O)C5)ncc3F)cc2n1C(C)C
CHEMBL5775992,6.82,CHEMBL301,151.0,Cc1nc2c(F)cc(-c3nc(Nc4ccc5c(n4)CCN(C(=O)C(C)(C)N(C)C)C5)ncc3F)cc2n1C(C)C
CHEMBL6021833,6.84,CHEMBL301,143.0,Cc1nc2c(F)cc(-c3nc(Nc4ccc5c(n4)CCNC5)ncc3F)cc2n1C1CC1
CHEMBL5932825,6.52,CHEMBL301,304.0,Cc1nc2c(F)cc(-c3nc(Nc4ccc5c(n4)CCN(C(=O)CN(C)C)C5)ncc3F)cc2n1C1CC1
CHEMBL5859057,6.81,CHEMBL301,154.0,Cc1nc2c(F)cc(-c3nc(Nc4ccc5c(n4)CCN(C(=O)CN4CCCCC4)C5)ncc3F)cc2n1C1CC1
CHEMBL5791509,7.69,CHEMBL301,20.4,Cc1nc2c(F)cc(-c3nc(Nc4ccc5c(n4)CCN(C(=O)CC4CC(O)C4)C5)ncc3F)cc2n1C1CC1
CHEMBL5775801,6.84,CHEMBL301,146.0,Cc1nc2c(F)cc(-c3nc(Nc4ccc5c(n4)CCNC5)ncc3F)cc2n1C1CCCCC1
CHEMBL5941223,7.18,CHEMBL301,65.5,Cc1nc2c(F)cc(-c3nc(Nc4ccc5c(n4)CCNC5)ncc3F)cc2n1C1CCC(C)CC1
CHEMBL5970937,7.05,CHEMBL301,89.7,CNCC(=O)N1CCc2nc(Nc3ncc(F)c(-c4cc(F)c5nc(C)n(C6CCC(C)CC6)c5c4)n3)ccc2C1
CHEMBL5943083,7.06,CHEMBL301,87.6,Cc1nc2c(F)cc(-c3nc(Nc4ccc5c(n4)CCN(C(=O)CN(C)C)C5)ncc3F)cc2n1C1CCC(C)CC1
CHEMBL5832188,6.55,CHEMBL301,281.0,Cc1nc2c(F)cc(-c3nc(Nc4ccc5c(n4)CCN(C(=O)CN(C)C)C5)ncc3F)cc2n1C1CCCCC1
CHEMBL5932825,6.38,CHEMBL301,413.0,Cc1nc2c(F)cc(-c3nc(Nc4ccc5c(n4)CCN(C(=O)CN(C)C)C5)ncc3F)cc2n1C1CC1
CHEMBL5947385,7.49,CHEMBL301,32.3,C=CC(=O)N1CCc2nc(Nc3ncc(F)c(-c4cc(F)c5nc(C)n(C(C)C)c5c4)n3)ccc2C1
CHEMBL5781074,7.14,CHEMBL301,72.1,Cc1nc2c(F)cc(-c3nc(Nc4ccc5c(n4)CCNC5)ncc3F)cc2n1C1CCC1
CHEMBL5976927,7.39,CHEMBL301,40.6,Cc1nc2c(F)cc(-c3nc(Nc4ccc5c(n4)CCN(C(=O)C4CC(N)C4)C5)ncc3F)cc2n1C(C)C
CHEMBL6019056,7.07,CHEMBL301,84.3,CNC1CC(C(=O)N2CCc3nc(Nc4ncc(F)c(-c5cc(F)c6nc(C)n(C(C)C)c6c5)n4)ccc3C2)C1
CHEMBL5870326,6.91,CHEMBL301,122.0,Cc1nc2c(F)cc(-c3nc(Nc4ccc5c(n4)CCN(C(=O)NCCN(C)C)C5)ncc3F)cc2n1C1CC1
CHEMBL5976683,7.27,CHEMBL301,54.1,Cc1nc2c(F)cc(-c3nc(Nc4ccc5c(n4)CCN(C(=O)NCCN(C)C)C5)ncc3F)cc2n1C(C)C
CHEMBL5999796,6.15,CHEMBL301,710.0,Cc1nc2c(F)cc(-c3nc(Nc4ccc5c(n4)CCN(C(C)C)C5)ncc3F)cc2n1C1CC1
CHEMBL5774515,6.46,CHEMBL301,346.0,Cc1nc2c(F)cc(-c3nc(Nc4ccc5c(n4)CCN(C(=O)OCCN(C)C)C5)ncc3F)cc2n1C1CC1
CHEMBL5832698,6.25,CHEMBL301,559.0,Cc1nc2c(F)cc(-c3nc(Nc4ccc5c(n4)CCN(C(=O)[C@@H](C)N(C)C)C5)ncc3F)cc2n1C1CC1
CHEMBL5884004,7.04,CHEMBL301,91.0,Cc1nc2c(F)cc(-c3nc(Nc4ccc5c(n4)CCN(C(=O)[C@H](C)N(C)C)C5)ncc3F)cc2n1C1CC1
CHEMBL5894670,7.55,CHEMBL301,28.2,Cc1nc2c(F)cc(-c3nc(Nc4ccc5c(n4)CCN(C(=O)NCCO)C5)ncc3F)cc2n1C(C)C
CHEMBL5950277,6.48,CHEMBL301,334.0,Cc1nc2c(F)cc(-c3nc(Nc4ccc5c(n4)CCN(C(=O)NCCO)C5)ncc3F)cc2n1C1CC1
CHEMBL5879318,6.89,CHEMBL301,129.0,CNCC(=O)N1CCc2nc(Nc3ncc(F)c(-c4cc(F)c5nc(C)n(C6CCC6)c5c4)n3)ccc2C1
CHEMBL4455210,6.16,CHEMBL301,700.0,Cc1nc2c(F)cc(-c3nc(Nc4ccc5c(n4)CCN(CCN(C)C)C5)ncc3F)cc2n1C1CC1
CHEMBL5839538,6.5,CHEMBL301,314.0,Cc1nc2c(F)cc(-c3nc(Nc4ccc5c(n4)CCN(C(=O)CCN(C)C)C5)ncc3F)cc2n1C1CC1
CHEMBL5765752,6.53,CHEMBL301,294.0,Cc1nc2c(F)cc(-c3nc(Nc4ccc5c(n4)CCN(C(=O)CCN(C)C)C5)ncc3F)cc2n1C1CCC1
CHEMBL5952782,7.23,CHEMBL301,58.9,Cc1nc2c(F)cc(-c3nc(Nc4ccc5c(n4)CCN(C(=O)C4CC(N(C)C)C4)C5)ncc3F)cc2n1C(C)C
CHEMBL5751375,6.96,CHEMBL301,109.0,Cc1nc2c(F)cc(-c3nc(Nc4ccc5c(n4)CCNC5)ncc3F)cc2n1CC1CC1
CHEMBL5789562,7.03,CHEMBL301,93.7,Cc1nc2c(F)cc(-c3nc(Nc4ccc5c(n4)CCN(C(=O)[C@H]4CCCN4C)C5)ncc3F)cc2n1C1CC1
CHEMBL5874515,7.03,CHEMBL301,93.4,Cc1nc2c(F)cc(-c3nc(Nc4ccc5c(n4)CCN(C(=O)[C@@H]4CCCN4C)C5)ncc3F)cc2n1C1CC1
CHEMBL5888788,7.1,CHEMBL301,79.4,Cc1nc2c(F)cc(-c3nc(Nc4ccc5c(n4)CCN(C(=O)CN(C)C)C5)ncc3F)cc2n1CC1CC1
CHEMBL5950426,6.44,CHEMBL301,364.0,Cc1nc2c(F)cc(-c3nc(Nc4ccc5c(n4)CCN(C(=O)N(C)CCN(C)C)C5)ncc3F)cc2n1C1CC1
CHEMBL5856237,7.55,CHEMBL301,28.3,Cc1nc2c(F)cc(-c3nc(Nc4ccc5c(n4)CCN(C(=O)[C@@H](C)N(C)C)C5)ncc3F)cc2n1C(C)C
CHEMBL4448494,7.32,CHEMBL301,47.7,Cc1nc2c(F)cc(-c3nc(Nc4ccc5c(n4)CCN(CCN(C)C)C5)ncc3F)cc2n1C(C)C
CHEMBL5787921,6.18,CHEMBL301,661.0,CN[C@H](C)C(=O)N1CCc2nc(Nc3ncc(F)c(-c4cc(F)c5nc(C)n(C6CC6)c5c4)n3)ccc2C1
CHEMBL6014795,6.67,CHEMBL301,212.0,Cc1nc2c(F)cc(-c3nc(Nc4ccc5c(n4)CCN(C(=O)C4CCCN4)C5)ncc3F)cc2n1C1CC1
CHEMBL5873158,7.73,CHEMBL301,18.5,Cc1nc2c(F)cc(-c3nc(Nc4ccc5c(n4)CCNC5)ncc3F)cc2n1C(C)(C)C
CHEMBL4466497,7.26,CHEMBL301,54.9,Cc1nc2c(F)cc(-c3nc(Nc4ccc5c(n4)CCN(CCN(C)C)C5)ncc3F)cc2n1C(C)(C)C
CHEMBL5757213,5.83,CHEMBL301,1490.0,Cc1nc2c(F)cc(-c3nc(Nc4ccc5c(n4)CCN(CCCN(C)C)C5)ncc3F)cc2n1C1CC1
CHEMBL4463716,6.78,CHEMBL301,167.0,C#CCN(C)CCN1CCc2nc(Nc3ncc(F)c(-c4cc(F)c5nc(C)n(C(C)C)c5c4)n3)ccc2C1
CHEMBL5760424,6.96,CHEMBL301,110.0,C#CN1CCC(N2CCc3nc(Nc4ncc(F)c(-c5cc(F)c6nc(C)n(C(C)C)c6c5)n4)ccc3C2)C1
CHEMBL5754925,6.43,CHEMBL301,371.0,Cc1nc2c(F)cc(-c3nc(Nc4ccc5c(n4)CCN(C[C@@H](O)CN(C)C)C5)ncc3F)cc2n1C1CC1
CHEMBL5872006,6.5,CHEMBL301,317.0,Cc1nc2c(F)cc(-c3nc(Nc4ccc5c(n4)CCN(C[C@H]4CCCN4C)C5)ncc3F)cc2n1C1CC1
CHEMBL5972036,7.13,CHEMBL301,74.9,C#CCN1CCCC1CN1CCc2nc(Nc3ncc(F)c(-c4cc(F)c5nc(C)n(C(C)C)c5c4)n3)ccc2C1
CHEMBL5942702,7.47,CHEMBL301,33.9,C#CCN1CCc2nc(Nc3ncc(F)c(-c4cc(F)c5nc(C)n(C(C)C)c5c4)n3)ccc2C1
CHEMBL5828906,6.6,CHEMBL301,249.0,Cc1nc2c(F)cc(-c3nc(Nc4ccc5c(n4)CCN(C[C@@H](C)N)C5)ncc3F)cc2n1C1CC1
CHEMBL5762588,6.25,CHEMBL301,567.0,Cc1nc2c(F)cc(-c3nc(Nc4ccc5c(n4)CCN(CC(C)(C)N)C5)ncc3F)cc2n1C1CC1
CHEMBL5976517,7.45,CHEMBL301,35.5,Cc1nc2c(F)cc(-c3nc(Nc4ccc5c(n4)CCN(CC#CCN(C)C)C5)ncc3F)cc2n1C(C)C
CHEMBL6007400,6.19,CHEMBL301,647.0,Cc1nc2c(F)cc(-c3nc(Nc4ccc5c(n4)CCN(C[C@@H](C)N(C)C)C5)ncc3F)cc2n1C1CC1
CHEMBL5774696,6.68,CHEMBL301,207.0,Cc1nc2c(F)cc(-c3nc(Nc4ccc5c(n4)CCN(C[C@H](C)N)C5)ncc3F)cc2n1C1CC1
CHEMBL5964401,7.78,CHEMBL301,16.5,CCC(CC)n1c(C)nc2c(F)cc(-c3nc(Nc4ccc5c(n4)CCNC5)ncc3F)cc21
CHEMBL4462493,7.76,CHEMBL301,17.4,CCC(CC)n1c(C)nc2c(F)cc(-c3nc(Nc4ccc5c(n4)CCN(CCN(C)C)C5)ncc3F)cc21
CHEMBL5865665,7.82,CHEMBL301,15.0,Cc1nc2c(F)cc(-c3nc(Nc4ccc5c(n4)CCNC5)ncc3F)cc2n1C(C)C1CC1
CHEMBL5925248,6.87,CHEMBL301,135.0,Cc1nc2c(F)cc(-c3nc(Nc4ccc5c(n4)CCN(C[C@H](C)N(C)C)C5)ncc3F)cc2n1C1CC1
CHEMBL4550287,7.79,CHEMBL301,16.3,Cc1nc2c(F)cc(-c3nc(Nc4ccc5c(n4)CCN(CCN(C)C)C5)ncc3F)cc2n1C(C)C1CC1
CHEMBL5886747,7.99,CHEMBL301,10.3,Cc1nc2c(F)cc(-c3nc(Nc4ccc5c(n4)CCNC5)ncc3F)cc2n1C1(C)CC1
CHEMBL4542247,7.79,CHEMBL301,16.3,Cc1nc2c(F)cc(-c3nc(Nc4ccc5c(n4)CCN(CCN(C)C)C5)ncc3F)cc2n1C1(C)CC1
CHEMBL5888813,7.21,CHEMBL301,62.4,Cc1nc2c(F)cc(-c3nc(Nc4ccc5c(n4)CCN(CC[Si](C)(C)C)C5)ncc3F)cc2n1C(C)C
CHEMBL5911327,7.54,CHEMBL301,28.5,Cc1nc2c(F)cc(-c3nc(Nc4ccc5c(n4)CCN(CCCN(C)C)C5)ncc3F)cc2n1C(C)(C)C
CHEMBL4463172,7.79,CHEMBL301,16.3,Cc1nc2c(F)cc(-c3nc(Nc4ccc5c(n4)CCN(CCN(C)C(=N)N)C5)ncc3F)cc2n1C(C)C
CHEMBL5830076,7.84,CHEMBL301,14.3,Cc1nc2c(F)cc(-c3nc(Nc4ccc5c(n4)CCN(C(=O)CCN(C)C)C5)ncc3F)cc2n1C(C)(C)C
CHEMBL5869281,7.79,CHEMBL301,16.3,Cc1nc2c(F)cc(-c3nc(Nc4ccc5c(n4)CCN(C[C@H]4CN(C)CCO4)C5)ncc3F)cc2n1C(C)(C)C
CHEMBL5774332,7.99,CHEMBL301,10.3,Cc1nc2c(F)cc(-c3nc(Nc4ccc5c(n4)CCN(C[C@@H]4CN(C)CCO4)C5)ncc3F)cc2n1C(C)(C)C
CHEMBL6020156,8.22,CHEMBL301,6.02,Cc1nc2c(F)cc(-c3nc(Nc4ccc5c(n4)CCN(C/C=N/O)C5)ncc3F)cc2n1C(C)C
CHEMBL5755607,7.82,CHEMBL301,15.0,Cc1nc2c(F)cc(-c3nc(Nc4ccc5c(n4)CCN(CCN=C(N)N)C5)ncc3F)cc2n1C(C)C
CHEMBL4446626,6.17,CHEMBL301,670.0,Cc1nc2c(F)cc(-c3nc(Nc4ccc5c(n4)CCN(CCN(C)C)C5)ncc3F)cc2n1C1CCCC1
CHEMBL5971879,7.84,CHEMBL301,14.5,Cc1nc2c(F)cc(-c3nc(Nc4ccc5c(n4)CCN[C@H]5C)ncc3F)cc2n1C(C)(C)C
CHEMBL4438059,7.72,CHEMBL301,19.2,Cc1nc2c(F)cc(-c3nc(Nc4ccc5c(n4)CCN(CCN(C)C)C5)ncc3F)cc2n1C1CCCCC1
CHEMBL6013826,7.62,CHEMBL301,23.8,Cc1nc2c(F)cc(-c3nc(Nc4ccc5c(n4)CCN(CCN(C)C)[C@H]5C)ncc3F)cc2n1C(C)(C)C
CHEMBL5971879,7.51,CHEMBL301,31.1,Cc1nc2c(F)cc(-c3nc(Nc4ccc5c(n4)CCN[C@H]5C)ncc3F)cc2n1C(C)(C)C
CHEMBL6013826,7.08,CHEMBL301,83.3,Cc1nc2c(F)cc(-c3nc(Nc4ccc5c(n4)CCN(CCN(C)C)[C@H]5C)ncc3F)cc2n1C(C)(C)C
CHEMBL4461442,6.87,CHEMBL301,135.0,Cc1nc2c(F)cc(-c3nc(Nc4ccc5c(n4)CCN(CCN(C)P(C)(C)=O)C5)ncc3F)cc2n1C(C)C
CHEMBL4453095,6.94,CHEMBL301,116.0,Cc1nc2c(F)cc(-c3nc(Nc4ccc5c(n4)CCN(CCN(C)C)C5)ncc3F)cc2n1[C@H]1CC[C@H](C)CC1
CHEMBL5950534,7.51,CHEMBL301,30.7,Cc1nc2c(F)cc(-c3nc(Nc4ccc5c(n4)C[C@@H](C)NC5)ncc3F)cc2n1C(C)(C)C
CHEMBL4438497,7.84,CHEMBL301,14.5,Cc1nc2c(F)cc(-c3nc(Nc4ccc5c(n4)CCN(CCN(C)C(N)=S)C5)ncc3F)cc2n1C(C)C
CHEMBL5950534,7.95,CHEMBL301,11.2,Cc1nc2c(F)cc(-c3nc(Nc4ccc5c(n4)C[C@@H](C)NC5)ncc3F)cc2n1C(C)(C)C
CHEMBL5982253,7.35,CHEMBL301,44.9,Cc1nc2c(F)cc(-c3nc(Nc4ccc5c(n4)C[C@@H](C)N(CCN(C)C)C5)ncc3F)cc2n1C(C)(C)C
CHEMBL5982253,7.63,CHEMBL301,23.6,Cc1nc2c(F)cc(-c3nc(Nc4ccc5c(n4)C[C@@H](C)N(CCN(C)C)C5)ncc3F)cc2n1C(C)(C)C
CHEMBL4449998,6.63,CHEMBL301,232.0,Cc1nc2c(F)cc(-c3nc(Nc4ccc5c(n4)CCN(CCN(C)C)C5)ncc3F)cc2n1CC1CC1
CHEMBL5832698,6.35,CHEMBL301,444.0,Cc1nc2c(F)cc(-c3nc(Nc4ccc5c(n4)CCN(C(=O)[C@@H](C)N(C)C)C5)ncc3F)cc2n1C1CC1
CHEMBL5811976,7.21,CHEMBL301,62.4,Cc1nc2c(F)cc(-c3nc(Nc4ccc5c(n4)CCN(C[C@@H]4CNCCO4)C5)ncc3F)cc2n1C(C)(C)C
CHEMBL5964675,7.84,CHEMBL301,14.3,Cc1nc2c(F)cc(-c3nc(Nc4ccc5c(n4)CCN(C[C@H]4CNCCO4)C5)ncc3F)cc2n1C(C)(C)C
CHEMBL5994564,7.54,CHEMBL301,28.5,Cc1nc2c(F)cc(-c3nc(Nc4ccc5c(n4)CCN(C[C@@H]4CCCN4C)C5)ncc3F)cc2n1C1CC1
CHEMBL5755607,7.71,CHEMBL301,19.4,Cc1nc2c(F)cc(-c3nc(Nc4ccc5c(n4)CCN(CCN=C(N)N)C5)ncc3F)cc2n1C(C)C
CHEMBL4463874,7.11,CHEMBL301,78.2,Cc1nc2c(F)cc(-c3nc(Nc4ccc5c(n4)CCN(CCN(C)CCNC(=N)N)C5)ncc3F)cc2n1C(C)C
CHEMBL4439999,7.6,CHEMBL301,25.1,Cc1nc2c(F)cc(-c3nc(Nc4ccc5c(n4)CCN(CCN(C)CC[Si](C)(C)C)C5)ncc3F)cc2n1C(C)C
CHEMBL4461579,6.83,CHEMBL301,147.0,Cc1nc2c(F)cc(-c3nc(Nc4ccc5c(n4)CCN(CCN(C)C(=S)n4ccnc4)C5)ncc3F)cc2n1C(C)C
CHEMBL6033665,6.31,CHEMBL301,486.0,Cc1nc2c(F)cc(-c3nc(Nc4ccc5c(n4)CCNC5)ncc3F)cc2n1C
CHEMBL5794081,8.07,CHEMBL301,8.43,Cc1nc2c(F)cc(-c3nc(Nc4ccc5c(n4)CCN(CCC(N)NO)C5)ncc3F)cc2n1C(C)C
CHEMBL6033665,6.9,CHEMBL301,126.0,Cc1nc2c(F)cc(-c3nc(Nc4ccc5c(n4)CCNC5)ncc3F)cc2n1C
CHEMBL4445727,6.45,CHEMBL301,358.0,CCn1c(C)nc2c(F)cc(-c3nc(Nc4ccc5c(n4)CCN(CCN(C)C)C5)ncc3F)cc21
CHEMBL5935906,6.52,CHEMBL301,301.0,CNCCN1CCc2nc(Nc3ncc(F)c(-c4cc(F)c5nc(C)n(C6CC6)c5c4)n3)ccc2C1
CHEMBL5816005,7.37,CHEMBL301,42.8,Cc1nc2c(F)cc(-c3nc(Nc4ccc5c(n4)CCN(CCN4CCOCC4)C5)ncc3F)cc2n1C(C)(C)C
CHEMBL5979966,7.4,CHEMBL301,39.6,Cc1nc2c(F)cc(-c3nc(Nc4ccc5c(n4)CCN(CCN4CCN(C)CC4)C5)ncc3F)cc2n1C(C)(C)C
CHEMBL6002613,7.17,CHEMBL301,67.0,Cc1nc2c(F)cc(-c3nc(Nc4ccc5c(n4)CCN(CCN4CCP(C)(=O)CC4)C5)ncc3F)cc2n1C(C)(C)C
CHEMBL5834090,7.32,CHEMBL301,48.4,Cc1nc2c(F)cc(-c3nc(Nc4ccc5c(n4)CCN(CCN(C)CCO)C5)ncc3F)cc2n1C(C)(C)C
CHEMBL5983466,7.14,CHEMBL301,73.1,Cc1nc2c(F)cc(-c3nc(Nc4ccc5c(n4)CCN(CCN(C)CCN(C)C)C5)ncc3F)cc2n1C(C)(C)C
CHEMBL5921721,7.46,CHEMBL301,34.6,Cc1nc2c(F)cc(-c3nc(Nc4ccc5c(n4)CCN(CCN(C)CC[Si](C)(C)C)C5)ncc3F)cc2n1C(C)(C)C
CHEMBL5981008,7.68,CHEMBL301,21.0,CC(=N)NCCN1CCc2nc(Nc3ncc(F)c(-c4cc(F)c5nc(C)n(C(C)C)c5c4)n3)ccc2C1
CHEMBL6002674,8.18,CHEMBL301,6.68,CNCCN1CCc2nc(Nc3ncc(F)c(-c4cc(F)c5nc(C)n(C(C)(C)C)c5c4)n3)ccc2C1
CHEMBL5988596,7.54,CHEMBL301,29.0,Cc1nc2c(F)cc(-c3nc(Nc4ccc5c(n4)CCN(CC(C)(C)N(C)C)C5)ncc3F)cc2n1C(C)(C)C
CHEMBL5845923,7.22,CHEMBL301,60.2,CCOP(=O)(OCC)C1(O)CCN(CCN2CCc3nc(Nc4ncc(F)c(-c5cc(F)c6nc(C)n(C(C)(C)C)c6c5)n4)ccc3C2)C1
CHEMBL5953254,7.56,CHEMBL301,27.6,Cc1nc2c(F)cc(-c3nc(Nc4ccc5c(n4)CCN(CCN(C)CCP(=O)(O)O)C5)ncc3F)cc2n1C(C)(C)C
CHEMBL5772567,7.23,CHEMBL301,59.3,CCOP(=O)(CCN(C)CCN1CCc2nc(Nc3ncc(F)c(-c4cc(F)c5nc(C)n(C(C)(C)C)c5c4)n3)ccc2C1)OCC
CHEMBL5751847,7.57,CHEMBL301,27.0,Cc1nc2c(F)cc(-c3nc(Nc4ccc5c(n4)CCN(CC(N)=NO)C5)ncc3F)cc2n1C(C)(C)C
CHEMBL5818702,7.4,CHEMBL301,40.2,C/C(=N/O)N(C)CCN1CCc2nc(Nc3ncc(F)c(-c4cc(F)c5nc(C)n(C(C)(C)C)c5c4)n3)ccc2C1
CHEMBL5938059,7.68,CHEMBL301,20.8,Cc1nc2c(F)cc(-c3nc(Nc4ccc5c(n4)CCN(CCN)C5)ncc3F)cc2n1C(C)(C)C
CHEMBL5933703,7.7,CHEMBL301,20.0,CNCCN1CCc2nc(Nc3ncc(F)c(-c4cc(F)c5nc(C)n(C6(C)CC6)c5c4)n3)ccc2C1
CHEMBL5836560,5.9,CHEMBL301,1250.0,Cc1nc2c(F)cc(-c3nc(Nc4ccc5c(n4)CC[N+]([O-])(CC[N+](C)(C)[O-])C5)ncc3F)cc2n1C1CC1
CHEMBL5976175,6.93,CHEMBL301,117.0,CCOP(=O)(OCC)N(C)CC[N+]1([O-])CCc2nc(Nc3ncc(F)c(-c4cc(F)c5nc(C)n(C(C)C)c5c4)n3)ccc2C1
CHEMBL5799961,7.3,CHEMBL301,50.3,Cc1nc2c(F)cc(-c3nc(Nc4ccc5c(n4)CCN(C(C)CN(C)C)C5)ncc3F)cc2n1C(C)(C)C
CHEMBL5775776,7.5,CHEMBL301,32.0,Cc1nc2c(F)cc(-c3nc(Nc4ccc5c(n4)CCN(CCN4CC=C(B(O)O)CC4)C5)ncc3F)cc2n1C(C)(C)C
CHEMBL5979303,7.88,CHEMBL301,13.1,Cc1nc2c(F)cc(-c3nc(Nc4ccc5c(n4)CCN(CCS(C)(=O)=O)C5)ncc3F)cc2n1C(C)(C)C
CHEMBL6026840,7.85,CHEMBL301,14.0,Cc1nc2c(F)cc(-c3nc(Nc4ccc5c(n4)CCN(CC=NO)C5)ncc3F)cc2n1C(C)(C)C
CHEMBL5956134,7.75,CHEMBL301,18.0,Cc1nc2c(F)cc(-c3nc(Nc4ccc5c(n4)CCN(CC(C)(C)N)C5)ncc3F)cc2n1C(C)(C)C
CHEMBL5758951,7.73,CHEMBL301,18.5,Cc1nc2c(F)cc(-c3nc(Nc4ccc5c(n4)CCN(CCN4CCC(B(O)O)CC4)C5)ncc3F)cc2n1C(C)(C)C
CHEMBL5836990,7.77,CHEMBL301,17.0,Cc1nc2c(F)cc(-c3nc(Nc4ccc5c(n4)CCNC5)ncc3F)cc2n1C(C)C
CHEMBL4213219,7.87,CHEMBL301,13.5,Cc1nc2c(F)cc(-c3nc(Nc4ccc5c(n4)CCN(C(=O)CO)C5)ncc3F)cc2n1C(C)C
CHEMBL4213756,7.67,CHEMBL301,21.5,COCCN1CCc2nc(Nc3ncc(F)c(-c4cc(F)c5nc(C)n(C(C)C)c5c4)n3)ccc2C1
CHEMBL5834517,7.5,CHEMBL301,31.9,CC(=O)N1CCc2nc(Nc3ncc(F)c(-c4cc(F)c5nc(C)n(C(C)C)c5c4)n3)ccc2C1
CHEMBL5908734,7.7,CHEMBL301,19.9,Cc1nc2c(F)cc(-c3nc(Nc4ccc5c(n4)CCN(CCO)C5)ncc3F)cc2n1C(C)C
CHEMBL4207796,7.65,CHEMBL301,22.5,Cc1nc2c(F)cc(-c3nc(Nc4ccc5c(n4)CCN(CCF)C5)ncc3F)cc2n1C(C)C
CHEMBL4097255,4.3,CHEMBL301,50000.0,c1ccc(-c2cccc3nc(-c4cncnc4)nc(NCc4ccccn4)c23)cc1
CHEMBL4094440,4.3,CHEMBL301,50000.0,NS(=O)(=O)c1cncc(-c2nc(NCc3ccccn3)c3c(-c4ccccc4)cccc3n2)c1
CHEMBL4483629,4.3,CHEMBL301,50000.0,Clc1nc(NCc2ccccn2)c2c(-c3ccccc3)cccc2n1
CHEMBL3301610,7.28,CHEMBL301,52.2,CCN1CCN(Cc2ccc(Nc3ncc(F)c(-c4cc(F)c5nc(C)n(C(C)C)c5c4)n3)nc2)CC1
CHEMBL5905735,7.46,CHEMBL301,35.0,Cc1nc2c(F)cc(-c3nc(Nc4ccc5c(n4)CCN(C(C)C)C5)ncc3F)cc2n1C(C)C
CHEMBL5814867,7.53,CHEMBL301,29.6,CNCC(=O)N1CCc2nc(Nc3ncc(F)c(-c4cc(F)c5nc(C)n(C(C)C)c5c4)n3)ccc2C1
CHEMBL4212532,7.47,CHEMBL301,33.7,Cc1nc2c(F)cc(-c3nc(Nc4ccc5c(n4)CCN(C(=O)CN(C)C)C5)ncc3F)cc2n1C(C)C
CHEMBL6060984,7.54,CHEMBL301,28.7,COCC(=O)N1CCc2nc(Nc3ncc(F)c(-c4cc(F)c5nc(C)n(C(C)C)c5c4)n3)ccc2C1
CHEMBL5813772,7.81,CHEMBL301,15.5,Cc1nc2c(F)cc(-c3nc(Nc4ccc5c(n4)CCN(C)C5)ncc3F)cc2n1C(C)C
CHEMBL5844694,7.87,CHEMBL301,13.4,Cc1nc2c(F)cc(-c3nc(Nc4ccc5c(n4)CCN(C(=O)CCO)C5)ncc3F)cc2n1C(C)C
CHEMBL6017199,7.98,CHEMBL301,10.4,COC(=O)C(=O)N1CCc2nc(Nc3ncc(F)c(-c4cc(F)c5nc(C)n(C(C)C)c5c4)n3)ccc2C1
CHEMBL5805137,7.22,CHEMBL301,60.4,Cc1nc2c(F)cc(-c3nc(Nc4ccc5c(n4)CCN(CC(F)(F)F)C5)ncc3F)cc2n1C(C)C
CHEMBL5848732,6.25,CHEMBL301,558.0,Cc1nc2c(F)cc(-c3nc(Nc4ncc5c(n4)CCNC5)ncc3F)cc2n1C(C)C
CHEMBL5952864,5.96,CHEMBL301,1090.0,Cc1nc2c(F)cc(-c3nc(Nc4ncc5c(n4)CCN(C(=O)CN(C)C)C5)ncc3F)cc2n1C(C)C
CHEMBL5867735,6.51,CHEMBL301,306.0,Cc1nc2c(F)cc(-c3nc(Nc4ccc5c(n4)CN(CCN(C)C)C5=O)ncc3F)cc2n1C(C)C
CHEMBL5894084,7.43,CHEMBL301,37.2,Cc1nc2c(F)cc(-c3nc(Nc4ccc5c(n4)CCN(C(=O)CN)C5)ncc3F)cc2n1C(C)C
CHEMBL5935222,7.42,CHEMBL301,38.2,COC(=O)CN1CCc2nc(Nc3ncc(F)c(-c4cc(F)c5nc(C)n(C(C)C)c5c4)n3)ccc2C1
CHEMBL5994315,8.13,CHEMBL301,7.34,Cc1nc2c(F)cc(-c3nc(Nc4ccc5c(n4)CCN(CC(=O)O)C5)ncc3F)cc2n1C(C)C
CHEMBL5956369,6.89,CHEMBL301,128.0,Cc1nc2c(F)cc(-c3nc(Nc4ccc5c(n4)CCNC5)ncc3F)cc2n1C1CCCC1
CHEMBL5759958,6.71,CHEMBL301,193.0,Cc1nc2c(F)cc(-c3nc(Nc4ccc5c(n4)CCN(C(=O)CN(C)C)C5)ncc3F)cc2n1C1CCCC1
CHEMBL4206061,7.83,CHEMBL301,14.8,Cc1nc2c(F)cc(-c3nc(Nc4ccc5c(n4)CCN(C(=O)CN4CCN(C)CC4)C5)ncc3F)cc2n1C(C)C
CHEMBL5763679,7.51,CHEMBL301,31.1,Cc1nc2c(F)cc(-c3nc(Nc4ccc5c(n4)CCN(C(=O)CN4CCOCC4)C5)ncc3F)cc2n1C(C)C
CHEMBL5784667,7.24,CHEMBL301,57.9,Cc1nc2c(F)cc(-c3nc(Nc4ccc5c(n4)CCN(C(=O)C(C)N(C)C)C5)ncc3F)cc2n1C(C)C
CHEMBL5833493,7.43,CHEMBL301,37.2,Cc1nc2c(F)cc(-c3nc(Nc4ccc5c(n4)CCN(C(=O)CC(C)(C)O)C5)ncc3F)cc2n1C(C)C
CHEMBL5775992,6.82,CHEMBL301,151.0,Cc1nc2c(F)cc(-c3nc(Nc4ccc5c(n4)CCN(C(=O)C(C)(C)N(C)C)C5)ncc3F)cc2n1C(C)C
CHEMBL6021833,6.84,CHEMBL301,143.0,Cc1nc2c(F)cc(-c3nc(Nc4ccc5c(n4)CCNC5)ncc3F)cc2n1C1CC1
CHEMBL5932825,6.52,CHEMBL301,304.0,Cc1nc2c(F)cc(-c3nc(Nc4ccc5c(n4)CCN(C(=O)CN(C)C)C5)ncc3F)cc2n1C1CC1
CHEMBL6012656,6.81,CHEMBL301,154.0,Cc1nc2c(F)cc(-c3nc(Nc4ccc5c(n4)CCN(C(=O)CN4CCOCC4)C5)ncc3F)cc2n1C1CC1
CHEMBL5899535,7.69,CHEMBL301,20.4,Cc1nc2c(F)cc(-c3nc(Nc4ccc5c(n4)CCN(C(=O)C4CC(O)C4)C5)ncc3F)cc2n1C(C)C
CHEMBL5775801,6.84,CHEMBL301,146.0,Cc1nc2c(F)cc(-c3nc(Nc4ccc5c(n4)CCNC5)ncc3F)cc2n1C1CCCCC1
CHEMBL5941223,7.18,CHEMBL301,65.5,Cc1nc2c(F)cc(-c3nc(Nc4ccc5c(n4)CCNC5)ncc3F)cc2n1C1CCC(C)CC1
CHEMBL5970937,7.05,CHEMBL301,89.7,CNCC(=O)N1CCc2nc(Nc3ncc(F)c(-c4cc(F)c5nc(C)n(C6CCC(C)CC6)c5c4)n3)ccc2C1
CHEMBL5943083,7.06,CHEMBL301,87.6,Cc1nc2c(F)cc(-c3nc(Nc4ccc5c(n4)CCN(C(=O)CN(C)C)C5)ncc3F)cc2n1C1CCC(C)CC1
CHEMBL5832188,6.55,CHEMBL301,281.0,Cc1nc2c(F)cc(-c3nc(Nc4ccc5c(n4)CCN(C(=O)CN(C)C)C5)ncc3F)cc2n1C1CCCCC1
CHEMBL6044246,6.38,CHEMBL301,413.0,Cc1nc2c(F)cc(-c3nc(Nc4ccc5c(n4)CCN(CC(=O)N(C)C)C5)ncc3F)cc2n1C1CC1
CHEMBL5947385,7.49,CHEMBL301,32.3,C=CC(=O)N1CCc2nc(Nc3ncc(F)c(-c4cc(F)c5nc(C)n(C(C)C)c5c4)n3)ccc2C1
CHEMBL5781074,7.14,CHEMBL301,72.1,Cc1nc2c(F)cc(-c3nc(Nc4ccc5c(n4)CCNC5)ncc3F)cc2n1C1CCC1
CHEMBL5976927,7.39,CHEMBL301,40.6,Cc1nc2c(F)cc(-c3nc(Nc4ccc5c(n4)CCN(C(=O)C4CC(N)C4)C5)ncc3F)cc2n1C(C)C
CHEMBL6019056,7.07,CHEMBL301,84.3,CNC1CC(C(=O)N2CCc3nc(Nc4ncc(F)c(-c5cc(F)c6nc(C)n(C(C)C)c6c5)n4)ccc3C2)C1
CHEMBL5870326,6.91,CHEMBL301,122.0,Cc1nc2c(F)cc(-c3nc(Nc4ccc5c(n4)CCN(C(=O)NCCN(C)C)C5)ncc3F)cc2n1C1CC1
CHEMBL5976683,7.27,CHEMBL301,54.1,Cc1nc2c(F)cc(-c3nc(Nc4ccc5c(n4)CCN(C(=O)NCCN(C)C)C5)ncc3F)cc2n1C(C)C
CHEMBL5999796,6.15,CHEMBL301,710.0,Cc1nc2c(F)cc(-c3nc(Nc4ccc5c(n4)CCN(C(C)C)C5)ncc3F)cc2n1C1CC1
CHEMBL5774515,6.46,CHEMBL301,346.0,Cc1nc2c(F)cc(-c3nc(Nc4ccc5c(n4)CCN(C(=O)OCCN(C)C)C5)ncc3F)cc2n1C1CC1
CHEMBL5832698,6.25,CHEMBL301,559.0,Cc1nc2c(F)cc(-c3nc(Nc4ccc5c(n4)CCN(C(=O)[C@@H](C)N(C)C)C5)ncc3F)cc2n1C1CC1
CHEMBL5884004,7.04,CHEMBL301,91.0,Cc1nc2c(F)cc(-c3nc(Nc4ccc5c(n4)CCN(C(=O)[C@H](C)N(C)C)C5)ncc3F)cc2n1C1CC1
CHEMBL5894670,7.55,CHEMBL301,28.2,Cc1nc2c(F)cc(-c3nc(Nc4ccc5c(n4)CCN(C(=O)NCCO)C5)ncc3F)cc2n1C(C)C
CHEMBL5950277,6.48,CHEMBL301,334.0,Cc1nc2c(F)cc(-c3nc(Nc4ccc5c(n4)CCN(C(=O)NCCO)C5)ncc3F)cc2n1C1CC1
CHEMBL5879318,6.89,CHEMBL301,129.0,CNCC(=O)N1CCc2nc(Nc3ncc(F)c(-c4cc(F)c5nc(C)n(C6CCC6)c5c4)n3)ccc2C1
CHEMBL4455210,6.16,CHEMBL301,700.0,Cc1nc2c(F)cc(-c3nc(Nc4ccc5c(n4)CCN(CCN(C)C)C5)ncc3F)cc2n1C1CC1
CHEMBL5757792,6.5,CHEMBL301,314.0,C=C(CCN(C)C)N1CCc2nc(Nc3ncc(F)c(-c4cc(F)c5nc(C)n(C6CC6)c5c4)n3)ccc2C1
CHEMBL5883845,6.53,CHEMBL301,294.0,Cc1nc2c(F)cc(-c3nc(Nc4ccc5c(n4)CCN(C(=O)CN(C)C)C5)ncc3F)cc2n1C1CCC1
CHEMBL5888788,7.1,CHEMBL301,79.4,Cc1nc2c(F)cc(-c3nc(Nc4ccc5c(n4)CCN(C(=O)CN(C)C)C5)ncc3F)cc2n1CC1CC1
CHEMBL5950426,6.44,CHEMBL301,364.0,Cc1nc2c(F)cc(-c3nc(Nc4ccc5c(n4)CCN(C(=O)N(C)CCN(C)C)C5)ncc3F)cc2n1C1CC1
CHEMBL5856237,7.55,CHEMBL301,28.3,Cc1nc2c(F)cc(-c3nc(Nc4ccc5c(n4)CCN(C(=O)[C@@H](C)N(C)C)C5)ncc3F)cc2n1C(C)C
CHEMBL4448494,7.32,CHEMBL301,47.7,Cc1nc2c(F)cc(-c3nc(Nc4ccc5c(n4)CCN(CCN(C)C)C5)ncc3F)cc2n1C(C)C
CHEMBL5787921,6.18,CHEMBL301,661.0,CN[C@H](C)C(=O)N1CCc2nc(Nc3ncc(F)c(-c4cc(F)c5nc(C)n(C6CC6)c5c4)n3)ccc2C1
CHEMBL6038282,6.67,CHEMBL301,212.0,Cc1nc2c(F)cc(-c3nc(Nc4ccc5c(n4)CCN(C(=O)[C@@H]4CCCN4)C5)ncc3F)cc2n1C1CC1
CHEMBL5873158,7.73,CHEMBL301,18.5,Cc1nc2c(F)cc(-c3nc(Nc4ccc5c(n4)CCNC5)ncc3F)cc2n1C(C)(C)C
CHEMBL4466497,7.26,CHEMBL301,54.9,Cc1nc2c(F)cc(-c3nc(Nc4ccc5c(n4)CCN(CCN(C)C)C5)ncc3F)cc2n1C(C)(C)C
CHEMBL5757213,5.83,CHEMBL301,1490.0,Cc1nc2c(F)cc(-c3nc(Nc4ccc5c(n4)CCN(CCCN(C)C)C5)ncc3F)cc2n1C1CC1
CHEMBL4463716,6.78,CHEMBL301,167.0,C#CCN(C)CCN1CCc2nc(Nc3ncc(F)c(-c4cc(F)c5nc(C)n(C(C)C)c5c4)n3)ccc2C1
CHEMBL5774473,6.96,CHEMBL301,110.0,C#CCN1CCC(N2CCc3nc(Nc4ncc(F)c(-c5cc(F)c6nc(C)n(C(C)C)c6c5)n4)ccc3C2)C1
CHEMBL5754925,6.43,CHEMBL301,371.0,Cc1nc2c(F)cc(-c3nc(Nc4ccc5c(n4)CCN(C[C@@H](O)CN(C)C)C5)ncc3F)cc2n1C1CC1
CHEMBL5872006,6.5,CHEMBL301,317.0,Cc1nc2c(F)cc(-c3nc(Nc4ccc5c(n4)CCN(C[C@H]4CCCN4C)C5)ncc3F)cc2n1C1CC1
CHEMBL5972036,7.13,CHEMBL301,74.9,C#CCN1CCCC1CN1CCc2nc(Nc3ncc(F)c(-c4cc(F)c5nc(C)n(C(C)C)c5c4)n3)ccc2C1
CHEMBL5942702,7.47,CHEMBL301,33.9,C#CCN1CCc2nc(Nc3ncc(F)c(-c4cc(F)c5nc(C)n(C(C)C)c5c4)n3)ccc2C1
CHEMBL5828906,6.6,CHEMBL301,249.0,Cc1nc2c(F)cc(-c3nc(Nc4ccc5c(n4)CCN(C[C@@H](C)N)C5)ncc3F)cc2n1C1CC1
CHEMBL5762588,6.25,CHEMBL301,567.0,Cc1nc2c(F)cc(-c3nc(Nc4ccc5c(n4)CCN(CC(C)(C)N)C5)ncc3F)cc2n1C1CC1
CHEMBL5976517,7.45,CHEMBL301,35.5,Cc1nc2c(F)cc(-c3nc(Nc4ccc5c(n4)CCN(CC#CCN(C)C)C5)ncc3F)cc2n1C(C)C
CHEMBL6007400,6.19,CHEMBL301,647.0,Cc1nc2c(F)cc(-c3nc(Nc4ccc5c(n4)CCN(C[C@@H](C)N(C)C)C5)ncc3F)cc2n1C1CC1
CHEMBL5774696,6.68,CHEMBL301,207.0,Cc1nc2c(F)cc(-c3nc(Nc4ccc5c(n4)CCN(C[C@H](C)N)C5)ncc3F)cc2n1C1CC1
CHEMBL5964401,7.78,CHEMBL301,16.5,CCC(CC)n1c(C)nc2c(F)cc(-c3nc(Nc4ccc5c(n4)CCNC5)ncc3F)cc21
CHEMBL4462493,7.76,CHEMBL301,17.4,CCC(CC)n1c(C)nc2c(F)cc(-c3nc(Nc4ccc5c(n4)CCN(CCN(C)C)C5)ncc3F)cc21
CHEMBL5865665,7.82,CHEMBL301,15.0,Cc1nc2c(F)cc(-c3nc(Nc4ccc5c(n4)CCNC5)ncc3F)cc2n1C(C)C1CC1
CHEMBL5925248,6.87,CHEMBL301,135.0,Cc1nc2c(F)cc(-c3nc(Nc4ccc5c(n4)CCN(C[C@H](C)N(C)C)C5)ncc3F)cc2n1C1CC1
CHEMBL4550287,7.79,CHEMBL301,16.3,Cc1nc2c(F)cc(-c3nc(Nc4ccc5c(n4)CCN(CCN(C)C)C5)ncc3F)cc2n1C(C)C1CC1
CHEMBL5886747,7.99,CHEMBL301,10.3,Cc1nc2c(F)cc(-c3nc(Nc4ccc5c(n4)CCNC5)ncc3F)cc2n1C1(C)CC1
CHEMBL4542247,7.79,CHEMBL301,16.3,Cc1nc2c(F)cc(-c3nc(Nc4ccc5c(n4)CCN(CCN(C)C)C5)ncc3F)cc2n1C1(C)CC1
CHEMBL5888813,7.21,CHEMBL301,62.4,Cc1nc2c(F)cc(-c3nc(Nc4ccc5c(n4)CCN(CC[Si](C)(C)C)C5)ncc3F)cc2n1C(C)C
CHEMBL5911327,7.54,CHEMBL301,28.5,Cc1nc2c(F)cc(-c3nc(Nc4ccc5c(n4)CCN(CCCN(C)C)C5)ncc3F)cc2n1C(C)(C)C
CHEMBL4463172,7.79,CHEMBL301,16.3,Cc1nc2c(F)cc(-c3nc(Nc4ccc5c(n4)CCN(CCN(C)C(=N)N)C5)ncc3F)cc2n1C(C)C
CHEMBL5830076,7.84,CHEMBL301,14.3,Cc1nc2c(F)cc(-c3nc(Nc4ccc5c(n4)CCN(C(=O)CCN(C)C)C5)ncc3F)cc2n1C(C)(C)C
CHEMBL5869281,7.79,CHEMBL301,16.3,Cc1nc2c(F)cc(-c3nc(Nc4ccc5c(n4)CCN(C[C@H]4CN(C)CCO4)C5)ncc3F)cc2n1C(C)(C)C
CHEMBL5774332,7.99,CHEMBL301,10.3,Cc1nc2c(F)cc(-c3nc(Nc4ccc5c(n4)CCN(C[C@@H]4CN(C)CCO4)C5)ncc3F)cc2n1C(C)(C)C
CHEMBL6020156,8.22,CHEMBL301,6.02,Cc1nc2c(F)cc(-c3nc(Nc4ccc5c(n4)CCN(C/C=N/O)C5)ncc3F)cc2n1C(C)C
CHEMBL6031262,7.82,CHEMBL301,15.0,C/C(=N/O)N(C)CCN1CCc2nc(Nc3ncc(F)c(-c4cc(F)c5nc(C)n(C(C)C)c5c4)n3)ccc2C1
CHEMBL5755607,6.17,CHEMBL301,670.0,Cc1nc2c(F)cc(-c3nc(Nc4ccc5c(n4)CCN(CCN=C(N)N)C5)ncc3F)cc2n1C(C)C
CHEMBL5903034,7.84,CHEMBL301,14.5,Cc1nc2c(F)cc(-c3nc(Nc4ccc5c(n4)CCN(CCN(C)CB(O)O)C5)ncc3F)cc2n1C(C)C
CHEMBL4438059,7.72,CHEMBL301,19.2,Cc1nc2c(F)cc(-c3nc(Nc4ccc5c(n4)CCN(CCN(C)C)C5)ncc3F)cc2n1C1CCCCC1
CHEMBL6013826,7.62,CHEMBL301,23.8,Cc1nc2c(F)cc(-c3nc(Nc4ccc5c(n4)CCN(CCN(C)C)[C@H]5C)ncc3F)cc2n1C(C)(C)C
CHEMBL6009610,7.51,CHEMBL301,31.1,Cc1nc2c(F)cc(-c3nc(Nc4ccc5c(n4)CCN(CCN(C)C)[C@@H]5C)ncc3F)cc2n1C(C)(C)C
CHEMBL6013826,7.08,CHEMBL301,83.3,Cc1nc2c(F)cc(-c3nc(Nc4ccc5c(n4)CCN(CCN(C)C)[C@H]5C)ncc3F)cc2n1C(C)(C)C
CHEMBL4461442,6.87,CHEMBL301,135.0,Cc1nc2c(F)cc(-c3nc(Nc4ccc5c(n4)CCN(CCN(C)P(C)(C)=O)C5)ncc3F)cc2n1C(C)C
CHEMBL4453095,6.94,CHEMBL301,116.0,Cc1nc2c(F)cc(-c3nc(Nc4ccc5c(n4)CCN(CCN(C)C)C5)ncc3F)cc2n1[C@H]1CC[C@H](C)CC1
CHEMBL5950534,7.51,CHEMBL301,30.7,Cc1nc2c(F)cc(-c3nc(Nc4ccc5c(n4)C[C@@H](C)NC5)ncc3F)cc2n1C(C)(C)C
CHEMBL4438497,7.84,CHEMBL301,14.5,Cc1nc2c(F)cc(-c3nc(Nc4ccc5c(n4)CCN(CCN(C)C(N)=S)C5)ncc3F)cc2n1C(C)C
CHEMBL5950534,7.95,CHEMBL301,11.2,Cc1nc2c(F)cc(-c3nc(Nc4ccc5c(n4)C[C@@H](C)NC5)ncc3F)cc2n1C(C)(C)C
CHEMBL6058303,7.35,CHEMBL301,44.9,Cc1nc2c(F)cc(-c3nc(Nc4ccc5c(n4)C[C@H](C)N(CCN(C)C)C5)ncc3F)cc2n1C(C)(C)C
CHEMBL5775091,7.63,CHEMBL301,23.6,Cc1nc2c(F)cc(-c3nc(Nc4ccc5c(n4)CCN(CCS(C)(=O)=NC#N)C5)ncc3F)cc2n1C(C)C
CHEMBL4449998,6.63,CHEMBL301,232.0,Cc1nc2c(F)cc(-c3nc(Nc4ccc5c(n4)CCN(CCN(C)C)C5)ncc3F)cc2n1CC1CC1
CHEMBL5832698,6.35,CHEMBL301,444.0,Cc1nc2c(F)cc(-c3nc(Nc4ccc5c(n4)CCN(C(=O)[C@@H](C)N(C)C)C5)ncc3F)cc2n1C1CC1
CHEMBL5853767,7.21,CHEMBL301,62.4,Cc1nc2c(F)cc(-c3nc(Nc4ccc5c(n4)CCN(C[C@@H]4CNCCO4)C5)ncc3F)cc2n1C(C)C
CHEMBL5897984,7.84,CHEMBL301,14.3,Cc1nc2c(F)cc(-c3nc(Nc4ccc5c(n4)CCN(C[C@H]4CNCCO4)C5)ncc3F)cc2n1C(C)C
CHEMBL5994564,7.54,CHEMBL301,28.5,Cc1nc2c(F)cc(-c3nc(Nc4ccc5c(n4)CCN(C[C@@H]4CCCN4C)C5)ncc3F)cc2n1C1CC1
CHEMBL5755607,7.71,CHEMBL301,19.4,Cc1nc2c(F)cc(-c3nc(Nc4ccc5c(n4)CCN(CCN=C(N)N)C5)ncc3F)cc2n1C(C)C
CHEMBL4463874,7.11,CHEMBL301,78.2,Cc1nc2c(F)cc(-c3nc(Nc4ccc5c(n4)CCN(CCN(C)CCNC(=N)N)C5)ncc3F)cc2n1C(C)C
CHEMBL4439999,7.6,CHEMBL301,25.1,Cc1nc2c(F)cc(-c3nc(Nc4ccc5c(n4)CCN(CCN(C)CC[Si](C)(C)C)C5)ncc3F)cc2n1C(C)C
CHEMBL4461579,6.83,CHEMBL301,147.0,Cc1nc2c(F)cc(-c3nc(Nc4ccc5c(n4)CCN(CCN(C)C(=S)n4ccnc4)C5)ncc3F)cc2n1C(C)C
CHEMBL6033665,6.31,CHEMBL301,486.0,Cc1nc2c(F)cc(-c3nc(Nc4ccc5c(n4)CCNC5)ncc3F)cc2n1C
CHEMBL6020742,8.07,CHEMBL301,8.43,Cc1nc2c(F)cc(-c3nc(Nc4ccc5c(n4)CCN(CC(N)=NO)C5)ncc3F)cc2n1C(C)C
CHEMBL5900599,6.9,CHEMBL301,126.0,CCn1c(C)nc2c(F)cc(-c3nc(Nc4ccc5c(n4)CCNC5)ncc3F)cc21
CHEMBL4445727,6.45,CHEMBL301,358.0,CCn1c(C)nc2c(F)cc(-c3nc(Nc4ccc5c(n4)CCN(CCN(C)C)C5)ncc3F)cc21
CHEMBL5935906,6.52,CHEMBL301,301.0,CNCCN1CCc2nc(Nc3ncc(F)c(-c4cc(F)c5nc(C)n(C6CC6)c5c4)n3)ccc2C1
CHEMBL5816005,7.37,CHEMBL301,42.8,Cc1nc2c(F)cc(-c3nc(Nc4ccc5c(n4)CCN(CCN4CCOCC4)C5)ncc3F)cc2n1C(C)(C)C
CHEMBL5979966,7.4,CHEMBL301,39.6,Cc1nc2c(F)cc(-c3nc(Nc4ccc5c(n4)CCN(CCN4CCN(C)CC4)C5)ncc3F)cc2n1C(C)(C)C
CHEMBL6002613,7.17,CHEMBL301,67.0,Cc1nc2c(F)cc(-c3nc(Nc4ccc5c(n4)CCN(CCN4CCP(C)(=O)CC4)C5)ncc3F)cc2n1C(C)(C)C
CHEMBL5834090,7.32,CHEMBL301,48.4,Cc1nc2c(F)cc(-c3nc(Nc4ccc5c(n4)CCN(CCN(C)CCO)C5)ncc3F)cc2n1C(C)(C)C
CHEMBL5983466,7.14,CHEMBL301,73.1,Cc1nc2c(F)cc(-c3nc(Nc4ccc5c(n4)CCN(CCN(C)CCN(C)C)C5)ncc3F)cc2n1C(C)(C)C
CHEMBL5921721,7.46,CHEMBL301,34.6,Cc1nc2c(F)cc(-c3nc(Nc4ccc5c(n4)CCN(CCN(C)CC[Si](C)(C)C)C5)ncc3F)cc2n1C(C)(C)C
CHEMBL5981008,7.68,CHEMBL301,21.0,CC(=N)NCCN1CCc2nc(Nc3ncc(F)c(-c4cc(F)c5nc(C)n(C(C)C)c5c4)n3)ccc2C1
CHEMBL6002674,8.18,CHEMBL301,6.68,CNCCN1CCc2nc(Nc3ncc(F)c(-c4cc(F)c5nc(C)n(C(C)(C)C)c5c4)n3)ccc2C1
CHEMBL5988596,7.54,CHEMBL301,29.0,Cc1nc2c(F)cc(-c3nc(Nc4ccc5c(n4)CCN(CC(C)(C)N(C)C)C5)ncc3F)cc2n1C(C)(C)C
CHEMBL5845923,7.22,CHEMBL301,60.2,CCOP(=O)(OCC)C1(O)CCN(CCN2CCc3nc(Nc4ncc(F)c(-c5cc(F)c6nc(C)n(C(C)(C)C)c6c5)n4)ccc3C2)C1
CHEMBL5953254,7.56,CHEMBL301,27.6,Cc1nc2c(F)cc(-c3nc(Nc4ccc5c(n4)CCN(CCN(C)CCP(=O)(O)O)C5)ncc3F)cc2n1C(C)(C)C
CHEMBL5772567,7.23,CHEMBL301,59.3,CCOP(=O)(CCN(C)CCN1CCc2nc(Nc3ncc(F)c(-c4cc(F)c5nc(C)n(C(C)(C)C)c5c4)n3)ccc2C1)OCC
CHEMBL5751847,7.57,CHEMBL301,27.0,Cc1nc2c(F)cc(-c3nc(Nc4ccc5c(n4)CCN(CC(N)=NO)C5)ncc3F)cc2n1C(C)(C)C
CHEMBL6031262,7.4,CHEMBL301,40.2,C/C(=N/O)N(C)CCN1CCc2nc(Nc3ncc(F)c(-c4cc(F)c5nc(C)n(C(C)C)c5c4)n3)ccc2C1
CHEMBL5938059,7.68,CHEMBL301,20.8,Cc1nc2c(F)cc(-c3nc(Nc4ccc5c(n4)CCN(CCN)C5)ncc3F)cc2n1C(C)(C)C
CHEMBL5933703,7.7,CHEMBL301,20.0,CNCCN1CCc2nc(Nc3ncc(F)c(-c4cc(F)c5nc(C)n(C6(C)CC6)c5c4)n3)ccc2C1
CHEMBL5976713,5.9,CHEMBL301,1250.0,Cc1nc2c(F)cc(-c3nc(Nc4ccc5c(n4)CCN(CC[N+](C)(C)[O-])C5)ncc3F)cc2n1C1CC1
CHEMBL4525034,6.93,CHEMBL301,117.0,CCOP(=O)(OCC)N(C)CCN1CCc2nc(Nc3ncc(F)c(-c4cc(F)c5nc(C)n(C(C)C)c5c4)n3)ccc2C1
CHEMBL5799961,7.3,CHEMBL301,50.3,Cc1nc2c(F)cc(-c3nc(Nc4ccc5c(n4)CCN(C(C)CN(C)C)C5)ncc3F)cc2n1C(C)(C)C
CHEMBL5775776,7.5,CHEMBL301,32.0,Cc1nc2c(F)cc(-c3nc(Nc4ccc5c(n4)CCN(CCN4CC=C(B(O)O)CC4)C5)ncc3F)cc2n1C(C)(C)C
CHEMBL5979303,7.88,CHEMBL301,13.1,Cc1nc2c(F)cc(-c3nc(Nc4ccc5c(n4)CCN(CCS(C)(=O)=O)C5)ncc3F)cc2n1C(C)(C)C
CHEMBL6004741,7.85,CHEMBL301,14.0,Cc1nc2c(F)cc(-c3nc(Nc4ccc5c(n4)CCN(CC=NO)C5)ncc3F)cc2n1C(C)C
CHEMBL5956134,7.75,CHEMBL301,18.0,Cc1nc2c(F)cc(-c3nc(Nc4ccc5c(n4)CCN(CC(C)(C)N)C5)ncc3F)cc2n1C(C)(C)C
CHEMBL5758951,7.73,CHEMBL301,18.5,Cc1nc2c(F)cc(-c3nc(Nc4ccc5c(n4)CCN(CCN4CCC(B(O)O)CC4)C5)ncc3F)cc2n1C(C)(C)C
CHEMBL5836990,7.77,CHEMBL301,17.0,Cc1nc2c(F)cc(-c3nc(Nc4ccc5c(n4)CCNC5)ncc3F)cc2n1C(C)C
CHEMBL4213219,7.87,CHEMBL301,13.5,Cc1nc2c(F)cc(-c3nc(Nc4ccc5c(n4)CCN(C(=O)CO)C5)ncc3F)cc2n1C(C)C
CHEMBL4213756,7.67,CHEMBL301,21.5,COCCN1CCc2nc(Nc3ncc(F)c(-c4cc(F)c5nc(C)n(C(C)C)c5c4)n3)ccc2C1
CHEMBL5834517,7.5,CHEMBL301,31.9,CC(=O)N1CCc2nc(Nc3ncc(F)c(-c4cc(F)c5nc(C)n(C(C)C)c5c4)n3)ccc2C1
CHEMBL5908734,7.7,CHEMBL301,19.9,Cc1nc2c(F)cc(-c3nc(Nc4ccc5c(n4)CCN(CCO)C5)ncc3F)cc2n1C(C)C
CHEMBL4207796,7.65,CHEMBL301,22.5,Cc1nc2c(F)cc(-c3nc(Nc4ccc5c(n4)CCN(CCF)C5)ncc3F)cc2n1C(C)C
CHEMBL4781539,6.92,CHEMBL301,120.0,C=CC(=O)Nc1ccc(C(=O)N2CCCC(Nc3ncc(SCc4ncc(C(C)(C)C)o4)s3)C2)cc1
CHEMBL4793573,6.73,CHEMBL301,185.0,C=CC(=O)NC1CCC(C(=O)N2CCCC(Nc3ncc(SCc4ncc(C(C)(C)C)o4)s3)C2)CC1
CHEMBL4776271,6.76,CHEMBL301,174.0,C=CC(=O)NC1CCN(C(=O)N2CCCC(Nc3ncc(SCc4ncc(C(C)(C)C)o4)s3)C2)CC1
CHEMBL5895271,7.61,CHEMBL301,24.6,C=CC(=O)Nc1ccc(OC(=O)N2CCCC(Nc3ncc(SCc4ncc(C(C)(C)C)o4)s3)C2)cc1
CHEMBL5807535,6.57,CHEMBL301,267.0,C=CC(=O)NCc1ccc(C(=O)N2CCCC(Nc3ncc(SCc4ncc(C(C)(C)C)o4)s3)C2)cc1
CHEMBL4648005,7.8,CHEMBL301,15.7,C=CC(=O)Nc1ccc(NC2CCCC(Nc3ncc(SCc4ncc(C(C)(C)C)o4)s3)C2)cc1
CHEMBL5900559,6.9,CHEMBL301,126.0,C=CC(=O)Nc1ccc(C(=O)N2CCC[C@@H](Nc3ncc(SCc4ncc(C(C)(C)C)o4)s3)C2)c(OC)c1
CHEMBL5802135,7.03,CHEMBL301,93.5,C=CC(=O)NC1CCN(C(=O)C2CCCC(Nc3ncc(SCc4ncc(C(C)(C)C)o4)s3)C2)CC1
CHEMBL4788401,6.48,CHEMBL301,334.0,C=CC(=O)Nc1ccc(O[C@@H]2CCC[C@@H](Nc3ncc(SCc4ncc(C(C)(C)C)o4)s3)C2)cc1
CHEMBL5858311,7.64,CHEMBL301,22.9,C=CC(=O)Nc1ccc(C(=O)N2CCC[C@@H](Nc3ncc(/C=C/c4ncc(C(C)(C)C)o4)s3)C2)cc1
CHEMBL4632815,5.5,CHEMBL301,3170.0,C=CC(=O)Nc1ccc(C(=O)N2CCC[C@@H](Nc3ncc(CNCc4ncc(C(C)(C)C)o4)s3)C2)cc1
CHEMBL5940888,6.58,CHEMBL301,264.0,C=CC(=O)Nc1ccc(S(=O)(=O)N2CCC[C@@H](Nc3ncc(SCc4ncc(C(C)(C)C)o4)s3)C2)cc1
CHEMBL5870086,6.91,CHEMBL301,124.0,C=CC(=O)N1CCc2cc(S(=O)(=O)N3CCC[C@@H](Nc4ncc(SCc5ncc(C(C)(C)C)o5)s4)C3)ccc21
CHEMBL4752238,6.6,CHEMBL301,251.0,C=CC(=O)Nc1ccc(O[C@@H]2CCC[C@@H](Nc3ncc(SCc4ncc(C(C)(C)C)o4)s3)C2)c(C(F)(F)F)c1
CHEMBL5831789,7.04,CHEMBL301,92.3,CN(C)C/C=C/C(=O)Nc1ccc(C(=O)N2CCC[C@@H](Nc3ncc(SCc4ncc(C(C)(C)C)o4)s3)C2)cc1
CHEMBL6056335,6.16,CHEMBL301,689.0,CN(C)C/C=C/C(=O)Nc1ccc(S(=O)(=O)N2CCC[C@@H](Nc3ncc(SCc4ncc(C(C)(C)C)o4)s3)C2)cc1
CHEMBL4788136,8.01,CHEMBL301,9.86,C=CC(=O)Nc1ccc(C(=O)N2CC[C@@H](Nc3ncc(SCc4ncc(C(C)(C)C)o4)s3)C2)cc1
CHEMBL4758168,7.92,CHEMBL301,11.9,CN(C)C/C=C/C(=O)Nc1ccc(C(=O)N2CC[C@@H](Nc3ncc(SCc4ncc(C(C)(C)C)o4)s3)C2)cc1
CHEMBL3301610,6.51,CHEMBL301,306.0,CCN1CCN(Cc2ccc(Nc3ncc(F)c(-c4cc(F)c5nc(C)n(C(C)C)c5c4)n3)nc2)CC1
CHEMBL5817708,7.1,CHEMBL301,79.9,CC1(C)CCc2nc3c(F)cc(-c4nc(Nc5ccc(CN6CCN(C(=O)CO)CC6)cn5)ncc4F)cc3n21
CHEMBL5939038,7.69,CHEMBL301,20.4,CN(C)[C@H]1CCN(C(=O)c2ccc(Nc3ncc(F)c(-c4cc(F)c5nc6n(c5c4)C(C)(C)CC6)n3)nc2)C1
CHEMBL5786556,7.18,CHEMBL301,65.5,CN(C)[C@H]1CCN(c2ccc(Nc3ncc(F)c(-c4cc(F)c5nc6n(c5c4)C(C)(C)CC6)n3)nc2)C1
CHEMBL5981421,6.43,CHEMBL301,368.0,CCN1CCC(COc2ccc(Nc3ncc(F)c(-c4cc(F)c5nc6n(c5c4)C(C)(C)CC6)n3)nc2)CC1
CHEMBL5765852,7.61,CHEMBL301,24.7,CCN1CCC(COc2ccc(Nc3cc(-c4cc(F)c5nc6n(c5c4)C(C)(C)CC6)c(F)cn3)nc2)CC1
CHEMBL5977920,7.19,CHEMBL301,64.1,CN1CCC(Oc2ccc(Nc3ncc(F)c(-c4cc(F)c5nc6n(c5c4)C(C)(C)CC6)n3)nc2)CC1
CHEMBL5941236,7.35,CHEMBL301,44.9,CC1(C)CCc2nc3c(F)cc(-c4nc(Nc5ccc(OCC6CCN(CCCO)CC6)cn5)ncc4F)cc3n21
CHEMBL6043427,7.26,CHEMBL301,55.2,CN1CCC(COc2ccc(Nc3ncc(F)c(-c4cc(F)c5nc6n(c5c4)C(C)(C)CC6)n3)nc2)CC1
CHEMBL5763252,6.76,CHEMBL301,174.0,CN1CCC(OCc2ccc(Nc3ncc(F)c(-c4cc(F)c5nc6n(c5c4)C(C)(C)CC6)n3)nc2)CC1
CHEMBL5915046,7.15,CHEMBL301,70.3,CC1(C)CCc2nc3c(F)cc(-c4nc(Nc5ccc(OC6CCN(CCO)CC6)cn5)ncc4F)cc3n21
CHEMBL3301610,6.51,CHEMBL301,306.0,CCN1CCN(Cc2ccc(Nc3ncc(F)c(-c4cc(F)c5nc(C)n(C(C)C)c5c4)n3)nc2)CC1
CHEMBL4208172,7.29,CHEMBL301,51.1,CCN1CCN(Cc2ccc(Nc3ncc(F)c(-c4cc(F)c5nc6n(c5c4)C(C)(C)CC6)n3)nc2)CC1
CHEMBL6064669,6.94,CHEMBL301,114.0,CCN1CCC(c2ccc(Nc3ncc(F)c(-c4cc(F)c5nc6n(c5c4)C(C)(C)CC6)n3)nc2)CC1
CHEMBL6064669,6.92,CHEMBL301,120.0,CCN1CCC(c2ccc(Nc3ncc(F)c(-c4cc(F)c5nc6n(c5c4)C(C)(C)CC6)n3)nc2)CC1
CHEMBL5748748,7.75,CHEMBL301,17.6,CC1(C)CCc2nc3c(F)cc(-c4nc(Nc5ccc6c(n5)CCN(C(=O)CO)C6)ncc4F)cc3n21
CHEMBL5841163,6.93,CHEMBL301,117.0,CCN1CCN(c2ccc(Nc3ncc(F)c(-c4cc(F)c5nc6n(c5c4)C(C)(C)CC6)n3)nc2)CC1
