molecule_chembl_id,pchembl_value,target_chembl_id,value,canonical_smiles
CHEMBL307152,5.26,CHEMBL4282,5.48,Cn1ccc2ccc3c4[nH]c5c(CCCN[C@H]6CC[C@H](O)CC6)cccc5c4c4c(c3c21)C(=O)NC4=O
CHEMBL3216643,8.3,CHEMBL4282,5.0,COc1ccc(O)c(C(=O)c2ccc(C(=O)O[C@@H]3CCCNCC3NC(=O)c3ccncc3)cc2)c1F.Cl.Cl
CHEMBL1204095,6.8,CHEMBL4282,160.0,COc1ccc(O)c(C(=O)c2ccc(/C=C/[C@@H]3CCCNC[C@H]3NC(=O)c3ccncc3)cc2)c1F.Cl
CHEMBL1202525,6.45,CHEMBL4282,355.0,COc1ccc(O)c(C(=O)c2ccc(CO[C@@H]3CCCNCC3NC(=O)c3ccncc3)cc2)c1F.Cl.Cl
CHEMBL1202518,8.4,CHEMBL4282,4.0,COc1ccc(O)c(C(=O)c2ccc(C(=O)N[C@@H]3CCCNCC3NC(=O)c3ccncc3)cc2)c1F.Cl.Cl
CHEMBL1204097,4.6,CHEMBL4282,25.0,COc1ccc(O)c(C(=O)c2ccc(NC[C@@H]3CCCNCC3NC(=O)c3ccncc3)cc2)c1F.Cl
CHEMBL1202519,5.52,CHEMBL4282,3.0,COc1ccc(O)c(C(=O)c2ccc(CN[C@@H]3CCCNC[C@H]3NC(=O)c3ccncc3)cc2)c1F.Cl
CHEMBL260397,6.53,CHEMBL4282,295.0,Oc1nc2ccccc2n1C1CCN(Cc2ccc(-c3nc4ccccc4nc3-c3ccccc3)cc2)CC1
CHEMBL258844,7.24,CHEMBL4282,58.0,O=c1[nH]c2ccccc2n1C1CCN(Cc2ccc(-c3nc4cc5[nH]cnc5cc4nc3-c3ccccc3)cc2)CC1
CHEMBL178397,6.12,CHEMBL4282,760.0,Cc1nc(-c2ccc(CN3CCC(n4c(=O)[nH]c5ccccc54)CC3)cc2)c(-c2ccccc2)[nH]c1=O
CHEMBL359864,6.44,CHEMBL4282,365.0,Oc1nc2ccccc2n1C1CCN(Cc2ccc(-c3nc4ccccc4cc3-c3ccccc3)cc2)CC1
CHEMBL178349,5.5,CHEMBL4282,3136.0,Oc1nc2ccccc2n1C1CCN(Cc2ccc(-c3cc4ccccc4nc3-c3ccccc3)cc2)CC1
CHEMBL255212,6.12,CHEMBL4282,762.0,N#Cc1cnc(-c2ccc(CN3CCC(n4c(=O)[nH]c5ccccc54)CC3)cc2)c(-c2ccccc2)c1
CHEMBL360333,5.89,CHEMBL4282,1288.0,N#Cc1cnc(-c2ccc(CNCc3ccc(-c4csnn4)cc3)cc2)c(-c2ccccc2)c1
CHEMBL368010,6.06,CHEMBL4282,865.0,N#Cc1cnc(-c2ccc(CN3CCC(c4nc5cc(F)ccc5[nH]4)CC3)cc2)c(-c2ccccc2)c1
CHEMBL181927,5.54,CHEMBL4282,2874.0,Cc1ccc2[nH]c(C3CCN(Cc4ccc(-c5ncc(C#N)cc5-c5ccccc5)cc4)CC3)nc2c1
CHEMBL369094,5.83,CHEMBL4282,1471.0,N#Cc1cnc(-c2ccc(CN3CCC(c4nc5ccccc5[nH]4)CC3)cc2)c(-c2ccccc2)c1
CHEMBL361391,5.36,CHEMBL4282,4397.0,N#Cc1cnc(-c2ccc(CN3CCC(n4cnc5ccccc54)CC3)cc2)c(-c2ccccc2)c1
CHEMBL425338,5.13,CHEMBL4282,7407.0,Cc1nc2ccccc2n1C1CCN(Cc2ccc(-c3ncc(C#N)cc3-c3ccccc3)cc2)CC1
CHEMBL270847,6.56,CHEMBL4282,273.0,O=c1[nH]c2ccccc2n1C1CCN(Cc2ccc(-c3ncc(-c4nnn[nH]4)cc3-c3ccccc3)cc2)CC1
CHEMBL425155,6.75,CHEMBL4282,177.0,c1ccc(-c2cc(-c3nn[nH]n3)cnc2-c2ccc(CNCc3ccc(-c4csnn4)cc3)cc2)cc1
CHEMBL181730,6.62,CHEMBL4282,239.0,Fc1ccc2[nH]c(C3CCN(Cc4ccc(-c5ncc(-c6nn[nH]n6)cc5-c5ccccc5)cc4)CC3)nc2c1
CHEMBL367601,6.12,CHEMBL4282,763.0,Cc1ccc2[nH]c(C3CCN(Cc4ccc(-c5ncc(-c6nn[nH]n6)cc5-c5ccccc5)cc4)CC3)nc2c1
CHEMBL178872,5.48,CHEMBL4282,3323.0,c1ccc(-c2cc(-c3nn[nH]n3)cnc2-c2ccc(CN3CCC(c4nc5ccccc5[nH]4)CC3)cc2)cc1
CHEMBL178445,5.37,CHEMBL4282,4237.0,c1ccc(-c2cc(-c3nn[nH]n3)cnc2-c2ccc(CN3CCC(n4cnc5ccccc54)CC3)cc2)cc1
CHEMBL369532,5.16,CHEMBL4282,6915.0,Cc1nc2ccccc2n1C1CCN(Cc2ccc(-c3ncc(-c4nn[nH]n4)cc3-c3ccccc3)cc2)CC1
CHEMBL182101,5.75,CHEMBL4282,1772.0,Cn1nnnc1-c1cnc(-c2ccc(CN3CCC(n4c(=O)[nH]c5ccccc54)CC3)cc2)c(-c2ccccc2)c1
CHEMBL362455,5.47,CHEMBL4282,3400.0,CC(C)(N)c1ccc(-c2nc3ccccc3nc2-c2ccccc2)cc1
CHEMBL260397,6.54,CHEMBL4282,290.0,Oc1nc2ccccc2n1C1CCN(Cc2ccc(-c3nc4ccccc4nc3-c3ccccc3)cc2)CC1
CHEMBL440560,5.52,CHEMBL4282,3029.0,O=c1cnc(-c2ccc(CN3CCC(n4c(=O)[nH]c5ccccc54)CC3)cc2)c(-c2ccccc2)[nH]1
CHEMBL577792,5.82,CHEMBL4282,1500.0,O=c1cnc(-c2ccccc2)c(-c2ccc(CN3CCC(n4c(=O)[nH]c5ccccc54)CC3)cc2)[nH]1
CHEMBL178397,6.12,CHEMBL4282,760.0,Cc1nc(-c2ccc(CN3CCC(n4c(=O)[nH]c5ccccc54)CC3)cc2)c(-c2ccccc2)[nH]c1=O
CHEMBL572629,6.0,CHEMBL4282,1003.0,Cc1nc(-c2ccccc2)c(-c2ccc(CN3CCC(n4c(=O)[nH]c5ccccc54)CC3)cc2)[nH]c1=O
CHEMBL180580,4.77,CHEMBL4282,17000.0,Oc1nc(-c2ccccc2)c(-c2ccc(CN3CCC(n4c(O)nc5ccccc54)CC3)cc2)nc1Cc1ccccc1
CHEMBL178133,4.66,CHEMBL4282,21670.0,O=c1[nH]c(-c2ccccc2)c(-c2ccc(CN3CCC(n4c(=O)[nH]c5ccccc54)CC3)cc2)nc1Cc1ccc(O)cc1
CHEMBL428861,4.77,CHEMBL4282,17000.0,CCC(C)c1nc(-c2ccc(CN3CCC(n4c(O)nc5ccccc54)CC3)cc2)c(-c2ccccc2)nc1O
CHEMBL178468,4.67,CHEMBL4282,21200.0,CC(C)Cc1nc(-c2ccccc2)c(-c2ccc(CN3CCC(n4c(O)nc5ccccc54)CC3)cc2)nc1O
CHEMBL272292,6.62,CHEMBL4282,240.0,O=C(O)c1ccc2nc(-c3ccc(CN4CCC(n5c(=O)[nH]c6ccccc65)CC4)cc3)c(-c3ccccc3)nc2c1
CHEMBL273160,6.78,CHEMBL4282,166.0,O=C(O)c1ccc2nc(-c3ccccc3)c(-c3ccc(CN4CCC(n5c(=O)[nH]c6ccccc65)CC4)cc3)nc2c1
CHEMBL271091,7.2,CHEMBL4282,63.0,O=c1[nH]c2ccccc2n1C1CCN(Cc2ccc(-c3nc4ccc(-c5nn[nH]n5)cc4nc3-c3ccccc3)cc2)CC1
CHEMBL408151,7.7,CHEMBL4282,20.0,O=c1[nH]c2ccccc2n1C1CCN(Cc2ccc(-c3nc4cc(-c5nn[nH]n5)ccc4nc3-c3ccccc3)cc2)CC1
CHEMBL181419,5.96,CHEMBL4282,1089.0,Cn1nnc(-c2ccc3nc(-c4ccc(CN5CCC(n6c(O)nc7ccccc76)CC5)cc4)c(-c4ccccc4)nc3c2)n1
CHEMBL180058,7.26,CHEMBL4282,55.0,Cn1nnc(-c2ccc3nc(-c4ccccc4)c(-c4ccc(CN5CCC(n6c(O)nc7ccccc76)CC5)cc4)nc3c2)n1
CHEMBL180231,7.07,CHEMBL4282,85.0,O=c1[nH]c2ccccc2n1C1CCN(Cc2ccc(-c3nc4cc5cn[nH]c5cc4nc3-c3ccccc3)cc2)CC1
CHEMBL258844,7.24,CHEMBL4282,58.0,O=c1[nH]c2ccccc2n1C1CCN(Cc2ccc(-c3nc4cc5[nH]cnc5cc4nc3-c3ccccc3)cc2)CC1
CHEMBL192519,5.58,CHEMBL4282,2.6,CC1=C(C#N)c2nc(N)c(C#N)c(C)c2/C1=C/c1ccc(-c2ccc(C(=O)O)c(Cl)c2)o1
CHEMBL192519,5.96,CHEMBL4282,1.1,CC1=C(C#N)c2nc(N)c(C#N)c(C)c2/C1=C/c1ccc(-c2ccc(C(=O)O)c(Cl)c2)o1
CHEMBL190313,5.35,CHEMBL4282,4.5,O=C(/C=C/c1nc2ccccc2[nH]1)c1c(O)nc2ccc(Cl)cc2c1-c1ccccc1
CHEMBL190313,5.41,CHEMBL4282,3.9,O=C(/C=C/c1nc2ccccc2[nH]1)c1c(O)nc2ccc(Cl)cc2c1-c1ccccc1
CHEMBL175828,4.6,CHEMBL4282,25.1,O=C(O)c1cc(-c2ccc(C=C3C(=O)c4ccccc4C3=O)o2)ccc1O
CHEMBL175828,4.68,CHEMBL4282,20.8,O=C(O)c1cc(-c2ccc(C=C3C(=O)c4ccccc4C3=O)o2)ccc1O
CHEMBL104264,5.64,CHEMBL4282,2.3,O=S(=O)(NCCNC/C=C/c1ccc(Br)cc1)c1cccc2cnccc12
CHEMBL104264,5.35,CHEMBL4282,4.5,O=S(=O)(NCCNC/C=C/c1ccc(Br)cc1)c1cccc2cnccc12
CHEMBL193261,4.22,CHEMBL4282,60.2,CC1=C(C#N)c2nc(N)c(C#N)c(C)c2/C1=C/c1ccc(-c2cccc(C(=O)O)c2)o1
CHEMBL192161,5.04,CHEMBL4282,9210.0,CC1(COc2ccc(Cl)cc2NC(=O)Nc2cnc(C#N)cn2)COC1
CHEMBL199996,5.05,CHEMBL4282,9.0,Cc1n[nH]c2sc(C(N)=O)c(NC(=O)Nc3ccccc3)c12
CHEMBL382070,4.77,CHEMBL4282,17.0,Cc1n[nH]c2sc(C(N)=O)c(NC(=O)c3cccs3)c12
CHEMBL200499,4.82,CHEMBL4282,15.0,O=C(NCc1ccccc1)c1cc2c(-c3ccccc3)[nH]nc2s1
CHEMBL200796,4.8,CHEMBL4282,16.0,COC(=O)c1cc2c(Nc3ccccc3)[nH]nc2s1
CHEMBL419932,5.28,CHEMBL4282,5290.0,C[C@H](N)COc1cnc(Cl)c(/C=C/c2ccncc2)c1
CHEMBL388978,8.82,CHEMBL4282,1.5,CN[C@@H]1C[C@H]2O[C@@](C)([C@@H]1OC)n1c3ccccc3c3c4c(c5c6ccccc6n2c5c31)C(=O)NC4
CHEMBL206708,5.48,CHEMBL4282,3340.0,N[C@H](COc1cncc(/C=C/c2ccnc(-n3ccc4ccccc43)c2)c1)Cc1c[nH]c2ccccc12
CHEMBL381610,6.83,CHEMBL4282,147.0,N[C@H](COc1cncc(/C=C/c2ccnc(NCc3ccccc3)c2)c1)Cc1c[nH]c2ccccc12
CHEMBL203275,7.16,CHEMBL4282,69.0,N[C@H](COc1cncc(/C=C/c2ccnc(NC3CC3)c2)c1)Cc1c[nH]c2ccccc12
CHEMBL382914,6.79,CHEMBL4282,163.0,CCNc1cc(/C=C/c2cncc(OC[C@@H](N)Cc3c[nH]c4ccccc34)c2)ccn1
CHEMBL202787,6.75,CHEMBL4282,176.0,CNc1cc(/C=C/c2cncc(OC[C@@H](N)Cc3c[nH]c4ccccc34)c2)ccn1
CHEMBL381075,6.92,CHEMBL4282,121.0,Nc1cc(/C=C/c2cncc(OC[C@@H](N)Cc3c[nH]c4ccccc34)c2)ccn1
CHEMBL381260,5.51,CHEMBL4282,3110.0,N[C@H](COc1cncc(/C=C/c2ccnc(SCc3ccccc3)c2)c1)Cc1c[nH]c2ccccc12
CHEMBL203483,5.2,CHEMBL4282,6350.0,N[C@H](COc1cncc(/C=C/c2ccnc(Sc3ccccc3)c2)c1)Cc1c[nH]c2ccccc12
CHEMBL378823,5.19,CHEMBL4282,6450.0,N[C@H](COc1cncc(/C=C/c2ccnc(Oc3ccccc3)c2)c1)Cc1c[nH]c2ccccc12
CHEMBL377294,5.57,CHEMBL4282,2670.0,COc1cc(/C=C/c2cncc(OC[C@@H](N)Cc3c[nH]c4ccccc34)c2)ccn1
CHEMBL203004,4.37,CHEMBL4282,43010.0,N[C@H](COc1ccc(/C=C/c2ccncc2)cn1)Cc1ccccc1
CHEMBL206654,4.63,CHEMBL4282,23270.0,N[C@H](COc1cccc(/C=C/c2ccncc2)n1)Cc1c[nH]c2ccccc12
CHEMBL202937,6.12,CHEMBL4282,760.0,Cn1cc(C(CN)c2cncc(/C=C/c3ccncc3)c2)c2ccccc21
CHEMBL383254,6.55,CHEMBL4282,284.0,NCC(c1ccccc1)c1cncc(/C=C/c2ccncc2)c1
CHEMBL206328,4.49,CHEMBL4282,32250.0,Brc1ccc(/C=C/CNCCOc2cncc(/C=C/c3ccncc3)c2)cc1
CHEMBL383527,6.17,CHEMBL4282,668.0,N[C@@H](Cc1cccc2ccccc12)C(=O)Nc1cncc(/C=C/c2ccncc2)c1
CHEMBL205514,5.5,CHEMBL4282,3200.0,N[C@@H](Cc1ccccc1)C(=O)Nc1cncc(/C=C/c2ccncc2)c1
CHEMBL205415,6.56,CHEMBL4282,278.0,N[C@@H](Cc1c[nH]c2ccccc12)C(=O)Nc1cncc(/C=C/c2ccncc2)c1
CHEMBL203624,8.01,CHEMBL4282,9.7,N[C@H](CNc1cncc(/C=C/c2ccncc2)c1)Cc1c[nH]c2ccccc12
CHEMBL381703,7.1,CHEMBL4282,79.0,N[C@H](CNc1cnc(Cl)c(/C=C/c2ccncc2)c1)CC1CNc2ccccc21
CHEMBL203384,7.72,CHEMBL4282,19.0,N[C@H](CNc1cnc(Cl)c(/C=C/c2ccncc2)c1)Cc1c[nH]c2ccccc12
CHEMBL203329,6.7,CHEMBL4282,198.0,N[C@H](CCc1cnc(Cl)c(/C=C/c2ccncc2)c1)Cc1c[nH]c2ccccc12
CHEMBL380958,4.62,CHEMBL4282,24010.0,OC(COc1cncc(/C=C/c2ccncc2)c1)Cc1c[nH]c2ccccc12
CHEMBL202893,5.96,CHEMBL4282,1100.0,CN(C)[C@H](COc1cncc(/C=C/c2ccncc2)c1)Cc1c[nH]c2ccccc12
CHEMBL204012,6.3,CHEMBL4282,500.0,Cn1cc(C[C@H](N)COc2cncc(/C=C/c3ccncc3)c2)c2ccccc21
CHEMBL206198,6.56,CHEMBL4282,273.0,N[C@H](COc1cc(/C=C/c2ccncc2)cnc1Cl)Cc1c[nH]c2ccccc12
CHEMBL379914,7.64,CHEMBL4282,23.0,N[C@H](COc1cnc(Cl)c(/C=C/c2ccncc2)c1)Cc1c[nH]c2ccccc12
CHEMBL381808,6.44,CHEMBL4282,360.0,N[C@@H](COc1cncc(/C=C/c2ccncc2)c1)Cc1c[nH]c2ccccc12
CHEMBL383541,7.85,CHEMBL4282,14.0,N[C@H](COc1cncc(/C=C/c2ccncc2)c1)Cc1c[nH]c2ccccc12
CHEMBL206183,6.85,CHEMBL4282,142.0,N[C@H](COc1cncc(/C=C/c2ccncc2)c1)Cc1csc2ccccc12
CHEMBL381328,6.84,CHEMBL4282,146.0,N[C@H](COc1cncc(/C=C/c2ccncc2)c1)Cc1ccc2ccccc2c1
CHEMBL205871,6.49,CHEMBL4282,324.0,N[C@H](COc1cncc(/C=C/c2ccncc2)c1)Cc1cccc2ccccc12
CHEMBL205410,6.5,CHEMBL4282,320.0,N#Cc1cccc(C[C@H](N)COc2cncc(/C=C/c3ccncc3)c2)c1
CHEMBL203685,6.06,CHEMBL4282,875.0,N[C@H](COc1cncc(/C=C/c2ccncc2)c1)Cc1cccc(O)c1
CHEMBL206236,5.39,CHEMBL4282,4040.0,N[C@@H](COCc1ccccc1)COc1cncc(/C=C/c2ccncc2)c1
CHEMBL381829,5.1,CHEMBL4282,8020.0,N[C@@H](CCc1ccccc1)COc1cncc(/C=C/c2ccncc2)c1
CHEMBL203434,5.17,CHEMBL4282,6760.0,N[C@H](COc1cncc(/C=C/c2ccncc2)c1)C(c1ccccc1)c1ccccc1
CHEMBL203673,6.16,CHEMBL4282,690.0,N[C@H](COc1cncc(/C=C/c2ccncc2)c1)Cc1ccccc1
CHEMBL205645,4.62,CHEMBL4282,23910.0,C(=C/c1cncc(OC[C@@H]2CCCN2)c1)\c1ccncc1
CHEMBL204213,4.96,CHEMBL4282,10870.0,C(=C/c1cncc(OC[C@@H]2CCN2)c1)\c1ccncc1
CHEMBL204059,4.71,CHEMBL4282,19320.0,CC(C)[C@H](N)COc1cncc(/C=C/c2ccncc2)c1
CHEMBL205820,4.83,CHEMBL4282,14710.0,NCCCOc1cncc(/C=C/c2ccncc2)c1
CHEMBL206382,5.29,CHEMBL4282,5080.0,NCCOc1cncc(/C=C/c2ccncc2)c1
CHEMBL203673,6.16,CHEMBL4282,690.0,N[C@H](COc1cncc(/C=C/c2ccncc2)c1)Cc1ccccc1
CHEMBL381187,7.58,CHEMBL4282,26.0,N[C@@H](COc1cncc(-c2ccc3cnccc3c2)c1)Cc1c[nH]c2ccccc12
CHEMBL383264,8.89,CHEMBL4282,1.3,N[C@H](COc1cncc(-c2ccc3cnccc3c2)c1)Cc1c[nH]c2ccccc12
CHEMBL207496,6.72,CHEMBL4282,190.0,N[C@H](COc1cncc2nc(-c3ccncc3)ccc12)Cc1c[nH]c2ccccc12
CHEMBL205994,6.57,CHEMBL4282,270.0,N[C@H](CNc1cncc(Nc2cccc3cnccc23)c1)Cc1c[nH]c2ccccc12
CHEMBL206732,6.68,CHEMBL4282,210.0,N[C@H](CNc1cncc(Oc2cccc3cnccc23)c1)Cc1c[nH]c2ccccc12
CHEMBL205324,5.15,CHEMBL4282,7090.0,N[C@H](COc1cnc2ccc(-c3cccnc3)cc2c1)Cc1c[nH]c2ccccc12
CHEMBL206819,6.52,CHEMBL4282,300.0,N[C@H](COc1cnc2ccc(-c3ccncc3)cc2c1)Cc1c[nH]c2ccccc12
CHEMBL205781,5.66,CHEMBL4282,2170.0,NC(=O)c1cccc2c(-c3cncc(OC[C@@H](N)Cc4c[nH]c5ccccc45)c3)cccc12
CHEMBL439340,5.84,CHEMBL4282,1450.0,Nc1ccc(-c2cncc(OC[C@@H](N)Cc3c[nH]c4ccccc34)c2)cc1C(=O)c1cccc(Cl)c1
CHEMBL380542,5.21,CHEMBL4282,6230.0,N[C@H](COc1cncc(-c2cccc(Nc3nccs3)c2)c1)Cc1c[nH]c2ccccc12
CHEMBL202972,5.43,CHEMBL4282,3670.0,N[C@H](COc1cncc(-c2cccc(Nc3ncccn3)c2)c1)Cc1c[nH]c2ccccc12
CHEMBL207031,4.84,CHEMBL4282,14330.0,N[C@H](COc1cncc(-c2ccc(Nc3ncccn3)cc2)c1)Cc1c[nH]c2ccccc12
CHEMBL208406,5.57,CHEMBL4282,2710.0,Nc1nccc(Nc2ccc(-c3cncc(OC[C@@H](N)Cc4c[nH]c5ccccc45)c3)cc2)n1
CHEMBL378589,5.95,CHEMBL4282,1120.0,N[C@H](COc1cncc(-c2ccc(NC(=O)Nc3ccccc3)nc2)c1)Cc1c[nH]c2ccccc12
CHEMBL206581,4.48,CHEMBL4282,33160.0,N[C@H](COc1cncc(-c2ccc(-c3nn[nH]n3)cc2)c1)Cc1c[nH]c2ccccc12
CHEMBL383702,4.48,CHEMBL4282,33010.0,CS(=O)(=O)Nc1ccc(-c2cncc(OC[C@@H](N)Cc3c[nH]c4ccccc34)c2)cc1
CHEMBL205422,4.92,CHEMBL4282,12030.0,CC(=O)Nc1cccc(-c2cncc(OC[C@@H](N)Cc3c[nH]c4ccccc34)c2)c1
CHEMBL381785,6.64,CHEMBL4282,227.0,CC(=O)Nc1ccc(-c2cncc(OC[C@@H](N)Cc3c[nH]c4ccccc34)c2)cc1
CHEMBL206746,5.86,CHEMBL4282,1390.0,NC(=O)Cc1cccc(-c2cncc(OC[C@@H](N)Cc3c[nH]c4ccccc34)c2)c1
CHEMBL426126,5.03,CHEMBL4282,9310.0,NC(=O)c1ccc(-c2cncc(OC[C@@H](N)Cc3c[nH]c4ccccc34)c2)cc1
CHEMBL204892,4.5,CHEMBL4282,31280.0,N[C@H](COc1cncc(-c2ccc(C(=O)O)cc2)c1)Cc1c[nH]c2ccccc12
CHEMBL206179,5.16,CHEMBL4282,6940.0,Nc1ccc(-c2cncc(OC[C@@H](N)Cc3c[nH]c4ccccc34)c2)cc1
CHEMBL382397,5.81,CHEMBL4282,1560.0,N[C@H](COc1cncc(-c2ccc(F)cc2)c1)Cc1c[nH]c2ccccc12
CHEMBL427388,5.74,CHEMBL4282,1830.0,N#Cc1ccc(-c2cncc(OC[C@@H](N)Cc3c[nH]c4ccccc34)c2)cc1
CHEMBL268054,5.87,CHEMBL4282,1340.0,Cc1c(-c2cncc(OC[C@@H](N)Cc3c[nH]c4ccccc34)c2)cc(C#N)c(=O)n1C
CHEMBL208199,6.58,CHEMBL4282,260.0,N[C@H](COc1cncc(-c2ccncc2)c1)Cc1c[nH]c2ccccc12
CHEMBL382379,5.16,CHEMBL4282,6970.0,N[C@H](COc1cncc(Nc2cccnc2)c1)Cc1ccccc1
CHEMBL207699,4.72,CHEMBL4282,18830.0,N[C@H](COc1cncc(Nc2ccncc2)c1)Cc1ccccc1
CHEMBL207671,5.67,CHEMBL4282,2160.0,N[C@H](COc1cncc(Nc2cccnc2)c1)Cc1c[nH]c2ccccc12
CHEMBL383223,5.54,CHEMBL4282,2860.0,N[C@H](COc1cncc(Nc2ccncc2)c1)Cc1c[nH]c2ccccc12
CHEMBL207530,5.03,CHEMBL4282,9350.0,N[C@H](COc1cncc(-c2nc(-c3cccnc3)cs2)c1)Cc1ccccc1
CHEMBL377771,5.01,CHEMBL4282,9870.0,N[C@H](COc1cncc(-c2nc(-c3ccncc3)cs2)c1)Cc1ccccc1
CHEMBL414861,4.5,CHEMBL4282,31950.0,N[C@H](COc1cncc(NC(=O)c2ccncc2)c1)Cc1ccccc1
CHEMBL208499,5.7,CHEMBL4282,2020.0,N[C@H](COc1cncc(C(=O)Nc2ccncc2)c1)Cc1c[nH]c2ccccc12
CHEMBL205349,4.6,CHEMBL4282,25200.0,N[C@H](COc1cncc(C#Cc2cccnc2)c1)Cc1c[nH]c2ccccc12
CHEMBL206208,6.68,CHEMBL4282,210.0,N[C@H](COc1cncc(C#Cc2ccncc2)c1)Cc1c[nH]c2ccccc12
CHEMBL383541,7.85,CHEMBL4282,14.0,N[C@H](COc1cncc(/C=C/c2ccncc2)c1)Cc1c[nH]c2ccccc12
CHEMBL388978,8.82,CHEMBL4282,1.5,CN[C@@H]1C[C@H]2O[C@@](C)([C@@H]1OC)n1c3ccccc3c3c4c(c5c6ccccc6n2c5c31)C(=O)NC4
CHEMBL383264,8.7,CHEMBL4282,2.0,N[C@H](COc1cncc(-c2ccc3cnccc3c2)c1)Cc1c[nH]c2ccccc12
CHEMBL380196,7.82,CHEMBL4282,15.0,Nc1c(-c2cncc(OC[C@@H](N)Cc3c[nH]c4ccccc34)c2)ccc2cnccc12
CHEMBL210390,8.47,CHEMBL4282,3.4,Nc1cc2cc(-c3cncc(OC[C@@H](N)Cc4c[nH]c5ccccc45)c3)ccc2cn1
CHEMBL378211,7.25,CHEMBL4282,56.0,N[C@H](COc1cncc(-c2ccc3cnc(C#Cc4ccccc4)cc3c2)c1)Cc1c[nH]c2ccccc12
CHEMBL378714,6.75,CHEMBL4282,180.0,CC#Cc1cc2cc(-c3cncc(OC[C@@H](N)Cc4c[nH]c5ccccc45)c3)ccc2cn1
CHEMBL209564,6.91,CHEMBL4282,122.0,N[C@H](COc1cncc(-c2ccc3cnc(-c4ccncc4)cc3c2)c1)Cc1c[nH]c2ccccc12
CHEMBL210544,6.52,CHEMBL4282,305.0,N[C@H](COc1cncc(-c2ccc3cnc(-c4ccccc4)cc3c2)c1)Cc1c[nH]c2ccccc12
CHEMBL210333,7.24,CHEMBL4282,57.0,N[C@H](COc1cncc(-c2ccc3cnc(-c4ccco4)cc3c2)c1)Cc1c[nH]c2ccccc12
CHEMBL377764,7.66,CHEMBL4282,22.0,C=Cc1cc2cc(-c3cncc(OC[C@@H](N)Cc4c[nH]c5ccccc45)c3)ccc2cn1
CHEMBL206924,6.84,CHEMBL4282,144.0,CCc1cc2cc(-c3cncc(OC[C@@H](N)Cc4c[nH]c5ccccc45)c3)ccc2cn1
CHEMBL381273,6.19,CHEMBL4282,640.0,N#Cc1cc2cc(-c3cncc(OC[C@@H](N)Cc4c[nH]c5ccccc45)c3)ccc2cn1
CHEMBL210783,6.39,CHEMBL4282,407.0,N[C@H](COc1cncc(-c2ccc3cnc(Cl)cc3c2)c1)Cc1c[nH]c2ccccc12
CHEMBL210246,8.46,CHEMBL4282,3.5,N[C@H](COc1cncc(-c2ccc3cnc(F)cc3c2)c1)Cc1c[nH]c2ccccc12
CHEMBL208962,6.8,CHEMBL4282,160.0,Nc1nccc2cc(-c3cncc(OC[C@@H](N)Cc4c[nH]c5ccccc45)c3)ccc12
CHEMBL210337,4.4,CHEMBL4282,39500.0,COc1nccc2cc(-c3cncc(OC[C@@H](N)Cc4c[nH]c5ccccc45)c3)ccc12
CHEMBL208014,6.11,CHEMBL4282,778.0,N[C@H](COc1cncc(-c2ccc3c(Cl)nccc3c2)c1)Cc1c[nH]c2ccccc12
CHEMBL207215,5.91,CHEMBL4282,1240.0,N[C@H](COc1cncc(-c2ccc3c(O)nccc3c2)c1)Cc1c[nH]c2ccccc12
CHEMBL210093,6.64,CHEMBL4282,227.0,N[C@H](COc1cncc(-c2ccc3c(F)nccc3c2)c1)Cc1c[nH]c2ccccc12
CHEMBL210628,6.16,CHEMBL4282,697.0,N#C/C=C/c1c(OC[C@@H](N)Cc2c[nH]c3ccccc23)cncc1-c1ccc2cnccc2c1
CHEMBL378116,7.08,CHEMBL4282,84.0,Cc1c(OC[C@@H](N)Cc2c[nH]c3ccccc23)cncc1-c1ccc2cnccc2c1
CHEMBL210089,7.92,CHEMBL4282,12.0,N[C@H](COc1cc(-c2ccc3cnccc3c2)cnc1Cl)Cc1c[nH]c2ccccc12
CHEMBL207545,5.91,CHEMBL4282,1240.0,N[C@H](COc1cnc(C#Cc2ccccc2)c(-c2ccc3cnccc3c2)c1)Cc1c[nH]c2ccccc12
CHEMBL207544,9.1,CHEMBL4282,0.8,C#Cc1ncc(OC[C@@H](N)Cc2c[nH]c3ccccc23)cc1-c1ccc2cnccc2c1
CHEMBL378843,8.82,CHEMBL4282,1.5,N[C@H](COc1cnc(-c2ccco2)c(-c2ccc3cnccc3c2)c1)Cc1c[nH]c2ccccc12
CHEMBL209513,8.7,CHEMBL4282,2.0,C=Cc1ncc(OC[C@@H](N)Cc2c[nH]c3ccccc23)cc1-c1ccc2cnccc2c1
CHEMBL379209,8.34,CHEMBL4282,4.6,N#Cc1ncc(OC[C@@H](N)Cc2c[nH]c3ccccc23)cc1-c1ccc2cnccc2c1
CHEMBL378963,8.74,CHEMBL4282,1.8,N[C@H](COc1cnc(Cl)c(-c2ccc3cnccc3c2)c1)Cc1c[nH]c2ccccc12
CHEMBL208961,6.0,CHEMBL4282,995.0,Cc1cc(-c2cncc(OC[C@@H](N)Cc3c[nH]c4ccccc34)c2)cc2ccncc12
CHEMBL210954,9.77,CHEMBL4282,0.17,CC(C)(Cc1ccco1)C1C(=O)Nc2ccc(-c3cncc(OC[C@@H](N)Cc4c[nH]c5ccccc45)c3)cc21
CHEMBL209826,9.05,CHEMBL4282,0.9,CC(C)(Cc1cccs1)C1C(=O)Nc2ccc(-c3cncc(OC[C@@H](N)Cc4c[nH]c5ccccc45)c3)cc21
CHEMBL380004,7.39,CHEMBL4282,40.3,CCc1c(C)[nH]c(CC(C)(C)C2C(=O)Nc3ccc(-c4cncc(OC[C@@H](N)Cc5c[nH]c6ccccc56)c4)cc32)c1C
CHEMBL210209,8.14,CHEMBL4282,7.2,CC(C)(Cc1ncc[nH]1)C1C(=O)Nc2ccc(-c3cncc(OC[C@@H](N)Cc4c[nH]c5ccccc45)c3)cc21
CHEMBL210237,6.82,CHEMBL4282,153.0,CC(C)(Cc1c[nH]c2ccccc12)C1C(=O)Nc2ccc(-c3cncc(OC[C@@H](N)Cc4c[nH]c5ccccc45)c3)cc21
CHEMBL210940,8.92,CHEMBL4282,1.2,CC(C)(Cc1cc[nH]c1)C1C(=O)Nc2ccc(-c3cncc(OC[C@@H](N)Cc4c[nH]c5ccccc45)c3)cc21
CHEMBL426140,9.15,CHEMBL4282,0.7,Cc1ccc(CC(C)(C)C2C(=O)Nc3ccc(-c4cncc(OC[C@@H](N)Cc5c[nH]c6ccccc56)c4)cc32)o1
CHEMBL211065,8.0,CHEMBL4282,10.0,Cc1cc(CC(C)(C)C2C(=O)Nc3ccc(-c4cncc(OC[C@@H](N)Cc5c[nH]c6ccccc56)c4)cc32)oc1C
CHEMBL379963,8.09,CHEMBL4282,8.2,Cn1cccc1CC(C)(C)C1C(=O)Nc2ccc(-c3cncc(OC[C@@H](N)Cc4c[nH]c5ccccc45)c3)cc21
CHEMBL207139,6.18,CHEMBL4282,660.0,CC(C)(CC1CCCN1)C1C(=O)Nc2ccc(-c3cncc(OC[C@@H](N)Cc4c[nH]c5ccccc45)c3)cc21
CHEMBL377603,8.82,CHEMBL4282,1.5,CC(C)(Cc1ccc[nH]1)C1C(=O)Nc2ccc(-c3cncc(OC[C@@H](N)Cc4c[nH]c5ccccc45)c3)cc21
CHEMBL211774,7.99,CHEMBL4282,10.3,CC(C)(Cc1ccccn1)C1C(=O)Nc2ccc(-c3cncc(OC[C@@H](N)Cc4c[nH]c5ccccc45)c3)cc21
CHEMBL211690,7.98,CHEMBL4282,10.4,CC(C)(Cc1cccnc1)C1C(=O)Nc2ccc(-c3cncc(OC[C@@H](N)Cc4c[nH]c5ccccc45)c3)cc21
CHEMBL438431,6.45,CHEMBL4282,352.0,CC(C)(Cc1ccc(Cl)cc1Cl)C1C(=O)Nc2ccc(-c3cncc(OC[C@@H](N)Cc4c[nH]c5ccccc45)c3)cc21
CHEMBL210034,8.23,CHEMBL4282,5.9,CC(C)(Cc1ccccc1)C1C(=O)Nc2ccc(-c3cncc(OC[C@@H](N)Cc4c[nH]c5ccccc45)c3)cc21
CHEMBL378827,8.48,CHEMBL4282,3.3,CC(C)(CC1CC1)C1C(=O)Nc2ccc(-c3cncc(OC[C@@H](N)Cc4c[nH]c5ccccc45)c3)cc21
CHEMBL212067,8.82,CHEMBL4282,1.5,O=C1Nc2ccc(N[C@H](COc3cncc(-c4ccc5c(c4)C(F)(F)C(=O)N5)c3)Cc3c[nH]c4ccccc34)cc2C1(F)F
CHEMBL211932,7.28,CHEMBL4282,52.7,CC(C)=C1C(=O)Nc2ccc(N[C@H](COc3cncc(-c4ccc5c(c4)C(=C(C)C)C(=O)N5)c3)Cc3c[nH]c4ccccc34)cc21
CHEMBL383264,8.7,CHEMBL4282,2.0,N[C@H](COc1cncc(-c2ccc3cnccc3c2)c1)Cc1c[nH]c2ccccc12
CHEMBL211224,6.31,CHEMBL4282,488.0,c1ccc2c(C[C@@H](COc3cncc(-c4cc5cnccc5s4)c3)Nc3cc4cnccc4s3)c[nH]c2c1
CHEMBL209005,5.99,CHEMBL4282,1020.0,O=C1Nc2ccc(N[C@H](COc3cncc(-c4ccc5c(c4)C(Cc4ccccc4)C(=O)N5)c3)Cc3c[nH]c4ccccc34)cc2C1Cc1ccccc1
CHEMBL379576,7.1,CHEMBL4282,80.0,CCC1C(=O)Nc2ccc(N[C@H](COc3cncc(-c4ccc5c(c4)C(CC)C(=O)N5)c3)Cc3c[nH]c4ccccc34)cc21
CHEMBL208761,8.4,CHEMBL4282,4.0,CC1C(=O)Nc2ccc(N[C@H](COc3cncc(-c4ccc5c(c4)C(C)C(=O)N5)c3)Cc3c[nH]c4ccccc34)cc21
CHEMBL211011,7.61,CHEMBL4282,24.6,CC1(C)C(=O)Nc2ccc(N[C@H](COc3cncc(-c4ccc5c(c4)C(C)(C)C(=O)N5)c3)Cc3c[nH]c4ccccc34)cc21
CHEMBL378977,4.81,CHEMBL4282,15600.0,O=S1(=O)Nc2ccc(N[C@H](COc3cncc(-c4ccc5c(c4)NS(=O)(=O)N5)c3)Cc3c[nH]c4ccccc34)cc2N1
CHEMBL209503,8.37,CHEMBL4282,4.3,Oc1nc2ccc(N[C@H](COc3cncc(-c4ccc5nc(O)sc5c4)c3)Cc3c[nH]c4ccccc34)cc2s1
CHEMBL209281,8.13,CHEMBL4282,7.4,Oc1nc2ccc(N[C@H](COc3cncc(-c4ccc5nc(O)oc5c4)c3)Cc3c[nH]c4ccccc34)cc2o1
CHEMBL263512,4.68,CHEMBL4282,20700.0,N#CCn1c(O)nc2cc(N[C@H](COc3cncc(-c4ccc5c(c4)nc(O)n5CC#N)c3)Cc3c[nH]c4ccccc34)ccc21
CHEMBL379342,6.39,CHEMBL4282,405.0,N#CCn1c(O)nc2ccc(N[C@H](COc3cncc(-c4ccc5nc(O)n(CC#N)c5c4)c3)Cc3c[nH]c4ccccc34)cc21
CHEMBL209231,6.83,CHEMBL4282,147.0,Oc1nc2cc(N[C@H](COc3cncc(-c4ccc5[nH]c(O)nc5c4)c3)Cc3c[nH]c4ccccc34)ccc2[nH]1
CHEMBL376959,8.19,CHEMBL4282,6.5,O=Nc1c(O)[nH]c2ccc(N[C@H](COc3cncc(-c4ccc5[nH]c(O)c(N=O)c5c4)c3)Cc3c[nH]c4ccccc34)cc12
CHEMBL377687,6.75,CHEMBL4282,179.0,O=C1Nc2ccc(N[C@H](COc3cncc(-c4ccc5c(c4)C(=O)C(=O)N5)c3)Cc3c[nH]c4ccccc34)cc2C1=O
CHEMBL211434,7.0,CHEMBL4282,99.0,O=C1Cc2ccc(N[C@H](COc3cncc(-c4ccc5c(n4)NC(=O)C5)c3)Cc3c[nH]c4ccccc34)nc2N1
CHEMBL212566,8.49,CHEMBL4282,3.2,O=C1Cc2cc(N[C@H](COc3cncc(-c4ccc5c(c4)CC(=O)N5)c3)Cc3c[nH]c4ccccc34)ccc2N1
CHEMBL438439,5.36,CHEMBL4282,4400.0,O=C1Cc2ccc(N[C@H](COc3cncc(-c4ccc5c(c4)NC(=O)C5)c3)Cc3c[nH]c4ccccc34)cc2N1
CHEMBL211281,8.27,CHEMBL4282,5.4,c1ccc2c(C[C@@H](COc3cncc(-c4cc5ccncc5s4)c3)Nc3cc4ccncc4s3)c[nH]c2c1
CHEMBL207217,7.39,CHEMBL4282,41.0,c1ccc2c(C[C@@H](COc3cncc(-c4ccc5nonc5c4)c3)Nc3ccc4nonc4c3)c[nH]c2c1
CHEMBL212157,6.2,CHEMBL4282,626.0,Cc1n[nH]c2ccc(-c3cncc(OC[C@H](N)Cc4ccccc4)c3)cc12
CHEMBL378759,6.61,CHEMBL4282,244.0,Cc1n[nH]c2ccc(-c3cncc(SC[C@@H](N)Cc4c[nH]c5ccccc45)c3)cc12
CHEMBL207338,8.08,CHEMBL4282,8.3,Cc1n[nH]c2ccc(-c3cncc(NC[C@@H](N)Cc4ccccc4)c3)cc12
CHEMBL211186,7.15,CHEMBL4282,70.6,Cc1n[nH]c2ccc(-c3cncc(OC[C@@H](N)CCCc4ccccc4)c3)cc12
CHEMBL212098,6.71,CHEMBL4282,197.0,Cc1n[nH]c2ccc(-c3cncc(OCCC[C@@H](N)Cc4ccccc4)c3)cc12
CHEMBL211084,6.54,CHEMBL4282,289.0,Cc1n[nH]c2ccc(-c3cncc(OCC[C@@H](N)Cc4ccccc4)c3)cc12
CHEMBL378870,6.63,CHEMBL4282,233.0,Cc1n[nH]c2ccc(-c3cncc(OC[C@@H](N)c4ccccc4)c3)cc12
CHEMBL212259,6.43,CHEMBL4282,368.0,Cc1n[nH]c2ccc(-c3cncc(OC[C@@H](N)CC4CCCCC4)c3)cc12
CHEMBL208612,5.48,CHEMBL4282,3282.0,Cc1n[nH]c2ccc(-c3cncc(OC[C@@H](N)Cc4ccncc4)c3)cc12
CHEMBL379218,7.96,CHEMBL4282,11.0,Cc1n[nH]c2ccc(-c3cncc(OC[C@@H](N)Cc4ccccc4)c3)cc12
CHEMBL379868,6.73,CHEMBL4282,185.0,Cc1n[nH]c2ccc(-c3cncc(OC[C@@H](N)Cc4cnc5ccccc5c4)c3)cc12
CHEMBL210403,8.96,CHEMBL4282,1.1,COc1ccc2ccccc2c1C[C@H](N)COc1cncc(-c2ccc3[nH]nc(C)c3c2)c1
CHEMBL210349,8.08,CHEMBL4282,8.3,Cc1n[nH]c2ccc(-c3cncc(OC[C@@H](N)Cc4cccc5ccccc45)c3)cc12
CHEMBL210740,8.49,CHEMBL4282,3.2,Cc1n[nH]c2ccc(-c3cncc(OC[C@@H](N)Cc4ccc5ccccc5c4)c3)cc12
CHEMBL263510,8.18,CHEMBL4282,6.6,Cc1n[nH]c2ccc(-c3cncc(OC[C@@H](N)Cc4csc5ccccc45)c3)cc12
CHEMBL208790,8.68,CHEMBL4282,2.1,Cc1[nH]c2ccccc2c1C[C@H](N)COc1cncc(-c2ccc3[nH]nc(C)c3c2)c1
CHEMBL379300,9.8,CHEMBL4282,0.16,Cc1n[nH]c2ccc(-c3cncc(OC[C@@H](N)Cc4c[nH]c5ccccc45)c3)cc12
CHEMBL209638,6.17,CHEMBL4282,672.0,N[C@H](COc1cncc(-c2ccc3cnccc3c2)c1)CC1CCCCC1
CHEMBL207373,6.33,CHEMBL4282,465.0,N[C@H](COc1cncc(-c2ccc3cnccc3c2)c1)c1ccccc1
CHEMBL209358,5.82,CHEMBL4282,1525.0,N[C@H](COc1cncc(-c2ccc3cnccc3c2)c1)Cc1ccncc1
CHEMBL210020,7.05,CHEMBL4282,89.6,N[C@H](COc1cncc(-c2ccc3cnccc3c2)c1)Cc1ccccc1
CHEMBL437122,7.07,CHEMBL4282,85.0,N[C@H](COc1cncc(-c2ccc3cnccc3c2)c1)Cc1cnc2ccccc2c1
CHEMBL211018,8.46,CHEMBL4282,3.5,N[C@H](COc1cncc(-c2ccc3cnccc3c2)c1)Cc1ccc2ccccc2c1
CHEMBL211865,7.2,CHEMBL4282,63.7,N[C@H](COc1cncc(-c2ccc3cnccc3c2)c1)Cc1csc2ccccc12
CHEMBL211827,8.17,CHEMBL4282,6.8,N[C@H](COc1cncc(-c2ccc3cnccc3c2)c1)Cc1n[nH]c2ccccc12
CHEMBL208606,7.26,CHEMBL4282,54.6,Cn1cc(C[C@H](N)COc2cncc(-c3ccc4cnccc4c3)c2)c2ccccc21
CHEMBL383264,8.7,CHEMBL4282,2.0,N[C@H](COc1cncc(-c2ccc3cnccc3c2)c1)Cc1c[nH]c2ccccc12
CHEMBL388978,7.96,CHEMBL4282,11.0,CN[C@@H]1C[C@H]2O[C@@](C)([C@@H]1OC)n1c3ccccc3c3c4c(c5c6ccccc6n2c5c31)C(=O)NC4
CHEMBL213618,8.22,CHEMBL4282,6.0,CNc1nccc(-c2ccc(C(=O)N[C@H](CN)Cc3ccc(Cl)cc3Cl)s2)n1
CHEMBL373882,4.0,CHEMBL4282,100000.0,CNc1ncnc(-c2cccnc2Oc2ccc(F)c(C(=O)Nc3cc(C(F)(F)F)ccc3N(C)CCCN(C)C)c2)n1
CHEMBL223367,5.5,CHEMBL4282,3.15,N#Cc1ncc2nc1OCCCCCOc1cc(CCCO)c(Cl)cc1NC(=O)N2
CHEMBL373598,5.97,CHEMBL4282,1.07,N#Cc1ncc2nc1OCCCCCOc1cc(OCCCO)c(Cl)cc1NC(=O)N2
CHEMBL223360,4.3,CHEMBL4282,50000.0,Cc1ccc(F)c(NC(=O)Nc2ccc(-c3cccc4[nH]nc(N)c34)cc2)c1
CHEMBL374805,8.82,CHEMBL4282,1.5,N[C@H](COc1cncc(-c2ccc3[nH]ncc3c2)c1)Cc1c[nH]c2ccccc12
CHEMBL226383,8.08,CHEMBL4282,8.3,N[C@H](COc1cncc(-c2cc3c(-c4ccccc4)n[nH]c3cn2)c1)Cc1ccccc1
CHEMBL375486,6.64,CHEMBL4282,228.0,Cn1cccc1-c1n[nH]c2cnc(-c3cncc(OC[C@@H](N)Cc4ccccc4)c3)cc12
CHEMBL375485,8.21,CHEMBL4282,6.1,N[C@H](COc1cncc(-c2cc3c(-c4ccco4)n[nH]c3cn2)c1)Cc1ccccc1
CHEMBL226382,7.89,CHEMBL4282,13.0,C=Cc1n[nH]c2cnc(-c3cncc(OC[C@@H](N)Cc4ccccc4)c3)cc12
CHEMBL226381,6.98,CHEMBL4282,104.0,Cc1n[nH]c2c[n+]([O-])c(-c3cncc(OC[C@@H](N)Cc4ccccc4)c3)cc12
CHEMBL226332,7.23,CHEMBL4282,59.0,N[C@H](COc1cncc(-c2cc3c(Cl)n[nH]c3cn2)c1)Cc1ccccc1
CHEMBL376570,7.6,CHEMBL4282,25.0,Cc1n[nH]c2cnc(-c3cncc(OC[C@@H](N)Cc4ccccc4)c3)cc12
CHEMBL226331,6.65,CHEMBL4282,223.0,N[C@H](COc1cncc(-c2cc3cn[nH]c3cn2)c1)Cc1ccccc1
CHEMBL376569,9.47,CHEMBL4282,0.34,Cc1n[nH]c2cnc(-c3cncc(OC[C@@H](N)Cc4c[nH]c5ccccc45)c3)cc12
CHEMBL226330,9.22,CHEMBL4282,0.6,N[C@H](COc1cncc(-c2cc3cn[nH]c3cn2)c1)Cc1c[nH]c2ccccc12
CHEMBL225789,8.15,CHEMBL4282,7.1,Nc1cc2[nH]nc(Cl)c2cc1-c1cncc(OC[C@@H](N)Cc2c[nH]c3ccccc23)c1
CHEMBL388729,7.29,CHEMBL4282,51.0,Nc1cc2[nH]ncc2cc1-c1cncc(OC[C@@H](N)Cc2c[nH]c3ccccc23)c1
CHEMBL225788,6.02,CHEMBL4282,953.0,N[C@H](COc1cncc(-c2cc3cn[nH]c3cc2[N+](=O)[O-])c1)Cc1c[nH]c2ccccc12
CHEMBL374808,8.74,CHEMBL4282,1.8,N[C@H](COc1cncc(-c2ccc3[nH]nc(C(F)(F)F)c3c2)c1)Cc1c[nH]c2ccccc12
CHEMBL226148,9.0,CHEMBL4282,1.0,N[C@H](COc1cncc(-c2ccc3[nH]nc(Cl)c3c2)c1)Cc1c[nH]c2ccccc12
CHEMBL242237,4.82,CHEMBL4282,15.0,NC(=O)c1ccccc1Nc1ccnc(Nc2cccc(O)c2)n1
CHEMBL379218,7.85,CHEMBL4282,14.0,Cc1n[nH]c2ccc(-c3cncc(OC[C@@H](N)Cc4ccccc4)c3)cc12
CHEMBL226798,7.33,CHEMBL4282,47.0,Cc1n[nH]c2ccc(-c3cncc(OC[C@@H](N)Cc4cccc(OCCN)c4)c3)cc12
CHEMBL226797,7.11,CHEMBL4282,78.0,Cc1n[nH]c2ccc(-c3cncc(OC[C@@H](N)Cc4cccc(OCC5CCN(C)CC5)c4)c3)cc12
CHEMBL226796,5.87,CHEMBL4282,1360.0,Cc1n[nH]c2ccc(-c3cncc(OC[C@@H](N)Cc4cccc(OCC5CCCCC5)c4)c3)cc12
CHEMBL226745,8.17,CHEMBL4282,6.8,Cc1n[nH]c2ccc(-c3cncc(OC[C@@H](N)Cc4cccc(OCC5CCNCC5)c4)c3)cc12
CHEMBL388310,6.54,CHEMBL4282,290.0,Cc1n[nH]c2ccc(-c3cncc(OC[C@@H](N)Cc4cccc(OCCC5CCNCC5)c4)c3)cc12
CHEMBL415220,6.12,CHEMBL4282,751.0,Cc1n[nH]c2ccc(-c3cncc(OC[C@@H](N)Cc4cccc(OCCN5CCOCC5)c4)c3)cc12
CHEMBL226744,7.89,CHEMBL4282,13.0,Cc1n[nH]c2ccc(-c3cncc(OC[C@@H](N)Cc4ccc5c(c4)OC(F)(F)C(F)(F)O5)c3)cc12
CHEMBL227326,7.85,CHEMBL4282,14.0,Cc1n[nH]c2ccc(-c3cncc(OC[C@@H](N)Cc4cccc5c4OC(F)(F)O5)c3)cc12
CHEMBL227325,7.38,CHEMBL4282,42.0,Cc1n[nH]c2ccc(-c3cncc(OC[C@@H](N)Cc4ccc5c(c4)OCO5)c3)cc12
CHEMBL389468,6.9,CHEMBL4282,126.0,Cc1n[nH]c2ccc(-c3cncc(OC[C@@H](N)Cc4cccc(-c5ccccc5)c4)c3)cc12
CHEMBL227324,7.69,CHEMBL4282,20.3,Cc1n[nH]c2ccc(-c3cncc(OC[C@@H](N)Cc4ccc(OC(F)(F)F)cc4)c3)cc12
CHEMBL227271,8.48,CHEMBL4282,3.3,Cc1n[nH]c2ccc(-c3cncc(OC[C@@H](N)Cc4cccc(OC(F)(F)F)c4)c3)cc12
CHEMBL226529,7.82,CHEMBL4282,15.3,Cc1n[nH]c2ccc(-c3cncc(OC[C@@H](N)Cc4ccccc4OC(F)(F)F)c3)cc12
CHEMBL227323,7.92,CHEMBL4282,12.1,Cc1n[nH]c2ccc(-c3cncc(OC[C@@H](N)Cc4ccc(C(F)(F)F)cc4F)c3)cc12
CHEMBL375717,8.51,CHEMBL4282,3.1,Cc1n[nH]c2ccc(-c3cncc(OC[C@@H](N)Cc4ccc(C(F)(F)F)c(F)c4)c3)cc12
CHEMBL227322,8.92,CHEMBL4282,1.2,Cc1n[nH]c2ccc(-c3cncc(OC[C@@H](N)Cc4cc(C(F)(F)F)ccc4F)c3)cc12
CHEMBL375716,7.88,CHEMBL4282,13.3,Cc1n[nH]c2ccc(-c3cncc(OC[C@@H](N)Cc4cc(F)cc(C(F)(F)F)c4)c3)cc12
CHEMBL226627,8.74,CHEMBL4282,1.8,Cc1n[nH]c2ccc(-c3cncc(OC[C@@H](N)Cc4ccc(F)c(C(F)(F)F)c4)c3)cc12
CHEMBL226626,7.24,CHEMBL4282,57.0,Cc1n[nH]c2ccc(-c3cncc(OC[C@@H](N)Cc4cc(C(F)(F)F)cc(C(F)(F)F)c4)c3)cc12
CHEMBL389438,7.75,CHEMBL4282,18.0,Cc1n[nH]c2ccc(-c3cncc(OC[C@@H](N)Cc4ccc(C(F)(F)F)cc4)c3)cc12
CHEMBL226625,8.92,CHEMBL4282,1.2,Cc1n[nH]c2ccc(-c3cncc(OC[C@@H](N)Cc4cccc(C(F)(F)F)c4)c3)cc12
CHEMBL226577,8.11,CHEMBL4282,7.7,COc1ccc(F)cc1C[C@H](N)COc1cncc(-c2ccc3[nH]nc(C)c3c2)c1
CHEMBL227051,7.41,CHEMBL4282,39.0,Cc1cc(C)c(C[C@H](N)COc2cncc(-c3ccc4[nH]nc(C)c4c3)c2)c(C)c1
CHEMBL227050,8.62,CHEMBL4282,2.4,Cc1ccc(C[C@H](N)COc2cncc(-c3ccc4[nH]nc(C)c4c3)c2)cc1F
CHEMBL376394,8.22,CHEMBL4282,6.0,Cc1cc(F)ccc1C[C@H](N)COc1cncc(-c2ccc3[nH]nc(C)c3c2)c1
CHEMBL427426,7.96,CHEMBL4282,11.0,Cc1cc(C[C@H](N)COc2cncc(-c3ccc4[nH]nc(C)c4c3)c2)ccc1F
CHEMBL226996,8.6,CHEMBL4282,2.5,Cc1cc(C[C@H](N)COc2cncc(-c3ccc4[nH]nc(C)c4c3)c2)ccc1Br
CHEMBL227368,8.41,CHEMBL4282,3.9,Cc1ccc(F)cc1C[C@H](N)COc1cncc(-c2ccc3[nH]nc(C)c3c2)c1
CHEMBL376792,7.31,CHEMBL4282,49.0,Cc1n[nH]c2ccc(-c3cncc(OC[C@@H](N)Cc4c(F)cc(F)cc4Br)c3)cc12
CHEMBL227367,8.89,CHEMBL4282,1.3,Cc1n[nH]c2ccc(-c3cncc(OC[C@@H](N)Cc4ccc(Br)c(F)c4)c3)cc12
CHEMBL227366,8.0,CHEMBL4282,10.0,Cc1n[nH]c2ccc(-c3cncc(OC[C@@H](N)Cc4ccc(Br)cc4F)c3)cc12
CHEMBL376118,7.68,CHEMBL4282,20.7,Cc1n[nH]c2ccc(-c3cncc(OC[C@@H](N)Cc4cc(Cl)cc(Cl)c4)c3)cc12
CHEMBL229968,8.74,CHEMBL4282,1.8,Cc1n[nH]c2ccc(-c3cncc(OC[C@@H](N)Cc4ccc(Cl)c(Cl)c4)c3)cc12
CHEMBL229918,8.25,CHEMBL4282,5.6,Cc1n[nH]c2ccc(-c3cncc(OC[C@@H](N)Cc4cccc(Cl)c4Cl)c3)cc12
CHEMBL229917,8.44,CHEMBL4282,3.6,Cc1n[nH]c2ccc(-c3cncc(OC[C@@H](N)Cc4ccc(Cl)c(F)c4)c3)cc12
CHEMBL375919,8.51,CHEMBL4282,3.1,Cc1n[nH]c2ccc(-c3cncc(OC[C@@H](N)Cc4ccc(F)c(Cl)c4)c3)cc12
CHEMBL229320,9.05,CHEMBL4282,0.9,Cc1n[nH]c2ccc(-c3cncc(OC[C@@H](N)Cc4cccc(I)c4)c3)cc12
CHEMBL229855,8.3,CHEMBL4282,5.0,Cc1n[nH]c2ccc(-c3cncc(OC[C@@H](N)Cc4ccc(Br)cc4)c3)cc12
CHEMBL390372,8.68,CHEMBL4282,2.1,Cc1n[nH]c2ccc(-c3cncc(OC[C@@H](N)Cc4cccc(Br)c4)c3)cc12
CHEMBL229854,7.64,CHEMBL4282,23.0,Cc1n[nH]c2ccc(-c3cncc(OC[C@@H](N)Cc4ccccc4Br)c3)cc12
CHEMBL229800,7.96,CHEMBL4282,11.0,Cc1n[nH]c2ccc(-c3cncc(OC[C@@H](N)Cc4ccc(Cl)cc4)c3)cc12
CHEMBL229799,8.23,CHEMBL4282,5.9,Cc1n[nH]c2ccc(-c3cncc(OC[C@@H](N)Cc4cccc(Cl)c4)c3)cc12
CHEMBL390371,7.54,CHEMBL4282,29.0,Cc1n[nH]c2ccc(-c3cncc(OC[C@@H](N)Cc4ccccc4Cl)c3)cc12
CHEMBL388809,7.51,CHEMBL4282,31.0,Cc1n[nH]c2ccc(-c3cncc(OC[C@@H](N)Cc4c(F)cc(F)cc4F)c3)cc12
CHEMBL229798,7.92,CHEMBL4282,12.0,Cc1n[nH]c2ccc(-c3cncc(OC[C@@H](N)Cc4ccc(F)c(F)c4F)c3)cc12
CHEMBL229748,7.18,CHEMBL4282,65.5,Cc1n[nH]c2ccc(-c3cncc(OC[C@@H](N)Cc4c(F)cccc4F)c3)cc12
CHEMBL229315,7.68,CHEMBL4282,21.0,Cc1n[nH]c2ccc(-c3cncc(OC[C@@H](N)Cc4ccc(F)cc4F)c3)cc12
CHEMBL438483,8.07,CHEMBL4282,8.5,Cc1n[nH]c2ccc(-c3cncc(OC[C@@H](N)Cc4cccc(F)c4F)c3)cc12
CHEMBL229314,8.08,CHEMBL4282,8.4,Cc1n[nH]c2ccc(-c3cncc(OC[C@@H](N)Cc4cccc(F)c4)c3)cc12
CHEMBL379300,9.8,CHEMBL4282,0.16,Cc1n[nH]c2ccc(-c3cncc(OC[C@@H](N)Cc4c[nH]c5ccccc45)c3)cc12
CHEMBL226849,8.85,CHEMBL4282,1.4,N[C@H](COc1cncc(-c2ccc3c(c2)/C(=C\c2ccco2)C(=O)N3)c1)Cc1ccccc1
CHEMBL388311,7.8,CHEMBL4282,16.0,N[C@H](COc1cncc(-c2ccc3c(c2)/C(=C/c2ccc[nH]2)C(=O)N3)c1)Cc1ccccc1
CHEMBL226848,5.58,CHEMBL4282,2650.0,N[C@H](COc1cncc(-c2ccc3c(c2)CC(=O)N3)c1)Cc1ccccc1
CHEMBL226850,8.14,CHEMBL4282,7.2,N[C@H](COc1cncc(-c2cc3cn[nH]c3cn2)c1)Cc1cccc(C(F)(F)F)c1
CHEMBL427422,8.3,CHEMBL4282,5.0,Cc1n[nH]c2cnc(-c3cncc(OC[C@@H](N)Cc4cccc(F)c4F)c3)cc12
CHEMBL226898,9.22,CHEMBL4282,0.6,Cc1n[nH]c2cnc(-c3cncc(OC[C@@H](N)Cc4cccc(C(F)(F)F)c4)c3)cc12
CHEMBL388312,8.54,CHEMBL4282,2.9,N[C@H](COc1cncc(-c2cc3c(Cl)n[nH]c3cn2)c1)Cc1cccc(C(F)(F)F)c1
CHEMBL395080,6.06,CHEMBL4282,0.88,COc1cc(-c2ccc3c(c2)Nc2ccc(CC(=O)Nc4ccc(N5CCOCC5)cc4)cc2NC3=O)ccc1N
CHEMBL86755,5.64,CHEMBL4282,2.3,O=C1Nc2ccccc2/C1=C/c1ccc[nH]1
CHEMBL86755,5.52,CHEMBL4282,3.0,O=C1Nc2ccccc2/C1=C/c1ccc[nH]1
CHEMBL228654,7.0,CHEMBL4282,100.0,C/C(=C1/C(=O)Nc2ccc(NC(N)=O)cc21)c1ccc[nH]1
CHEMBL398606,4.57,CHEMBL4282,26.89,CC(C)NCc1ccc(Nc2cc(-c3ccc(-c4ccc(O)cc4O)cc3)[nH]n2)cc1
CHEMBL246537,4.05,CHEMBL4282,89.0,CC(=O)N[C@@H](CCCNC(=N)N)C(=O)Nc1ccc(C(=O)N[C@H](C(=O)N[C@@H](Cc2ccccc2)C(=O)NCCc2cccc3ccccc23)C(C)C)cc1
CHEMBL246327,4.29,CHEMBL4282,51.0,CC(=O)N[C@@H](CCCNC(=N)N)C(=O)Nc1ccc(C(=O)N[C@H](C(=O)N[C@@H](Cc2ccccc2)C(=O)NCCc2ccc3ccccc3c2)C(C)C)cc1
CHEMBL396644,4.1,CHEMBL4282,79.0,CC(=O)NCC(=O)N[C@@H](CCCNC(=N)N)C(=O)N1CCC[C@H]1C(=O)N[C@@H](C)C(=O)Nc1ccc(C(=O)N[C@H](C(=O)N[C@@H](Cc2ccccc2)C(=O)NCc2ccccc2)C(C)C)cc1
CHEMBL396643,4.39,CHEMBL4282,41.0,CC(=O)NCC(=O)N[C@@H](C)C(=O)N1CCC[C@H]1C(=O)N[C@@H](CCCNC(=N)N)C(=O)Nc1ccc(C(=O)N[C@H](C(=O)N[C@@H](Cc2ccccc2)C(=O)NCc2ccccc2)C(C)C)cc1
CHEMBL397075,4.02,CHEMBL4282,96.0,CCCCCc1ccc(CNC(=O)[C@H](Cc2ccccc2)NC(=O)[C@@H](NC(=O)c2ccc(NC(=O)[C@H](CCCNC(=N)N)NC(=O)[C@@H]3CCCN3C(=O)[C@H](CCCNC(=N)N)NC(=O)CNC(C)=O)cc2)C(C)C)cc1
CHEMBL437188,4.03,CHEMBL4282,94.0,CC(=O)NCC(=O)N[C@@H](CCCNC(=N)N)C(=O)N1CCC[C@H]1C(=O)N[C@@H](CCCNC(=N)N)C(=O)Nc1ccc(C(=O)N[C@H](C(=O)N[C@@H](Cc2ccccc2)C(=O)NCCN2CCC(Cc3ccccc3)CC2)C(C)C)cc1
CHEMBL269433,4.21,CHEMBL4282,62.0,CC(=O)NCC(=O)N[C@@H](CCCNC(=N)N)C(=O)N1CCC[C@H]1C(=O)N[C@@H](CCCNC(=N)N)C(=O)Nc1ccc(C(=O)N[C@H](C(=O)N[C@@H](Cc2ccccc2)C(=O)NCCc2cccc3ccccc23)C(C)C)cc1
CHEMBL396589,4.28,CHEMBL4282,52.0,CCCCCCNC(=O)[C@H](Cc1ccccc1)NC(=O)[C@@H](NC(=O)c1ccc(NC(=O)[C@H](CCCNC(=N)N)NC(=O)[C@@H]2CCCN2C(=O)[C@H](CCCNC(=N)N)NC(=O)CNC(C)=O)cc1)C(C)C
CHEMBL245965,4.44,CHEMBL4282,36.0,CC(=O)NCC(=O)N[C@@H](CCCNC(=N)N)C(=O)N1CCC[C@H]1C(=O)N[C@@H](CCCNC(=N)N)C(=O)Nc1ccc(C(=O)N[C@H](C(=O)N[C@@H](Cc2ccccc2)C(=O)NCCc2ccc3ccccc3c2)C(C)C)cc1
CHEMBL245565,4.55,CHEMBL4282,28.0,CC(=O)NCC(=O)N[C@@H](CCCNC(=N)N)C(=O)N1CCC[C@H]1C(=O)N[C@@H](CCCNC(=N)N)C(=O)Nc1ccc(C(=O)N[C@H](C(=O)N[C@@H](Cc2ccccc2)C(=O)NCc2ccccc2)C(C)C)cc1
CHEMBL393645,4.11,CHEMBL4282,77.0,CC(C)[C@H](NC(=O)c1ccc(NC(=N)N)cc1)C(=O)N[C@@H](Cc1ccccc1)C(=O)NCc1ccccc1
CHEMBL395685,4.85,CHEMBL4282,14.0,CC(C)[C@H](NC(=O)c1ccc(N(CC(=O)NCc2ccccc2)C(=O)CCCCNC(=N)N)cc1)C(=O)N[C@@H](Cc1ccccc1)C(=O)NCc1ccccc1
CHEMBL391132,4.24,CHEMBL4282,58.0,CC(C)[C@H](NC(=O)c1ccc(N(CC(=O)NC(C)(C)C)C(=O)CCCCNC(=N)N)cc1)C(=O)N[C@@H](Cc1ccccc1)C(=O)NCc1ccccc1
CHEMBL247619,7.39,CHEMBL4282,41.0,CNC(=O)Nc1ccc(CNc2c(C(=O)Nc3ccc4c(c3)OC(F)(F)C(F)(F)O4)cnn2C)cn1
CHEMBL247250,7.62,CHEMBL4282,24.0,CNC(=O)Nc1ccc(CNc2ncsc2C(=O)Nc2ccc3c(c2)OC(F)(F)O3)cn1
CHEMBL247798,7.09,CHEMBL4282,81.0,CCNC(=O)Nc1ccc(CNc2ncsc2C(=O)Nc2ccc3c(c2)OC(F)(F)O3)cn1
CHEMBL247797,7.82,CHEMBL4282,15.0,CNC(=O)Nc1ccc(CNc2c(C(=O)Nc3ccc(SC(F)(F)F)cc3)cnn2C)cn1
CHEMBL248757,5.43,CHEMBL4282,3.698,N#Cc1ncc2nc1OCCCCOc1cc(NCc3cncs3)c(Cl)cc1NC(=O)N2
CHEMBL276130,6.65,CHEMBL4282,226.0,CSc1ncc2cc(-c3ccccc3)c(-c3ccc(CNCCC(N)=O)cc3)nc2n1
CHEMBL252456,7.82,CHEMBL4282,15.0,CSc1ncc2cc(-c3ccccc3)c(-c3ccc(CNCCC(=O)c4ccccc4N)cc3)nc2n1
CHEMBL252455,7.34,CHEMBL4282,46.0,CSc1ncc2cc(-c3ccccc3)c(-c3ccc(CNCCc4nnc(N)s4)cc3)nc2n1
CHEMBL252261,7.2,CHEMBL4282,63.0,CSc1ncc2cc(-c3ccccc3)c(-c3ccc(CNCCc4n[nH]c(-c5ccccc5)n4)cc3)nc2n1
CHEMBL403355,6.79,CHEMBL4282,162.0,CSc1ncc2cc(-c3ccccc3)c(-c3ccc(CNCCc4n[nH]c(C)n4)cc3)nc2n1
CHEMBL252260,5.82,CHEMBL4282,1521.0,CSc1ncc2cc(-c3ccccc3)c(-c3ccc(CN(C)CCc4cn[nH]c4)cc3)nc2n1
CHEMBL252259,6.86,CHEMBL4282,137.0,CSc1ncc2cc(-c3ccccc3)c(-c3ccc(CNCCCn4ccnc4)cc3)nc2n1
CHEMBL403354,7.05,CHEMBL4282,90.0,CSc1ncc2cc(-c3ccccc3)c(-c3ccc(CNCCc4cccnc4)cc3)nc2n1
CHEMBL252056,6.7,CHEMBL4282,198.0,CSc1ncc2cc(-c3ccccc3)c(-c3ccc(CNCCc4nccs4)cc3)nc2n1
CHEMBL252055,6.86,CHEMBL4282,139.0,CSc1ncc2cc(-c3ccccc3)c(-c3ccc(CNCCc4nc[nH]n4)cc3)nc2n1
CHEMBL252054,7.0,CHEMBL4282,99.0,CSc1ncc2cc(-c3ccccc3)c(-c3ccc(CNCCc4c[nH]cn4)cc3)nc2n1
CHEMBL251860,6.12,CHEMBL4282,765.0,CSc1ncc2cc(-c3ccccc3)c(-c3ccc(CNCCCN4CCN(C)CC4)cc3)nc2n1
CHEMBL254099,8.42,CHEMBL4282,3.8,CSc1ncc2cc(-c3ccccc3)c(-c3ccc(CN4CCC(c5nnc(-c6ccccn6)[nH]5)CC4)cc3)nc2n1
CHEMBL404554,8.35,CHEMBL4282,4.5,CSc1ncc2cc(-c3ccccc3)c(-c3ccc(CN4CCC(c5cc(-c6ccncc6)[nH]n5)CC4)cc3)nc2n1
CHEMBL404553,7.19,CHEMBL4282,64.0,CSc1ncc2cc(-c3ccccc3)c(-c3ccc(CN4CCC(c5nc(-c6cccnc6)no5)CC4)cc3)nc2n1
CHEMBL252856,8.01,CHEMBL4282,9.7,CSc1ncc2cc(-c3ccccc3)c(-c3ccc(CN4CCC(C(=O)Nc5ccncc5)CC4)cc3)nc2n1
CHEMBL403356,8.07,CHEMBL4282,8.5,CSc1ncc2cc(-c3ccccc3)c(-c3ccc(CN4CCC(c5nnc(N)s5)CC4)cc3)nc2n1
CHEMBL252654,6.54,CHEMBL4282,286.0,CSc1ncc2cc(-c3ccccc3)c(-c3ccc(CN4CCC(NC(=O)CNC(C)=O)CC4)cc3)nc2n1
CHEMBL252653,7.04,CHEMBL4282,91.0,CSc1ncc2cc(-c3ccccc3)c(-c3ccc(CN4CCC(C(=O)NCCC(N)=O)CC4)cc3)nc2n1
CHEMBL252652,7.09,CHEMBL4282,81.0,CCNC(=O)NC1CCN(Cc2ccc(-c3nc4nc(SC)ncc4cc3-c3ccccc3)cc2)CC1
CHEMBL252457,7.54,CHEMBL4282,29.0,CSc1ncc2cc(-c3ccccc3)c(-c3ccc(CN4CCC(C(N)=O)CC4)cc3)nc2n1
CHEMBL252457,6.25,CHEMBL4282,560.0,CSc1ncc2cc(-c3ccccc3)c(-c3ccc(CN4CCC(C(N)=O)CC4)cc3)nc2n1
CHEMBL252857,8.22,CHEMBL4282,6.0,CNc1ncc2cc(-c3ccccc3)c(-c3ccc(CN4CCC(c5nnc(-c6ccccn6)[nH]5)CC4)cc3)nc2n1
CHEMBL404556,8.21,CHEMBL4282,6.2,NC(=O)c1ncc2cc(-c3ccccc3)c(-c3ccc(CN4CCC(c5nnc(-c6ccccn6)[nH]5)CC4)cc3)nc2n1
CHEMBL404555,7.62,CHEMBL4282,24.0,N#Cc1ncc2cc(-c3ccccc3)c(-c3ccc(CN4CCC(c5nnc(-c6ccccn6)[nH]5)CC4)cc3)nc2n1
CHEMBL404347,7.63,CHEMBL4282,23.6,COc1ncc2cc(-c3ccccc3)c(-c3ccc(CN4CCC(c5nnc(-c6ccccn6)[nH]5)CC4)cc3)nc2n1
CHEMBL252857,7.69,CHEMBL4282,20.3,CNc1ncc2cc(-c3ccccc3)c(-c3ccc(CN4CCC(c5nnc(-c6ccccn6)[nH]5)CC4)cc3)nc2n1
CHEMBL404556,7.02,CHEMBL4282,96.4,NC(=O)c1ncc2cc(-c3ccccc3)c(-c3ccc(CN4CCC(c5nnc(-c6ccccn6)[nH]5)CC4)cc3)nc2n1
CHEMBL404555,7.0,CHEMBL4282,100.0,N#Cc1ncc2cc(-c3ccccc3)c(-c3ccc(CN4CCC(c5nnc(-c6ccccn6)[nH]5)CC4)cc3)nc2n1
CHEMBL404347,7.37,CHEMBL4282,42.6,COc1ncc2cc(-c3ccccc3)c(-c3ccc(CN4CCC(c5nnc(-c6ccccn6)[nH]5)CC4)cc3)nc2n1
CHEMBL254099,8.03,CHEMBL4282,9.3,CSc1ncc2cc(-c3ccccc3)c(-c3ccc(CN4CCC(c5nnc(-c6ccccn6)[nH]5)CC4)cc3)nc2n1
CHEMBL404554,7.07,CHEMBL4282,85.0,CSc1ncc2cc(-c3ccccc3)c(-c3ccc(CN4CCC(c5cc(-c6ccncc6)[nH]n5)CC4)cc3)nc2n1
CHEMBL252856,6.88,CHEMBL4282,133.0,CSc1ncc2cc(-c3ccccc3)c(-c3ccc(CN4CCC(C(=O)Nc5ccncc5)CC4)cc3)nc2n1
CHEMBL403356,7.1,CHEMBL4282,79.0,CSc1ncc2cc(-c3ccccc3)c(-c3ccc(CN4CCC(c5nnc(N)s5)CC4)cc3)nc2n1
CHEMBL252652,6.1,CHEMBL4282,795.0,CCNC(=O)NC1CCN(Cc2ccc(-c3nc4nc(SC)ncc4cc3-c3ccccc3)cc2)CC1
CHEMBL253457,7.75,CHEMBL4282,18.0,Nc1ncnc2nc(-c3ccc(CN4CCC(c5nc6ccc(F)cc6[nH]5)CC4)cc3)c(-c3ccccc3)cc12
CHEMBL253458,7.85,CHEMBL4282,14.0,Nc1ncnc2nc(-c3ccc(CN4CCC(n5ncc6c(N)ncnc65)CC4)cc3)c(-c3ccccc3)cc12
CHEMBL253457,6.56,CHEMBL4282,277.0,Nc1ncnc2nc(-c3ccc(CN4CCC(c5nc6ccc(F)cc6[nH]5)CC4)cc3)c(-c3ccccc3)cc12
CHEMBL253458,6.53,CHEMBL4282,295.0,Nc1ncnc2nc(-c3ccc(CN4CCC(n5ncc6c(N)ncnc65)CC4)cc3)c(-c3ccccc3)cc12
CHEMBL253693,8.4,CHEMBL4282,4.0,CSc1ncc2cc(-c3ccccc3)c(-c3ccc(CN4CCC(n5ncc6c(N)ncnc65)CC4)cc3)nc2n1
CHEMBL253693,7.22,CHEMBL4282,60.0,CSc1ncc2cc(-c3ccccc3)c(-c3ccc(CN4CCC(n5ncc6c(N)ncnc65)CC4)cc3)nc2n1
CHEMBL272292,6.62,CHEMBL4282,240.0,O=C(O)c1ccc2nc(-c3ccc(CN4CCC(n5c(=O)[nH]c6ccccc65)CC4)cc3)c(-c3ccccc3)nc2c1
CHEMBL258696,6.86,CHEMBL4282,138.0,CCN(CC)CCNC(=O)c1ccc2nc(-c3ccccc3)c(-c3ccc(CN4CCC(n5c(=O)[nH]c6ccccc65)CC4)cc3)nc2c1
CHEMBL270444,6.34,CHEMBL4282,458.0,CCN(CC)CCNC(=O)c1ccc2nc(-c3ccc(CN4CCC(n5c(=O)[nH]c6ccccc65)CC4)cc3)c(-c3ccccc3)nc2c1
CHEMBL408151,7.7,CHEMBL4282,20.0,O=c1[nH]c2ccccc2n1C1CCN(Cc2ccc(-c3nc4cc(-c5nn[nH]n5)ccc4nc3-c3ccccc3)cc2)CC1
CHEMBL271091,7.2,CHEMBL4282,63.0,O=c1[nH]c2ccccc2n1C1CCN(Cc2ccc(-c3nc4ccc(-c5nn[nH]n5)cc4nc3-c3ccccc3)cc2)CC1
CHEMBL273160,6.78,CHEMBL4282,166.0,O=C(O)c1ccc2nc(-c3ccccc3)c(-c3ccc(CN4CCC(n5c(=O)[nH]c6ccccc65)CC4)cc3)nc2c1
CHEMBL270444,6.43,CHEMBL4282,368.0,CCN(CC)CCNC(=O)c1ccc2nc(-c3ccc(CN4CCC(n5c(=O)[nH]c6ccccc65)CC4)cc3)c(-c3ccccc3)nc2c1
CHEMBL258696,6.6,CHEMBL4282,253.0,CCN(CC)CCNC(=O)c1ccc2nc(-c3ccccc3)c(-c3ccc(CN4CCC(n5c(=O)[nH]c6ccccc65)CC4)cc3)nc2c1
CHEMBL258844,7.24,CHEMBL4282,58.0,O=c1[nH]c2ccccc2n1C1CCN(Cc2ccc(-c3nc4cc5[nH]cnc5cc4nc3-c3ccccc3)cc2)CC1
CHEMBL258844,6.52,CHEMBL4282,305.0,O=c1[nH]c2ccccc2n1C1CCN(Cc2ccc(-c3nc4cc5[nH]cnc5cc4nc3-c3ccccc3)cc2)CC1
CHEMBL272265,7.03,CHEMBL4282,94.0,N#CCc1ccc(-n2cnc3cnc4ccc(C#Cc5cccnc5)cc4c32)cc1
CHEMBL255592,7.48,CHEMBL4282,33.0,Cn1c(=O)n(-c2ccc(C(C)(C)C#N)cc2)c2c3cc(C#Cc4cccnc4)ccc3ncc21
CHEMBL270638,7.35,CHEMBL4282,45.0,Cc1nc2cnc3ccc(C#Cc4cccnc4)cc3c2n1-c1ccc(C(C)C#N)cc1
CHEMBL404024,6.86,CHEMBL4282,139.0,CC(C#N)c1ccc(-n2cnc3cnc4ccc(C#Cc5cccnc5)cc4c32)cc1
CHEMBL270640,6.86,CHEMBL4282,138.0,CCc1nc2cnc3ccc(C#Cc4cccnc4)cc3c2n1-c1ccc(CC#N)cc1
CHEMBL270639,7.11,CHEMBL4282,77.0,Cc1nc2cnc3ccc(C#Cc4cccnc4)cc3c2n1-c1ccc(CC#N)cc1
CHEMBL362455,5.47,CHEMBL4282,3400.0,CC(C)(N)c1ccc(-c2nc3ccccc3nc2-c2ccccc2)cc1
CHEMBL253458,7.85,CHEMBL4282,14.0,Nc1ncnc2nc(-c3ccc(CN4CCC(n5ncc6c(N)ncnc65)CC4)cc3)c(-c3ccccc3)cc12
CHEMBL255835,7.68,CHEMBL4282,21.0,Nc1ncnc2nc(-c3ccc(CN4CCC(c5cc(-c6ccncc6)[nH]n5)CC4)cc3)c(-c3ccccc3)cc12
CHEMBL253457,7.75,CHEMBL4282,18.0,Nc1ncnc2nc(-c3ccc(CN4CCC(c5nc6ccc(F)cc6[nH]5)CC4)cc3)c(-c3ccccc3)cc12
CHEMBL402579,7.16,CHEMBL4282,69.0,Cc1nc2ccccc2n1C1CCN(Cc2ccc(-c3nc4ncnc(N)c4cc3-c3ccccc3)cc2)CC1
CHEMBL255360,6.89,CHEMBL4282,129.0,Nc1ncnc2nc(-c3ccc(CN4CCC(n5cnc6c(N)ncnc65)CC4)cc3)c(-c3ccccc3)cc12
CHEMBL402199,7.09,CHEMBL4282,81.0,Nc1ncnc2nc(-c3ccc(CN4CCC(n5c(=O)[nH]c6ccccc65)CC4)cc3)c(-c3ccccc3)cc12
CHEMBL401999,6.97,CHEMBL4282,107.0,Nc1nc(N)c2cc(-c3ccccc3)c(-c3ccc(CN4CCC(n5c(=O)[nH]c6ccccc65)CC4)cc3)nc2n1
CHEMBL270815,6.61,CHEMBL4282,244.0,Nc1nc(O)nc2nc(-c3ccc(CN4CCC(n5c(=O)[nH]c6ccccc65)CC4)cc3)c(-c3ccccc3)cc12
CHEMBL255348,7.68,CHEMBL4282,21.0,Nc1nn(CCc2c[nH]cn2)c2nc(-c3ccc(CN4CCC(n5c(=O)[nH]c6ccccc65)CC4)cc3)c(-c3ccccc3)cc12
CHEMBL255559,6.88,CHEMBL4282,131.0,Nc1nn(CCO)c2nc(-c3ccc(CN4CCC(n5c(=O)[nH]c6ccccc65)CC4)cc3)c(-c3ccccc3)cc12
CHEMBL401622,6.92,CHEMBL4282,121.0,Cn1nc(N)c2cc(-c3ccccc3)c(-c3ccc(CN4CCC(n5c(=O)[nH]c6ccccc65)CC4)cc3)nc21
CHEMBL270157,7.07,CHEMBL4282,86.0,Nc1n[nH]c2nc(-c3ccc(CN4CCC(n5c(=O)[nH]c6ccccc65)CC4)cc3)c(-c3ccccc3)cc12
CHEMBL402355,5.26,CHEMBL4282,5548.0,COc1nc(-c2ccc(CN3CCC(n4c(=O)[nH]c5ccccc54)CC3)cc2)c(-c2ccccc2)cc1C#N
CHEMBL257441,5.07,CHEMBL4282,8457.0,CN(C)c1nc(-c2ccc(CN3CCC(n4c(=O)[nH]c5ccccc54)CC3)cc2)c(-c2ccccc2)cc1C#N
CHEMBL255772,5.65,CHEMBL4282,2249.0,CNc1nc(-c2ccc(CN3CCC(n4c(=O)[nH]c5ccccc54)CC3)cc2)c(-c2ccccc2)cc1C#N
CHEMBL429576,6.3,CHEMBL4282,495.0,N#Cc1cc(-c2ccccc2)c(-c2ccc(CN3CCC(n4c(=O)[nH]c5ccccc54)CC3)cc2)nc1N
CHEMBL270388,6.6,CHEMBL4282,253.0,N#Cc1cc(-c2ccccc2)c(-c2ccc(CN3CCC(n4c(=O)[nH]c5ccccc54)CC3)cc2)nc1Cl
CHEMBL258844,7.24,CHEMBL4282,58.0,O=c1[nH]c2ccccc2n1C1CCN(Cc2ccc(-c3nc4cc5[nH]cnc5cc4nc3-c3ccccc3)cc2)CC1
CHEMBL402199,5.74,CHEMBL4282,1834.0,Nc1ncnc2nc(-c3ccc(CN4CCC(n5c(=O)[nH]c6ccccc65)CC4)cc3)c(-c3ccccc3)cc12
CHEMBL253458,6.53,CHEMBL4282,295.0,Nc1ncnc2nc(-c3ccc(CN4CCC(n5ncc6c(N)ncnc65)CC4)cc3)c(-c3ccccc3)cc12
CHEMBL255835,6.33,CHEMBL4282,463.0,Nc1ncnc2nc(-c3ccc(CN4CCC(c5cc(-c6ccncc6)[nH]n5)CC4)cc3)c(-c3ccccc3)cc12
CHEMBL253457,6.56,CHEMBL4282,277.0,Nc1ncnc2nc(-c3ccc(CN4CCC(c5nc6ccc(F)cc6[nH]5)CC4)cc3)c(-c3ccccc3)cc12
CHEMBL402579,6.66,CHEMBL4282,221.0,Cc1nc2ccccc2n1C1CCN(Cc2ccc(-c3nc4ncnc(N)c4cc3-c3ccccc3)cc2)CC1
CHEMBL262623,4.04,CHEMBL4282,92.0,Nc1ncnc2c1N=C(c1ccccc1)CCN2
CHEMBL261204,6.68,CHEMBL4282,210.0,c1ccc(-c2nnc[nH]2)c(Nc2ncnc3[nH]ccc23)c1
CHEMBL258837,8.62,CHEMBL4282,2.4,N#Cc1c[nH]c2ncnc(N3CC4(CCNCC4)c4ccccc43)c12
CHEMBL411276,5.88,CHEMBL4282,1330.0,c1ccc(Cc2c[nH]c3ncnc(N4CC5(CCNCC5)c5ccccc54)c23)cc1
CHEMBL259163,8.32,CHEMBL4282,4.8,Cc1c[nH]c2ncnc(N3CC4(CCNCC4)c4ccccc43)c12
CHEMBL411515,8.24,CHEMBL4282,5.8,Clc1c[nH]c2ncnc(N3CC4(CCNCC4)c4ccccc43)c12
CHEMBL410235,5.5,CHEMBL4282,3190.0,CS(=O)(=O)N1CCC2(CC1)CN(c1ncnc3[nH]ccc13)c1ccc(F)cc12
CHEMBL411718,5.55,CHEMBL4282,2790.0,CC(=O)N1CCC2(CC1)CN(c1ncnc3[nH]ccc13)c1ccc(F)cc12
CHEMBL258838,7.9,CHEMBL4282,12.7,CN1CCC2(CC1)CN(c1ncnc3[nH]ccc13)c1ccccc12
CHEMBL407718,8.51,CHEMBL4282,3.1,Fc1ccc2c(c1)C1(CCNCC1)CN2c1ncnc2[nH]ccc12
CHEMBL449964,8.32,CHEMBL4282,4.8,Clc1ccc2c(c1)C1(CCNCC1)CN2c1ncnc2[nH]ccc12
CHEMBL259265,8.28,CHEMBL4282,5.3,c1ccc2c(c1)N(c1ncnc3[nH]ccc13)CC21CCNCC1
CHEMBL259833,7.38,CHEMBL4282,42.0,Clc1c[nH]c2ncnc(N3CCc4[nH]cnc4C3)c12
CHEMBL407891,6.53,CHEMBL4282,294.0,c1nc(N2CCc3[nH]cnc3C2)c2cc[nH]c2n1
CHEMBL259834,6.77,CHEMBL4282,171.0,Cc1nnc(-c2cc(Cl)ccc2Nc2ncnc3[nH]ccc23)[nH]1
CHEMBL428963,6.82,CHEMBL4282,151.0,Cc1nnc(-c2ccccc2Nc2ncnc3[nH]ccc23)[nH]1
CHEMBL260990,6.5,CHEMBL4282,318.0,Clc1c[nH]c2ncnc(Nc3ccccc3-c3nnc[nH]3)c12
CHEMBL409880,6.37,CHEMBL4282,425.0,Cc1c[nH]c2ncnc(Nc3ccccc3-c3nnc[nH]3)c12
CHEMBL259265,7.02,CHEMBL4282,96.0,c1ccc2c(c1)N(c1ncnc3[nH]ccc13)CC21CCNCC1
CHEMBL258837,7.3,CHEMBL4282,50.0,N#Cc1c[nH]c2ncnc(N3CC4(CCNCC4)c4ccccc43)c12
CHEMBL259163,6.91,CHEMBL4282,122.0,Cc1c[nH]c2ncnc(N3CC4(CCNCC4)c4ccccc43)c12
CHEMBL411515,7.19,CHEMBL4282,64.0,Clc1c[nH]c2ncnc(N3CC4(CCNCC4)c4ccccc43)c12
CHEMBL258838,6.87,CHEMBL4282,136.0,CN1CCC2(CC1)CN(c1ncnc3[nH]ccc13)c1ccccc12
CHEMBL407718,7.12,CHEMBL4282,75.0,Fc1ccc2c(c1)C1(CCNCC1)CN2c1ncnc2[nH]ccc12
CHEMBL449964,7.29,CHEMBL4282,51.0,Clc1ccc2c(c1)C1(CCNCC1)CN2c1ncnc2[nH]ccc12
CHEMBL258844,7.24,CHEMBL4282,58.0,O=c1[nH]c2ccccc2n1C1CCN(Cc2ccc(-c3nc4cc5[nH]cnc5cc4nc3-c3ccccc3)cc2)CC1
CHEMBL258844,6.7,CHEMBL4282,200.0,O=c1[nH]c2ccccc2n1C1CCN(Cc2ccc(-c3nc4cc5[nH]cnc5cc4nc3-c3ccccc3)cc2)CC1
CHEMBL262341,8.46,CHEMBL4282,3.5,O=C1N=CC=C2N=C(c3ccc(CN4CCC(c5n[nH]c(-c6ccccn6)n5)CC4)cc3)C(c3ccccc3)=CC12
CHEMBL259753,8.25,CHEMBL4282,5.6,c1ccc(-c2cc3ncccc3nc2-c2ccc(CN3CCC(c4n[nH]c(-c5ccccn5)n4)CC3)cc2)cc1
CHEMBL259967,8.13,CHEMBL4282,7.4,c1ccc(-c2cc3cnccc3nc2-c2ccc(CN3CCC(c4n[nH]c(-c5ccccn5)n4)CC3)cc2)cc1
CHEMBL259968,7.68,CHEMBL4282,21.0,c1ccc(-c2cc3ccncc3nc2-c2ccc(CN3CCC(c4n[nH]c(-c5ccccn5)n4)CC3)cc2)cc1
CHEMBL260670,7.35,CHEMBL4282,45.0,c1ccc(-c2cc3cccnc3nc2-c2ccc(CN3CCC(c4n[nH]c(-c5ccccn5)n4)CC3)cc2)cc1
CHEMBL429703,6.33,CHEMBL4282,470.0,c1ccc(-c2cc(C3CCN(Cc4ccc(-c5nc6ncccc6cc5-c5ccccc5)cc4)CC3)n[nH]2)cc1
CHEMBL260184,7.47,CHEMBL4282,34.0,O=c1ccc(-c2cc(C3CCN(Cc4ccc(-c5nc6ncccc6cc5-c5ccccc5)cc4)CC3)n[nH]2)c[nH]1
CHEMBL259982,7.36,CHEMBL4282,44.0,c1ccc(-c2cc3cccnc3nc2-c2ccc(CN3CCC(c4cc(-c5ccccn5)[nH]n4)CC3)cc2)cc1
CHEMBL407733,6.6,CHEMBL4282,250.0,c1ccc(-c2cc3cccnc3nc2-c2ccc(CN3CCC(c4cc(-c5cccnc5)[nH]n4)CC3)cc2)cc1
CHEMBL261540,6.92,CHEMBL4282,120.0,c1ccc(-c2cc3cccnc3nc2-c2ccc(CN3CCC(c4cc(-c5ccncc5)[nH]n4)CC3)cc2)cc1
CHEMBL261542,7.12,CHEMBL4282,75.0,c1ccc(-c2nc3ccccc3nc2-c2ccc(CN3CCC(c4cc(-c5ccncc5)[nH]n4)CC3)cc2)cc1
CHEMBL260397,6.53,CHEMBL4282,295.0,Oc1nc2ccccc2n1C1CCN(Cc2ccc(-c3nc4ccccc4nc3-c3ccccc3)cc2)CC1
CHEMBL258696,6.86,CHEMBL4282,138.0,CCN(CC)CCNC(=O)c1ccc2nc(-c3ccccc3)c(-c3ccc(CN4CCC(n5c(=O)[nH]c6ccccc65)CC4)cc3)nc2c1
CHEMBL262341,7.8,CHEMBL4282,16.0,O=C1N=CC=C2N=C(c3ccc(CN4CCC(c5n[nH]c(-c6ccccn6)n5)CC4)cc3)C(c3ccccc3)=CC12
CHEMBL259753,7.52,CHEMBL4282,30.0,c1ccc(-c2cc3ncccc3nc2-c2ccc(CN3CCC(c4n[nH]c(-c5ccccn5)n4)CC3)cc2)cc1
CHEMBL259967,7.68,CHEMBL4282,21.0,c1ccc(-c2cc3cnccc3nc2-c2ccc(CN3CCC(c4n[nH]c(-c5ccccn5)n4)CC3)cc2)cc1
CHEMBL259968,7.51,CHEMBL4282,31.0,c1ccc(-c2cc3ccncc3nc2-c2ccc(CN3CCC(c4n[nH]c(-c5ccccn5)n4)CC3)cc2)cc1
CHEMBL260670,7.08,CHEMBL4282,83.0,c1ccc(-c2cc3cccnc3nc2-c2ccc(CN3CCC(c4n[nH]c(-c5ccccn5)n4)CC3)cc2)cc1
CHEMBL260184,6.88,CHEMBL4282,132.0,O=c1ccc(-c2cc(C3CCN(Cc4ccc(-c5nc6ncccc6cc5-c5ccccc5)cc4)CC3)n[nH]2)c[nH]1
CHEMBL259982,6.83,CHEMBL4282,149.0,c1ccc(-c2cc3cccnc3nc2-c2ccc(CN3CCC(c4cc(-c5ccccn5)[nH]n4)CC3)cc2)cc1
CHEMBL261540,6.43,CHEMBL4282,369.0,c1ccc(-c2cc3cccnc3nc2-c2ccc(CN3CCC(c4cc(-c5ccncc5)[nH]n4)CC3)cc2)cc1
CHEMBL258696,6.28,CHEMBL4282,527.0,CCN(CC)CCNC(=O)c1ccc2nc(-c3ccccc3)c(-c3ccc(CN4CCC(n5c(=O)[nH]c6ccccc65)CC4)cc3)nc2c1
CHEMBL521851,7.34,CHEMBL4282,0.046,CS(=O)(=O)N1CCN(Cc2cc3nc(-c4cccc5[nH]ncc45)nc(N4CCOCC4)c3s2)CC1
CHEMBL521851,7.43,CHEMBL4282,0.037,CS(=O)(=O)N1CCN(Cc2cc3nc(-c4cccc5[nH]ncc45)nc(N4CCOCC4)c3s2)CC1
CHEMBL521851,7.55,CHEMBL4282,0.028,CS(=O)(=O)N1CCN(Cc2cc3nc(-c4cccc5[nH]ncc45)nc(N4CCOCC4)c3s2)CC1
CHEMBL459729,4.32,CHEMBL4282,48.39,Cc1cc(C2CCN(CCCF)CC2)cc2[nH]c(-c3c(NCCn4cc(Cl)cn4)cc[nH]c3=O)nc12
CHEMBL493911,7.1,CHEMBL4282,0.079,CCn1c(-c2nonc2N)nc2cncc(OC3CCNCC3)c21
CHEMBL522351,8.52,CHEMBL4282,0.003,CCn1c(-c2nonc2N)nc2c(C#CC(C)(C)O)ncc(OCCCNC[C@H](O)CO)c21
CHEMBL494060,8.3,CHEMBL4282,0.005,CCn1c(-c2nonc2N)nc2c(C#CC(C)(C)O)ncc(OCCCNCCc3ccc(OC)cc3)c21
CHEMBL521642,8.52,CHEMBL4282,0.003,CCn1c(-c2nonc2N)nc2c(C#CC(C)(C)O)ncc(OC[C@@H]3CCCNC3)c21
CHEMBL494089,8.7,CHEMBL4282,0.002,CCn1c(-c2nonc2N)nc2c(C#CC(C)(C)O)ncc(OC[C@H]3CCCNC3)c21
CHEMBL1794066,8.1,CHEMBL4282,0.008,CCn1c(-c2nonc2N)nc2c(C#CC(C)(C)O)ncc(OC3CCNCC3)c21.O=C(O)C(F)(F)F
CHEMBL494088,8.1,CHEMBL4282,0.008,CCn1c(-c2nonc2N)nc2c(C#CC(C)(C)O)ncc(OCC3CCNC3)c21
CHEMBL523859,8.52,CHEMBL4282,0.003,CCn1c(-c2nonc2N)nc2c(C#CC(C)(C)O)ncc(OCC[C@@H](N)Cc3ccccc3)c21
CHEMBL453510,8.7,CHEMBL4282,0.002,CCn1c(-c2nonc2N)nc2c(C#CC(C)(C)O)ncc(OCCN)c21
CHEMBL1794065,8.0,CHEMBL4282,0.01,CCn1c(-c2nonc2N)nc2c(C#CC(C)(C)O)ncc(OCC3CCNCC3)c21.O=C(O)C(F)(F)F
CHEMBL493269,8.05,CHEMBL4282,0.009,CCn1c(-c2nonc2N)nc2c(C#CC(C)(C)O)ncc(OCCCCN)c21
CHEMBL1794064,6.1,CHEMBL4282,0.794,CCn1c(-c2nonc2N)nc2c(C#CCN)ncc(OCCCN)c21.O=C(O)C(F)(F)F
CHEMBL493875,7.3,CHEMBL4282,0.05,CCn1c(-c2nonc2N)nc2c(C#CCCO)ncc(OCCCN)c21
CHEMBL523523,8.7,CHEMBL4282,0.002,CCn1c(-c2nonc2N)nc2c(C#CCO)ncc(OCCCN)c21
CHEMBL493874,8.22,CHEMBL4282,0.006,CCn1c(-c2nonc2N)nc2c(C#CC(C)(C)O)ncc(OCCCN)c21
CHEMBL494882,7.1,CHEMBL4282,0.079,CCn1c(-c2nonc2N)nc2c(C#CC3CC3)ncc(OCCCN)c21
CHEMBL450487,5.5,CHEMBL4282,3.16,CCn1c(-c2nonc2N)nc2c(-c3cn[nH]c3)ncc(OCCCN)c21
CHEMBL523057,7.5,CHEMBL4282,0.032,CCn1c(-c2nonc2N)nc2c(-c3cc[nH]c3)ncc(OCCCN)c21
CHEMBL445180,7.1,CHEMBL4282,0.079,CCn1c(-c2nonc2N)nc2c(-c3ccoc3)ncc(OCCCN)c21
CHEMBL493251,7.5,CHEMBL4282,0.032,CCn1c(-c2nonc2N)nc2c(-c3ccc[nH]3)ncc(OCCCN)c21
CHEMBL493250,6.48,CHEMBL4282,0.331,CCn1c(-c2nonc2N)nc2c(-c3ccccc3)ncc(OCCCN)c21
CHEMBL188434,6.7,CHEMBL4282,0.2,CCn1c(-c2nonc2N)nc2cncc(CNC3CCNCC3)c21
CHEMBL494662,6.25,CHEMBL4282,0.562,CCn1c(-c2nonc2N)nc2cncc(C(=O)NC3CCNCC3)c21
CHEMBL521823,7.25,CHEMBL4282,0.056,CCn1c(-c2nonc2N)nc2cncc(OCC3CCNCC3)c21
CHEMBL493067,6.2,CHEMBL4282,0.631,CCn1c(-c2nonc2N)nc2cncc(C(=O)NC3CCCNC3)c21
CHEMBL493066,6.3,CHEMBL4282,0.501,CCn1c(-c2nonc2N)nc2cncc(C(=O)N3CCNCC3)c21
CHEMBL523695,6.48,CHEMBL4282,0.331,CCn1c(-c2nonc2N)nc2cncc(C(=O)N3CC[C@@H](N)C3)c21
CHEMBL506153,6.9,CHEMBL4282,0.126,CCn1c(-c2nonc2N)nc2cncc(C(=O)NCCNC)c21
CHEMBL493875,5.21,CHEMBL4282,6.2,CCn1c(-c2nonc2N)nc2c(C#CCCO)ncc(OCCCN)c21
CHEMBL523523,5.95,CHEMBL4282,1.13,CCn1c(-c2nonc2N)nc2c(C#CCO)ncc(OCCCN)c21
CHEMBL493874,5.98,CHEMBL4282,1.05,CCn1c(-c2nonc2N)nc2c(C#CC(C)(C)O)ncc(OCCCN)c21
CHEMBL494882,5.41,CHEMBL4282,3.9,CCn1c(-c2nonc2N)nc2c(C#CC3CC3)ncc(OCCCN)c21
CHEMBL523057,5.56,CHEMBL4282,2.76,CCn1c(-c2nonc2N)nc2c(-c3cc[nH]c3)ncc(OCCCN)c21
CHEMBL493251,5.47,CHEMBL4282,3.38,CCn1c(-c2nonc2N)nc2c(-c3ccc[nH]3)ncc(OCCCN)c21
CHEMBL493269,5.82,CHEMBL4282,1.51,CCn1c(-c2nonc2N)nc2c(C#CC(C)(C)O)ncc(OCCCCN)c21
CHEMBL494060,6.85,CHEMBL4282,0.14,CCn1c(-c2nonc2N)nc2c(C#CC(C)(C)O)ncc(OCCCNCCc3ccc(OC)cc3)c21
CHEMBL521642,6.4,CHEMBL4282,0.4,CCn1c(-c2nonc2N)nc2c(C#CC(C)(C)O)ncc(OC[C@@H]3CCCNC3)c21
CHEMBL494089,6.85,CHEMBL4282,0.14,CCn1c(-c2nonc2N)nc2c(C#CC(C)(C)O)ncc(OC[C@H]3CCCNC3)c21
CHEMBL1794066,6.25,CHEMBL4282,0.56,CCn1c(-c2nonc2N)nc2c(C#CC(C)(C)O)ncc(OC3CCNCC3)c21.O=C(O)C(F)(F)F
CHEMBL494088,6.0,CHEMBL4282,1.01,CCn1c(-c2nonc2N)nc2c(C#CC(C)(C)O)ncc(OCC3CCNC3)c21
CHEMBL523859,7.0,CHEMBL4282,0.1,CCn1c(-c2nonc2N)nc2c(C#CC(C)(C)O)ncc(OCC[C@@H](N)Cc3ccccc3)c21
CHEMBL453510,6.64,CHEMBL4282,0.23,CCn1c(-c2nonc2N)nc2c(C#CC(C)(C)O)ncc(OCCN)c21
CHEMBL1794065,5.68,CHEMBL4282,2.1,CCn1c(-c2nonc2N)nc2c(C#CC(C)(C)O)ncc(OCC3CCNCC3)c21.O=C(O)C(F)(F)F
CHEMBL494089,9.0,CHEMBL4282,1.0,CCn1c(-c2nonc2N)nc2c(C#CC(C)(C)O)ncc(OC[C@H]3CCCNC3)c21
CHEMBL504547,4.99,CHEMBL4282,10.2,O=C1NC(=O)c2ccc(I)cc2/C1=C/NCc1ccc(-c2ccoc2)c(O)c1
CHEMBL471034,8.22,CHEMBL4282,6.0,NCC(NC(=O)c1ccc(-c2ccnc3[nH]ccc23)s1)c1ccccc1
CHEMBL470192,7.8,CHEMBL4282,16.0,NCC(NC(=O)c1ccc(-c2c[nH]c3ncccc23)s1)c1ccccc1
CHEMBL512672,7.4,CHEMBL4282,40.0,NCC(NC(=O)c1cc(-c2ccnc3[nH]ccc23)cs1)c1ccccc1
CHEMBL512305,7.6,CHEMBL4282,25.0,NCC(NC(=O)c1cc(-c2c[nH]c3ncccc23)cs1)c1ccccc1
CHEMBL469560,7.0,CHEMBL4282,100.0,NCC(NCc1ccc(-c2ccnc3[nH]ccc23)s1)c1ccccc1
CHEMBL469561,6.6,CHEMBL4282,250.0,NCC(CNc1ccc(-c2ccnc3[nH]ccc23)s1)c1ccccc1
CHEMBL512480,8.52,CHEMBL4282,3.0,NCC(C(=O)Nc1ccc(-c2ccnc3[nH]ccc23)s1)c1ccccc1
CHEMBL472291,7.6,CHEMBL4282,25.0,NCC(C(=O)Nc1cc(Br)c(-c2ccnc3[nH]ccc23)s1)c1ccccc1
CHEMBL512135,8.1,CHEMBL4282,8.0,NCC(NC(=O)c1cc(Br)c(-c2ccnc3[nH]ccc23)s1)c1ccccc1
CHEMBL512135,7.7,CHEMBL4282,20.0,NCC(NC(=O)c1cc(Br)c(-c2ccnc3[nH]ccc23)s1)c1ccccc1
CHEMBL469781,8.1,CHEMBL4282,8.0,Cc1cc(C(=O)NC(CN)c2ccccc2)sc1-c1ccnc2[nH]ccc12
CHEMBL512858,8.22,CHEMBL4282,6.0,NCC(NC(=O)c1cc(C2CC2)c(-c2ccnc3[nH]ccc23)s1)c1ccccc1
CHEMBL470200,7.3,CHEMBL4282,50.0,NCC(NC(=O)c1cc(-c2ccccc2)c(-c2ccnc3[nH]ccc23)s1)c1ccccc1
CHEMBL469357,7.2,CHEMBL4282,63.0,NCC(NC(=O)c1cc(-c2cccnc2)c(-c2ccnc3[nH]ccc23)s1)c1ccccc1
CHEMBL470202,7.2,CHEMBL4282,63.0,NCC(NC(=O)c1cc(-c2cn[nH]c2)c(-c2ccnc3[nH]ccc23)s1)c1ccccc1
CHEMBL470409,6.8,CHEMBL4282,158.0,NCCNC(=O)c1cc(Br)c(-c2ccnc3[nH]ccc23)s1
CHEMBL512148,7.4,CHEMBL4282,40.0,NC(CNC(=O)c1cc(Br)c(-c2ccnc3[nH]ccc23)s1)c1ccccc1
CHEMBL470410,8.52,CHEMBL4282,3.0,CNCC(NC(=O)c1cc(Br)c(-c2ccnc3[nH]ccc23)s1)c1ccccc1
CHEMBL470620,7.7,CHEMBL4282,20.0,CN(C)CC(NC(=O)c1cc(Br)c(-c2ccnc3[nH]ccc23)s1)c1ccccc1
CHEMBL469802,8.1,CHEMBL4282,8.0,NCCC(NC(=O)c1cc(Br)c(-c2ccnc3[nH]ccc23)s1)c1ccccc1
CHEMBL513019,7.7,CHEMBL4282,20.0,NCCCC(NC(=O)c1cc(Br)c(-c2ccnc3[nH]ccc23)s1)c1ccccc1
CHEMBL469590,9.0,CHEMBL4282,1.0,NCC(Cc1ccccc1)NC(=O)c1cc(Br)c(-c2ccnc3[nH]ccc23)s1
CHEMBL469590,10.4,CHEMBL4282,0.04,NCC(Cc1ccccc1)NC(=O)c1cc(Br)c(-c2ccnc3[nH]ccc23)s1
CHEMBL469591,8.7,CHEMBL4282,2.0,CNCC(Cc1ccccc1)NC(=O)c1cc(Br)c(-c2ccnc3[nH]ccc23)s1
CHEMBL471059,8.4,CHEMBL4282,4.0,CCNCC(Cc1ccccc1)NC(=O)c1cc(Br)c(-c2ccnc3[nH]ccc23)s1
CHEMBL470596,8.0,CHEMBL4282,10.0,CC(C)NCC(Cc1ccccc1)NC(=O)c1cc(Br)c(-c2ccnc3[nH]ccc23)s1
CHEMBL513728,7.5,CHEMBL4282,32.0,NC[C@@H](Cc1ccccc1)NC(=O)c1cc(Br)c(-c2ccnc3[nH]ccc23)s1
CHEMBL470597,9.0,CHEMBL4282,1.0,NC[C@H](Cc1ccccc1)NC(=O)c1cc(Br)c(-c2ccnc3[nH]ccc23)s1
CHEMBL470598,9.0,CHEMBL4282,1.0,NC[C@H](CC1CCCCC1)NC(=O)c1cc(Br)c(-c2ccnc3[nH]ccc23)s1
CHEMBL498051,8.7,CHEMBL4282,2.0,NC[C@H](Cc1ccncc1)NC(=O)c1cc(Br)c(-c2ccnc3[nH]ccc23)s1
CHEMBL524998,8.52,CHEMBL4282,3.0,COc1ccc(C[C@@H](CN)NC(=O)c2cc(Br)c(-c3ccnc4[nH]ccc34)s2)cc1
CHEMBL498052,9.0,CHEMBL4282,1.0,NC[C@H](Cc1ccccc1F)NC(=O)c1cc(Br)c(-c2ccnc3[nH]ccc23)s1
CHEMBL523586,9.0,CHEMBL4282,1.0,NC[C@H](Cc1cccc(F)c1)NC(=O)c1cc(Br)c(-c2ccnc3[nH]ccc23)s1
CHEMBL496690,9.0,CHEMBL4282,1.0,NC[C@H](Cc1ccc(F)cc1)NC(=O)c1cc(Br)c(-c2ccnc3[nH]ccc23)s1
CHEMBL520788,8.52,CHEMBL4282,3.0,NC[C@H](Cc1ccccc1C(F)(F)F)NC(=O)c1cc(Br)c(-c2ccnc3[nH]ccc23)s1
CHEMBL482536,9.0,CHEMBL4282,1.0,NC[C@H](Cc1cccc(C(F)(F)F)c1)NC(=O)c1cc(Br)c(-c2ccnc3[nH]ccc23)s1
CHEMBL482537,8.7,CHEMBL4282,2.0,NC[C@H](Cc1ccc(C(F)(F)F)cc1)NC(=O)c1cc(Br)c(-c2ccnc3[nH]ccc23)s1
CHEMBL513728,7.7,CHEMBL4282,20.0,NC[C@@H](Cc1ccccc1)NC(=O)c1cc(Br)c(-c2ccnc3[nH]ccc23)s1
CHEMBL470597,10.22,CHEMBL4282,0.06,NC[C@H](Cc1ccccc1)NC(=O)c1cc(Br)c(-c2ccnc3[nH]ccc23)s1
CHEMBL470598,9.1,CHEMBL4282,0.79,NC[C@H](CC1CCCCC1)NC(=O)c1cc(Br)c(-c2ccnc3[nH]ccc23)s1
CHEMBL524998,8.3,CHEMBL4282,5.0,COc1ccc(C[C@@H](CN)NC(=O)c2cc(Br)c(-c3ccnc4[nH]ccc34)s2)cc1
CHEMBL523586,10.52,CHEMBL4282,0.03,NC[C@H](Cc1cccc(F)c1)NC(=O)c1cc(Br)c(-c2ccnc3[nH]ccc23)s1
CHEMBL496690,10.22,CHEMBL4282,0.06,NC[C@H](Cc1ccc(F)cc1)NC(=O)c1cc(Br)c(-c2ccnc3[nH]ccc23)s1
CHEMBL520788,10.3,CHEMBL4282,0.05,NC[C@H](Cc1ccccc1C(F)(F)F)NC(=O)c1cc(Br)c(-c2ccnc3[nH]ccc23)s1
CHEMBL482536,10.0,CHEMBL4282,0.1,NC[C@H](Cc1cccc(C(F)(F)F)c1)NC(=O)c1cc(Br)c(-c2ccnc3[nH]ccc23)s1
CHEMBL482537,8.7,CHEMBL4282,2.0,NC[C@H](Cc1ccc(C(F)(F)F)cc1)NC(=O)c1cc(Br)c(-c2ccnc3[nH]ccc23)s1
CHEMBL2216825,4.52,CHEMBL4282,30.4,C[C@H]1O[C@@H]2CC(=O)O[C@@H]2C2=C1C(=O)c1c(ccc([C@H]3C[C@@H](N(C)C)[C@H](O)[C@@H](C)O3)c1O)C2=O
CHEMBL2216825,4.42,CHEMBL4282,38.5,C[C@H]1O[C@@H]2CC(=O)O[C@@H]2C2=C1C(=O)c1c(ccc([C@H]3C[C@@H](N(C)C)[C@H](O)[C@@H](C)O3)c1O)C2=O
CHEMBL475840,5.84,CHEMBL4282,1.44,CC1(C)O[C@@H]2CC(=O)O[C@@H]2C2=C1C(=O)c1ccccc1C2=O
CHEMBL514989,6.07,CHEMBL4282,0.85,Nc1ccc([C@@H]2O[C@@H]3CC(=O)O[C@@H]3C3=C2C(=O)c2ccccc2C3=O)cc1
CHEMBL525077,6.42,CHEMBL4282,0.383,CCC[C@@H]1O[C@@H]2CC(=O)O[C@@H]2C2=C1C(=O)c1ccccc1C2=O
CHEMBL474000,6.46,CHEMBL4282,0.35,O=C1C[C@H]2O[C@@H](c3cccc(O)c3)C3=C(C(=O)c4ccccc4C3=O)[C@H]2O1
CHEMBL504537,6.53,CHEMBL4282,0.295,O=C1C[C@H]2OC3(CCCC3)C3=C(C(=O)c4ccccc4C3=O)[C@H]2O1
CHEMBL475826,6.79,CHEMBL4282,0.163,CCC[C@H]1O[C@@H]2CC(=O)O[C@@H]2C2=C1C(=O)c1ccccc1C2=O
CHEMBL522996,6.82,CHEMBL4282,0.15,C[C@H]1O[C@@H]2CC(=O)O[C@@H]2C2=C1C(=O)c1ccccc1C2=O
CHEMBL521638,6.91,CHEMBL4282,0.122,O=C1C[C@H]2O[C@H](c3ccsc3)C3=C(C(=O)c4ccccc4C3=O)[C@H]2O1
CHEMBL521638,7.0,CHEMBL4282,0.099,O=C1C[C@H]2O[C@H](c3ccsc3)C3=C(C(=O)c4ccccc4C3=O)[C@H]2O1
CHEMBL493360,7.1,CHEMBL4282,0.08,O=C1C[C@H]2O[C@@H](c3ccc(O)cc3)C3=C(C(=O)c4ccccc4C3=O)[C@H]2O1
CHEMBL493359,7.14,CHEMBL4282,0.072,O=C1C[C@H]2O[C@H](COCc3ccccc3)C3=C(C(=O)c4ccccc4C3=O)[C@H]2O1
CHEMBL475401,7.24,CHEMBL4282,0.057,O=C1C[C@H]2O[C@H](c3cccs3)C3=C(C(=O)c4ccccc4C3=O)[C@H]2O1
CHEMBL475400,7.36,CHEMBL4282,0.044,O=C1C[C@H]2OCC3=C(C(=O)c4ccccc4C3=O)[C@H]2O1
CHEMBL444165,6.37,CHEMBL4282,0.424,CCC[C@H]1O[C@H](CC(=O)O)CC2=C1C(=O)c1c(O)cccc1C2=O
CHEMBL474391,6.3,CHEMBL4282,0.497,CCC[C@H]1O[C@@H]2CC(=O)O[C@@H]2C2=C1C(=O)c1c(OC)cccc1C2=O
CHEMBL474390,6.7,CHEMBL4282,0.198,CCC[C@H]1O[C@@H]2CC(=O)O[C@@H]2C2=C1C(=O)c1c(O)cccc1C2=O
CHEMBL1908343,6.5,CHEMBL4282,0.313,CC1OC2OC(=O)OC2C2=C1C(=O)c1c(O)cccc1C2=O
CHEMBL2216825,6.83,CHEMBL4282,0.149,C[C@H]1O[C@@H]2CC(=O)O[C@@H]2C2=C1C(=O)c1c(ccc([C@H]3C[C@@H](N(C)C)[C@H](O)[C@@H](C)O3)c1O)C2=O
CHEMBL486813,4.71,CHEMBL4282,19.7,CC1OC(=O)c2cc(O)c(O)c(O)c21
CHEMBL486813,4.52,CHEMBL4282,30.4,CC1OC(=O)c2cc(O)c(O)c(O)c21
CHEMBL446134,8.46,CHEMBL4282,3.5,O=C1NCCc2nc(-c3ccc(CN4CCC(c5nnc(-c6ccccn6)[nH]5)CC4)cc3)c(-c3ccccc3)cc21
CHEMBL446134,7.8,CHEMBL4282,16.0,O=C1NCCc2nc(-c3ccc(CN4CCC(c5nnc(-c6ccccn6)[nH]5)CC4)cc3)c(-c3ccccc3)cc21
CHEMBL447558,6.94,CHEMBL4282,115.0,Nc1ccc(-c2nnc(C3CCN(Cc4ccc(-c5nc6nc(N7CCN(CCO)CC7)ccc6nc5-c5ccccc5)cc4)CC3)[nH]2)cn1
CHEMBL499961,7.16,CHEMBL4282,70.0,CN1CCN(c2ccc3nc(-c4ccccc4)c(-c4ccc(CN5CCC(c6nnc(-c7ccc(N)nc7)[nH]6)CC5)cc4)nc3n2)CC1
CHEMBL506827,6.98,CHEMBL4282,104.0,CN(C)CCN1CCN(c2ccc3nc(-c4ccccc4)c(-c4ccc(CN5CCC(c6nnc(-c7ncccn7)[nH]6)CC5)cc4)nc3n2)CC1
CHEMBL501612,7.14,CHEMBL4282,72.0,OCCN1CCN(c2ccc3nc(-c4ccccc4)c(-c4ccc(CN5CCC(c6nnc(-c7ncccn7)[nH]6)CC5)cc4)nc3n2)CC1
CHEMBL508098,7.28,CHEMBL4282,52.0,CN1CCN(c2ccc3nc(-c4ccccc4)c(-c4ccc(CN5CCC(c6nnc(-c7ncccn7)[nH]6)CC5)cc4)nc3n2)CC1
CHEMBL499554,8.0,CHEMBL4282,10.0,CN(C)CCN1CCN(c2ccc3nc(-c4ccccc4)c(-c4ccc(CN5CCC(c6nnc(-c7ccccn7)[nH]6)CC5)cc4)nc3n2)CC1
CHEMBL449989,7.89,CHEMBL4282,13.0,OCCN1CCN(c2ccc3nc(-c4ccccc4)c(-c4ccc(CN5CCC(c6nnc(-c7ccccn7)[nH]6)CC5)cc4)nc3n2)CC1
CHEMBL443620,7.75,CHEMBL4282,18.0,CN1CCN(c2ccc3nc(-c4ccccc4)c(-c4ccc(CN5CCC(c6nnc(-c7ccccn7)[nH]6)CC5)cc4)nc3n2)CC1
CHEMBL455071,7.48,CHEMBL4282,33.0,CN(C)CCN1CCN(c2ncc3cc(-c4ccccc4)c(-c4ccc(CN5CCC(c6nnc(-c7cc[n+]([O-])cc7)[nH]6)CC5)cc4)nc3n2)CC1
CHEMBL449200,7.17,CHEMBL4282,67.0,[O-][n+]1ccc(-c2nnc(C3CCN(Cc4ccc(-c5nc6nc(N7CCN(CCO)CC7)ncc6cc5-c5ccccc5)cc4)CC3)[nH]2)cc1
CHEMBL446966,8.52,CHEMBL4282,3.0,COc1ccc(-c2nnc(C3CCN(Cc4ccc(-c5nc6cc[nH]c(=O)c6cc5-c5ccccc5)cc4)CC3)[nH]2)cn1
CHEMBL444136,8.4,CHEMBL4282,4.0,O=c1[nH]ccc2nc(-c3ccc(CN4CCC(c5nnc(-c6cnccn6)[nH]5)CC4)cc3)c(-c3ccccc3)cc12
CHEMBL502393,8.4,CHEMBL4282,4.0,Nc1ccc(-c2nnc(C3CCN(Cc4ccc(-c5nc6cc[nH]c(=O)c6cc5-c5ccccc5)cc4)CC3)[nH]2)cn1
CHEMBL488428,9.0,CHEMBL4282,1.0,O=c1ccc(-c2nnc(C3CCN(Cc4ccc(-c5nc6cc[nH]c(=O)c6cc5-c5ccccc5)cc4)CC3)[nH]2)c[nH]1
CHEMBL447114,8.15,CHEMBL4282,7.0,O=c1[nH]ccc2nc(-c3ccc(CN4CCC(c5nnc(-c6ncccn6)[nH]5)CC4)cc3)c(-c3ccccc3)cc12
CHEMBL443661,8.4,CHEMBL4282,4.0,CN(C)CCN1CCN(c2ncc3cc(-c4ccccc4)c(-c4ccc(CN5CCC(c6nnc(-c7ccccn7)[nH]6)CC5)cc4)nc3n2)CC1
CHEMBL507204,7.06,CHEMBL4282,88.0,CN1CCN(c2ncc3cc(-c4ccccc4)c(-c4ccc(CN5CCC(c6nnc(-c7cc[n+]([O-])cc7)[nH]6)CC5)cc4)nc3n2)CC1
CHEMBL503652,7.16,CHEMBL4282,69.0,CN(C)CCN1CCN(c2ncc3cc(-c4ccccc4)c(-c4ccc(CN5CCC(c6nnc(-c7ccc(=O)[nH]c7)[nH]6)CC5)cc4)nc3n2)CC1
CHEMBL502113,6.9,CHEMBL4282,127.0,O=c1ccc(-c2nnc(C3CCN(Cc4ccc(-c5nc6nc(N7CCN(CCO)CC7)ncc6cc5-c5ccccc5)cc4)CC3)[nH]2)c[nH]1
CHEMBL450266,7.15,CHEMBL4282,71.0,CN1CCN(c2ncc3cc(-c4ccccc4)c(-c4ccc(CN5CCC(c6nnc(-c7ccc(=O)[nH]c7)[nH]6)CC5)cc4)nc3n2)CC1
CHEMBL503270,7.43,CHEMBL4282,37.0,CN(C)CCN1CCN(c2ncc3cc(-c4ccccc4)c(-c4ccc(CN5CCC(c6nnc(-c7ccc(N)nc7)[nH]6)CC5)cc4)nc3n2)CC1
CHEMBL503810,7.42,CHEMBL4282,38.0,Nc1ccc(-c2nnc(C3CCN(Cc4ccc(-c5nc6nc(N7CCN(CCO)CC7)ncc6cc5-c5ccccc5)cc4)CC3)[nH]2)cn1
CHEMBL445212,7.7,CHEMBL4282,20.0,CN1CCN(c2ncc3cc(-c4ccccc4)c(-c4ccc(CN5CCC(c6nnc(-c7ccc(N)nc7)[nH]6)CC5)cc4)nc3n2)CC1
CHEMBL505848,7.46,CHEMBL4282,35.0,CN(C)CCN1CCN(c2ncc3cc(-c4ccccc4)c(-c4ccc(CN5CCC(c6nnc(-c7ncccn7)[nH]6)CC5)cc4)nc3n2)CC1
CHEMBL455226,7.43,CHEMBL4282,37.0,OCCN1CCN(c2ncc3cc(-c4ccccc4)c(-c4ccc(CN5CCC(c6nnc(-c7ncccn7)[nH]6)CC5)cc4)nc3n2)CC1
CHEMBL453288,7.6,CHEMBL4282,25.0,CN1CCN(c2ncc3cc(-c4ccccc4)c(-c4ccc(CN5CCC(c6nnc(-c7ncccn7)[nH]6)CC5)cc4)nc3n2)CC1
CHEMBL446966,7.4,CHEMBL4282,40.0,COc1ccc(-c2nnc(C3CCN(Cc4ccc(-c5nc6cc[nH]c(=O)c6cc5-c5ccccc5)cc4)CC3)[nH]2)cn1
CHEMBL444136,7.36,CHEMBL4282,44.0,O=c1[nH]ccc2nc(-c3ccc(CN4CCC(c5nnc(-c6cnccn6)[nH]5)CC4)cc3)c(-c3ccccc3)cc12
CHEMBL502393,7.58,CHEMBL4282,26.0,Nc1ccc(-c2nnc(C3CCN(Cc4ccc(-c5nc6cc[nH]c(=O)c6cc5-c5ccccc5)cc4)CC3)[nH]2)cn1
CHEMBL488428,7.21,CHEMBL4282,62.0,O=c1ccc(-c2nnc(C3CCN(Cc4ccc(-c5nc6cc[nH]c(=O)c6cc5-c5ccccc5)cc4)CC3)[nH]2)c[nH]1
CHEMBL447114,7.64,CHEMBL4282,23.0,O=c1[nH]ccc2nc(-c3ccc(CN4CCC(c5nnc(-c6ncccn6)[nH]5)CC4)cc3)c(-c3ccccc3)cc12
CHEMBL443661,8.0,CHEMBL4282,10.0,CN(C)CCN1CCN(c2ncc3cc(-c4ccccc4)c(-c4ccc(CN5CCC(c6nnc(-c7ccccn7)[nH]6)CC5)cc4)nc3n2)CC1
CHEMBL452823,5.85,CHEMBL4282,1408.0,CN1CCN(c2ccc3nc(-c4ccc(CN5CCC(c6nnc(-c7ccccn7)[nH]6)CC5)cc4)c(-c4ccccc4)nc3n2)CC1
CHEMBL228114,4.1,CHEMBL4282,80.0,Cc1n[nH]cc1-c1ccccc1
CHEMBL390066,3.87,CHEMBL4282,135.0,c1ccc(-c2cn[nH]c2)cc1
CHEMBL252857,8.22,CHEMBL4282,6.0,CNc1ncc2cc(-c3ccccc3)c(-c3ccc(CN4CCC(c5nnc(-c6ccccn6)[nH]5)CC4)cc3)nc2n1
CHEMBL252857,7.7,CHEMBL4282,20.0,CNc1ncc2cc(-c3ccccc3)c(-c3ccc(CN4CCC(c5nnc(-c6ccccn6)[nH]5)CC4)cc3)nc2n1
CHEMBL448196,6.13,CHEMBL4282,740.0,CN1CCN(c2cc3cc(-c4ccccc4)c(-c4ccc(CN5CCC(c6nnc(-c7ccccn7)[nH]6)CC5)cc4)nc3cn2)CC1
CHEMBL443633,6.14,CHEMBL4282,720.0,CN1CCN(c2nccc3cc(-c4ccccc4)c(-c4ccc(CN5CCC(c6nnc(-c7ccccn7)[nH]6)CC5)cc4)nc23)CC1
CHEMBL506434,6.54,CHEMBL4282,285.0,CN1CCN(c2nccc3nc(-c4ccc(CN5CCC(c6nnc(-c7ccccn7)[nH]6)CC5)cc4)c(-c4ccccc4)cc23)CC1
CHEMBL448991,7.92,CHEMBL4282,12.0,CN1CC(N2CCN(c3ncc4cc(-c5ccccc5)c(-c5ccc(CN6CCC(c7nnc(-c8ccccn8)[nH]7)CC6)cc5)nc4n3)CC2)C1
CHEMBL443661,8.4,CHEMBL4282,4.0,CN(C)CCN1CCN(c2ncc3cc(-c4ccccc4)c(-c4ccc(CN5CCC(c6nnc(-c7ccccn7)[nH]6)CC5)cc4)nc3n2)CC1
CHEMBL453995,8.05,CHEMBL4282,9.0,OCCN1CCN(c2ncc3cc(-c4ccccc4)c(-c4ccc(CN5CCC(c6nnc(-c7ccccn7)[nH]6)CC5)cc4)nc3n2)CC1
CHEMBL447044,7.72,CHEMBL4282,19.0,c1ccc(-c2cc3cnc(N4CCn5cnnc5C4)nc3nc2-c2ccc(CN3CCC(c4nnc(-c5ccccn5)[nH]4)CC3)cc2)cc1
CHEMBL447168,8.22,CHEMBL4282,6.0,CN(C)CC(=O)N1CCN(c2ncc3cc(-c4ccccc4)c(-c4ccc(CN5CCC(c6nnc(-c7ccccn7)[nH]6)CC5)cc4)nc3n2)CC1
CHEMBL447348,7.75,CHEMBL4282,18.0,CN(C)C(=O)N1CCN(c2ncc3cc(-c4ccccc4)c(-c4ccc(CN5CCC(c6nnc(-c7ccccn7)[nH]6)CC5)cc4)nc3n2)CC1
CHEMBL502426,8.15,CHEMBL4282,7.0,CS(=O)(=O)N1CCN(c2ncc3cc(-c4ccccc4)c(-c4ccc(CN5CCC(c6nnc(-c7ccccn7)[nH]6)CC5)cc4)nc3n2)CC1
CHEMBL453586,8.3,CHEMBL4282,5.0,CC(=O)N1CCN(c2ncc3cc(-c4ccccc4)c(-c4ccc(CN5CCC(c6nnc(-c7ccccn7)[nH]6)CC5)cc4)nc3n2)CC1
CHEMBL448926,8.3,CHEMBL4282,5.0,c1ccc(-c2cc3cnc(-n4ccnc4)nc3nc2-c2ccc(CN3CCC(c4nnc(-c5ccccn5)[nH]4)CC3)cc2)cc1
CHEMBL454859,8.0,CHEMBL4282,10.0,CN(C)C1CCN(c2ncc3cc(-c4ccccc4)c(-c4ccc(CN5CCC(c6nnc(-c7ccccn7)[nH]6)CC5)cc4)nc3n2)CC1
CHEMBL499683,7.6,CHEMBL4282,25.0,O[C@@H]1CN(c2ncc3cc(-c4ccccc4)c(-c4ccc(CN5CCC(c6nnc(-c7ccccn7)[nH]6)CC5)cc4)nc3n2)CCN1
CHEMBL505758,7.1,CHEMBL4282,79.0,CN(C)CCNc1ncc2cc(-c3ccccc3)c(-c3ccc(CN4CCC(c5nnc(-c6ccccn6)[nH]5)CC4)cc3)nc2n1
CHEMBL454210,7.37,CHEMBL4282,43.0,C[C@@H]1CN[C@@H](C)CN1c1ncc2cc(-c3ccccc3)c(-c3ccc(CN4CCC(c5nnc(-c6ccccn6)[nH]5)CC4)cc3)nc2n1
CHEMBL504251,8.05,CHEMBL4282,9.0,CN1CCN(c2ncc3cc(-c4ccccc4)c(-c4ccc(CN5CCC(c6nnc(-c7ccccn7)[nH]6)CC5)cc4)nc3n2)CC1
CHEMBL508754,7.77,CHEMBL4282,17.0,C[C@H]1CN(c2ncc3cc(-c4ccccc4)c(-c4ccc(CN5CCC(c6nnc(-c7ccccn7)[nH]6)CC5)cc4)nc3n2)CCN1
CHEMBL503980,8.1,CHEMBL4282,8.0,C[C@@H]1CN(c2ncc3cc(-c4ccccc4)c(-c4ccc(CN5CCC(c6nnc(-c7ccccn7)[nH]6)CC5)cc4)nc3n2)CCN1
CHEMBL450545,7.35,CHEMBL4282,45.0,C[C@@H]1CN(c2ncc3cc(-c4ccccc4)c(-c4ccc(CN5CCC(c6nnc(-c7ccccn7)[nH]6)CC5)cc4)nc3n2)C[C@H](C)N1
CHEMBL450772,7.42,CHEMBL4282,38.0,O=S1(=O)CCN(c2ncc3cc(-c4ccccc4)c(-c4ccc(CN5CCC(c6nnc(-c7ccccn7)[nH]6)CC5)cc4)nc3n2)CC1
CHEMBL448826,7.55,CHEMBL4282,28.0,C[C@@H]1CN(c2ncc3cc(-c4ccccc4)c(-c4ccc(CN5CCC(c6nnc(-c7ccccn7)[nH]6)CC5)cc4)nc3n2)C[C@H](C)O1
CHEMBL500993,8.15,CHEMBL4282,7.0,OC1CCN(c2ncc3cc(-c4ccccc4)c(-c4ccc(CN5CCC(c6nnc(-c7ccccn7)[nH]6)CC5)cc4)nc3n2)CC1
CHEMBL488654,8.3,CHEMBL4282,5.0,c1ccc(-c2cc3cnc(N4CCOCC4)nc3nc2-c2ccc(CN3CCC(c4nnc(-c5ccccn5)[nH]4)CC3)cc2)cc1
CHEMBL442718,7.75,CHEMBL4282,18.0,c1ccc(-c2cc3cnc(N4CCCCC4)nc3nc2-c2ccc(CN3CCC(c4nnc(-c5ccccn5)[nH]4)CC3)cc2)cc1
CHEMBL451961,7.7,CHEMBL4282,20.0,FC1(F)CCN(c2ncc3cc(-c4ccccc4)c(-c4ccc(CN5CCC(c6nnc(-c7ccccn7)[nH]6)CC5)cc4)nc3n2)C1
CHEMBL252456,7.82,CHEMBL4282,15.0,CSc1ncc2cc(-c3ccccc3)c(-c3ccc(CNCCC(=O)c4ccccc4N)cc3)nc2n1
CHEMBL448196,6.03,CHEMBL4282,924.0,CN1CCN(c2cc3cc(-c4ccccc4)c(-c4ccc(CN5CCC(c6nnc(-c7ccccn7)[nH]6)CC5)cc4)nc3cn2)CC1
CHEMBL448991,8.22,CHEMBL4282,6.0,CN1CC(N2CCN(c3ncc4cc(-c5ccccc5)c(-c5ccc(CN6CCC(c7nnc(-c8ccccn8)[nH]7)CC6)cc5)nc4n3)CC2)C1
CHEMBL443661,8.0,CHEMBL4282,10.0,CN(C)CCN1CCN(c2ncc3cc(-c4ccccc4)c(-c4ccc(CN5CCC(c6nnc(-c7ccccn7)[nH]6)CC5)cc4)nc3n2)CC1
CHEMBL453995,7.77,CHEMBL4282,17.0,OCCN1CCN(c2ncc3cc(-c4ccccc4)c(-c4ccc(CN5CCC(c6nnc(-c7ccccn7)[nH]6)CC5)cc4)nc3n2)CC1
CHEMBL447044,6.9,CHEMBL4282,125.0,c1ccc(-c2cc3cnc(N4CCn5cnnc5C4)nc3nc2-c2ccc(CN3CCC(c4nnc(-c5ccccn5)[nH]4)CC3)cc2)cc1
CHEMBL447168,8.52,CHEMBL4282,3.0,CN(C)CC(=O)N1CCN(c2ncc3cc(-c4ccccc4)c(-c4ccc(CN5CCC(c6nnc(-c7ccccn7)[nH]6)CC5)cc4)nc3n2)CC1
CHEMBL447348,7.89,CHEMBL4282,13.0,CN(C)C(=O)N1CCN(c2ncc3cc(-c4ccccc4)c(-c4ccc(CN5CCC(c6nnc(-c7ccccn7)[nH]6)CC5)cc4)nc3n2)CC1
CHEMBL502426,7.7,CHEMBL4282,20.0,CS(=O)(=O)N1CCN(c2ncc3cc(-c4ccccc4)c(-c4ccc(CN5CCC(c6nnc(-c7ccccn7)[nH]6)CC5)cc4)nc3n2)CC1
CHEMBL453586,7.82,CHEMBL4282,15.0,CC(=O)N1CCN(c2ncc3cc(-c4ccccc4)c(-c4ccc(CN5CCC(c6nnc(-c7ccccn7)[nH]6)CC5)cc4)nc3n2)CC1
CHEMBL448926,7.46,CHEMBL4282,35.0,c1ccc(-c2cc3cnc(-n4ccnc4)nc3nc2-c2ccc(CN3CCC(c4nnc(-c5ccccn5)[nH]4)CC3)cc2)cc1
CHEMBL454859,7.64,CHEMBL4282,23.0,CN(C)C1CCN(c2ncc3cc(-c4ccccc4)c(-c4ccc(CN5CCC(c6nnc(-c7ccccn7)[nH]6)CC5)cc4)nc3n2)CC1
CHEMBL499683,7.21,CHEMBL4282,61.0,O[C@@H]1CN(c2ncc3cc(-c4ccccc4)c(-c4ccc(CN5CCC(c6nnc(-c7ccccn7)[nH]6)CC5)cc4)nc3n2)CCN1
CHEMBL505758,6.68,CHEMBL4282,208.0,CN(C)CCNc1ncc2cc(-c3ccccc3)c(-c3ccc(CN4CCC(c5nnc(-c6ccccn6)[nH]5)CC4)cc3)nc2n1
CHEMBL454210,6.71,CHEMBL4282,194.0,C[C@@H]1CN[C@@H](C)CN1c1ncc2cc(-c3ccccc3)c(-c3ccc(CN4CCC(c5nnc(-c6ccccn6)[nH]5)CC4)cc3)nc2n1
CHEMBL504251,7.44,CHEMBL4282,36.0,CN1CCN(c2ncc3cc(-c4ccccc4)c(-c4ccc(CN5CCC(c6nnc(-c7ccccn7)[nH]6)CC5)cc4)nc3n2)CC1
CHEMBL508754,7.12,CHEMBL4282,75.0,C[C@H]1CN(c2ncc3cc(-c4ccccc4)c(-c4ccc(CN5CCC(c6nnc(-c7ccccn7)[nH]6)CC5)cc4)nc3n2)CCN1
CHEMBL503980,7.44,CHEMBL4282,36.0,C[C@@H]1CN(c2ncc3cc(-c4ccccc4)c(-c4ccc(CN5CCC(c6nnc(-c7ccccn7)[nH]6)CC5)cc4)nc3n2)CCN1
CHEMBL450545,7.34,CHEMBL4282,46.0,C[C@@H]1CN(c2ncc3cc(-c4ccccc4)c(-c4ccc(CN5CCC(c6nnc(-c7ccccn7)[nH]6)CC5)cc4)nc3n2)C[C@H](C)N1
CHEMBL448826,7.38,CHEMBL4282,42.0,C[C@@H]1CN(c2ncc3cc(-c4ccccc4)c(-c4ccc(CN5CCC(c6nnc(-c7ccccn7)[nH]6)CC5)cc4)nc3n2)C[C@H](C)O1
CHEMBL500993,7.77,CHEMBL4282,17.0,OC1CCN(c2ncc3cc(-c4ccccc4)c(-c4ccc(CN5CCC(c6nnc(-c7ccccn7)[nH]6)CC5)cc4)nc3n2)CC1
CHEMBL488654,7.72,CHEMBL4282,19.0,c1ccc(-c2cc3cnc(N4CCOCC4)nc3nc2-c2ccc(CN3CCC(c4nnc(-c5ccccn5)[nH]4)CC3)cc2)cc1
CHEMBL442718,7.44,CHEMBL4282,36.0,c1ccc(-c2cc3cnc(N4CCCCC4)nc3nc2-c2ccc(CN3CCC(c4nnc(-c5ccccn5)[nH]4)CC3)cc2)cc1
CHEMBL451961,7.12,CHEMBL4282,75.0,FC1(F)CCN(c2ncc3cc(-c4ccccc4)c(-c4ccc(CN5CCC(c6nnc(-c7ccccn7)[nH]6)CC5)cc4)nc3n2)C1
CHEMBL252456,7.11,CHEMBL4282,78.0,CSc1ncc2cc(-c3ccccc3)c(-c3ccc(CNCCC(=O)c4ccccc4N)cc3)nc2n1
CHEMBL485213,5.19,CHEMBL4282,6.436,O=C(Nc1ccc(-c2ccncc2)cc1)C1COc2ccccc2O1
CHEMBL485214,5.85,CHEMBL4282,1.41,O=C(Nc1ccc(-c2c[nH]cn2)cc1)C1COc2ccccc2O1
CHEMBL485215,5.05,CHEMBL4282,8.819,COc1cc(-c2cn[nH]c2)ccc1NC(=O)C1COc2ccccc2O1
CHEMBL521179,5.12,CHEMBL4282,7.491,CN(C)CCOc1cc(-c2cn[nH]c2)ccc1NC(=O)C1COc2ccccc2O1
CHEMBL508794,7.74,CHEMBL4282,18.3,Nc1nnc2c3cc(-c4ccccc4)c(-c4ccc(CN5CCC(n6cnc(-c7ccccn7)c6)CC5)cc4)nc3ccn12
CHEMBL442919,7.38,CHEMBL4282,41.8,OCCNCc1nnc2c3cc(-c4ccccc4)c(-c4ccc(CN5CCC(c6n[nH]c(-c7ccccn7)n6)CC5)cc4)nc3ccn12
CHEMBL446779,7.2,CHEMBL4282,62.5,CN1CCN(Cc2nnc3c4cc(-c5ccccc5)c(-c5ccc(CN6CCC(c7n[nH]c(-c8ccccn8)n7)CC6)cc5)nc4ccn23)CC1
CHEMBL508861,6.95,CHEMBL4282,113.5,ClCc1nnc2c3cc(-c4ccccc4)c(-c4ccc(CN5CCC(c6n[nH]c(-c7ccccn7)n6)CC5)cc4)nc3ccn12
CHEMBL445464,7.61,CHEMBL4282,24.6,Cc1nnc2c3cc(-c4ccccc4)c(-c4ccc(CN5CCC(c6n[nH]c(-c7ccccn7)n6)CC5)cc4)nc3ccn12
CHEMBL447328,8.3,CHEMBL4282,5.0,c1ccc(-c2cc3c(ccn4cnnc34)nc2-c2ccc(CN3CCC(c4n[nH]c(-c5ccccn5)n4)CC3)cc2)cc1
CHEMBL509747,6.58,CHEMBL4282,265.5,NC(=O)Nc1nnc2c3cc(-c4ccccc4)c(-c4ccc(CN5CCC(c6n[nH]c(-c7ccccn7)n6)CC5)cc4)nc3ccn12
CHEMBL502854,7.77,CHEMBL4282,17.0,Sc1nnc2c3cc(-c4ccccc4)c(-c4ccc(CN5CCC(c6n[nH]c(-c7ccccn7)n6)CC5)cc4)nc3ccn12
CHEMBL506077,7.57,CHEMBL4282,27.0,Oc1nnc2c3cc(-c4ccccc4)c(-c4ccc(CN5CCC(c6n[nH]c(-c7ccccn7)n6)CC5)cc4)nc3ccn12
CHEMBL499555,7.74,CHEMBL4282,18.1,Nc1nnc2c3cc(-c4ccccc4)c(-c4ccc(CN5CCC(c6n[nH]c(-c7ccccn7)n6)CC5)cc4)nc3ccn12
CHEMBL508794,8.48,CHEMBL4282,3.3,Nc1nnc2c3cc(-c4ccccc4)c(-c4ccc(CN5CCC(n6cnc(-c7ccccn7)c6)CC5)cc4)nc3ccn12
CHEMBL442919,7.77,CHEMBL4282,17.0,OCCNCc1nnc2c3cc(-c4ccccc4)c(-c4ccc(CN5CCC(c6n[nH]c(-c7ccccn7)n6)CC5)cc4)nc3ccn12
CHEMBL446779,8.0,CHEMBL4282,9.9,CN1CCN(Cc2nnc3c4cc(-c5ccccc5)c(-c5ccc(CN6CCC(c7n[nH]c(-c8ccccn8)n7)CC6)cc5)nc4ccn23)CC1
CHEMBL508861,7.57,CHEMBL4282,26.7,ClCc1nnc2c3cc(-c4ccccc4)c(-c4ccc(CN5CCC(c6n[nH]c(-c7ccccn7)n6)CC5)cc4)nc3ccn12
CHEMBL445464,8.34,CHEMBL4282,4.6,Cc1nnc2c3cc(-c4ccccc4)c(-c4ccc(CN5CCC(c6n[nH]c(-c7ccccn7)n6)CC5)cc4)nc3ccn12
CHEMBL447328,8.4,CHEMBL4282,4.0,c1ccc(-c2cc3c(ccn4cnnc34)nc2-c2ccc(CN3CCC(c4n[nH]c(-c5ccccn5)n4)CC3)cc2)cc1
CHEMBL509747,8.07,CHEMBL4282,8.5,NC(=O)Nc1nnc2c3cc(-c4ccccc4)c(-c4ccc(CN5CCC(c6n[nH]c(-c7ccccn7)n6)CC5)cc4)nc3ccn12
CHEMBL502854,8.0,CHEMBL4282,10.0,Sc1nnc2c3cc(-c4ccccc4)c(-c4ccc(CN5CCC(c6n[nH]c(-c7ccccn7)n6)CC5)cc4)nc3ccn12
CHEMBL506077,8.59,CHEMBL4282,2.6,Oc1nnc2c3cc(-c4ccccc4)c(-c4ccc(CN5CCC(c6n[nH]c(-c7ccccn7)n6)CC5)cc4)nc3ccn12
CHEMBL499555,8.55,CHEMBL4282,2.8,Nc1nnc2c3cc(-c4ccccc4)c(-c4ccc(CN5CCC(c6n[nH]c(-c7ccccn7)n6)CC5)cc4)nc3ccn12
CHEMBL388978,8.22,CHEMBL4282,0.006,CN[C@@H]1C[C@H]2O[C@@](C)([C@@H]1OC)n1c3ccccc3c3c4c(c5c6ccccc6n2c5c31)C(=O)NC4
CHEMBL451523,5.19,CHEMBL4282,6.4,COc1c(NC(=O)Nc2ccc(-c3ccc(CN4CCOCC4)nc3)c3ccccc23)cc(C(C)(C)C)cc1NS(C)(=O)=O
CHEMBL519693,5.3,CHEMBL4282,5.3,NS(=O)(=O)c1ccc(-c2cc3ccncc3cc2OC2CCNCC2)cc1
CHEMBL489083,5.05,CHEMBL4282,9.0,N=C(N)SCCCn1c(=O)c2c(c1=O)n1c3ccccc3cc1c1cccc3ccn2c31
CHEMBL452598,5.3,CHEMBL4282,5000.0,COc1ccc2c(c1)CC(c1nc3c(F)cc(-c4ccnc(N)n4)cc3[nH]1)CO2
CHEMBL517163,8.6,CHEMBL4282,2.5,COc1cc2c(cc1Nc1nc(Nc3cccc4c3C(=O)NC4)c3cc[nH]c3n1)N(C(=O)CN(C)C)CC2
CHEMBL505490,4.3,CHEMBL4282,50.0,CC(=O)NCC(=O)N[C@@H](CCCNC(=N)N)C(=O)N1CCC[C@H]1C(=O)N[C@@H](CCCNC(=N)N)C(=O)Nc1ccc(C(=O)N[C@H](C(=O)N[C@@H](Cc2ccccc2)C(=O)NCc2ccccc2)C(C)C)cc1C
CHEMBL449564,4.8,CHEMBL4282,16.0,CC(=O)NCC(=O)N[C@@H](CCCNC(=N)N)C(=O)N1CCC[C@H]1C(=O)N[C@@H](CCCNC(=N)N)C(=O)Nc1ccc(C(=O)N[C@H](C(=O)N[C@@H](Cc2ccccc2)C(=O)NCc2ccccc2)C(C)C)c(-c2ccccc2)c1
CHEMBL507059,4.11,CHEMBL4282,78.0,CC(=O)NCC(=O)N[C@@H](CCCNC(=N)N)C(=O)N1CCC[C@H]1C(=O)N[C@@H](CCCNC(=N)N)C(=O)Nc1ccc(C(=O)N[C@H](C(=O)N[C@@H](Cc2ccccc2)C(=O)NCc2ccccc2)C(C)C)c(-c2cccc3ccccc23)c1
CHEMBL513216,4.02,CHEMBL4282,96.0,N=C(N)NCCNc1ccc(C(=O)Nc2ccc(N(Cc3ccccc3)Cc3ccccc3)cc2)cc1
CHEMBL444649,4.08,CHEMBL4282,84.0,N=C(N)NCCNc1ccc(C(=O)Nc2ccc(N(Cc3ccccc3)Cc3ccccc3)cc2)cc1-c1ccccc1
CHEMBL510540,4.08,CHEMBL4282,84.0,N=C(N)NCCNc1ccc(C(=O)Nc2ccc(N(Cc3ccc(-c4ccccc4)cc3)Cc3ccc(-c4ccccc4)cc3)cc2)cc1-c1ccccc1
CHEMBL448003,4.26,CHEMBL4282,55.0,N=C(N)NCCNc1ccc(C(=O)Nc2ccc(N(Cc3ccc(F)cc3)Cc3ccc(F)cc3)cc2)cc1-c1ccccc1
CHEMBL453745,4.37,CHEMBL4282,43.0,N=C(N)NCCNc1ccc(C(=O)Nc2ccc(N(Cc3cccc4ccccc34)Cc3cccc4ccccc34)cc2)cc1-c1ccccc1
CHEMBL450225,4.55,CHEMBL4282,28.0,CC(C)c1ccc(CN(Cc2ccc(C(C)C)cc2)c2ccc(NC(=O)c3ccc(NCCNC(=N)N)c(-c4ccccc4)c3)cc2)cc1
CHEMBL446829,4.64,CHEMBL4282,23.0,N=C(N)NCCNc1ccc(C(=O)Nc2ccc(N(Cc3ccc4ccccc4c3)Cc3ccc4ccccc4c3)cc2)cc1-c1ccccc1
CHEMBL449678,4.72,CHEMBL4282,19.0,N#Cc1ccc(CN(Cc2ccc(C#N)cc2)c2ccc(NC(=O)c3ccc(NCCNC(=N)N)c(-c4ccccc4)c3)cc2)cc1
CHEMBL447960,4.42,CHEMBL4282,38.0,CC(C)c1ccc(CN(Cc2ccc(C(C)C)cc2)c2ccc(NC(=O)c3ccc(NCCNC(=N)N)c(-c4ccc5ccccc5c4)c3)cc2)cc1
CHEMBL509490,4.77,CHEMBL4282,17.0,N#Cc1ccc(CN(Cc2ccc(C#N)cc2)c2ccc(NC(=O)c3ccc(NCCNC(=N)N)c(-c4ccc5ccccc5c4)c3)cc2)cc1
CHEMBL469523,4.08,CHEMBL4282,83.0,N=C(N)NCCNc1ccc(C(=O)Nc2ccc(N(Cc3ccccc3)Cc3ccccc3)cc2)cc1-c1ccc(-c2ccccc2)cc1
CHEMBL451291,4.11,CHEMBL4282,78.0,N#Cc1ccc(-c2cc(C(=O)Nc3ccc(N(Cc4ccccc4)Cc4ccccc4)cc3)ccc2NCCNC(=N)N)cc1
CHEMBL444400,4.28,CHEMBL4282,52.0,CC(C)c1ccc(-c2cc(C(=O)Nc3ccc(N(Cc4ccccc4)Cc4ccccc4)cc3)ccc2NCCNC(=N)N)cc1
CHEMBL444730,4.36,CHEMBL4282,44.0,N=C(N)NCCNc1ccc(C(=O)Nc2ccc(N(Cc3ccccc3)Cc3ccccc3)cc2)cc1-c1ccc2ccccc2c1
CHEMBL438332,4.77,CHEMBL4282,17.0,CC(C)c1ccc(CN(Cc2ccc(C(C)C)cc2)c2ccc(NC(=O)c3ccc(NC(=O)CNC(=N)N)c(-c4ccc5ccccc5c4)c3)cc2)cc1
CHEMBL445038,4.92,CHEMBL4282,12.0,N#Cc1ccc(CN(Cc2ccc(C#N)cc2)c2ccc(NC(=O)c3ccc(NC(=O)CNC(=N)N)c(-c4ccc5ccccc5c4)c3)cc2)cc1
CHEMBL448803,4.5,CHEMBL4282,32.0,N#Cc1ccc(CN(Cc2ccc(C#N)cc2)c2ccc3[nH]c(-c4ccc(NC(=O)CNC(=N)N)cc4)cc3c2)cc1
CHEMBL564972,5.58,CHEMBL4282,2.6,O=C1COc2ccc(-c3cc(-c4ccccc4)cc(-c4ccc5oc(=O)[nH]c5c4)n3)cc2N1
CHEMBL104264,5.8,CHEMBL4282,1.6,O=S(=O)(NCCNC/C=C/c1ccc(Br)cc1)c1cccc2cnccc12
CHEMBL608533,6.02,CHEMBL4282,950.0,CO[C@@H]1[C@H](N(C)C(=O)c2ccccc2)C[C@H]2O[C@]1(C)n1c3ccccc3c3c4c(c5c6ccccc6n2c5c31)C(=O)NC4
CHEMBL388978,7.7,CHEMBL4282,20.0,CN[C@@H]1C[C@H]2O[C@@](C)([C@@H]1OC)n1c3ccccc3c3c4c(c5c6ccccc6n2c5c31)C(=O)NC4
CHEMBL419932,5.28,CHEMBL4282,5290.0,C[C@H](N)COc1cnc(Cl)c(/C=C/c2ccncc2)c1
CHEMBL206382,4.83,CHEMBL4282,14710.0,NCCOc1cncc(/C=C/c2ccncc2)c1
CHEMBL204059,4.71,CHEMBL4282,19320.0,CC(C)[C@H](N)COc1cncc(/C=C/c2ccncc2)c1
CHEMBL203673,6.16,CHEMBL4282,690.0,N[C@H](COc1cncc(/C=C/c2ccncc2)c1)Cc1ccccc1
CHEMBL203434,6.56,CHEMBL4282,273.0,N[C@H](COc1cncc(/C=C/c2ccncc2)c1)C(c1ccccc1)c1ccccc1
CHEMBL381829,5.1,CHEMBL4282,8020.0,N[C@@H](CCc1ccccc1)COc1cncc(/C=C/c2ccncc2)c1
CHEMBL206236,5.39,CHEMBL4282,4040.0,N[C@@H](COCc1ccccc1)COc1cncc(/C=C/c2ccncc2)c1
CHEMBL205410,6.5,CHEMBL4282,320.0,N#Cc1cccc(C[C@H](N)COc2cncc(/C=C/c3ccncc3)c2)c1
CHEMBL205871,6.49,CHEMBL4282,324.0,N[C@H](COc1cncc(/C=C/c2ccncc2)c1)Cc1cccc2ccccc12
CHEMBL383541,6.44,CHEMBL4282,360.0,N[C@H](COc1cncc(/C=C/c2ccncc2)c1)Cc1c[nH]c2ccccc12
CHEMBL204012,6.3,CHEMBL4282,500.0,Cn1cc(C[C@H](N)COc2cncc(/C=C/c3ccncc3)c2)c2ccccc21
CHEMBL577186,4.96,CHEMBL4282,10870.0,C(=C/c1cncc(OCC2CCN2)c1)\c1ccncc1
CHEMBL206328,4.49,CHEMBL4282,32250.0,Brc1ccc(/C=C/CNCCOc2cncc(/C=C/c3ccncc3)c2)cc1
CHEMBL202893,5.96,CHEMBL4282,1100.0,CN(C)[C@H](COc1cncc(/C=C/c2ccncc2)c1)Cc1c[nH]c2ccccc12
CHEMBL574290,6.12,CHEMBL4282,760.0,Cn1cc(C(CN)Oc2cncc(/C=C/c3ccncc3)c2)c2ccccc21
CHEMBL377294,5.57,CHEMBL4282,2670.0,COc1cc(/C=C/c2cncc(OC[C@@H](N)Cc3c[nH]c4ccccc34)c2)ccn1
CHEMBL378823,5.19,CHEMBL4282,6450.0,N[C@H](COc1cncc(/C=C/c2ccnc(Oc3ccccc3)c2)c1)Cc1c[nH]c2ccccc12
CHEMBL381075,6.92,CHEMBL4282,121.0,Nc1cc(/C=C/c2cncc(OC[C@@H](N)Cc3c[nH]c4ccccc34)c2)ccn1
CHEMBL202787,6.75,CHEMBL4282,176.0,CNc1cc(/C=C/c2cncc(OC[C@@H](N)Cc3c[nH]c4ccccc34)c2)ccn1
CHEMBL382914,6.79,CHEMBL4282,163.0,CCNc1cc(/C=C/c2cncc(OC[C@@H](N)Cc3c[nH]c4ccccc34)c2)ccn1
CHEMBL381610,6.83,CHEMBL4282,147.0,N[C@H](COc1cncc(/C=C/c2ccnc(NCc3ccccc3)c2)c1)Cc1c[nH]c2ccccc12
CHEMBL206708,5.48,CHEMBL4282,3340.0,N[C@H](COc1cncc(/C=C/c2ccnc(-n3ccc4ccccc43)c2)c1)Cc1c[nH]c2ccccc12
CHEMBL203329,6.7,CHEMBL4282,198.0,N[C@H](CCc1cnc(Cl)c(/C=C/c2ccncc2)c1)Cc1c[nH]c2ccccc12
CHEMBL203384,7.1,CHEMBL4282,79.0,N[C@H](CNc1cnc(Cl)c(/C=C/c2ccncc2)c1)Cc1c[nH]c2ccccc12
CHEMBL205415,6.56,CHEMBL4282,278.0,N[C@@H](Cc1c[nH]c2ccccc12)C(=O)Nc1cncc(/C=C/c2ccncc2)c1
CHEMBL205514,5.5,CHEMBL4282,3200.0,N[C@@H](Cc1ccccc1)C(=O)Nc1cncc(/C=C/c2ccncc2)c1
CHEMBL383527,6.17,CHEMBL4282,668.0,N[C@@H](Cc1cccc2ccccc12)C(=O)Nc1cncc(/C=C/c2ccncc2)c1
CHEMBL383264,8.7,CHEMBL4282,2.0,N[C@H](COc1cncc(-c2ccc3cnccc3c2)c1)Cc1c[nH]c2ccccc12
CHEMBL378963,8.74,CHEMBL4282,1.8,N[C@H](COc1cnc(Cl)c(-c2ccc3cnccc3c2)c1)Cc1c[nH]c2ccccc12
CHEMBL379209,8.34,CHEMBL4282,4.6,N#Cc1ncc(OC[C@@H](N)Cc2c[nH]c3ccccc23)cc1-c1ccc2cnccc2c1
CHEMBL209513,8.7,CHEMBL4282,2.0,C=Cc1ncc(OC[C@@H](N)Cc2c[nH]c3ccccc23)cc1-c1ccc2cnccc2c1
CHEMBL378843,8.82,CHEMBL4282,1.5,N[C@H](COc1cnc(-c2ccco2)c(-c2ccc3cnccc3c2)c1)Cc1c[nH]c2ccccc12
CHEMBL572908,9.1,CHEMBL4282,0.8,CCc1ncc(OC[C@@H](N)Cc2c[nH]c3ccccc23)cc1-c1ccc2cnccc2c1
CHEMBL210089,7.92,CHEMBL4282,12.0,N[C@H](COc1cc(-c2ccc3cnccc3c2)cnc1Cl)Cc1c[nH]c2ccccc12
CHEMBL210246,8.46,CHEMBL4282,3.5,N[C@H](COc1cncc(-c2ccc3cnc(F)cc3c2)c1)Cc1c[nH]c2ccccc12
CHEMBL377764,7.66,CHEMBL4282,22.0,C=Cc1cc2cc(-c3cncc(OC[C@@H](N)Cc4c[nH]c5ccccc45)c3)ccc2cn1
CHEMBL210544,6.52,CHEMBL4282,305.0,N[C@H](COc1cncc(-c2ccc3cnc(-c4ccccc4)cc3c2)c1)Cc1c[nH]c2ccccc12
CHEMBL209564,6.91,CHEMBL4282,122.0,N[C@H](COc1cncc(-c2ccc3cnc(-c4ccncc4)cc3c2)c1)Cc1c[nH]c2ccccc12
CHEMBL210390,8.47,CHEMBL4282,3.4,Nc1cc2cc(-c3cncc(OC[C@@H](N)Cc4c[nH]c5ccccc45)c3)ccc2cn1
CHEMBL380196,7.82,CHEMBL4282,15.0,Nc1c(-c2cncc(OC[C@@H](N)Cc3c[nH]c4ccccc34)c2)ccc2cnccc12
CHEMBL564795,5.95,CHEMBL4282,1117.0,N[C@H](COc1cncc(-c2ccc3ccccc3c2)c1)Cc1c[nH]c2ccccc12
CHEMBL573393,6.51,CHEMBL4282,312.0,N[C@H](COc1cncc(-c2ccc3ncccc3c2)c1)Cc1c[nH]c2ccccc12
CHEMBL573394,6.67,CHEMBL4282,215.0,N[C@H](COc1cncc(-c2ccc3nnccc3c2)c1)Cc1c[nH]c2ccccc12
CHEMBL207215,5.99,CHEMBL4282,1022.0,N[C@H](COc1cncc(-c2ccc3c(O)nccc3c2)c1)Cc1c[nH]c2ccccc12
CHEMBL208962,6.73,CHEMBL4282,188.0,Nc1nccc2cc(-c3cncc(OC[C@@H](N)Cc4c[nH]c5ccccc45)c3)ccc12
CHEMBL581848,6.48,CHEMBL4282,331.0,N[C@H](COc1cncc(-c2cccc3cnccc23)c1)Cc1c[nH]c2ccccc12
CHEMBL208199,6.61,CHEMBL4282,245.0,N[C@H](COc1cncc(-c2ccncc2)c1)Cc1c[nH]c2ccccc12
CHEMBL208499,5.78,CHEMBL4282,1659.0,N[C@H](COc1cncc(C(=O)Nc2ccncc2)c1)Cc1c[nH]c2ccccc12
CHEMBL576761,5.4,CHEMBL4282,4022.0,N[C@H](COc1cncc(-c2ccc(CO)cc2)c1)Cc1c[nH]c2ccccc12
CHEMBL374805,8.82,CHEMBL4282,1.5,N[C@H](COc1cncc(-c2ccc3[nH]ncc3c2)c1)Cc1c[nH]c2ccccc12
CHEMBL379300,9.8,CHEMBL4282,0.16,Cc1n[nH]c2ccc(-c3cncc(OC[C@@H](N)Cc4c[nH]c5ccccc45)c3)cc12
CHEMBL226148,9.0,CHEMBL4282,1.0,N[C@H](COc1cncc(-c2ccc3[nH]nc(Cl)c3c2)c1)Cc1c[nH]c2ccccc12
CHEMBL374808,8.74,CHEMBL4282,1.8,N[C@H](COc1cncc(-c2ccc3[nH]nc(C(F)(F)F)c3c2)c1)Cc1c[nH]c2ccccc12
CHEMBL574087,8.94,CHEMBL4282,1.15,CCc1n[nH]c2ccc(-c3cncc(OC[C@@H](N)Cc4c[nH]c5ccccc45)c3)cc12
CHEMBL577795,8.54,CHEMBL4282,2.9,Nc1n[nH]c2ccc(-c3cncc(OC[C@@H](N)Cc4c[nH]c5ccccc45)c3)cc12
CHEMBL572905,7.75,CHEMBL4282,18.0,CN(C)c1n[nH]c2ccc(-c3cncc(OC[C@@H](N)Cc4c[nH]c5ccccc45)c3)cc12
CHEMBL574764,8.41,CHEMBL4282,3.9,N[C@H](COc1cncc(-c2ccc3[nH]nc(-c4ccccc4)c3c2)c1)Cc1c[nH]c2ccccc12
CHEMBL576733,8.89,CHEMBL4282,1.3,N[C@H](COc1cncc(-c2ccc3[nH]nc(-c4cccs4)c3c2)c1)Cc1c[nH]c2ccccc12
CHEMBL572907,8.59,CHEMBL4282,2.6,N[C@H](COc1cncc(-c2ccc3[nH]nc(C4CC4)c3c2)c1)Cc1c[nH]c2ccccc12
CHEMBL574995,8.01,CHEMBL4282,9.8,N[C@H](COc1cncc(-c2ccc3[nH]nc(-c4nccs4)c3c2)c1)Cc1c[nH]c2ccccc12
CHEMBL572670,8.92,CHEMBL4282,1.2,N[C@H](COc1cncc(-c2ccc3[nH]nc(-c4ccc[nH]4)c3c2)c1)Cc1c[nH]c2ccccc12
CHEMBL578418,7.75,CHEMBL4282,18.0,N[C@H](COc1cncc(-c2ccc3[nH]nc(N4CCOCC4)c3c2)c1)Cc1c[nH]c2ccccc12
CHEMBL574774,5.73,CHEMBL4282,1848.0,N[C@H](COc1cncc(-c2ccc3[nH]nc(C=O)c3c2)c1)Cc1c[nH]c2ccccc12
CHEMBL225788,6.02,CHEMBL4282,953.0,N[C@H](COc1cncc(-c2cc3cn[nH]c3cc2[N+](=O)[O-])c1)Cc1c[nH]c2ccccc12
CHEMBL388729,7.29,CHEMBL4282,51.0,Nc1cc2[nH]ncc2cc1-c1cncc(OC[C@@H](N)Cc2c[nH]c3ccccc23)c1
CHEMBL225789,8.15,CHEMBL4282,7.1,Nc1cc2[nH]nc(Cl)c2cc1-c1cncc(OC[C@@H](N)Cc2c[nH]c3ccccc23)c1
CHEMBL376569,9.47,CHEMBL4282,0.34,Cc1n[nH]c2cnc(-c3cncc(OC[C@@H](N)Cc4c[nH]c5ccccc45)c3)cc12
CHEMBL226332,7.23,CHEMBL4282,59.0,N[C@H](COc1cncc(-c2cc3c(Cl)n[nH]c3cn2)c1)Cc1ccccc1
CHEMBL226382,7.89,CHEMBL4282,13.0,C=Cc1n[nH]c2cnc(-c3cncc(OC[C@@H](N)Cc4ccccc4)c3)cc12
CHEMBL375485,8.21,CHEMBL4282,6.1,N[C@H](COc1cncc(-c2cc3c(-c4ccco4)n[nH]c3cn2)c1)Cc1ccccc1
CHEMBL376570,7.85,CHEMBL4282,14.0,Cc1n[nH]c2cnc(-c3cncc(OC[C@@H](N)Cc4ccccc4)c3)cc12
CHEMBL573592,8.08,CHEMBL4282,8.4,Cc1n[nH]c2cnc(-c3cncc(OC[C@@H](N)Cc4cccc(F)c4)c3)cc12
CHEMBL572417,7.41,CHEMBL4282,39.0,Cc1cc(C)c(C[C@H](N)COc2cncc(-c3cc4c(C)n[nH]c4cn3)c2)c(C)c1
CHEMBL572418,7.75,CHEMBL4282,18.0,Cc1n[nH]c2cnc(-c3cncc(OC[C@@H](N)Cc4ccc(C(F)(F)F)cc4)c3)cc12
CHEMBL576135,7.85,CHEMBL4282,14.0,Cc1n[nH]c2cnc(-c3cncc(OC[C@@H](N)Cc4cccc5c4OC(F)(F)O5)c3)cc12
CHEMBL575428,6.12,CHEMBL4282,751.0,Cc1n[nH]c2cnc(-c3cncc(OC[C@@H](N)Cc4cccc(OCCN5CCOCC5)c4)c3)cc12
CHEMBL576372,8.17,CHEMBL4282,6.8,Cc1n[nH]c2cnc(-c3cncc(OC[C@@H](N)Cc4cccc(OCC5CCNCC5)c4)c3)cc12
CHEMBL574978,5.87,CHEMBL4282,1360.0,Cc1n[nH]c2cnc(-c3cncc(OC[C@@H](N)Cc4cccc(OCC5CCCCC5)c4)c3)cc12
CHEMBL574979,7.33,CHEMBL4282,47.0,Cc1n[nH]c2cnc(-c3cncc(OC[C@@H](N)Cc4cccc(OCCN)c4)c3)cc12
CHEMBL573355,7.18,CHEMBL4282,65.5,Cc1n[nH]c2cnc(-c3cncc(OC[C@@H](N)Cc4c(F)cccc4F)c3)cc12
CHEMBL574986,7.92,CHEMBL4282,12.0,Cc1n[nH]c2cnc(-c3cncc(OC[C@@H](N)Cc4ccc(F)c(F)c4F)c3)cc12
CHEMBL573778,8.3,CHEMBL4282,5.0,Cc1n[nH]c2cnc(-c3cncc(OC[C@@H](N)Cc4ccc(Br)cc4)c3)cc12
CHEMBL573133,8.41,CHEMBL4282,3.9,Cc1ccc(F)cc1C[C@H](N)COc1cncc(-c2cc3c(C)n[nH]c3cn2)c1
CHEMBL573359,8.6,CHEMBL4282,2.5,Cc1cc(C[C@H](N)COc2cncc(-c3cc4c(C)n[nH]c4cn3)c2)ccc1F
CHEMBL575427,8.22,CHEMBL4282,6.0,Cc1cc(F)ccc1C[C@H](N)COc1cncc(-c2cc3c(C)n[nH]c3cn2)c1
CHEMBL575646,6.68,CHEMBL4282,210.0,N[C@H](COc1cncc(CCc2ccncc2)c1)Cc1c[nH]c2ccccc12
CHEMBL576565,5.7,CHEMBL4282,2020.0,N[C@H](COc1cncc(NC(=O)c2ccncc2)c1)Cc1c[nH]c2ccccc12
CHEMBL207671,5.67,CHEMBL4282,2160.0,N[C@H](COc1cncc(Nc2cccnc2)c1)Cc1c[nH]c2ccccc12
CHEMBL204892,4.5,CHEMBL4282,31280.0,N[C@H](COc1cncc(-c2ccc(C(=O)O)cc2)c1)Cc1c[nH]c2ccccc12
CHEMBL206746,5.86,CHEMBL4282,1390.0,NC(=O)Cc1cccc(-c2cncc(OC[C@@H](N)Cc3c[nH]c4ccccc34)c2)c1
CHEMBL381785,6.64,CHEMBL4282,227.0,CC(=O)Nc1ccc(-c2cncc(OC[C@@H](N)Cc3c[nH]c4ccccc34)c2)cc1
CHEMBL572859,5.95,CHEMBL4282,1120.0,N[C@H](COc1cncc(-c2ccc(NC(=O)Nc3ccccc3)cn2)c1)Cc1c[nH]c2ccccc12
CHEMBL439340,5.84,CHEMBL4282,1450.0,Nc1ccc(-c2cncc(OC[C@@H](N)Cc3c[nH]c4ccccc34)c2)cc1C(=O)c1cccc(Cl)c1
CHEMBL205781,5.66,CHEMBL4282,2170.0,NC(=O)c1cccc2c(-c3cncc(OC[C@@H](N)Cc4c[nH]c5ccccc45)c3)cccc12
CHEMBL202972,5.43,CHEMBL4282,3670.0,N[C@H](COc1cncc(-c2cccc(Nc3ncccn3)c2)c1)Cc1c[nH]c2ccccc12
CHEMBL382379,5.16,CHEMBL4282,6970.0,N[C@H](COc1cncc(Nc2cccnc2)c1)Cc1ccccc1
CHEMBL206819,6.52,CHEMBL4282,300.0,N[C@H](COc1cnc2ccc(-c3ccncc3)cc2c1)Cc1c[nH]c2ccccc12
CHEMBL207496,6.72,CHEMBL4282,190.0,N[C@H](COc1cncc2nc(-c3ccncc3)ccc12)Cc1c[nH]c2ccccc12
CHEMBL206732,6.68,CHEMBL4282,210.0,N[C@H](CNc1cncc(Oc2cccc3cnccc23)c1)Cc1c[nH]c2ccccc12
CHEMBL205994,6.57,CHEMBL4282,270.0,N[C@H](CNc1cncc(Nc2cccc3cnccc23)c1)Cc1c[nH]c2ccccc12
CHEMBL516429,6.75,CHEMBL4282,179.0,N[C@H](COc1cncc(-c2cc3ccncc3s2)c1)Cc1c[nH]c2ccccc12
CHEMBL575385,8.13,CHEMBL4282,7.4,N[C@H](COc1cncc(-c2cnc3c(c2)CC(=O)N3)c1)Cc1c[nH]c2ccccc12
CHEMBL574268,8.27,CHEMBL4282,5.4,N[C@H](COc1cncc(-c2ccc3c(c2)C(=O)C(=O)N3)c1)Cc1c[nH]c2ccccc12
CHEMBL575824,8.37,CHEMBL4282,4.3,N[C@H](COc1cncc(-c2ccc3[nH]c(=O)oc3c2)c1)Cc1c[nH]c2ccccc12
CHEMBL577134,7.0,CHEMBL4282,99.0,N[C@H](COc1cncc(-c2ccc3[nH]c(=O)sc3c2)c1)Cc1c[nH]c2ccccc12
CHEMBL226848,7.8,CHEMBL4282,16.0,N[C@H](COc1cncc(-c2ccc3c(c2)CC(=O)N3)c1)Cc1ccccc1
CHEMBL575811,8.85,CHEMBL4282,1.4,N[C@H](COc1cncc(-c2ccc3c(c2)C(Cc2ccco2)C(=O)N3)c1)Cc1ccccc1
CHEMBL388311,9.22,CHEMBL4282,0.6,N[C@H](COc1cncc(-c2ccc3c(c2)/C(=C/c2ccc[nH]2)C(=O)N3)c1)Cc1ccccc1
CHEMBL574262,8.4,CHEMBL4282,4.0,CC1C(=O)Nc2ccc(-c3cncc(OC[C@@H](N)Cc4c[nH]c5ccccc45)c3)cc21
CHEMBL577375,7.28,CHEMBL4282,52.7,CCC1C(=O)Nc2ccc(-c3cncc(OC[C@@H](N)Cc4c[nH]c5ccccc45)c3)cc21
CHEMBL579246,8.49,CHEMBL4282,3.2,N[C@H](COc1cncc(-c2ccc3c(c2)CC(=O)N3)c1)Cc1c[nH]c2ccccc12
CHEMBL575384,7.1,CHEMBL4282,80.0,CC(C)=C1C(=O)Nc2ccc(-c3cncc(OC[C@@H](N)Cc4c[nH]c5ccccc45)c3)cc21
CHEMBL577377,8.82,CHEMBL4282,1.5,N[C@H](COc1cncc(-c2ccc3c(c2)C(F)(F)C(=O)N3)c1)Cc1c[nH]c2ccccc12
CHEMBL574269,8.48,CHEMBL4282,3.3,N[C@H](COc1cncc(-c2ccc3c(c2)C(C2CC2)C(=O)N3)c1)Cc1c[nH]c2ccccc12
CHEMBL577379,8.23,CHEMBL4282,5.9,N[C@H](COc1cncc(-c2ccc3c(c2)C(c2ccccc2)C(=O)N3)c1)Cc1c[nH]c2ccccc12
CHEMBL576386,7.98,CHEMBL4282,10.4,N[C@H](COc1cncc(-c2ccc3c(c2)C(c2cccnc2)C(=O)N3)c1)Cc1c[nH]c2ccccc12
CHEMBL573334,7.99,CHEMBL4282,10.3,N[C@H](COc1cncc(-c2ccc3c(c2)C(c2ccccn2)C(=O)N3)c1)Cc1c[nH]c2ccccc12
CHEMBL576348,8.82,CHEMBL4282,1.5,N[C@H](COc1cncc(-c2ccc3c(c2)C(c2ccc[nH]2)C(=O)N3)c1)Cc1c[nH]c2ccccc12
CHEMBL583705,8.09,CHEMBL4282,8.2,Cn1cccc1C1C(=O)Nc2ccc(-c3cncc(OC[C@@H](N)Cc4c[nH]c5ccccc45)c3)cc21
CHEMBL573096,6.82,CHEMBL4282,153.0,N[C@H](COc1cncc(-c2ccc3c(c2)C(c2c[nH]c4ccccc24)C(=O)N3)c1)Cc1c[nH]c2ccccc12
CHEMBL579053,8.14,CHEMBL4282,7.2,N[C@H](COc1cncc(-c2ccc3c(c2)C(c2ncc[nH]2)C(=O)N3)c1)Cc1c[nH]c2ccccc12
CHEMBL577567,7.39,CHEMBL4282,40.3,CCc1c(C)[nH]c(C2C(=O)Nc3ccc(-c4cncc(OC[C@@H](N)Cc5c[nH]c6ccccc56)c4)cc32)c1C
CHEMBL573326,9.77,CHEMBL4282,0.17,N[C@H](COc1cncc(-c2ccc3c(c2)C(c2ccco2)C(=O)N3)c1)Cc1c[nH]c2ccccc12
CHEMBL572884,9.05,CHEMBL4282,0.9,N[C@H](COc1cncc(-c2ccc3c(c2)C(c2cccs2)C(=O)N3)c1)Cc1c[nH]c2ccccc12
CHEMBL575631,9.15,CHEMBL4282,0.7,Cc1ccc(C2C(=O)Nc3ccc(-c4cncc(OC[C@@H](N)Cc5c[nH]c6ccccc56)c4)cc32)o1
CHEMBL577797,8.0,CHEMBL4282,10.0,Cc1cc(C2C(=O)Nc3ccc(-c4cncc(OC[C@@H](N)Cc5c[nH]c6ccccc56)c4)cc32)oc1C
CHEMBL260397,6.54,CHEMBL4282,290.0,Oc1nc2ccccc2n1C1CCN(Cc2ccc(-c3nc4ccccc4nc3-c3ccccc3)cc2)CC1
CHEMBL272292,6.62,CHEMBL4282,240.0,O=C(O)c1ccc2nc(-c3ccc(CN4CCC(n5c(=O)[nH]c6ccccc65)CC4)cc3)c(-c3ccccc3)nc2c1
CHEMBL273160,6.78,CHEMBL4282,166.0,O=C(O)c1ccc2nc(-c3ccccc3)c(-c3ccc(CN4CCC(n5c(=O)[nH]c6ccccc65)CC4)cc3)nc2c1
CHEMBL574476,7.2,CHEMBL4282,63.0,O=c1[nH]c2ccccc2n1C1CCN(Cc2ccc(-c3nc4ccc(-n5cnnn5)cc4nc3-c3ccccc3)cc2)CC1
CHEMBL574289,7.7,CHEMBL4282,20.0,O=c1[nH]c2ccccc2n1C1CCN(Cc2ccc(-c3nc4cc(-n5cnnn5)ccc4nc3-c3ccccc3)cc2)CC1
CHEMBL583982,5.96,CHEMBL4282,1089.0,O=c1[nH]c2ccccc2n1C1CCN(Cc2ccc(-c3nc4ccc(Cn5cnnn5)cc4nc3-c3ccccc3)cc2)CC1
CHEMBL180231,7.07,CHEMBL4282,85.0,O=c1[nH]c2ccccc2n1C1CCN(Cc2ccc(-c3nc4cc5cn[nH]c5cc4nc3-c3ccccc3)cc2)CC1
CHEMBL577792,5.82,CHEMBL4282,1500.0,O=c1cnc(-c2ccccc2)c(-c2ccc(CN3CCC(n4c(=O)[nH]c5ccccc54)CC3)cc2)[nH]1
CHEMBL572629,6.0,CHEMBL4282,1003.0,Cc1nc(-c2ccccc2)c(-c2ccc(CN3CCC(n4c(=O)[nH]c5ccccc54)CC3)cc2)[nH]c1=O
CHEMBL575838,4.67,CHEMBL4282,21200.0,CC(C)c1nc(-c2ccccc2)c(-c2ccc(CN3CCC(n4c(=O)[nH]c5ccccc54)CC3)cc2)[nH]c1=O
CHEMBL362455,5.47,CHEMBL4282,3400.0,CC(C)(N)c1ccc(-c2nc3ccccc3nc2-c2ccccc2)cc1
CHEMBL440560,5.52,CHEMBL4282,3029.0,O=c1cnc(-c2ccc(CN3CCC(n4c(=O)[nH]c5ccccc54)CC3)cc2)c(-c2ccccc2)[nH]1
CHEMBL178397,6.12,CHEMBL4282,760.0,Cc1nc(-c2ccc(CN3CCC(n4c(=O)[nH]c5ccccc54)CC3)cc2)c(-c2ccccc2)[nH]c1=O
CHEMBL178133,4.66,CHEMBL4282,21670.0,O=c1[nH]c(-c2ccccc2)c(-c2ccc(CN3CCC(n4c(=O)[nH]c5ccccc54)CC3)cc2)nc1Cc1ccc(O)cc1
CHEMBL220006,4.8,CHEMBL4282,15800.0,O=C1C(Nc2ccccc2F)=C(Cl)C(=O)c2[nH]ncc21
CHEMBL375142,4.93,CHEMBL4282,11800.0,O=C1C(Nc2cccc(F)c2)=C(Cl)C(=O)c2[nH]ncc21
CHEMBL584181,4.8,CHEMBL4282,16000.0,O=C1C(Nc2cc(F)ccc2F)=C(Cl)C(=O)c2[nH]ncc21
CHEMBL375985,5.31,CHEMBL4282,4900.0,CCOc1ccc(NC2=C(Cl)C(=O)c3[nH]ncc3C2=O)cc1
CHEMBL222254,4.91,CHEMBL4282,12400.0,O=C1C(Nc2ccc(C(F)(F)F)cc2)=C(Cl)C(=O)c2[nH]ncc21
CHEMBL374701,4.86,CHEMBL4282,13900.0,O=C1C(Nc2cccc(Br)c2)=C(Cl)C(=O)c2[nH]ncc21
CHEMBL572400,4.91,CHEMBL4282,12300.0,O=C1C(Sc2cccc(Cl)c2Cl)=C(Cl)C(=O)c2[nH]ncc21
CHEMBL611046,5.82,CHEMBL4282,1.5,O=P(O)(O)OC1[C@H](O)[C@H](P(=O)(O)O)C(OP(=O)(O)O)[C@H](OP(=O)(O)O)[C@H]1O
CHEMBL595349,7.1,CHEMBL4282,0.08,O=P(O)(O)Oc1ccc(OP(=O)(O)O)c(OP(=O)(O)O)c1OP(=O)(O)O
CHEMBL603852,6.43,CHEMBL4282,0.37,CC1=NN(C(=O)c2ccc(Cl)cc2)C(=O)C1/N=N/c1ccc(S(=O)(=O)Nc2ncccn2)cc1
CHEMBL595581,5.44,CHEMBL4282,3.66,CC1=NN(C(=O)c2ccccc2)C(=O)C1/N=N/c1ccc(S(=O)(=O)Nc2ncccn2)cc1
CHEMBL594411,5.86,CHEMBL4282,1.37,CC1=NN(C(=O)c2ccc(C(C)(C)C)cc2)C(=O)C1/N=N/c1ccc(S(=O)(=O)Nc2ncccn2)cc1
CHEMBL594412,6.29,CHEMBL4282,0.51,CC1=NN(C(=O)c2ccc(N)cc2)C(=O)C1/N=N/c1ccc(S(=O)(=O)Nc2ncccn2)cc1
CHEMBL595347,5.87,CHEMBL4282,1.35,CC1=NN(C(=O)c2ccc(O)cc2)C(=O)C1/N=N/c1ccc(S(=O)(=O)Nc2ncccn2)cc1
CHEMBL592965,5.79,CHEMBL4282,1.62,CC1=NN(C(=O)c2ccc(Cl)cc2)C(=O)C1/N=N/c1ccc(S(=O)(=O)N(C)c2ncccn2)cc1
CHEMBL595786,4.6,CHEMBL4282,25.0,Cc1nnc(NS(=O)(=O)c2ccc(NS(=O)(=O)c3ccc4ccccc4c3)cc2)s1
CHEMBL286737,6.35,CHEMBL4282,0.45,Nc1ccc(S(=O)(=O)Nc2nncs2)cc1
CHEMBL595582,4.71,CHEMBL4282,19.6,CCCCCCCCCC(=O)Nc1ccc(S(=O)(=O)Nc2nncs2)cc1
CHEMBL595583,4.39,CHEMBL4282,40.8,CCCCCCCCCCCCc1ccc(S(=O)(=O)Nc2nncs2)cc1
CHEMBL286737,4.7,CHEMBL4282,20.0,Nc1ccc(S(=O)(=O)Nc2nncs2)cc1
CHEMBL595582,5.0,CHEMBL4282,10.0,CCCCCCCCCC(=O)Nc1ccc(S(=O)(=O)Nc2nncs2)cc1
CHEMBL595583,5.2,CHEMBL4282,6.3,CCCCCCCCCCCCc1ccc(S(=O)(=O)Nc2nncs2)cc1
CHEMBL594310,6.03,CHEMBL4282,0.93,Cc1n[nH]c2ccc(-c3cc(OC[C@@H](N)Cc4c[nH]c5ncccc45)cnc3-c3ccoc3)cc12
CHEMBL594309,6.58,CHEMBL4282,0.26,Cc1n[nH]c2ccc(-c3cc(OC[C@@H](N)Cc4c[nH]c5c(F)cccc45)cnc3-c3ccoc3)cc12
CHEMBL607374,6.66,CHEMBL4282,0.22,Cc1n[nH]c2ccc(-c3cc(OC[C@@H](N)Cc4c[nH]c5cc(F)ccc45)cnc3-c3ccoc3)cc12
CHEMBL605528,6.44,CHEMBL4282,0.36,Cc1n[nH]c2ccc(-c3cc(OC[C@@H](N)Cc4c[nH]c5ccc(F)cc45)cnc3-c3ccoc3)cc12
CHEMBL595939,7.08,CHEMBL4282,0.084,Cc1occc1-c1ncc(OC[C@@H](N)Cc2c[nH]c3ccccc23)cc1-c1ccc2[nH]nc(C)c2c1
CHEMBL593490,6.3,CHEMBL4282,0.5,Cc1[nH]nc2ccc(-c3cc(OC[C@@H](N)Cc4c[nH]c5ccccc45)cnc3-c3ccoc3)cc12
CHEMBL594517,8.0,CHEMBL4282,0.01,Cc1n[nH]c2ccc(-c3cc(OC[C@@H](N)Cc4ccccc4)cnc3-c3cc(F)ccc3O)cc12
CHEMBL595708,6.1,CHEMBL4282,0.79,Cc1n[nH]c2ccc(-c3cc(OC[C@@H](N)Cc4ccccc4)cnc3-c3ccco3)cc12
CHEMBL594750,4.98,CHEMBL4282,10.5,Cc1n[nH]c2ccc(-c3cc(OC[C@@H](N)Cc4ccccc4)cnc3C#CC(C)(C)O)cc12
CHEMBL605838,8.0,CHEMBL4282,0.01,Cc1n[nH]c2ccc(-c3cc(OC[C@@H](N)Cc4c[nH]c5cccnc45)cnc3-c3ccoc3)cc12
CHEMBL593142,7.89,CHEMBL4282,0.013,Cc1n[nH]c2ccc(-c3cc(OC[C@@H](N)Cc4c[nH]c5ccncc45)cnc3-c3ccoc3)cc12
CHEMBL594310,8.1,CHEMBL4282,0.008,Cc1n[nH]c2ccc(-c3cc(OC[C@@H](N)Cc4c[nH]c5ncccc45)cnc3-c3ccoc3)cc12
CHEMBL594309,9.0,CHEMBL4282,0.001,Cc1n[nH]c2ccc(-c3cc(OC[C@@H](N)Cc4c[nH]c5c(F)cccc45)cnc3-c3ccoc3)cc12
CHEMBL607374,9.1,CHEMBL4282,0.0008,Cc1n[nH]c2ccc(-c3cc(OC[C@@H](N)Cc4c[nH]c5cc(F)ccc45)cnc3-c3ccoc3)cc12
CHEMBL605528,9.0,CHEMBL4282,0.001,Cc1n[nH]c2ccc(-c3cc(OC[C@@H](N)Cc4c[nH]c5ccc(F)cc45)cnc3-c3ccoc3)cc12
CHEMBL595939,9.1,CHEMBL4282,0.0008,Cc1occc1-c1ncc(OC[C@@H](N)Cc2c[nH]c3ccccc23)cc1-c1ccc2[nH]nc(C)c2c1
CHEMBL593490,9.0,CHEMBL4282,0.001,Cc1[nH]nc2ccc(-c3cc(OC[C@@H](N)Cc4c[nH]c5ccccc45)cnc3-c3ccoc3)cc12
CHEMBL592898,6.14,CHEMBL4282,0.72,Cc1n[nH]c2ccc(-c3cc(OC[C@@H](N)Cc4ccccc4)cnc3C#CCCO)cc12
CHEMBL594749,7.82,CHEMBL4282,0.015,Cc1n[nH]c2ccc(-c3cc(OC[C@@H](N)Cc4ccccc4)cnc3-c3ccc[nH]3)cc12
CHEMBL604060,7.3,CHEMBL4282,0.05,Cc1n[nH]c2ccc(-c3cc(OC[C@@H](N)Cc4ccccc4)cnc3-c3ccsc3)cc12
CHEMBL594748,7.1,CHEMBL4282,0.079,Cc1n[nH]c2ccc(-c3cc(OC[C@@H](N)Cc4ccccc4)cnc3-c3cccs3)cc12
CHEMBL595709,8.0,CHEMBL4282,0.01,Cc1n[nH]c2ccc(-c3cc(OC[C@@H](N)Cc4ccccc4)cnc3-c3ccoc3)cc12
CHEMBL605733,8.52,CHEMBL4282,0.003,Cc1n[nH]c2ccc(-c3cc(OC[C@@H](N)Cc4ccccc4)cnc3-c3cc(Cl)ccc3O)cc12
CHEMBL596379,7.2,CHEMBL4282,0.063,Cc1n[nH]c2ccc(-c3cc(OC[C@@H](N)Cc4ccccc4)cnc3-c3cc(F)cc(F)c3O)cc12
CHEMBL604684,7.0,CHEMBL4282,0.1,COc1ccccc1-c1ncc(OC[C@@H](N)Cc2ccccc2)cc1-c1ccc2[nH]nc(C)c2c1
CHEMBL595685,6.3,CHEMBL4282,0.5,Cc1n[nH]c2ccc(-c3cc(OC[C@@H](N)Cc4ccccc4)cnc3-c3ccc(O)cc3)cc12
CHEMBL595684,7.1,CHEMBL4282,0.079,Cc1n[nH]c2ccc(-c3cc(OC[C@@H](N)Cc4ccccc4)cnc3-c3cccc(O)c3)cc12
CHEMBL595476,7.82,CHEMBL4282,0.015,Cc1n[nH]c2ccc(-c3cc(OC[C@@H](N)Cc4ccccc4)cnc3-c3ccccc3O)cc12
CHEMBL605732,7.3,CHEMBL4282,0.05,Cc1n[nH]c2ccc(-c3cc(OC[C@@H](N)Cc4ccccc4)cnc3-c3ccccc3)cc12
CHEMBL379218,6.9,CHEMBL4282,0.125,Cc1n[nH]c2ccc(-c3cncc(OC[C@@H](N)Cc4ccccc4)c3)cc12
CHEMBL593142,5.17,CHEMBL4282,6.8,Cc1n[nH]c2ccc(-c3cc(OC[C@@H](N)Cc4c[nH]c5ccncc45)cnc3-c3ccoc3)cc12
CHEMBL605838,5.37,CHEMBL4282,4.3,Cc1n[nH]c2ccc(-c3cc(OC[C@@H](N)Cc4c[nH]c5cccnc45)cnc3-c3ccoc3)cc12
CHEMBL596583,9.0,CHEMBL4282,0.001,Cc1occc1-c1ncc(OC[C@@H](N)Cc2c[nH]c3ccccc23)cc1-c1cnc2[nH]nc(C)c2n1
CHEMBL593374,8.52,CHEMBL4282,0.003,Cc1occc1-c1nc(N)c(OC[C@@H](N)Cc2c[nH]c3ccccc23)cc1-c1ccc2[nH]nc(C)c2c1
CHEMBL593375,9.0,CHEMBL4282,0.001,Cc1occc1-c1nc(N)c(OC[C@@H](N)Cc2c[nH]c3ccccc23)cc1-c1cnc2[nH]nc(C)c2c1
CHEMBL595944,9.0,CHEMBL4282,0.001,Cc1occc1-c1nc(N)c(OC[C@@H](N)Cc2c[nH]c3ccccc23)cc1-c1cnc2[nH]nc(C)c2n1
CHEMBL595459,9.0,CHEMBL4282,0.001,Cc1occc1-c1nc(N)c(OC[C@@H](N)Cc2c[nH]c3ccccc23)cc1-c1cc2c(C)n[nH]c2cn1
CHEMBL606467,8.0,CHEMBL4282,0.01,Cc1n[nH]c2ncc(-c3cc(OC[C@@H](N)Cc4c[nH]c5ccccc45)c(C#N)nc3-c3ccoc3)nc12
CHEMBL594523,8.52,CHEMBL4282,0.003,Cc1nc(-c2ccoc2)c(-c2cnc3[nH]nc(C)c3n2)cc1OC[C@@H](N)Cc1c[nH]c2ccccc12
CHEMBL594755,8.22,CHEMBL4282,0.006,Cc1occc1-c1nc(N)c(OC[C@@H](N)Cc2ccccc2)cc1-c1cnc2[nH]nc(C)c2n1
CHEMBL593573,6.3,CHEMBL4282,0.5,CCNc1nc(-c2ccoc2)c(-c2cnc3[nH]nc(C)c3n2)cc1OC[C@@H](N)Cc1ccccc1
CHEMBL593813,9.0,CHEMBL4282,0.001,Cc1occc1-c1nc(N)c(OC[C@@H](N)Cc2c(Cl)[nH]c3ccccc23)cc1-c1cnc2[nH]nc(C)c2n1
CHEMBL605410,9.0,CHEMBL4282,0.001,Cc1occc1-c1nc(N)c(OC[C@@H](N)Cc2c(C#N)[nH]c3ccccc23)cc1-c1cnc2[nH]nc(C)c2n1
CHEMBL594072,9.0,CHEMBL4282,0.001,Cc1occc1-c1nc(N)c(OC[C@@H](N)Cc2c(C(N)=O)[nH]c3ccccc23)cc1-c1cnc2[nH]nc(C)c2n1
CHEMBL590109,6.0,CHEMBL4282,1.0,NCCn1cc(-c2cc(-c3cc4ccccc4s3)c3[nH]ncc3c2)c2nc(N)ncc21
CHEMBL593490,9.0,CHEMBL4282,0.001,Cc1[nH]nc2ccc(-c3cc(OC[C@@H](N)Cc4c[nH]c5ccccc45)cnc3-c3ccoc3)cc12
CHEMBL596072,9.0,CHEMBL4282,0.001,Cc1n[nH]c2ncc(-c3cc(OC[C@@H](N)Cc4c[nH]c5ccccc45)cnc3-c3ccoc3)cc12
CHEMBL596073,7.92,CHEMBL4282,0.012,Cc1n[nH]c2ccc(-c3cc(OC[C@@H](N)Cc4c[nH]c5ccccc45)cnc3-c3ccoc3)nc12
CHEMBL596290,8.7,CHEMBL4282,0.002,Cc1n[nH]c2ncc(-c3cc(OC[C@@H](N)Cc4c[nH]c5ccccc45)cnc3-c3ccoc3)nc12
CHEMBL603197,9.0,CHEMBL4282,0.001,Cc1n[nH]c2cnc(-c3cc(OC[C@@H](N)Cc4c[nH]c5ccccc45)cnc3-c3ccoc3)nc12
CHEMBL594933,9.0,CHEMBL4282,0.001,Cc1n[nH]c2cnc(-c3cc(OC[C@@H](N)Cc4c[nH]c5ccccc45)cnc3-c3ccoc3)cc12
CHEMBL606245,5.62,CHEMBL4282,2400.0,Cc1c(Nc2c(C#N)cncc2/C=C/CCN2CCC[C@@H](N)C2)ccc2[nH]ccc12
CHEMBL603097,4.94,CHEMBL4282,11400.0,COc1ccc2nc3[nH]nc(C)c3c(OC)c2c1
CHEMBL521642,8.7,CHEMBL4282,2.0,CCn1c(-c2nonc2N)nc2c(C#CC(C)(C)O)ncc(OC[C@@H]3CCCNC3)c21
CHEMBL447328,8.4,CHEMBL4282,4.0,c1ccc(-c2cc3c(ccn4cnnc34)nc2-c2ccc(CN3CCC(c4n[nH]c(-c5ccccn5)n4)CC3)cc2)cc1
CHEMBL258844,7.24,CHEMBL4282,58.0,O=c1[nH]c2ccccc2n1C1CCN(Cc2ccc(-c3nc4cc5[nH]cnc5cc4nc3-c3ccccc3)cc2)CC1
CHEMBL493911,7.1,CHEMBL4282,79.0,CCn1c(-c2nonc2N)nc2cncc(OC3CCNCC3)c21
CHEMBL182101,6.56,CHEMBL4282,273.0,Cn1nnnc1-c1cnc(-c2ccc(CN3CCC(n4c(=O)[nH]c5ccccc54)CC3)cc2)c(-c2ccccc2)c1
CHEMBL1079175,8.1,CHEMBL4282,8.0,NC1(c2ccc(-c3nc4ccn5c(=O)[nH]nc5c4cc3-c3ccccc3)cc2)CCC1
CHEMBL1087281,7.12,CHEMBL4282,76.0,Cc1n[nH]c2ccc(-c3nnc(NC[C@@H](N)Cc4ccccc4)s3)cc12
CHEMBL1088613,6.7,CHEMBL4282,198.0,Cc1n[nH]c2ccc(-c3nnc(NC[C@@H](N)Cc4ccccc4F)s3)cc12
CHEMBL1080891,7.33,CHEMBL4282,47.0,Cc1n[nH]c2ccc(-c3nnc(NC[C@@H](N)Cc4ccccc4Cl)s3)cc12
CHEMBL1080892,6.31,CHEMBL4282,491.0,Cc1n[nH]c2ccc(-c3nnc(NC[C@@H](N)Cc4ccccc4C(F)(F)F)s3)cc12
CHEMBL1076553,7.42,CHEMBL4282,38.0,Cc1n[nH]c2ccc(-c3nnc(NC[C@@H](N)Cc4cccc(F)c4)s3)cc12
CHEMBL1080893,7.72,CHEMBL4282,19.0,Cc1n[nH]c2ccc(-c3nnc(NC[C@@H](N)Cc4cccc(Cl)c4)s3)cc12
CHEMBL1080561,8.21,CHEMBL4282,6.1,Cc1n[nH]c2ccc(-c3nnc(NC[C@@H](N)Cc4cccc(C(F)(F)F)c4)s3)cc12
CHEMBL1080740,8.05,CHEMBL4282,8.9,Cc1n[nH]c2ccc(-c3nnc(NC[C@@H](N)Cc4ccc(Cl)cc4)s3)cc12
CHEMBL1080911,8.26,CHEMBL4282,5.5,Cc1n[nH]c2ccc(-c3nnc(NC[C@@H](N)Cc4ccc(C(F)(F)F)cc4)s3)cc12
CHEMBL1080912,7.75,CHEMBL4282,18.0,Cc1n[nH]c2ccc(-c3nnc(NC[C@@H](N)Cc4ccc(Cl)cc4Cl)s3)cc12
CHEMBL1080913,7.85,CHEMBL4282,14.0,Cc1n[nH]c2ccc(-c3nnc(NC[C@@H](N)Cc4ccc(F)c(F)c4)s3)cc12
CHEMBL1081426,6.43,CHEMBL4282,370.0,CCc1n[nH]c2ccc(-c3nnc(NC[C@@H](N)Cc4ccccc4)s3)cc12
CHEMBL1081437,6.74,CHEMBL4282,181.0,N[C@H](CNc1nnc(-c2ccc3[nH]nc(C4CC4)c3c2)s1)Cc1ccc(C(F)(F)F)cc1
CHEMBL1081438,6.38,CHEMBL4282,413.0,N[C@H](CNc1nnc(-c2ccc3[nH]nc(-c4ccccc4)c3c2)s1)Cc1cccc(C(F)(F)F)c1
CHEMBL1076565,7.6,CHEMBL4282,25.0,N[C@H](CNc1nnc(-c2ccc3[nH]ncc3c2)s1)Cc1cccc(C(F)(F)F)c1
CHEMBL1081439,6.43,CHEMBL4282,368.0,N[C@H](CNc1nnc(-c2ccc3[nH]ncc3c2)s1)Cc1ccc(F)cc1
CHEMBL1081451,7.62,CHEMBL4282,24.0,N[C@H](CNc1nnc(-c2ccc3[nH]ncc3c2)s1)Cc1ccc(Cl)cc1
CHEMBL1081628,8.22,CHEMBL4282,6.0,N[C@H](CNc1nnc(-c2ccc3[nH]ncc3c2)s1)Cc1ccc(C(F)(F)F)cc1
CHEMBL1076581,7.4,CHEMBL4282,40.0,N[C@H](CNc1nnc(-c2ccc3[nH]ncc3c2)s1)Cc1ccc(Cl)cc1Cl
CHEMBL1081629,6.55,CHEMBL4282,280.0,Cc1cc2cc(-c3nnc(NC[C@@H](N)Cc4ccc(C(F)(F)F)cc4)s3)ccc2cn1
CHEMBL1080911,6.45,CHEMBL4282,357.0,Cc1n[nH]c2ccc(-c3nnc(NC[C@@H](N)Cc4ccc(C(F)(F)F)cc4)s3)cc12
CHEMBL1080911,6.48,CHEMBL4282,333.0,Cc1n[nH]c2ccc(-c3nnc(NC[C@@H](N)Cc4ccc(C(F)(F)F)cc4)s3)cc12
CHEMBL1081628,6.35,CHEMBL4282,444.0,N[C@H](CNc1nnc(-c2ccc3[nH]ncc3c2)s1)Cc1ccc(C(F)(F)F)cc1
CHEMBL1081628,6.81,CHEMBL4282,154.0,N[C@H](CNc1nnc(-c2ccc3[nH]ncc3c2)s1)Cc1ccc(C(F)(F)F)cc1
CHEMBL1080569,6.61,CHEMBL4282,247.0,N[C@H](CNc1nnc(-c2ccc3cnccc3c2)s1)Cc1ccc(C(F)(F)F)cc1
CHEMBL1080569,6.16,CHEMBL4282,695.0,N[C@H](CNc1nnc(-c2ccc3cnccc3c2)s1)Cc1ccc(C(F)(F)F)cc1
CHEMBL1080569,8.52,CHEMBL4282,3.0,N[C@H](CNc1nnc(-c2ccc3cnccc3c2)s1)Cc1ccc(C(F)(F)F)cc1
CHEMBL1080569,8.49,CHEMBL4282,3.2,N[C@H](CNc1nnc(-c2ccc3cnccc3c2)s1)Cc1ccc(C(F)(F)F)cc1
CHEMBL1080569,6.6,CHEMBL4282,0.25,N[C@H](CNc1nnc(-c2ccc3cnccc3c2)s1)Cc1ccc(C(F)(F)F)cc1
CHEMBL1081263,8.31,CHEMBL4282,4.9,N[C@H](CNc1ncc(-c2ccc3cnccc3c2)s1)Cc1ccc(C(F)(F)F)cc1
CHEMBL1081263,6.37,CHEMBL4282,0.43,N[C@H](CNc1ncc(-c2ccc3cnccc3c2)s1)Cc1ccc(C(F)(F)F)cc1
CHEMBL1081425,6.39,CHEMBL4282,404.0,N[C@H](CNc1cnc(-c2ccc3cnccc3c2)s1)Cc1ccc(C(F)(F)F)cc1
CHEMBL1081104,7.77,CHEMBL4282,17.0,N[C@H](CNc1cc(-c2ccc3cnccc3c2)no1)Cc1ccc(C(F)(F)F)cc1
CHEMBL1081105,7.4,CHEMBL4282,40.0,N[C@H](CCc1cc(-c2ccc3cnccc3c2)no1)Cc1ccc(C(F)(F)F)cc1
CHEMBL1081105,5.42,CHEMBL4282,3.8,N[C@H](CCc1cc(-c2ccc3cnccc3c2)no1)Cc1ccc(C(F)(F)F)cc1
CHEMBL1081118,5.8,CHEMBL4282,1600.0,N[C@H](CCc1nc(-c2ccc3cnccc3c2)no1)Cc1ccc(C(F)(F)F)cc1
CHEMBL1081119,7.07,CHEMBL4282,85.0,N[C@H](CNc1nnc(-c2ccc3cnccc3c2)o1)Cc1ccc(C(F)(F)F)cc1
CHEMBL1081295,7.94,CHEMBL4282,11.6,Nc1cc2cc(-c3cnc(NC[C@@H](N)Cc4ccc(C(F)(F)F)cc4)s3)ccc2cn1
CHEMBL1081295,6.05,CHEMBL4282,0.89,Nc1cc2cc(-c3cnc(NC[C@@H](N)Cc4ccc(C(F)(F)F)cc4)s3)ccc2cn1
CHEMBL1081296,7.46,CHEMBL4282,35.0,N[C@H](CNc1ncc(-c2ccc3cncnc3c2)s1)Cc1ccc(C(F)(F)F)cc1
CHEMBL1081296,5.89,CHEMBL4282,1.3,N[C@H](CNc1ncc(-c2ccc3cncnc3c2)s1)Cc1ccc(C(F)(F)F)cc1
CHEMBL1081974,6.85,CHEMBL4282,141.0,N[C@H](CNc1ncc(-c2ccc3nnccc3c2)s1)Cc1ccc(C(F)(F)F)cc1
CHEMBL1079625,6.21,CHEMBL4282,613.0,N[C@H](CNc1ncc(-c2ccc3cn[nH]c3c2)s1)Cc1ccc(C(F)(F)F)cc1
CHEMBL1079626,6.05,CHEMBL4282,895.0,Cn1ncc2ccc(-c3cnc(NC[C@@H](N)Cc4ccc(C(F)(F)F)cc4)s3)cc21
CHEMBL1079627,5.62,CHEMBL4282,2406.0,Cn1nc(N)c2ccc(-c3cnc(NC[C@@H](N)Cc4ccc(C(F)(F)F)cc4)s3)cc21
CHEMBL1081660,6.34,CHEMBL4282,453.0,Nc1noc2ccc(-c3cnc(NC[C@@H](N)Cc4ccc(C(F)(F)F)cc4)s3)cc12
CHEMBL1081829,8.07,CHEMBL4282,8.5,N[C@H](CNc1ncc(-c2ccc3[nH]ncc3c2)s1)Cc1ccc(C(F)(F)F)cc1
CHEMBL1081829,6.14,CHEMBL4282,0.73,N[C@H](CNc1ncc(-c2ccc3[nH]ncc3c2)s1)Cc1ccc(C(F)(F)F)cc1
CHEMBL1081830,7.11,CHEMBL4282,77.0,N[C@H](CNc1ncc(-c2ccc3nnn(N)c3c2)s1)Cc1ccc(C(F)(F)F)cc1
CHEMBL1081831,7.74,CHEMBL4282,18.3,N[C@H](CNc1ncc(-c2ccc3c(c2)CC(=O)N3)s1)Cc1ccc(C(F)(F)F)cc1
CHEMBL1081831,6.52,CHEMBL4282,0.3,N[C@H](CNc1ncc(-c2ccc3c(c2)CC(=O)N3)s1)Cc1ccc(C(F)(F)F)cc1
CHEMBL1081852,8.1,CHEMBL4282,8.0,N[C@H](CNc1ncc(-c2ccc3[nH]c(=O)oc3c2)s1)Cc1ccc(C(F)(F)F)cc1
CHEMBL1081852,6.3,CHEMBL4282,0.5,N[C@H](CNc1ncc(-c2ccc3[nH]c(=O)oc3c2)s1)Cc1ccc(C(F)(F)F)cc1
CHEMBL1081853,7.57,CHEMBL4282,27.0,N[C@H](CNc1ncc(-c2ccc3[nH]c(=O)sc3c2)s1)Cc1ccc(C(F)(F)F)cc1
CHEMBL1081853,6.04,CHEMBL4282,0.92,N[C@H](CNc1ncc(-c2ccc3[nH]c(=O)sc3c2)s1)Cc1ccc(C(F)(F)F)cc1
CHEMBL1082016,7.81,CHEMBL4282,15.4,Cn1c(=O)[nH]c2ccc(-c3cnc(NC[C@@H](N)Cc4ccc(C(F)(F)F)cc4)s3)cc21
CHEMBL1082016,6.2,CHEMBL4282,0.63,Cn1c(=O)[nH]c2ccc(-c3cnc(NC[C@@H](N)Cc4ccc(C(F)(F)F)cc4)s3)cc21
CHEMBL1082017,5.48,CHEMBL4282,3315.0,N[C@H](CNc1ncc(-c2ccc3c(c2)CCC(=O)N3)s1)Cc1ccc(C(F)(F)F)cc1
CHEMBL1081029,7.02,CHEMBL4282,95.0,N[C@H](CNc1ncc(-c2ccc3c(c2)CNC3=O)s1)Cc1ccc(C(F)(F)F)cc1
CHEMBL1081029,5.22,CHEMBL4282,6.0,N[C@H](CNc1ncc(-c2ccc3c(c2)CNC3=O)s1)Cc1ccc(C(F)(F)F)cc1
CHEMBL193261,4.22,CHEMBL4282,60.2,CC1=C(C#N)c2nc(N)c(C#N)c(C)c2/C1=C/c1ccc(-c2cccc(C(=O)O)c2)o1
CHEMBL1081198,4.3,CHEMBL4282,50.0,O=C(Nc1cccc(-c2cn3ccnc3c(NCc3ccncc3)n2)c1)Nc1cccc(C(F)(F)F)c1
CHEMBL1090008,6.4,CHEMBL4282,0.4,CCC[C@H](NC(=O)[C@H](CCCNC(=N)N)NC(=O)[C@@H]1CCCN1C(=O)[C@@H](N)CCCNC(=N)N)C(=O)N[C@@H](Cc1ccc(O)cc1)C(=O)N[C@H](CS)C(=O)N[C@@H](CCC(C)C)C(N)=O
CHEMBL1089990,6.08,CHEMBL4282,0.84,CCC[C@H](NC(=O)[C@H](CCCNC(=N)N)NC(=O)[C@@H]1CCCN1C(=O)[C@H](CCCNC(=N)N)NC(=O)[C@@H](N)CCCNC(=N)N)C(=O)N[C@@H](Cc1ccc(O)cc1)C(=O)N[C@@H](CN)C(=O)N[C@@H](CCC(C)C)C(N)=O
CHEMBL1089991,5.93,CHEMBL4282,1.17,CCC[C@H](NC(=O)[C@H](CCCNC(=N)N)NC(=O)[C@@H]1CCCN1C(=O)[C@H](CCCNC(=N)N)NC(=O)[C@H](CCCNC(=N)N)NC(C)=O)C(=O)N[C@@H](Cc1ccc(O)cc1)C(=O)N[C@@H](CN)C(=O)N[C@@H](CCC(C)C)C(N)=O
CHEMBL1090001,5.69,CHEMBL4282,2.03,CCC[C@H](NC(=O)[C@H](CCCNC(=N)N)NC(=O)[C@H](C)N(C)C(=O)[C@@H](N)CCCNC(=N)N)C(=O)N[C@@H](Cc1ccc(O)cc1)C(=O)N[C@@H](CN)C(=O)N[C@@H](CCC(C)C)C(N)=O
CHEMBL1090000,6.04,CHEMBL4282,0.92,CCC[C@H](NC(=O)[C@H](CCCNC(=N)N)NC(=O)[C@@H]1CCCN1C(=O)[C@H](CCCNC(=N)N)NC)C(=O)N[C@@H](Cc1ccc(O)cc1)C(=O)N[C@@H](CN)C(=O)N[C@@H](CCC(C)C)C(N)=O
CHEMBL1089661,6.03,CHEMBL4282,0.94,CCC[C@H](NC(=O)[C@H](CCCNC(=N)N)NC(=O)[C@@H]1CCCN1C(=O)[C@@H](N)CCCNC(=N)N)C(=O)N[C@@H](Cc1ccc(O)cc1)C(=O)N[C@@H](CN)C(=O)N[C@@H](CCC(C)C)C(N)=O
CHEMBL438485,5.35,CHEMBL4282,4.43,O=C(N[C@H]1CC[C@H](O)CC1)c1ccc2c(c1)Cc1c(-c3ccc(-c4ccc(O)cc4)cc3)n[nH]c1-2
CHEMBL1095278,6.4,CHEMBL4282,402.0,COc1cc2ncc3c(N)nc(-c4cncc(OCCN)c4)cc3c2cc1OC
CHEMBL1095279,6.15,CHEMBL4282,712.0,COc1cc2ncc3c(N)nc(-c4cncc(OC[C@H](C)N)c4)cc3c2cc1OC
CHEMBL1097955,6.42,CHEMBL4282,377.0,COc1cc2ncc3c(N)nc(-c4cncc(OC[C@@H](C)N)c4)cc3c2cc1OC
CHEMBL1097956,6.38,CHEMBL4282,422.0,CC[C@H](N)COc1cncc(-c2cc3c(cnc4cc(OC)c(OC)cc43)c(N)n2)c1
CHEMBL1094320,6.5,CHEMBL4282,318.0,CC[C@@H](N)COc1cncc(-c2cc3c(cnc4cc(OC)c(OC)cc43)c(N)n2)c1
CHEMBL1094321,6.04,CHEMBL4282,905.0,COc1cc2ncc3c(N)nc(-c4cncc(OC[C@@H](N)CC(C)C)c4)cc3c2cc1OC
CHEMBL1094637,5.86,CHEMBL4282,1395.0,COc1cc2ncc3c(N)nc(-c4cncc(OC[C@H](N)CC(C)C)c4)cc3c2cc1OC
CHEMBL1097602,6.58,CHEMBL4282,261.0,COc1cc2ncc3c(N)nc(-c4cncc(OC[C@@H](N)Cc5ccccc5)c4)cc3c2cc1OC
CHEMBL1095294,6.59,CHEMBL4282,259.0,COc1cc2ncc3c(N)nc(-c4cncc(OC[C@H](N)Cc5ccccc5)c4)cc3c2cc1OC
CHEMBL1095621,6.74,CHEMBL4282,183.0,COc1cc2ncc3c(N)nc(-c4cncc(OC[C@@H](N)Cc5ccc(F)cc5)c4)cc3c2cc1OC
CHEMBL1095622,6.6,CHEMBL4282,251.0,COc1cc2ncc3c(N)nc(-c4cncc(OC[C@H](N)Cc5ccc(F)cc5)c4)cc3c2cc1OC
CHEMBL1098302,6.68,CHEMBL4282,209.0,COc1cc2ncc3c(N)nc(-c4cncc(OC[C@@H](N)Cc5cccc(C(F)(F)F)c5)c4)cc3c2cc1OC
CHEMBL1095285,6.05,CHEMBL4282,889.0,COc1cc2ncc3c(N)nc(-c4cncc(OC[C@H](N)Cc5cccc(C(F)(F)F)c5)c4)cc3c2cc1OC
CHEMBL1095612,6.52,CHEMBL4282,302.0,COc1cc2ncc3c(N)nc(-c4cncc(OC[C@@H](N)Cc5c[nH]c6ccccc56)c4)cc3c2cc1OC
CHEMBL1097604,5.88,CHEMBL4282,1324.0,COc1cc2ncc3c(N)nc(-c4cncc(OC[C@H](N)Cc5c[nH]c6ccccc56)c4)cc3c2cc1OC
CHEMBL1095931,6.1,CHEMBL4282,793.0,COc1cc2ncc3c(N)nc(-c4cncc(OC[C@@H](N)Cc5ccccc5Cl)c4)cc3c2cc1OC
CHEMBL1096271,7.11,CHEMBL4282,78.0,COc1cc2ncc3c(N)nc(-c4cncc(OC[C@@H](N)Cc5cccc(Cl)c5)c4)cc3c2cc1OC
CHEMBL1097972,6.36,CHEMBL4282,433.0,COc1cc2ncc3c(N)nc(-c4cncc(OC[C@@H](N)Cc5ccc(Cl)c(Cl)c5)c4)cc3c2cc1OC
CHEMBL1097973,5.76,CHEMBL4282,1750.0,COc1cc2ncc3c(N)nc(-c4cncc(OC[C@@H](N)Cc5ccncc5)c4)cc3c2cc1OC
CHEMBL1099298,8.72,CHEMBL4282,1.9,CCn1c(-c2nonc2N)nc2c(C#CC(C)(C)O)nc(O[C@H](CCN)c3ccccc3)cc21
CHEMBL1099297,9.7,CHEMBL4282,0.2,CCn1c(-c2nonc2N)nc2c(C#CC(C)(C)O)nc(O[C@@H](CCN)c3ccccc3)cc21
CHEMBL1099296,8.52,CHEMBL4282,3.0,CCn1c(-c2nonc2N)nc2c(C#CC(C)(C)O)nc(O[C@H](CN)c3ccccc3)cc21
CHEMBL1099276,9.4,CHEMBL4282,0.4,CCn1c(-c2nonc2N)nc2c(C#CC(C)(C)O)nc(O[C@@H](CN)c3ccccc3)cc21
CHEMBL1098938,9.7,CHEMBL4282,0.2,CCn1c(-c2nonc2N)nc2c(C#CC(C)(C)O)nc(OC[C@H](N)Cc3ccccc3)cc21
CHEMBL1096292,6.94,CHEMBL4282,115.0,CCn1c(-c2nonc2N)nc2c(C#CC(C)(C)O)nc(OCCCN)cc21
CHEMBL1096291,8.22,CHEMBL4282,6.0,CCn1c(-c2nonc2N)nc2c(C#CC(C)(C)O)nc(OCCN)cc21
CHEMBL494089,9.0,CHEMBL4282,1.0,CCn1c(-c2nonc2N)nc2c(C#CC(C)(C)O)ncc(OC[C@H]3CCCNC3)c21
CHEMBL1097974,8.52,CHEMBL4282,3.0,CCn1c(-c2nonc2N)nc2c(C#CC(C)(C)O)nc(CCCN)cc21
CHEMBL1098316,8.52,CHEMBL4282,3.0,CCn1c(-c2nonc2N)nc2c(C#CC(C)(C)O)nc(CNC)cc21
CHEMBL1099290,8.7,CHEMBL4282,2.0,CCn1c(-c2nonc2N)nc2c(C#CC(C)(C)O)nc(CN(C)C)cc21
CHEMBL1096290,8.22,CHEMBL4282,6.0,CCn1c(-c2nonc2N)nc2c(C#CC(C)(C)O)nc(CN3CCCC3)cc21
CHEMBL1096291,8.3,CHEMBL4282,5.0,CCn1c(-c2nonc2N)nc2c(C#CC(C)(C)O)nc(OCCN)cc21
CHEMBL1096292,7.8,CHEMBL4282,16.0,CCn1c(-c2nonc2N)nc2c(C#CC(C)(C)O)nc(OCCCN)cc21
CHEMBL1096636,7.2,CHEMBL4282,63.0,CCn1c(-c2nonc2N)nc2c(C#CC(C)(C)O)nc(OCCCCN)cc21
CHEMBL1098943,7.92,CHEMBL4282,12.0,CCn1c(-c2nonc2N)nc2c(C#CC(C)(C)O)nc(OCCNC)cc21
CHEMBL1098944,8.1,CHEMBL4282,8.0,CCn1c(-c2nonc2N)nc2c(C#CC(C)(C)O)nc(OC[C@@H](C)N)cc21
CHEMBL1099281,7.89,CHEMBL4282,13.0,CCn1c(-c2nonc2N)nc2c(C#CC(C)(C)O)nc(OC[C@H](C)N)cc21
CHEMBL1096634,8.52,CHEMBL4282,3.0,CCn1c(-c2nonc2N)nc2c(C#CC(C)(C)O)nc(OC[C@H](N)c3ccccc3)cc21
CHEMBL1096626,8.3,CHEMBL4282,5.0,CCn1c(-c2nonc2N)nc2c(C#CC(C)(C)O)nc(OC[C@@H](N)c3ccccc3)cc21
CHEMBL1098938,9.22,CHEMBL4282,0.6,CCn1c(-c2nonc2N)nc2c(C#CC(C)(C)O)nc(OC[C@H](N)Cc3ccccc3)cc21
CHEMBL1098939,8.52,CHEMBL4282,3.0,CCn1c(-c2nonc2N)nc2c(C#CC(C)(C)O)nc(OC[C@@H](N)Cc3ccccc3)cc21
CHEMBL1099276,9.0,CHEMBL4282,1.0,CCn1c(-c2nonc2N)nc2c(C#CC(C)(C)O)nc(O[C@@H](CN)c3ccccc3)cc21
CHEMBL1099296,8.52,CHEMBL4282,3.0,CCn1c(-c2nonc2N)nc2c(C#CC(C)(C)O)nc(O[C@H](CN)c3ccccc3)cc21
CHEMBL1099297,8.7,CHEMBL4282,2.0,CCn1c(-c2nonc2N)nc2c(C#CC(C)(C)O)nc(O[C@@H](CCN)c3ccccc3)cc21
CHEMBL1099298,8.4,CHEMBL4282,4.0,CCn1c(-c2nonc2N)nc2c(C#CC(C)(C)O)nc(O[C@H](CCN)c3ccccc3)cc21
CHEMBL1098241,8.22,CHEMBL4282,6.0,CCn1c(-c2nonc2N)nc2c(C#CC(C)(C)O)nc(CN)cc21
CHEMBL494089,8.7,CHEMBL4282,2.0,CCn1c(-c2nonc2N)nc2c(C#CC(C)(C)O)ncc(OC[C@H]3CCCNC3)c21
CHEMBL1095624,8.4,CHEMBL4282,4.0,CCn1c(-c2nonc2N)nc2c(C#CC(C)(C)O)nc(CCN)cc21
CHEMBL1170448,6.51,CHEMBL4282,0.31,Cc1c[nH]c2ncnc(N3CC[C@](N)(CNC(=O)c4ccc(F)cc4F)C3)c12
CHEMBL1169623,6.55,CHEMBL4282,0.28,N[C@]1(CNC(=O)c2ccc(F)cc2F)CCN(c2ncnc3[nH]cc(Cl)c23)C1
CHEMBL1170447,5.73,CHEMBL4282,1.86,N#Cc1c[nH]c2ncnc(N3CC[C@](N)(CNC(=O)c4ccc(F)cc4F)C3)c12
CHEMBL1170446,6.04,CHEMBL4282,0.92,CCc1c[nH]c2ncnc(N3CC[C@](N)(CNC(=O)c4ccc(Cl)cc4)C3)c12
CHEMBL1170263,5.71,CHEMBL4282,1.95,Cc1c[nH]c2ncnc(N3CC[C@](N)(CNC(=O)c4ccc(Cl)cc4)C3)c12
CHEMBL1170445,6.46,CHEMBL4282,0.35,N[C@]1(CNC(=O)c2ccc(Cl)cc2)CCN(c2ncnc3[nH]cc(Cl)c23)C1
CHEMBL1170262,5.2,CHEMBL4282,6.34,N#Cc1c[nH]c2ncnc(N3CC[C@](N)(CNC(=O)c4ccc(Cl)cc4)C3)c12
CHEMBL1170261,6.19,CHEMBL4282,0.65,CCc1c[nH]c2ncnc(N3CC[C@](N)(CNC(=O)c4ccc(F)cc4)C3)c12
CHEMBL1169610,6.44,CHEMBL4282,0.36,N[C@]1(CNC(=O)c2ccc(F)cc2)CCN(c2ncnc3[nH]cc(Cl)c23)C1
CHEMBL1171647,6.51,CHEMBL4282,0.31,CCc1c[nH]c2ncnc(N3CC[C@](N)(CNC(=O)c4ccc(F)cc4F)C3)c12
CHEMBL1171994,5.84,CHEMBL4282,1.46,Cc1c[nH]c2ncnc(N3CC[C@](N)(CNC(=O)c4ccc(F)cc4)C3)c12
CHEMBL1171993,5.24,CHEMBL4282,5.74,N#Cc1c[nH]c2ncnc(N3CC[C@](N)(CNC(=O)c4ccc(F)cc4)C3)c12
CHEMBL1171647,9.3,CHEMBL4282,0.5,CCc1c[nH]c2ncnc(N3CC[C@](N)(CNC(=O)c4ccc(F)cc4F)C3)c12
CHEMBL1169623,8.96,CHEMBL4282,1.1,N[C@]1(CNC(=O)c2ccc(F)cc2F)CCN(c2ncnc3[nH]cc(Cl)c23)C1
CHEMBL1170448,9.0,CHEMBL4282,1.0,Cc1c[nH]c2ncnc(N3CC[C@](N)(CNC(=O)c4ccc(F)cc4F)C3)c12
CHEMBL1170447,8.11,CHEMBL4282,7.7,N#Cc1c[nH]c2ncnc(N3CC[C@](N)(CNC(=O)c4ccc(F)cc4F)C3)c12
CHEMBL1170446,8.74,CHEMBL4282,1.8,CCc1c[nH]c2ncnc(N3CC[C@](N)(CNC(=O)c4ccc(Cl)cc4)C3)c12
CHEMBL1170445,8.48,CHEMBL4282,3.3,N[C@]1(CNC(=O)c2ccc(Cl)cc2)CCN(c2ncnc3[nH]cc(Cl)c23)C1
CHEMBL1170263,7.94,CHEMBL4282,11.4,Cc1c[nH]c2ncnc(N3CC[C@](N)(CNC(=O)c4ccc(Cl)cc4)C3)c12
CHEMBL1170262,7.76,CHEMBL4282,17.5,N#Cc1c[nH]c2ncnc(N3CC[C@](N)(CNC(=O)c4ccc(Cl)cc4)C3)c12
CHEMBL1170261,8.85,CHEMBL4282,1.4,CCc1c[nH]c2ncnc(N3CC[C@](N)(CNC(=O)c4ccc(F)cc4)C3)c12
CHEMBL1169610,8.59,CHEMBL4282,2.6,N[C@]1(CNC(=O)c2ccc(F)cc2)CCN(c2ncnc3[nH]cc(Cl)c23)C1
CHEMBL1171994,8.52,CHEMBL4282,3.0,Cc1c[nH]c2ncnc(N3CC[C@](N)(CNC(=O)c4ccc(F)cc4)C3)c12
CHEMBL1171993,8.11,CHEMBL4282,7.8,N#Cc1c[nH]c2ncnc(N3CC[C@](N)(CNC(=O)c4ccc(F)cc4)C3)c12
CHEMBL1171673,8.13,CHEMBL4282,7.4,Cc1c[nH]c2ncnc(N3CCC(N)(CNC(=O)c4ccc(F)cc4)C3)c12
CHEMBL1171672,7.42,CHEMBL4282,38.0,Cc1c[nH]c2ncnc(N3CCC(N)(CNC(=O)c4cccc(F)c4)C3)c12
CHEMBL1171841,6.12,CHEMBL4282,765.0,CC(=O)NCC1(N)CCN(c2ncnc3[nH]cc(C)c23)C1
CHEMBL1171842,7.21,CHEMBL4282,62.0,Cc1c[nH]c2ncnc(N3CCC(N)(CNC(=O)c4ccccc4)C3)c12
CHEMBL1171501,7.36,CHEMBL4282,44.0,Cc1c[nH]c2ncnc(N3CCC(N)(CNC(=O)c4ccccc4F)C3)c12
CHEMBL1173384,6.8,CHEMBL4282,160.0,Cc1c[nH]c2ncnc(N3CCC(N)(CNC=O)C3)c12
CHEMBL1173384,7.25,CHEMBL4282,56.0,Cc1c[nH]c2ncnc(N3CCC(N)(CNC=O)C3)c12
CHEMBL1171299,7.24,CHEMBL4282,58.0,Cc1c[nH]c2ncnc(N3CCC(N)(CNC(=O)Cl)C3)c12
CHEMBL1171485,7.21,CHEMBL4282,61.0,Cc1c[nH]c2ncnc(N3CCC(N)(CNC(=O)C(F)(F)F)C3)c12
CHEMBL1171840,7.8,CHEMBL4282,16.0,Cc1c[nH]c2ncnc(N3CCC(N)(CNC(=O)Oc4ccccc4)C3)c12
CHEMBL1173306,5.62,CHEMBL4282,2.4,Cc1c[nH]c2ncnc(N3CC[C@@H](NCc4ccccc4)C3)c12
CHEMBL1173305,5.72,CHEMBL4282,1.9,CCN[C@@H]1CCN(c2ncnc3[nH]cc(C)c23)C1
CHEMBL1173304,6.16,CHEMBL4282,0.7,Cc1c[nH]c2ncnc(N3CC[C@@H](NC(=O)Nc4ccccc4)C3)c12
CHEMBL1173697,6.22,CHEMBL4282,0.6,Cc1c[nH]c2ncnc(N3CC[C@@H](NS(=O)(=O)c4ccccc4)C3)c12
CHEMBL1173696,5.4,CHEMBL4282,4.0,Cc1c[nH]c2ncnc(N3CC[C@@H](NS(C)(=O)=O)C3)c12
CHEMBL1170238,6.16,CHEMBL4282,0.7,Cc1c[nH]c2ncnc(N3CC[C@@H](NC(=O)c4ccccc4)C3)c12
CHEMBL1173351,5.0,CHEMBL4282,10.0,CC(=O)N[C@@H]1CCN(c2ncnc3[nH]cc(C)c23)C1
CHEMBL1173350,8.4,CHEMBL4282,4.0,Clc1c[nH]c2ncnc(N3CCC4(CCNCC4)C3)c12
CHEMBL1173349,6.7,CHEMBL4282,200.0,NC1CCCN(c2ncnc3[nH]cc(Cl)c23)C1
CHEMBL1173273,6.75,CHEMBL4282,180.0,Cc1c[nH]c2ncnc(N3CC[C@@H](N)C3)c12
CHEMBL1173272,7.17,CHEMBL4282,68.0,N[C@@H]1CCN(c2ncnc3[nH]cc(Cl)c23)C1
CHEMBL258837,8.7,CHEMBL4282,2.0,N#Cc1c[nH]c2ncnc(N3CC4(CCNCC4)c4ccccc43)c12
CHEMBL261204,6.54,CHEMBL4282,288.0,c1ccc(-c2nnc[nH]2)c(Nc2ncnc3[nH]ccc23)c1
CHEMBL2021603,6.62,CHEMBL4282,240.0,Cc1c[nH]c2ncnc(N3CC[C@H](N)C3)c12
CHEMBL603469,5.36,CHEMBL4282,4400.0,C[C@]12O[C@H](C[C@]1(O)CO)n1c3ccccc3c3c4c(c5c6ccccc6n2c5c31)CNC4=O
CHEMBL34704,4.22,CHEMBL4282,60.0,N#CC(=C(/N)Sc1ccccc1N)/C(C#N)=C(\N)Sc1ccccc1N
CHEMBL104264,5.58,CHEMBL4282,2.6,O=S(=O)(NCCNC/C=C/c1ccc(Br)cc1)c1cccc2cnccc12
CHEMBL178397,6.12,CHEMBL4282,760.0,Cc1nc(-c2ccc(CN3CCC(n4c(=O)[nH]c5ccccc54)CC3)cc2)c(-c2ccccc2)[nH]c1=O
CHEMBL608533,6.02,CHEMBL4282,950.0,CO[C@@H]1[C@H](N(C)C(=O)c2ccccc2)C[C@H]2O[C@]1(C)n1c3ccccc3c3c4c(c5c6ccccc6n2c5c31)C(=O)NC4
CHEMBL1254859,4.6,CHEMBL4282,25.0,CCc1ccc(OC(C)=O)c(Cc2cc(CCCl)ccc2OC(C)=O)c1
CHEMBL379300,9.8,CHEMBL4282,160.0,Cc1n[nH]c2ccc(-c3cncc(OC[C@@H](N)Cc4c[nH]c5ccccc45)c3)cc12
CHEMBL379300,8.6,CHEMBL4282,2.5,Cc1n[nH]c2ccc(-c3cncc(OC[C@@H](N)Cc4c[nH]c5ccccc45)c3)cc12
CHEMBL1254114,8.55,CHEMBL4282,2.8,CCCc1cc(-c2cncc(OC[C@@H](N)Cc3c[nH]c4ccccc34)c2)cc2c(C)n[nH]c12
CHEMBL1254115,7.55,CHEMBL4282,28.0,CC(C)(C)n1nc(Cc2cccc(I)c2)c2c(N)ncnc21
CHEMBL1254209,4.66,CHEMBL4282,22000.0,COc1ccccc1N1CCN(c2ncnc3[nH]nc(Br)c23)CC1
CHEMBL1258329,6.05,CHEMBL4282,884.0,N[C@H](Cc1ccccc1)C(=O)N1CCN(c2ncnc3ccccc23)CC1
CHEMBL1258330,7.7,CHEMBL4282,20.0,N[C@H](Cc1ccc(Cl)cc1)C(=O)N1CCN(c2ncnc3ccccc23)CC1
CHEMBL1258441,6.55,CHEMBL4282,284.0,N#Cc1ccc(C[C@@H](N)C(=O)N2CCN(c3ncnc4ccccc34)CC2)cc1
CHEMBL1258442,6.93,CHEMBL4282,118.0,N[C@H](Cc1ccc(F)cc1)C(=O)N1CCN(c2ncnc3ccccc23)CC1
CHEMBL1258550,6.82,CHEMBL4282,150.0,COc1ccc(C[C@@H](N)C(=O)N2CCN(c3ncnc4ccccc34)CC2)cc1
CHEMBL1258551,7.13,CHEMBL4282,74.0,Cc1ccc(C[C@@H](N)C(=O)N2CCN(c3ncnc4ccccc34)CC2)cc1
CHEMBL1258662,7.52,CHEMBL4282,30.0,N[C@H](Cc1ccc(Br)cc1)C(=O)N1CCN(c2ncnc3ccccc23)CC1
CHEMBL1258663,5.63,CHEMBL4282,2346.0,N[C@H](Cc1ccccc1Cl)C(=O)N1CCN(c2ncnc3ccccc23)CC1
CHEMBL1258778,6.22,CHEMBL4282,595.0,N[C@H](Cc1cccc(Cl)c1)C(=O)N1CCN(c2ncnc3ccccc23)CC1
CHEMBL1258779,6.85,CHEMBL4282,142.0,N[C@H](Cc1ccc(Cl)cc1Cl)C(=O)N1CCN(c2ncnc3ccccc23)CC1
CHEMBL1258898,7.29,CHEMBL4282,51.0,N[C@H](Cc1ccc(Cl)c(Cl)c1)C(=O)N1CCN(c2ncnc3ccccc23)CC1
CHEMBL1258899,7.09,CHEMBL4282,81.0,N[C@H](Cc1ccc(F)c(F)c1)C(=O)N1CCN(c2ncnc3ccccc23)CC1
CHEMBL1257163,7.02,CHEMBL4282,95.0,N[C@H](Cc1ccc(C(F)(F)F)cc1)C(=O)N1CCN(c2ncnc3ccccc23)CC1
CHEMBL1257164,5.54,CHEMBL4282,2883.0,N[C@H](Cc1ccc(-c2ccccc2)cc1)C(=O)N1CCN(c2ncnc3ccccc23)CC1
CHEMBL1257280,6.16,CHEMBL4282,690.0,N[C@H](Cc1cc(F)cc(F)c1)C(=O)N1CCN(c2ncnc3ccccc23)CC1
CHEMBL1257281,6.08,CHEMBL4282,838.0,COc1cc(C[C@@H](N)C(=O)N2CCN(c3ncnc4ccccc34)CC2)cc(OC)c1
CHEMBL1257401,7.52,CHEMBL4282,30.0,N[C@H](Cc1ccc(Cl)cc1)C(=O)N1CCN(c2ncnc3cc(F)ccc23)CC1
CHEMBL1257510,7.0,CHEMBL4282,100.0,Cc1cccc2ncnc(N3CCN(C(=O)[C@H](N)Cc4ccc(Cl)cc4)CC3)c12
CHEMBL1257511,7.27,CHEMBL4282,54.0,Cc1ccc2ncnc(N3CCN(C(=O)[C@H](N)Cc4ccc(Cl)cc4)CC3)c2c1
CHEMBL1257628,7.1,CHEMBL4282,80.0,N[C@H](Cc1ccc(Cl)cc1)C(=O)N1CCN(c2ncnc3ccc(-c4cn[nH]c4)cc23)CC1
CHEMBL1257629,7.37,CHEMBL4282,43.0,Nc1ccc2ncnc(N3CCN(C(=O)[C@H](N)Cc4ccc(Cl)cc4)CC3)c2c1
CHEMBL1257751,7.01,CHEMBL4282,98.0,CNc1ccc2ncnc(N3CCN(C(=O)[C@H](N)Cc4ccc(Cl)cc4)CC3)c2c1
CHEMBL1257752,6.27,CHEMBL4282,536.0,CN(C)c1ccc2ncnc(N3CCN(C(=O)[C@H](N)Cc4ccc(Cl)cc4)CC3)c2c1
CHEMBL1257873,6.06,CHEMBL4282,868.0,CC(=O)Nc1ccc2ncnc(N3CCN(C(=O)[C@H](N)Cc4ccc(Cl)cc4)CC3)c2c1
CHEMBL2021429,6.76,CHEMBL4282,174.0,CNS(=O)(=O)c1ccc2ncnc(N3CCN(C(=O)[C@H](N)Cc4ccc(Cl)cc4)CC3)c2c1
CHEMBL1257985,6.09,CHEMBL4282,809.0,N[C@H](Cc1ccc(Cl)cc1)C(=O)N1CCN(c2ncnc3ccc(-c4ccccc4)cc23)CC1
CHEMBL1257986,5.84,CHEMBL4282,1460.0,CC(C)(C)c1ccc2ncnc(N3CCN(C(=O)[C@H](N)Cc4ccc(Cl)cc4)CC3)c2c1
CHEMBL1258101,7.34,CHEMBL4282,46.0,N[C@H](Cc1ccc(Cl)cc1)C(=O)N1CCN(c2ccnc3ccccc23)CC1
CHEMBL1258102,4.67,CHEMBL4282,21233.0,N[C@H](Cc1ccc(Cl)cc1)C(=O)N1CCN(c2cnnc3ccccc23)CC1
CHEMBL1258215,5.48,CHEMBL4282,3321.0,N[C@H](Cc1ccc(Cl)cc1)C(=O)N1CCN(c2ccnc3ccnn23)CC1
CHEMBL1258216,6.94,CHEMBL4282,114.0,N[C@H](Cc1ccc(Cl)cc1)C(=O)N1CCN(c2ncnc3cc[nH]c23)CC1
CHEMBL1258331,8.1,CHEMBL4282,8.0,N[C@H](Cc1ccc(Cl)cc1)C(=O)N1CCN(c2ccnc3[nH]ccc23)CC1
CHEMBL1258332,5.09,CHEMBL4282,8122.0,N[C@H](Cc1ccc(Cl)cc1)C(=O)N1CCN(c2cnc3ccccn23)CC1
CHEMBL1258443,4.64,CHEMBL4282,22920.0,N[C@H](Cc1ccc(Cl)cc1)C(=O)N1CCN(c2ccncn2)CC1
CHEMBL1258444,5.69,CHEMBL4282,2048.0,N[C@H](Cc1ccc(Cl)cc1)C(=O)N1CCN(c2ccnc3cc[nH]c23)CC1
CHEMBL1258552,8.3,CHEMBL4282,5.0,N[C@H](Cc1ccc(Cl)cc1)C(=O)N1CCN(c2ncnc3[nH]ccc23)CC1
CHEMBL1258553,6.98,CHEMBL4282,104.0,N[C@H](Cc1ccc(Cl)cc1)C(=O)N1CCN(c2ncnc3[nH]ncc23)CC1
CHEMBL1258664,9.0,CHEMBL4282,1.0,Cc1c[nH]c2ncnc(N3CCN(C(=O)[C@H](N)Cc4ccc(Cl)cc4)CC3)c12
CHEMBL1258665,8.7,CHEMBL4282,2.0,CCc1c[nH]c2ncnc(N3CCN(C(=O)[C@H](N)Cc4ccc(Cl)cc4)CC3)c12
CHEMBL1258780,8.7,CHEMBL4282,2.0,N[C@H](Cc1ccc(Cl)cc1)C(=O)N1CCN(c2ncnc3[nH]cc(C4CC4)c23)CC1
CHEMBL1258781,9.0,CHEMBL4282,1.0,N[C@H](Cc1ccc(Cl)cc1)C(=O)N1CCN(c2ncnc3[nH]cc(Cl)c23)CC1
CHEMBL1236822,8.3,CHEMBL4282,5.0,NC[C@H](Cc1ccc(Cl)cc1)C(=O)N1CCN(c2ncnc3[nH]ccc23)CC1
CHEMBL1258900,8.7,CHEMBL4282,2.0,Cc1c[nH]c2ncnc(N3CCN(C(=O)[C@H](CN)Cc4ccc(Cl)cc4)CC3)c12
CHEMBL1257165,7.75,CHEMBL4282,18.0,CNC[C@H](Cc1ccc(Cl)cc1)C(=O)N1CCN(c2ncnc3[nH]ccc23)CC1
CHEMBL1257166,7.06,CHEMBL4282,88.0,CN(C)C[C@H](Cc1ccc(Cl)cc1)C(=O)N1CCN(c2ncnc3[nH]ccc23)CC1
CHEMBL1257282,8.52,CHEMBL4282,3.0,Cc1c[nH]c2ncnc(N3CCN(C(=O)[C@H](N)Cc4ccc(F)cc4)CC3)c12
CHEMBL1257283,7.52,CHEMBL4282,30.0,Cc1c[nH]c2ncnc(N3CCN(C(=O)[C@H](N)C4Cc5ccccc5C4)CC3)c12
CHEMBL1257402,8.7,CHEMBL4282,2.0,NC[C@@H](C(=O)N1CCN(c2ncnc3[nH]ccc23)CC1)c1ccc(Cl)cc1
CHEMBL1257403,7.2,CHEMBL4282,63.0,NC[C@@H](Cc1ccc(Cl)cc1)C(=O)N1CCN(c2ncnc3[nH]ccc23)CC1
CHEMBL1257512,8.7,CHEMBL4282,2.0,NC[C@@H](C(=O)N1CCN(c2ncnc3[nH]cc(Cl)c23)CC1)c1ccc(Cl)c(Cl)c1
CHEMBL1257513,6.22,CHEMBL4282,604.0,CC(C)c1ccc(C[C@@H](CN)C(=O)N2CCN(c3ncnc4[nH]ccc34)CC2)cc1
CHEMBL1255592,5.49,CHEMBL4282,3203.0,Cc1ccc2c(N3CCN(C(=O)[C@H](N)Cc4ccc(Cl)cc4)CC3)ncnc2c1
CHEMBL1258910,8.24,CHEMBL4282,5.74,Cc1ccc(-c2nc3c(C)nc(N)nc3n([C@H]3CC[C@H](OCCO)CC3)c2=O)cn1
CHEMBL1258911,7.17,CHEMBL4282,68.0,Cc1nc(N)nc2c1nc(-c1cc[nH]n1)c(=O)n2C1CCOCC1
CHEMBL1257177,7.84,CHEMBL4282,14.3,COc1ccc(-c2nc3c(C)nc(N)nc3n([C@H]3CC[C@H](O)CC3)c2=O)cn1
CHEMBL1257178,7.6,CHEMBL4282,25.0,Cc1ccc(-c2nc3c(C)nc(N)nc3n(C3CCOCC3)c2=O)cn1
CHEMBL1257295,8.24,CHEMBL4282,5.7,Cc1ccc(-c2nc3c(C)nc(N)nc3n([C@H]3CC[C@H](O)CC3)c2=O)cn1
CHEMBL1271447,5.07,CHEMBL4282,8.5,O=S(=O)(Nc1nc(NCCc2ccccc2)nc2c1CN(Cc1ccccc1)CC2)c1ccc2ccccc2c1
CHEMBL1270331,4.52,CHEMBL4282,30.0,Cc1c(Cl)cccc1S(=O)(=O)Nc1nc(NCCc2ccccc2)nc2c1CN(Cc1ccccc1)CC2
CHEMBL1257282,8.52,CHEMBL4282,3.0,Cc1c[nH]c2ncnc(N3CCN(C(=O)[C@H](N)Cc4ccc(F)cc4)CC3)c12
CHEMBL1632369,7.66,CHEMBL4282,22.0,N[C@H](Cc1ccc(Cl)cc1)C(=O)N1CCN(c2ncnc3c2CSC3)CC1
CHEMBL1632370,7.28,CHEMBL4282,52.0,N[C@H](Cc1ccc(Cl)cc1)C(=O)N1CCN(c2ncnc3c2CS(=O)(=O)C3)CC1
CHEMBL1632371,8.4,CHEMBL4282,4.0,CC1SCc2ncnc(N3CCN(C(=O)[C@H](N)Cc4ccc(Cl)cc4)CC3)c21
CHEMBL1632372,8.15,CHEMBL4282,7.0,CCC1SCc2ncnc(N3CCN(C(=O)[C@H](N)Cc4ccc(Cl)cc4)CC3)c21
CHEMBL1632373,9.0,CHEMBL4282,1.0,C[C@@H]1SCc2ncnc(N3CCN(C(=O)[C@H](N)Cc4ccc(Cl)cc4)CC3)c21
CHEMBL1632374,6.58,CHEMBL4282,260.0,C[C@H]1SCc2ncnc(N3CCN(C(=O)[C@H](N)Cc4ccc(Cl)cc4)CC3)c21
CHEMBL1632375,8.7,CHEMBL4282,2.0,C[C@@H]1SCc2ncnc(N3CCN(C(=O)[C@H](N)Cc4ccc(Cl)c(F)c4)CC3)c21
CHEMBL1632376,7.96,CHEMBL4282,11.0,C[C@@H]1SCc2ncnc(N3CCN(C(=O)[C@H](N)Cc4ccc(F)cc4)CC3)c21
CHEMBL1632377,8.4,CHEMBL4282,4.0,C[C@@H]1SCc2ncnc(N3CCN(C(=O)[C@H](N)Cc4ccc(F)c(F)c4)CC3)c21
CHEMBL1235979,7.66,CHEMBL4282,22.0,C[C@@H]1SCc2ncnc(N3CCN(C(=O)[C@H](N)Cc4c[nH]c5ccccc45)CC3)c21
CHEMBL1632378,8.15,CHEMBL4282,7.0,C[C@@H]1OCc2ncnc(N3CCN(C(=O)[C@H](N)Cc4ccc(Cl)cc4)CC3)c21
CHEMBL1632379,7.38,CHEMBL4282,42.0,C[C@@H]1SCc2ncnc(N3CCN(C(=O)C(Cc4ccc(Cl)cc4)C4(N)CC4)CC3)c21
CHEMBL1632380,8.52,CHEMBL4282,3.0,CC(C)NCC(Cc1ccc(Cl)cc1)C(=O)N1CCN(c2ncnc3c2[C@H](C)SC3)CC1
CHEMBL1632381,8.52,CHEMBL4282,3.0,C[C@@H]1SCc2ncnc(N3CCN(C(=O)C(Cc4ccc(Cl)cc4)CN4CCCC4)CC3)c21
CHEMBL1632382,8.52,CHEMBL4282,3.0,Cc1ccc(CC(CNC(C)C)C(=O)N2CCN(c3ncnc4c3[C@H](C)SC4)CC2)cc1
CHEMBL1632368,8.7,CHEMBL4282,2.0,CC(C)NCC(Cc1ccc(Cl)c(F)c1)C(=O)N1CCN(c2ncnc3c2[C@H](C)SC3)CC1
CHEMBL1632383,8.0,CHEMBL4282,10.0,CC(C)NCC(Cc1ccc(F)c(F)c1)C(=O)N1CCN(c2ncnc3c2[C@H](C)SC3)CC1
CHEMBL1632384,9.0,CHEMBL4282,1.0,CC(C)NC[C@H](Cc1ccc(Cl)cc1)C(=O)N1CCN(c2ncnc3c2[C@H](C)SC3)CC1
CHEMBL1632385,6.9,CHEMBL4282,127.0,CC(C)NC[C@@H](Cc1ccc(Cl)cc1)C(=O)N1CCN(c2ncnc3c2[C@H](C)SC3)CC1
CHEMBL1632386,8.52,CHEMBL4282,3.0,C[C@@H]1SCc2ncnc(N3CCN(C(=O)C(Cc4ccc(Cl)c(F)c4)CC4(N)CC4)CC3)c21
CHEMBL1632387,8.22,CHEMBL4282,6.0,C[C@@H]1SCc2ncnc(N3CCN(C(=O)C(Cc4ccc(Cl)cc4)CC(C)(C)N)CC3)c21
CHEMBL1632388,8.15,CHEMBL4282,7.0,C[C@@H]1SCc2ncnc(N3CCN(C(=O)C(Cc4ccc(Cl)c(F)c4)CC(C)(C)N)CC3)c21
CHEMBL1632389,7.8,CHEMBL4282,16.0,Cc1ccc(CC(CNC(C)C)C(=O)N2CCN(c3ncnc4c3[C@H](C)OC4)CC2)cc1
CHEMBL1632390,8.22,CHEMBL4282,6.0,CC(C)NCC(Cc1ccc(Cl)c(F)c1)C(=O)N1CCN(c2ncnc3c2[C@H](C)OC3)CC1
CHEMBL1632391,8.52,CHEMBL4282,3.0,CC(C)NC[C@H](Cc1ccc(Cl)cc1)C(=O)N1CCN(c2ncnc3c2[C@H](C)OC3)CC1
CHEMBL1632392,7.75,CHEMBL4282,18.0,C[C@@H]1OCc2ncnc(N3CCN(C(=O)C(Cc4ccc(Cl)c(F)c4)CC(C)(C)N)CC3)c21
CHEMBL1257282,6.8,CHEMBL4282,160.0,Cc1c[nH]c2ncnc(N3CCN(C(=O)[C@H](N)Cc4ccc(F)cc4)CC3)c12
CHEMBL1632369,5.42,CHEMBL4282,3846.0,N[C@H](Cc1ccc(Cl)cc1)C(=O)N1CCN(c2ncnc3c2CSC3)CC1
CHEMBL1632370,4.68,CHEMBL4282,21010.0,N[C@H](Cc1ccc(Cl)cc1)C(=O)N1CCN(c2ncnc3c2CS(=O)(=O)C3)CC1
CHEMBL1632371,6.51,CHEMBL4282,310.0,CC1SCc2ncnc(N3CCN(C(=O)[C@H](N)Cc4ccc(Cl)cc4)CC3)c21
CHEMBL1632372,5.92,CHEMBL4282,1201.0,CCC1SCc2ncnc(N3CCN(C(=O)[C@H](N)Cc4ccc(Cl)cc4)CC3)c21
CHEMBL1632373,6.74,CHEMBL4282,184.0,C[C@@H]1SCc2ncnc(N3CCN(C(=O)[C@H](N)Cc4ccc(Cl)cc4)CC3)c21
CHEMBL1632374,4.73,CHEMBL4282,18469.0,C[C@H]1SCc2ncnc(N3CCN(C(=O)[C@H](N)Cc4ccc(Cl)cc4)CC3)c21
CHEMBL1632375,6.75,CHEMBL4282,176.0,C[C@@H]1SCc2ncnc(N3CCN(C(=O)[C@H](N)Cc4ccc(Cl)c(F)c4)CC3)c21
CHEMBL1632376,5.8,CHEMBL4282,1592.0,C[C@@H]1SCc2ncnc(N3CCN(C(=O)[C@H](N)Cc4ccc(F)cc4)CC3)c21
CHEMBL1632377,6.22,CHEMBL4282,602.0,C[C@@H]1SCc2ncnc(N3CCN(C(=O)[C@H](N)Cc4ccc(F)c(F)c4)CC3)c21
CHEMBL1235979,5.44,CHEMBL4282,3629.0,C[C@@H]1SCc2ncnc(N3CCN(C(=O)[C@H](N)Cc4c[nH]c5ccccc45)CC3)c21
CHEMBL1632378,6.21,CHEMBL4282,615.0,C[C@@H]1OCc2ncnc(N3CCN(C(=O)[C@H](N)Cc4ccc(Cl)cc4)CC3)c21
CHEMBL1632379,5.61,CHEMBL4282,2468.0,C[C@@H]1SCc2ncnc(N3CCN(C(=O)C(Cc4ccc(Cl)cc4)C4(N)CC4)CC3)c21
CHEMBL1632380,6.8,CHEMBL4282,159.0,CC(C)NCC(Cc1ccc(Cl)cc1)C(=O)N1CCN(c2ncnc3c2[C@H](C)SC3)CC1
CHEMBL1632381,6.75,CHEMBL4282,178.0,C[C@@H]1SCc2ncnc(N3CCN(C(=O)C(Cc4ccc(Cl)cc4)CN4CCCC4)CC3)c21
CHEMBL1632382,6.67,CHEMBL4282,216.0,Cc1ccc(CC(CNC(C)C)C(=O)N2CCN(c3ncnc4c3[C@H](C)SC4)CC2)cc1
CHEMBL1632368,7.04,CHEMBL4282,92.0,CC(C)NCC(Cc1ccc(Cl)c(F)c1)C(=O)N1CCN(c2ncnc3c2[C@H](C)SC3)CC1
CHEMBL1632383,6.12,CHEMBL4282,759.0,CC(C)NCC(Cc1ccc(F)c(F)c1)C(=O)N1CCN(c2ncnc3c2[C@H](C)SC3)CC1
CHEMBL1632384,6.86,CHEMBL4282,137.0,CC(C)NC[C@H](Cc1ccc(Cl)cc1)C(=O)N1CCN(c2ncnc3c2[C@H](C)SC3)CC1
CHEMBL1632386,6.6,CHEMBL4282,250.0,C[C@@H]1SCc2ncnc(N3CCN(C(=O)C(Cc4ccc(Cl)c(F)c4)CC4(N)CC4)CC3)c21
CHEMBL1632387,6.36,CHEMBL4282,438.0,C[C@@H]1SCc2ncnc(N3CCN(C(=O)C(Cc4ccc(Cl)cc4)CC(C)(C)N)CC3)c21
CHEMBL1632388,6.23,CHEMBL4282,587.0,C[C@@H]1SCc2ncnc(N3CCN(C(=O)C(Cc4ccc(Cl)c(F)c4)CC(C)(C)N)CC3)c21
CHEMBL1632389,6.0,CHEMBL4282,995.0,Cc1ccc(CC(CNC(C)C)C(=O)N2CCN(c3ncnc4c3[C@H](C)OC4)CC2)cc1
CHEMBL1632390,6.5,CHEMBL4282,315.0,CC(C)NCC(Cc1ccc(Cl)c(F)c1)C(=O)N1CCN(c2ncnc3c2[C@H](C)OC3)CC1
CHEMBL1632391,6.9,CHEMBL4282,125.0,CC(C)NC[C@H](Cc1ccc(Cl)cc1)C(=O)N1CCN(c2ncnc3c2[C@H](C)OC3)CC1
CHEMBL1632392,6.23,CHEMBL4282,592.0,C[C@@H]1OCc2ncnc(N3CCN(C(=O)C(Cc4ccc(Cl)c(F)c4)CC(C)(C)N)CC3)c21
CHEMBL1684800,8.33,CHEMBL4282,4.72,COc1ccc(Cn2ncc(NC(=O)c3cc(NC(=O)Nc4ccc(Cl)c(C(F)(F)F)c4)ccc3C)c2N)cc1
CHEMBL1448,4.23,CHEMBL4282,59.4,O=C(Nc1ccc([N+](=O)[O-])cc1Cl)c1cc(Cl)ccc1O
CHEMBL1760758,7.39,CHEMBL4282,0.041,CCOCCN(C[C@@H](O)CN1CCCC2(CCN(c3ncnc4[nH]cc(C)c34)CC2)C1)S(=O)(=O)c1c(C)cccc1C
CHEMBL1760759,8.7,CHEMBL4282,0.002,CCOCCN(C[C@@H](O)CN1CCCC2(CCN(c3ncnc4[nH]cc(C)c34)C2)C1)S(=O)(=O)c1c(C)cccc1C
CHEMBL1760760,7.77,CHEMBL4282,0.017,CCOCCN(C[C@@H](O)CN1CCC2(CCN(c3ncnc4[nH]nc(C)c34)C2)C1)S(=O)(=O)c1c(C)cccc1C
CHEMBL1760761,7.68,CHEMBL4282,0.021,CCOCCN(C[C@@H](O)CN1CCCC2(CCN(c3ncnc4[nH]nc(C)c34)C2)C1)S(=O)(=O)c1c(C)cccc1C
CHEMBL1760762,7.42,CHEMBL4282,0.038,CCOCCN(C[C@@H](O)CN1CCCC2(CCN(c3ncnc4ccccc34)C2)C1)S(=O)(=O)c1c(C)cccc1C
CHEMBL1760763,7.92,CHEMBL4282,0.012,CCOCCN(C[C@@H](O)CN1CCCC2(CCN(c3ncncc3C3CC3)C2)C1)S(=O)(=O)c1c(C)cccc1C
CHEMBL1760764,7.92,CHEMBL4282,0.012,CCOCCN(C[C@@H](O)CN1CCCC2(CCN(c3ncnc(N)c3C3CC3)C2)C1)S(=O)(=O)c1c(C)cccc1C
CHEMBL1760765,8.05,CHEMBL4282,0.009,Cc1cccc(C)c1S(=O)(=O)N1CCC[C@H]1[C@@H](O)CN1CCC[C@@]2(CCN(c3ncnc(N)c3C3CC3)C2)C1
CHEMBL1760766,6.6,CHEMBL4282,0.25,Cc1cccc(C)c1S(=O)(=O)N1CCC[C@H]1[C@H](O)CN1CCC[C@@]2(CCN(c3ncnc(N)c3C3CC3)C2)C1
CHEMBL1760767,7.72,CHEMBL4282,0.019,Cc1cccc(C)c1S(=O)(=O)N1CCC[C@@H]1[C@@H](O)CN1CCC[C@@]2(CCN(c3ncnc(N)c3C3CC3)C2)C1
CHEMBL1760768,8.4,CHEMBL4282,0.004,Cc1cccc(C)c1S(=O)(=O)NC[C@@H](O)CN1CCC[C@@]2(CCN(c3ncnc(N)c3C3CC3)C2)C1
CHEMBL1760769,8.05,CHEMBL4282,0.009,Cc1ccccc1S(=O)(=O)NC[C@@H](O)CN1CCC[C@@]2(CCN(c3ncnc(N)c3C3CC3)C2)C1
CHEMBL1760770,7.09,CHEMBL4282,0.081,Nc1ncnc(N2CC[C@@]3(CCCN(C[C@H](O)CNS(=O)(=O)c4ccccc4F)C3)C2)c1C1CC1
CHEMBL1760771,8.05,CHEMBL4282,0.009,Nc1ncnc(N2CC[C@@]3(CCCN(C[C@H](O)CNS(=O)(=O)c4ccccc4Cl)C3)C2)c1C1CC1
CHEMBL1760772,7.77,CHEMBL4282,0.017,Nc1ncnc(N2CC[C@@]3(CCCN(C[C@H](O)CNS(=O)(=O)c4ccccc4Br)C3)C2)c1C1CC1
CHEMBL1760773,8.1,CHEMBL4282,0.008,Cc1cc(F)ccc1S(=O)(=O)NC[C@@H](O)CN1CCC[C@@]2(CCN(c3ncnc(N)c3C3CC3)C2)C1
CHEMBL1760774,6.8,CHEMBL4282,0.16,Cc1ccc(S(=O)(=O)NC[C@@H](O)CN2CCC[C@@]3(CCN(c4ncnc(N)c4C4CC4)C3)C2)c(C)c1
CHEMBL1760775,5.96,CHEMBL4282,1.1,Cc1ccncc1S(=O)(=O)NC[C@@H](O)CN1CCC[C@@]2(CCN(c3ncnc(N)c3C3CC3)C2)C1
CHEMBL1760776,8.52,CHEMBL4282,0.003,Cc1noc(C)c1S(=O)(=O)NC[C@@H](O)CN1CCC[C@@]2(CCN(c3ncnc(N)c3C3CC3)C2)C1
CHEMBL1760758,5.92,CHEMBL4282,1.2,CCOCCN(C[C@@H](O)CN1CCCC2(CCN(c3ncnc4[nH]cc(C)c34)CC2)C1)S(=O)(=O)c1c(C)cccc1C
CHEMBL1760759,6.75,CHEMBL4282,0.18,CCOCCN(C[C@@H](O)CN1CCCC2(CCN(c3ncnc4[nH]cc(C)c34)C2)C1)S(=O)(=O)c1c(C)cccc1C
CHEMBL1760760,5.51,CHEMBL4282,3.1,CCOCCN(C[C@@H](O)CN1CCC2(CCN(c3ncnc4[nH]nc(C)c34)C2)C1)S(=O)(=O)c1c(C)cccc1C
CHEMBL1760761,6.51,CHEMBL4282,0.31,CCOCCN(C[C@@H](O)CN1CCCC2(CCN(c3ncnc4[nH]nc(C)c34)C2)C1)S(=O)(=O)c1c(C)cccc1C
CHEMBL1760762,5.62,CHEMBL4282,2.4,CCOCCN(C[C@@H](O)CN1CCCC2(CCN(c3ncnc4ccccc34)C2)C1)S(=O)(=O)c1c(C)cccc1C
CHEMBL1760763,6.13,CHEMBL4282,0.74,CCOCCN(C[C@@H](O)CN1CCCC2(CCN(c3ncncc3C3CC3)C2)C1)S(=O)(=O)c1c(C)cccc1C
CHEMBL1760764,6.33,CHEMBL4282,0.47,CCOCCN(C[C@@H](O)CN1CCCC2(CCN(c3ncnc(N)c3C3CC3)C2)C1)S(=O)(=O)c1c(C)cccc1C
CHEMBL1760765,6.16,CHEMBL4282,0.69,Cc1cccc(C)c1S(=O)(=O)N1CCC[C@H]1[C@@H](O)CN1CCC[C@@]2(CCN(c3ncnc(N)c3C3CC3)C2)C1
CHEMBL1760766,4.89,CHEMBL4282,13.0,Cc1cccc(C)c1S(=O)(=O)N1CCC[C@H]1[C@H](O)CN1CCC[C@@]2(CCN(c3ncnc(N)c3C3CC3)C2)C1
CHEMBL1760767,5.62,CHEMBL4282,2.4,Cc1cccc(C)c1S(=O)(=O)N1CCC[C@@H]1[C@@H](O)CN1CCC[C@@]2(CCN(c3ncnc(N)c3C3CC3)C2)C1
CHEMBL1760768,6.05,CHEMBL4282,0.9,Cc1cccc(C)c1S(=O)(=O)NC[C@@H](O)CN1CCC[C@@]2(CCN(c3ncnc(N)c3C3CC3)C2)C1
CHEMBL1760769,5.92,CHEMBL4282,1.2,Cc1ccccc1S(=O)(=O)NC[C@@H](O)CN1CCC[C@@]2(CCN(c3ncnc(N)c3C3CC3)C2)C1
CHEMBL1760770,4.85,CHEMBL4282,14.0,Nc1ncnc(N2CC[C@@]3(CCCN(C[C@H](O)CNS(=O)(=O)c4ccccc4F)C3)C2)c1C1CC1
CHEMBL1760771,5.72,CHEMBL4282,1.9,Nc1ncnc(N2CC[C@@]3(CCCN(C[C@H](O)CNS(=O)(=O)c4ccccc4Cl)C3)C2)c1C1CC1
CHEMBL1760772,5.7,CHEMBL4282,2.0,Nc1ncnc(N2CC[C@@]3(CCCN(C[C@H](O)CNS(=O)(=O)c4ccccc4Br)C3)C2)c1C1CC1
CHEMBL1760773,5.66,CHEMBL4282,2.2,Cc1cc(F)ccc1S(=O)(=O)NC[C@@H](O)CN1CCC[C@@]2(CCN(c3ncnc(N)c3C3CC3)C2)C1
CHEMBL1760774,4.75,CHEMBL4282,18.0,Cc1ccc(S(=O)(=O)NC[C@@H](O)CN2CCC[C@@]3(CCN(c4ncnc(N)c4C4CC4)C3)C2)c(C)c1
CHEMBL1760776,6.31,CHEMBL4282,0.49,Cc1noc(C)c1S(=O)(=O)NC[C@@H](O)CN1CCC[C@@]2(CCN(c3ncnc(N)c3C3CC3)C2)C1
CHEMBL1761090,8.05,CHEMBL4282,0.009,CCOCCN(C[C@@H](O)CN1CCCC2(CCc3c(ccc4[nH]ncc34)O2)C1)S(=O)(=O)c1c(C)cccc1C
CHEMBL1761089,8.0,CHEMBL4282,0.01,CCOCCN(C[C@@H](O)CN1CCCC2(CCc3cc4c(cc3O2)CNC4=O)C1)S(=O)(=O)c1c(C)cccc1C
CHEMBL1761088,7.58,CHEMBL4282,0.026,CCOCCN(C[C@@H](O)CN1CCCC2(CCc3cc(C(N)=O)ccc3O2)C1)S(=O)(=O)c1c(C)cccc1C
CHEMBL1761089,7.46,CHEMBL4282,0.035,CCOCCN(C[C@@H](O)CN1CCCC2(CCc3cc4c(cc3O2)CNC4=O)C1)S(=O)(=O)c1c(C)cccc1C
CHEMBL1761085,7.4,CHEMBL4282,0.04,CCOCCN(C[C@@H](O)CN1CCCC2(CCc3cc(O)ccc3O2)C1)S(=O)(=O)c1c(C)cccc1C
CHEMBL1761090,7.36,CHEMBL4282,0.044,CCOCCN(C[C@@H](O)CN1CCCC2(CCc3c(ccc4[nH]ncc34)O2)C1)S(=O)(=O)c1c(C)cccc1C
CHEMBL1761084,7.16,CHEMBL4282,0.07,CCOCCN(C[C@@H](O)CN1CCCC2(CCc3cc(O)ccc3O2)C1)S(=O)(=O)c1c(C)noc1C
CHEMBL1761087,6.77,CHEMBL4282,0.17,CCOCCN(C[C@@H](O)CN1CCCC2(CCc3cc(C#N)ccc3O2)C1)S(=O)(=O)c1c(C)cccc1C
CHEMBL1761086,6.75,CHEMBL4282,0.18,CCOCCN(C[C@@H](O)CN1CCCC2(CCc3cc(F)ccc3O2)C1)S(=O)(=O)c1c(C)cccc1C
CHEMBL1761072,6.52,CHEMBL4282,0.3,Cc1noc(C)c1S(=O)(=O)N(CCOC(C)C)C[C@@H](O)CN1CCCC2(CC(=O)c3cc(O)ccc3O2)C1
CHEMBL1761083,6.52,CHEMBL4282,0.3,CCOCCN(C[C@@H](O)CN1CCCC2(CC(=O)c3cc(O)ccc3O2)C1)S(=O)(=O)c1c(C)cccc1C
CHEMBL1761082,6.3,CHEMBL4282,0.5,CCOCCN(C[C@@H](O)CN1CCCC2(CC(=O)c3cc(O)ccc3O2)C1)S(=O)(=O)c1ccccc1C
CHEMBL1761071,6.0,CHEMBL4282,1.0,CCOCCN(C[C@@H](O)CN1CCCC2(CC(=O)c3cc(O)ccc3O2)C1)S(=O)(=O)c1c(C)noc1C
CHEMBL1761077,6.0,CHEMBL4282,1.0,CCOCCN(C[C@@H](O)CN1CCCC2(CC(=O)c3cc(O)ccc3O2)C1)S(=O)(=O)c1ccccc1Cl
CHEMBL1761073,5.96,CHEMBL4282,1.1,CCCCCN(C[C@@H](O)CN1CCCC2(CC(=O)c3cc(O)ccc3O2)C1)S(=O)(=O)c1c(C)noc1C
CHEMBL1761081,5.89,CHEMBL4282,1.3,CCOCCN(C[C@@H](O)CN1CCCC2(CC(=O)c3cc(O)ccc3O2)C1)S(=O)(=O)c1ccccc1C(F)(F)F
CHEMBL1761069,5.68,CHEMBL4282,2.1,COCCN(C[C@@H](O)CN1CCCC2(CC(=O)c3cc(O)ccc3O2)C1)S(=O)(=O)c1c(C)noc1C
CHEMBL1761088,5.63,CHEMBL4282,2.36,CCOCCN(C[C@@H](O)CN1CCCC2(CCc3cc(C(N)=O)ccc3O2)C1)S(=O)(=O)c1c(C)cccc1C
CHEMBL1761087,5.59,CHEMBL4282,2.58,CCOCCN(C[C@@H](O)CN1CCCC2(CCc3cc(C#N)ccc3O2)C1)S(=O)(=O)c1c(C)cccc1C
CHEMBL1761085,5.58,CHEMBL4282,2.6,CCOCCN(C[C@@H](O)CN1CCCC2(CCc3cc(O)ccc3O2)C1)S(=O)(=O)c1c(C)cccc1C
CHEMBL1761067,5.47,CHEMBL4282,3.4,COCCN(CC(O)CN1CCCC2(CC(=O)c3cc(O)ccc3O2)C1)S(=O)(=O)c1c(C)noc1C
CHEMBL1761068,5.41,CHEMBL4282,3.9,Cc1noc(C)c1S(=O)(=O)N(Cc1ccccc1)CC(O)CN1CCCC2(CC(=O)c3cc(O)ccc3O2)C1
CHEMBL1761074,5.4,CHEMBL4282,4.0,Cc1noc(C)c1S(=O)(=O)N(C[C@@H](O)CN1CCCC2(CC(=O)c3cc(O)ccc3O2)C1)C1CCCCC1
CHEMBL1761086,5.36,CHEMBL4282,4.38,CCOCCN(C[C@@H](O)CN1CCCC2(CCc3cc(F)ccc3O2)C1)S(=O)(=O)c1c(C)cccc1C
CHEMBL1761080,5.36,CHEMBL4282,4.4,CCOCCN(C[C@@H](O)CN1CCCC2(CC(=O)c3cc(O)ccc3O2)C1)S(=O)(=O)c1ccccc1C#N
CHEMBL1761079,5.21,CHEMBL4282,6.2,CCOCCN(C[C@@H](O)CN1CCCC2(CC(=O)c3cc(O)ccc3O2)C1)S(=O)(=O)c1ccccc1F
CHEMBL1761084,5.19,CHEMBL4282,6.4,CCOCCN(C[C@@H](O)CN1CCCC2(CCc3cc(O)ccc3O2)C1)S(=O)(=O)c1c(C)noc1C
CHEMBL1761069,5.19,CHEMBL4282,6.5,COCCN(C[C@@H](O)CN1CCCC2(CC(=O)c3cc(O)ccc3O2)C1)S(=O)(=O)c1c(C)noc1C
CHEMBL1761083,4.75,CHEMBL4282,17.8,CCOCCN(C[C@@H](O)CN1CCCC2(CC(=O)c3cc(O)ccc3O2)C1)S(=O)(=O)c1c(C)cccc1C
CHEMBL1761072,4.73,CHEMBL4282,18.6,Cc1noc(C)c1S(=O)(=O)N(CCOC(C)C)C[C@@H](O)CN1CCCC2(CC(=O)c3cc(O)ccc3O2)C1
CHEMBL1761070,4.64,CHEMBL4282,22.8,COCCN(C[C@H](O)CN1CCCC2(CC(=O)c3cc(O)ccc3O2)C1)S(=O)(=O)c1c(C)noc1C
CHEMBL1761069,4.4,CHEMBL4282,40.0,COCCN(C[C@@H](O)CN1CCCC2(CC(=O)c3cc(O)ccc3O2)C1)S(=O)(=O)c1c(C)noc1C
CHEMBL1761076,4.7,CHEMBL4282,20.0,CCOCCN(C[C@@H](O)CN1CCCC2(CC(=O)c3cc(O)ccc3O2)C1)S(=O)(=O)c1ccc(Cl)cc1
CHEMBL1773572,5.55,CHEMBL4282,2800.0,CC(=O)Nc1nc2ccc(-c3ccnc(NC(C)(C)c4ccccc4)n3)cc2s1
CHEMBL1773574,5.6,CHEMBL4282,2500.0,COc1ccc(S(=O)(=O)Nc2nccc(-c3ccc4nc(NC(C)=O)sc4c3)n2)cc1
CHEMBL1773575,6.47,CHEMBL4282,336.0,COc1ccc(S(=O)(=O)N(C)c2nccc(-c3ccc4nc(NC(C)=O)sc4c3)n2)cc1
CHEMBL1773576,6.52,CHEMBL4282,305.0,CCN(c1nccc(-c2ccc3nc(NC(C)=O)sc3c2)n1)S(=O)(=O)c1ccc(OC)cc1
CHEMBL1773577,5.4,CHEMBL4282,4010.0,CC(=O)Nc1nc2ccc(-c3ccnc(NS(=O)(=O)c4ccccc4F)n3)cc2s1
CHEMBL1773578,6.17,CHEMBL4282,676.0,CC(=O)Nc1nc2ccc(-c3ccnc(N(C)S(=O)(=O)c4ccccc4F)n3)cc2s1
CHEMBL1773581,5.9,CHEMBL4282,1260.0,CC(=O)Nc1nc2ccc(-c3ccnc(NS(=O)(=O)c4ccc(C)cc4)n3)cc2s1
CHEMBL1773582,6.48,CHEMBL4282,334.0,CC(=O)Nc1nc2ccc(-c3ccnc(N(C)S(=O)(=O)c4ccc(C)cc4)n3)cc2s1
CHEMBL1773558,7.48,CHEMBL4282,33.0,COc1ccc(S(=O)(=O)Nc2cc(-c3ccc4nc(NC(C)=O)sc4c3)ccn2)cc1
CHEMBL1773599,6.99,CHEMBL4282,103.0,COc1ccc(S(=O)(=O)Nc2cncc(-c3ccc4nc(NC(C)=O)sc4c3)c2)cc1
CHEMBL1773600,6.13,CHEMBL4282,739.0,COc1ccc(S(=O)(=O)Nc2cncc(-c3ccc4nc(NC(C)=O)sc4c3)n2)cc1
CHEMBL1773601,5.94,CHEMBL4282,1160.0,COc1ccc(S(=O)(=O)Nc2cccc(-c3ccc4nc(NC(C)=O)sc4c3)c2)cc1
CHEMBL1773602,6.12,CHEMBL4282,757.0,COc1ccc(S(=O)(=O)Nc2cc(-c3ccc4nc(NC(C)=O)sc4c3)cnc2C#N)cc1
CHEMBL1773603,7.75,CHEMBL4282,18.0,COc1ccc(S(=O)(=O)Nc2cc(-c3ccc4nc(NC(C)=O)sc4c3)cnc2C)cc1
CHEMBL1773604,8.3,CHEMBL4282,5.0,COc1ccc(S(=O)(=O)Nc2cc(-c3ccc4nc(NC(C)=O)sc4c3)cnc2Cl)cc1
CHEMBL1773605,8.3,CHEMBL4282,5.0,CC(=O)Nc1nc2ccc(-c3cnc(Cl)c(NS(=O)(=O)c4ccccc4)c3)cc2s1
CHEMBL1773606,8.1,CHEMBL4282,8.0,CC(=O)Nc1nc2ccc(-c3cnc(Cl)c(NS(=O)(=O)c4ccccc4C(F)(F)F)c3)cc2s1
CHEMBL1773728,7.92,CHEMBL4282,12.0,CC(=O)Nc1nc2ccc(-c3cnc(Cl)c(NS(=O)(=O)c4cccc(C(F)(F)F)c4)c3)cc2s1
CHEMBL1773729,7.72,CHEMBL4282,19.0,CC(=O)Nc1nc2ccc(-c3cnc(Cl)c(NS(=O)(=O)c4ccc(C(F)(F)F)cc4)c3)cc2s1
CHEMBL1773730,8.31,CHEMBL4282,4.9,CC(=O)Nc1nc2ccc(-c3cnc(Cl)c(NS(=O)(=O)c4ccccc4Cl)c3)cc2s1
CHEMBL1773731,7.92,CHEMBL4282,12.0,CC(=O)Nc1nc2ccc(-c3cnc(Cl)c(NS(=O)(=O)c4cccc(Cl)c4)c3)cc2s1
CHEMBL1773732,8.06,CHEMBL4282,8.7,CC(=O)Nc1nc2ccc(-c3cnc(Cl)c(NS(=O)(=O)c4ccc(Cl)cc4)c3)cc2s1
CHEMBL1773733,7.89,CHEMBL4282,13.0,CC(=O)Nc1nc2ccc(-c3cnc(Cl)c(NS(=O)(=O)c4cccc(C(C)(C)C)c4)c3)cc2s1
CHEMBL1773734,8.15,CHEMBL4282,7.0,CC(=O)Nc1nc2ccc(-c3cnc(Cl)c(NS(=O)(=O)c4ccc(C(C)(C)C)cc4)c3)cc2s1
CHEMBL1773735,8.05,CHEMBL4282,9.0,CC(=O)Nc1nc2ccc(-c3cnc(Cl)c(NS(=O)(=O)c4ccccc4F)c3)cc2s1
CHEMBL1773736,7.89,CHEMBL4282,13.0,CC(=O)Nc1nc2ccc(-c3cnc(Cl)c(NS(=O)(=O)c4cccc(F)c4)c3)cc2s1
CHEMBL1615189,8.2,CHEMBL4282,6.3,CC(=O)Nc1nc2ccc(-c3cnc(Cl)c(NS(=O)(=O)c4ccc(F)cc4)c3)cc2s1
CHEMBL1089661,6.03,CHEMBL4282,0.94,CCC[C@H](NC(=O)[C@H](CCCNC(=N)N)NC(=O)[C@@H]1CCCN1C(=O)[C@@H](N)CCCNC(=N)N)C(=O)N[C@@H](Cc1ccc(O)cc1)C(=O)N[C@@H](CN)C(=O)N[C@@H](CCC(C)C)C(N)=O
CHEMBL1800146,6.02,CHEMBL4282,0.95,CCC[C@H](NC(=O)[C@H](CCCNC(=N)N)NC(=O)[C@H](CC1CCCCC1)NC(=O)[C@@H](N)CCCNC(=N)N)C(=O)N[C@@H](Cc1ccc(O)cc1)C(=O)N[C@@H](CN)C(=O)N[C@@H](CCC(C)C)C(N)=O
CHEMBL1800260,6.07,CHEMBL4282,0.86,CCC[C@H](NC(=O)[C@H](CCCNC(=N)N)NC(=O)[C@H](CN)NC(=O)[C@@H](N)CCCNC(=N)N)C(=O)N[C@@H](Cc1ccc(O)cc1)C(=O)N[C@@H](CN)C(=O)N[C@@H](CCC(C)C)C(N)=O
CHEMBL1800262,5.67,CHEMBL4282,2.15,CCC[C@H](NC(=O)[C@H](CCCNC(=N)N)NC(=O)[C@H](CCCCN)NC(=O)[C@@H](N)CCCNC(=N)N)C(=O)N[C@@H](Cc1ccc(O)cc1)C(=O)N[C@@H](CN)C(=O)N[C@@H](CCC(C)C)C(N)=O
CHEMBL1800265,6.5,CHEMBL4282,0.32,CCC[C@H](NC(=O)[C@H](CCCNC(=N)N)NC(=O)CN(CCCN)C(=O)[C@@H](N)CCCNC(=N)N)C(=O)N[C@@H](Cc1ccc(O)cc1)C(=O)N[C@@H](CN)C(=O)N[C@@H](CCC(C)C)C(=O)N(CCN)CC(N)=O
CHEMBL1800266,6.66,CHEMBL4282,0.22,CCC[C@H](NC(=O)[C@H](CCCNC(=N)N)NC(=O)CN(CCCCN)C(=O)[C@@H](N)CCCNC(=N)N)C(=O)N[C@@H](Cc1ccc(O)cc1)C(=O)N[C@@H](CN)C(=O)N[C@@H](CCC(C)C)C(=O)N(CCN)CC(N)=O
CHEMBL1800267,6.5,CHEMBL4282,0.32,CCC[C@H](NC(=O)[C@H](CCCNC(=N)N)NC(=O)CN(CCCCCCN)C(=O)[C@@H](N)CCCNC(=N)N)C(=O)N[C@@H](Cc1ccc(O)cc1)C(=O)N[C@@H](CN)C(=O)N[C@@H](CCC(C)C)C(=O)N(CCN)CC(N)=O
CHEMBL1800259,6.6,CHEMBL4282,0.25,CCC[C@H](NC(=O)[C@H](CCCNC(=N)N)NC(=O)CN(CCN)C(=O)[C@@H](N)CCCNC(=N)N)C(=O)N[C@@H](Cc1ccc(O)cc1)C(=O)N[C@@H](CN)C(=O)N[C@@H](CCC(C)C)C(=O)N(CCCN)CC(N)=O
CHEMBL1800268,6.89,CHEMBL4282,0.13,CCC[C@H](NC(=O)[C@H](CCCNC(=N)N)NC(=O)CN(CCCN)C(=O)[C@@H](N)CCCNC(=N)N)C(=O)N[C@@H](Cc1ccc(O)cc1)C(=O)N[C@@H](CN)C(=O)N[C@@H](CCC(C)C)C(=O)N(CCCN)CC(N)=O
CHEMBL1800269,6.82,CHEMBL4282,0.15,CCC[C@H](NC(=O)[C@H](CCCNC(=N)N)NC(=O)CN(CCCCN)C(=O)[C@@H](N)CCCNC(=N)N)C(=O)N[C@@H](Cc1ccc(O)cc1)C(=O)N[C@@H](CN)C(=O)N[C@@H](CCC(C)C)C(=O)N(CCCN)CC(N)=O
CHEMBL1800386,6.96,CHEMBL4282,0.11,CCC[C@H](NC(=O)[C@H](CCCNC(=N)N)NC(=O)CN(CCCCCCN)C(=O)[C@@H](N)CCCNC(=N)N)C(=O)N[C@@H](Cc1ccc(O)cc1)C(=O)N[C@@H](CN)C(=O)N[C@@H](CCC(C)C)C(=O)N(CCCN)CC(N)=O
CHEMBL1800387,6.75,CHEMBL4282,0.176,CCC[C@H](NC(=O)[C@H](CCCNC(=N)N)NC(=O)CN(CCN)C(=O)[C@@H](N)CCCNC(=N)N)C(=O)N[C@@H](Cc1ccc(O)cc1)C(=O)N[C@@H](CN)C(=O)N[C@@H](CCC(C)C)C(=O)N(CCCCN)CC(N)=O
CHEMBL1800388,6.89,CHEMBL4282,0.128,CCC[C@H](NC(=O)[C@H](CCCNC(=N)N)NC(=O)CN(CCCN)C(=O)[C@@H](N)CCCNC(=N)N)C(=O)N[C@@H](Cc1ccc(O)cc1)C(=O)N[C@@H](CN)C(=O)N[C@@H](CCC(C)C)C(=O)N(CCCCN)CC(N)=O
CHEMBL1800389,6.89,CHEMBL4282,0.13,CCC[C@H](NC(=O)[C@H](CCCNC(=N)N)NC(=O)CN(CCCCN)C(=O)[C@@H](N)CCCNC(=N)N)C(=O)N[C@@H](Cc1ccc(O)cc1)C(=O)N[C@@H](CN)C(=O)N[C@@H](CCC(C)C)C(=O)N(CCCCN)CC(N)=O
CHEMBL1800390,6.8,CHEMBL4282,0.16,CCC[C@H](NC(=O)[C@H](CCCNC(=N)N)NC(=O)CN(CCCCCCN)C(=O)[C@@H](N)CCCNC(=N)N)C(=O)N[C@@H](Cc1ccc(O)cc1)C(=O)N[C@@H](CN)C(=O)N[C@@H](CCC(C)C)C(=O)N(CCCCN)CC(N)=O
CHEMBL1800399,6.04,CHEMBL4282,0.92,CCC[C@@H]1NC(=O)[C@H](CCCNC(=N)N)NC(=O)CN(C(=O)[C@@H](N)CCCNC(=N)N)CCNC(=O)NCCCN(CC(N)=O)C(=O)[C@H](CCC(C)C)NC(=O)[C@H](CN)NC(=O)[C@H](Cc2ccc(O)cc2)NC1=O
CHEMBL1800400,6.23,CHEMBL4282,0.59,CCC[C@@H]1NC(=O)[C@H](CCCNC(=N)N)NC(=O)CN(C(=O)[C@@H](N)CCCNC(=N)N)CCCNC(=O)NCCCN(CC(N)=O)C(=O)[C@H](CCC(C)C)NC(=O)[C@H](CN)NC(=O)[C@H](Cc2ccc(O)cc2)NC1=O
CHEMBL1800402,6.8,CHEMBL4282,0.16,CCC[C@@H]1NC(=O)[C@H](CCCNC(=N)N)NC(=O)CN(C(=O)[C@@H](N)CCCNC(=N)N)CCCCCCNC(=O)NCCCN(CC(N)=O)C(=O)[C@H](CCC(C)C)NC(=O)[C@H](CN)NC(=O)[C@H](Cc2ccc(O)cc2)NC1=O
CHEMBL1800403,6.55,CHEMBL4282,0.282,CCC[C@@H]1NC(=O)[C@H](CCCNC(=N)N)NC(=O)CN(C(=O)[C@@H](N)CCCNC(=N)N)CCNC(=O)NCCCCN(CC(N)=O)C(=O)[C@H](CCC(C)C)NC(=O)[C@H](CN)NC(=O)[C@H](Cc2ccc(O)cc2)NC1=O
CHEMBL1800566,6.77,CHEMBL4282,0.17,CCC[C@@H]1NC(=O)[C@H](CCCNC(=N)N)NC(=O)CN(C(=O)[C@@H](N)CCCNC(=N)N)CCCCNC(=O)NCCCCN(CC(N)=O)C(=O)[C@H](CCC(C)C)NC(=O)[C@H](CN)NC(=O)[C@H](Cc2ccc(O)cc2)NC1=O
CHEMBL1800567,6.55,CHEMBL4282,0.28,CCC[C@@H]1NC(=O)[C@H](CCCNC(=N)N)NC(=O)CN(C(=O)[C@@H](N)CCCNC(=N)N)CCCCCCNC(=O)NCCCCN(CC(N)=O)C(=O)[C@H](CCC(C)C)NC(=O)[C@H](CN)NC(=O)[C@H](Cc2ccc(O)cc2)NC1=O
CHEMBL1800568,6.54,CHEMBL4282,0.29,CCC[C@@H]1NC(=O)[C@H](CCCNC(=N)N)NC(=O)CN(C(=O)[C@@H](N)CCCNC(=N)N)CCNC(=O)NCCCCCCN(CC(N)=O)C(=O)[C@H](CCC(C)C)NC(=O)[C@H](CN)NC(=O)[C@H](Cc2ccc(O)cc2)NC1=O
CHEMBL1800569,6.5,CHEMBL4282,0.32,CCC[C@@H]1NC(=O)[C@H](CCCNC(=N)N)NC(=O)CN(C(=O)[C@@H](N)CCCNC(=N)N)CCCNC(=O)NCCCCCCN(CC(N)=O)C(=O)[C@H](CCC(C)C)NC(=O)[C@H](CN)NC(=O)[C@H](Cc2ccc(O)cc2)NC1=O
CHEMBL1800698,6.41,CHEMBL4282,0.39,CCC[C@@H]1NC(=O)[C@H](CCCNC(=N)N)NC(=O)CNCCNC(=O)NCCN(CC(N)=O)C(=O)[C@H](CCC(C)C)NC(=O)[C@H](CN)NC(=O)[C@H](Cc2ccc(O)cc2)NC1=O
CHEMBL1800699,6.62,CHEMBL4282,0.24,CCC[C@@H]1NC(=O)[C@H](CCCNC(=N)N)NC(=O)CNCCCNC(=O)NCCN(CC(N)=O)C(=O)[C@H](CCC(C)C)NC(=O)[C@H](CN)NC(=O)[C@H](Cc2ccc(O)cc2)NC1=O
CHEMBL471034,6.72,CHEMBL4282,190.0,NCC(NC(=O)c1ccc(-c2ccnc3[nH]ccc23)s1)c1ccccc1
CHEMBL1615189,8.2,CHEMBL4282,6.3,CC(=O)Nc1nc2ccc(-c3cnc(Cl)c(NS(=O)(=O)c4ccc(F)cc4)c3)cc2s1
CHEMBL1822052,7.36,CHEMBL4282,44.0,Nc1nc2ccc(-c3cnc(Cl)c(NS(=O)(=O)c4ccc(F)cc4)c3)cc2s1
CHEMBL1822053,6.11,CHEMBL4282,769.0,O=S(=O)(Nc1cc(-c2ccc3ncsc3c2)cnc1Cl)c1ccc(F)cc1
CHEMBL1822054,7.89,CHEMBL4282,13.0,CC(=O)Nc1cn2nc(-c3cnc(Cl)c(NS(=O)(=O)c4ccc(F)cc4)c3)ccc2n1
CHEMBL1822055,6.38,CHEMBL4282,415.0,Nc1cn2nc(-c3cnc(Cl)c(NS(=O)(=O)c4ccc(F)cc4)c3)ccc2n1
CHEMBL1822056,7.3,CHEMBL4282,50.0,O=S(=O)(Nc1cc(-c2ccc3nccn3n2)cnc1Cl)c1ccc(F)cc1
CHEMBL1822057,6.93,CHEMBL4282,118.0,CC(=O)Nc1cn2cc(-c3cnc(Cl)c(NS(=O)(=O)c4ccc(F)cc4)c3)ccc2n1
CHEMBL1822059,6.24,CHEMBL4282,574.0,O=S(=O)(Nc1cc(-c2ccc3nccn3c2)cnc1Cl)c1ccc(F)cc1
CHEMBL1822060,6.47,CHEMBL4282,335.0,CC(=O)Nc1nc2ccc(-c3cnc(Cl)c(NS(=O)(=O)c4ccc(F)cc4)c3)cc2[nH]1
CHEMBL1822210,5.96,CHEMBL4282,1100.0,CC(=O)Nc1nc2ccc(-c3cnc(Cl)c(NS(=O)(=O)c4ccc(F)cc4)c3)cc2o1
CHEMBL1822211,7.0,CHEMBL4282,101.0,Nc1nc2ccc(-c3cnc(Cl)c(NS(=O)(=O)c4ccc(F)cc4)c3)cc2o1
CHEMBL1080569,8.52,CHEMBL4282,0.003,N[C@H](CNc1nnc(-c2ccc3cnccc3c2)s1)Cc1ccc(C(F)(F)F)cc1
CHEMBL1823630,7.7,CHEMBL4282,0.02,N[C@H](CNc1nnc(-c2ccc3c(c2)CC(=O)N3)s1)Cc1ccc(C(F)(F)F)cc1
CHEMBL1823631,5.47,CHEMBL4282,3.38,N[C@H](CNC(=O)c1ccc2cnccc2c1)Cc1ccc(C(F)(F)F)cc1
CHEMBL1823632,6.07,CHEMBL4282,0.85,O=C(NC(c1ccccc1)C1CCNCC1)c1ccc2cnccc2c1
CHEMBL1823633,6.4,CHEMBL4282,0.4,O=C(NC(c1ccc2ccccc2c1)C1CCNCC1)c1ccc2cnccc2c1
CHEMBL1823634,5.8,CHEMBL4282,1.57,O=C(NC(c1nccs1)C1CCNCC1)c1ccc2cnccc2c1
CHEMBL1823635,5.82,CHEMBL4282,1.51,COc1ccc(C(NC(=O)c2ccc3cnccc3c2)C2CCNCC2)cc1F
CHEMBL1823636,5.57,CHEMBL4282,2.68,O=C(NC(c1ccc(F)c(F)c1)C1CCNCC1)c1ccc2cnccc2c1
CHEMBL1823637,6.7,CHEMBL4282,0.2,O=C(NC(c1ccc(Cl)c(-c2ccccc2)c1)C1CCNCC1)c1ccc2cnccc2c1
CHEMBL1823638,7.1,CHEMBL4282,0.08,N#Cc1cc(C(NC(=O)c2ccc3cnccc3c2)C2CCNCC2)ccc1Cl
CHEMBL1823639,7.16,CHEMBL4282,0.07,O=C(NC(c1cccc(Cl)c1)C1CCNCC1)c1ccc2cnccc2c1
CHEMBL1823640,6.72,CHEMBL4282,0.19,O=C(NC(c1ccc(Cl)cc1)C1CCNCC1)c1ccc2cnccc2c1
CHEMBL1823641,7.4,CHEMBL4282,0.04,O=C(NC(c1ccc(Cl)c(F)c1)C1CCNCC1)c1ccc2cnccc2c1
CHEMBL1823642,6.92,CHEMBL4282,0.12,O=C(NC(c1cccc(Cl)c1Cl)C1CCNCC1)c1ccc2cnccc2c1
CHEMBL1823643,7.4,CHEMBL4282,0.04,O=C(NC(c1ccc(Cl)c(Cl)c1)C1CCNCC1)c1ccc2cnccc2c1
CHEMBL1823644,6.85,CHEMBL4282,0.14,O=C(NC(c1cnc(Cl)c(Cl)c1)C1CCNCC1)c1ccc2cnccc2c1
CHEMBL1823645,6.46,CHEMBL4282,0.35,O=C1Cc2cc(C(=O)NC(c3ccc(Cl)c(Cl)c3)C3CCNCC3)ccc2N1
CHEMBL1823646,6.34,CHEMBL4282,0.46,O=C(NC(c1ccc(Cl)c(Cl)c1)C1CCNCC1)c1ccc2[nH]c(=O)oc2c1
CHEMBL1823647,6.6,CHEMBL4282,0.25,O=C(NC(c1ccc(Cl)c(Cl)c1)C1CCNCC1)c1ccc2[nH]ncc2c1
CHEMBL1823648,6.48,CHEMBL4282,0.33,O=C(NC(c1ccc(Cl)c(Cl)c1)C1CCNCC1)c1ccc2cnncc2c1
CHEMBL1823649,7.41,CHEMBL4282,0.039,COc1cc2cnccc2cc1C(=O)NC(c1ccc(Cl)c(Cl)c1)C1CCNCC1
CHEMBL1823650,5.16,CHEMBL4282,6.85,COc1ccc(-c2cc3cnccc3cc2C(=O)NC(c2ccc(Cl)c(Cl)c2)C2CCNCC2)cc1
CHEMBL1823651,7.7,CHEMBL4282,0.02,O=C(NC(c1ccc(Cl)c(Cl)c1)C1CCNCC1)c1ccc2cnc(F)cc2c1
CHEMBL1823652,6.85,CHEMBL4282,0.14,O=C(NC(c1ccc(Cl)c(Cl)c1)C1CCNCC1)c1ccc2cnc(Cl)cc2c1
CHEMBL1823653,7.7,CHEMBL4282,0.02,O=C(NC(c1ccc(Cl)c(Cl)c1)C1CCCNC1)c1ccc2cnccc2c1
CHEMBL1823654,7.52,CHEMBL4282,0.03,O=C(NC(c1ccc(Cl)c(Cl)c1)C1CCNC1)c1ccc2cnccc2c1
CHEMBL1823655,8.15,CHEMBL4282,0.007,O=C(N[C@@H](c1ccc(Cl)c(Cl)c1)C1CNC1)c1ccc2cnccc2c1
CHEMBL1823656,6.96,CHEMBL4282,0.11,O=C(N[C@H](c1ccc(Cl)c(Cl)c1)C1CNC1)c1ccc2cnccc2c1
CHEMBL1823657,5.24,CHEMBL4282,5.8,O=C(NC(c1ccc(Cl)c(Cl)c1)C1CCCCC1)c1ccc2cnccc2c1
CHEMBL1823658,4.9,CHEMBL4282,12.65,O=C(NC(c1cncnc1)c1ccc(Cl)c(Cl)c1)c1ccc2cnccc2c1
CHEMBL1823659,4.69,CHEMBL4282,20.44,O=C(NC(c1ccncc1)c1ccc(Cl)c(Cl)c1)c1ccc2cnccc2c1
CHEMBL1823660,5.67,CHEMBL4282,2.14,CC(C)CN1CCC([C@@H](NC(=O)c2ccc3cnccc3c2)c2ccc(Cl)c(Cl)c2)CC1
CHEMBL1823661,6.62,CHEMBL4282,0.24,O=C(N[C@@H](c1ccc(Cl)c(Cl)c1)C1CCN(Cc2ccccc2)CC1)c1ccc2cnccc2c1
CHEMBL1823662,5.64,CHEMBL4282,2.3,O=C(N[C@@H](c1ccc(Cl)c(Cl)c1)C1CCN(Cc2ccc(C(F)(F)F)cc2)CC1)c1ccc2cnccc2c1
CHEMBL1823663,8.15,CHEMBL4282,0.007,CN1CC([C@@H](NC(=O)c2ccc3cnccc3c2)c2ccc(Cl)c(Cl)c2)C1
CHEMBL1080569,6.6,CHEMBL4282,0.25,N[C@H](CNc1nnc(-c2ccc3cnccc3c2)s1)Cc1ccc(C(F)(F)F)cc1
CHEMBL1823630,6.52,CHEMBL4282,0.3,N[C@H](CNc1nnc(-c2ccc3c(c2)CC(=O)N3)s1)Cc1ccc(C(F)(F)F)cc1
CHEMBL1823651,6.41,CHEMBL4282,0.39,O=C(NC(c1ccc(Cl)c(Cl)c1)C1CCNCC1)c1ccc2cnc(F)cc2c1
CHEMBL1823655,6.62,CHEMBL4282,0.24,O=C(N[C@@H](c1ccc(Cl)c(Cl)c1)C1CNC1)c1ccc2cnccc2c1
CHEMBL608533,6.02,CHEMBL4282,950.0,CO[C@@H]1[C@H](N(C)C(=O)c2ccccc2)C[C@H]2O[C@]1(C)n1c3ccccc3c3c4c(c5c6ccccc6n2c5c31)C(=O)NC4
CHEMBL379218,7.12,CHEMBL4282,76.0,Cc1n[nH]c2ccc(-c3cncc(OC[C@@H](N)Cc4ccccc4)c3)cc12
CHEMBL603469,5.36,CHEMBL4282,4400.0,C[C@]12O[C@H](C[C@]1(O)CO)n1c3ccccc3c3c4c(c5c6ccccc6n2c5c31)CNC4=O
CHEMBL494089,8.66,CHEMBL4282,2.2,CCn1c(-c2nonc2N)nc2c(C#CC(C)(C)O)ncc(OC[C@H]3CCCNC3)c21
CHEMBL388978,7.7,CHEMBL4282,20.0,CN[C@@H]1C[C@H]2O[C@@](C)([C@@H]1OC)n1c3ccccc3c3c4c(c5c6ccccc6n2c5c31)C(=O)NC4
CHEMBL1915456,4.07,CHEMBL4282,85.9,CC(C)=CCc1cc(C(=O)/C=C/c2cccc(O)c2)c(O)cc1O
CHEMBL1915458,4.26,CHEMBL4282,54.48,CC(C)=CCc1c(O)cc2oc(-c3ccc(O)cc3O)cc(=O)c2c1O
CHEMBL1915459,5.27,CHEMBL4282,5.4,CC(C)=CCc1c(O)cc2oc(-c3ccc(O)c(O)c3)cc(=O)c2c1O
CHEMBL1783943,5.41,CHEMBL4282,3.9,CC(C)=CCc1c(O)cc(O)c2c(=O)cc(-c3ccc(O)c(O)c3)oc12
CHEMBL104264,5.75,CHEMBL4282,1.8,O=S(=O)(NCCNC/C=C/c1ccc(Br)cc1)c1cccc2cnccc12
CHEMBL388978,8.3,CHEMBL4282,4.95,CN[C@@H]1C[C@H]2O[C@@](C)([C@@H]1OC)n1c3ccccc3c3c4c(c5c6ccccc6n2c5c31)C(=O)NC4
CHEMBL1922692,4.4,CHEMBL4282,40.2,CC(C)[C@H](NC(=O)[C@@H]1CC[C@H]2[C@H](NC(=O)CCCCNC(=N)N)COC(=O)N12)C(=O)NC(Cc1ccccc1)C(=O)NCc1ccccc1
CHEMBL1922693,4.79,CHEMBL4282,16.3,CC(C)[C@H](NC(=O)[C@@H]1CC[C@H]2[C@H](NC(=O)[C@H](CCCNC(=N)N)NC(=O)c3ccccc3)COC(=O)N12)C(=O)NC(Cc1ccccc1)C(=O)NCc1ccccc1
CHEMBL1922694,4.82,CHEMBL4282,15.0,CC(C)[C@H](NC(=O)[C@@H]1CC[C@H]2[C@H](NC(=O)[C@H](CCCNC(=N)N)NC(=O)Cc3ccccc3)COC(=O)N12)C(=O)NC(Cc1ccccc1)C(=O)NCc1ccccc1
CHEMBL1922695,5.51,CHEMBL4282,3.1,CC(C)[C@H](NC(=O)[C@@H]1CC[C@H]2[C@H](NC(=O)[C@H](CCCNC(=N)N)NC(=O)OCc3ccccc3)COC(=O)N12)C(=O)NC(Cc1ccccc1)C(=O)NCc1ccccc1
CHEMBL1940246,6.68,CHEMBL4282,210.0,CC(C)n1cc(C(=O)c2cncc(N[C@@H]3CCC[C@@H]3c3ccc(F)cc3)n2)c2c(N)ncnc21
CHEMBL1938415,6.58,CHEMBL4282,260.0,CC(C)n1cc(C(=O)c2cncc(N[C@@H]3COC[C@@H]3c3ccc(F)cc3)n2)c2c(N)ncnc21
CHEMBL1940248,6.64,CHEMBL4282,230.0,CC(C)n1cc(C(=O)c2cncc(N[C@@H]3CCO[C@@H]3c3ccc(F)cc3)n2)c2c(N)ncnc21
CHEMBL1940249,8.0,CHEMBL4282,10.0,CC(C)n1cc(C(=O)c2cncc(N[C@@H]3CNC[C@@H]3c3ccc(F)cc3)n2)c2c(N)ncnc21
CHEMBL1940250,7.0,CHEMBL4282,100.0,CC(C)n1cc(C(=O)c2cncc(N[C@@H]3CCN[C@@H]3c3ccc(F)cc3)n2)c2c(N)ncnc21
CHEMBL1940251,6.77,CHEMBL4282,170.0,CC(C)n1cc(C(=O)c2cncc(N[C@@H]3CCN(C=O)[C@@H]3c3ccc(F)cc3)n2)c2c(N)ncnc21
CHEMBL1940252,6.44,CHEMBL4282,360.0,CC(=O)N1CC[C@@H](Nc2cncc(C(=O)c3cn(C(C)C)c4ncnc(N)c34)n2)[C@H]1c1ccc(F)cc1
CHEMBL1940253,5.96,CHEMBL4282,1100.0,CC(=O)N1CC[C@@H](Nc2cncc(C(=O)c3cn(C(C)C)c4ncnc(N)c34)n2)[C@H]1c1ccccc1
CHEMBL1940993,6.08,CHEMBL4282,0.83,CC(=O)OC[C@H]1O[C@@H](O[C@H]2[C@H](OC(C)=O)[C@@H](OC(C)=O)[C@H](n3[se]c4ccccc4c3=O)O[C@@H]2COC(C)=O)[C@H](OC(C)=O)[C@@H](OC(C)=O)[C@H]1OC(C)=O
CHEMBL1940997,6.1,CHEMBL4282,0.8,CC(=O)OC[C@H]1O[C@@H](NC(=O)CCCn2[se]c3ccccc3c2=O)[C@H](OC(C)=O)[C@@H](OC(C)=O)[C@@H]1OC(C)=O
CHEMBL1940999,6.06,CHEMBL4282,0.88,O=C(CCCn1[se]c2ccccc2c1=O)N[C@@H]1O[C@H](CO)[C@@H](O)[C@H](O)[C@H]1O
CHEMBL220241,6.02,CHEMBL4282,955.0,CCn1c(-c2nonc2N)nc2cnc(Oc3cccc(NC(=O)c4ccc(OCCN5CCOCC5)cc4)c3)cc21
CHEMBL1956071,6.49,CHEMBL4282,324.0,CCn1c(-c2nonc2N)nc2cncc(C(=O)N3CC[C@H](N)C3)c21
CHEMBL6246,5.48,CHEMBL4282,3.34,O=c1oc2c(O)c(O)cc3c(=O)oc4c(O)c(O)cc1c4c23
CHEMBL2012701,6.43,CHEMBL4282,371.0,CCc1n[nH]c2ncnc(N3CCN(c4cc(Cl)cc(NCCN(C)C)c4C)CC3)c12
CHEMBL2012702,7.28,CHEMBL4282,53.0,Cc1c(NCCN(C)C)cc(Cl)cc1N1CCN(c2ncnc3[nH]nc(Br)c23)CC1
CHEMBL2012703,7.13,CHEMBL4282,74.0,Cc1c(NCCN(C)C)cc(Cl)cc1N1CCN(c2ncnc3[nH]nc(C(F)(F)F)c23)CC1
CHEMBL2012701,6.43,CHEMBL4282,371.0,CCc1n[nH]c2ncnc(N3CCN(c4cc(Cl)cc(NCCN(C)C)c4C)CC3)c12
CHEMBL2012699,6.36,CHEMBL4282,434.0,CCc1n[nH]c2ncnc(N3CCN(c4cc(Cl)cc(NCCN5CCCC5)c4C)CC3)c12
CHEMBL2012702,7.28,CHEMBL4282,53.0,Cc1c(NCCN(C)C)cc(Cl)cc1N1CCN(c2ncnc3[nH]nc(Br)c23)CC1
CHEMBL2016771,7.38,CHEMBL4282,42.0,Cc1c(NCCN2CCCC2)cc(Cl)cc1N1CCN(c2ncnc3[nH]nc(Br)c23)CC1
CHEMBL2012701,5.04,CHEMBL4282,9026.0,CCc1n[nH]c2ncnc(N3CCN(c4cc(Cl)cc(NCCN(C)C)c4C)CC3)c12
CHEMBL2012699,5.45,CHEMBL4282,3589.0,CCc1n[nH]c2ncnc(N3CCN(c4cc(Cl)cc(NCCN5CCCC5)c4C)CC3)c12
CHEMBL2012702,5.37,CHEMBL4282,4285.0,Cc1c(NCCN(C)C)cc(Cl)cc1N1CCN(c2ncnc3[nH]nc(Br)c23)CC1
CHEMBL2016771,5.9,CHEMBL4282,1271.0,Cc1c(NCCN2CCCC2)cc(Cl)cc1N1CCN(c2ncnc3[nH]nc(Br)c23)CC1
CHEMBL2016885,7.25,CHEMBL4282,56.0,CCOc1cc(NCCN2CCCC2)c(C)c(N2CCN(c3ncnc4[nH]nc(Br)c34)CC2)c1
CHEMBL2016886,8.05,CHEMBL4282,9.0,Cc1c(NCCN2CCCC2)cc(OCC(C)C)cc1N1CCN(c2ncnc3[nH]nc(Br)c23)CC1
CHEMBL2016887,7.89,CHEMBL4282,13.0,Cc1c(NCCN2CCCC2)cc(C(=O)Nc2ccccc2)cc1N1CCN(c2ncnc3[nH]nc(Br)c23)CC1
CHEMBL2016888,8.1,CHEMBL4282,8.0,Cc1c(NCCN2CCCC2)cc(COCC(F)(F)F)cc1N1CCN(c2ncnc3[nH]nc(Br)c23)CC1
CHEMBL2016889,8.15,CHEMBL4282,7.0,Cc1c(NCCN2CCCC2)cc(CCC(C)(C)C)cc1N1CCN(c2ncnc3[nH]nc(Br)c23)CC1
CHEMBL2016890,8.22,CHEMBL4282,6.0,Cc1noc(-c2cc(NCCN3CCCC3)c(C)c(N3CCN(c4ncnc5[nH]nc(Br)c45)CC3)c2)n1
CHEMBL2016891,8.3,CHEMBL4282,5.0,COC(=O)c1cc(NCCN2CCCC2)c(C)c(N2CCN(c3ncnc4[nH]nc(Br)c34)CC2)c1
CHEMBL2016892,8.3,CHEMBL4282,5.0,CCC(=O)c1cc(NCCN2CCCC2)c(C)c(N2CCN(c3ncnc4[nH]nc(Br)c34)CC2)c1
CHEMBL2016893,9.0,CHEMBL4282,1.0,Cc1c(NCCN2CCCC2)cc(C(=O)CCC(F)(F)F)cc1N1CCN(c2ncnc3[nH]nc(Br)c23)CC1
CHEMBL2016885,5.04,CHEMBL4282,9067.0,CCOc1cc(NCCN2CCCC2)c(C)c(N2CCN(c3ncnc4[nH]nc(Br)c34)CC2)c1
CHEMBL2016886,6.16,CHEMBL4282,700.0,Cc1c(NCCN2CCCC2)cc(OCC(C)C)cc1N1CCN(c2ncnc3[nH]nc(Br)c23)CC1
CHEMBL2016887,5.11,CHEMBL4282,7811.0,Cc1c(NCCN2CCCC2)cc(C(=O)Nc2ccccc2)cc1N1CCN(c2ncnc3[nH]nc(Br)c23)CC1
CHEMBL2016888,6.14,CHEMBL4282,730.0,Cc1c(NCCN2CCCC2)cc(COCC(F)(F)F)cc1N1CCN(c2ncnc3[nH]nc(Br)c23)CC1
CHEMBL2016889,5.7,CHEMBL4282,1982.0,Cc1c(NCCN2CCCC2)cc(CCC(C)(C)C)cc1N1CCN(c2ncnc3[nH]nc(Br)c23)CC1
CHEMBL2016890,6.18,CHEMBL4282,665.0,Cc1noc(-c2cc(NCCN3CCCC3)c(C)c(N3CCN(c4ncnc5[nH]nc(Br)c45)CC3)c2)n1
CHEMBL2016891,5.73,CHEMBL4282,1843.0,COC(=O)c1cc(NCCN2CCCC2)c(C)c(N2CCN(c3ncnc4[nH]nc(Br)c34)CC2)c1
CHEMBL2016892,6.01,CHEMBL4282,976.0,CCC(=O)c1cc(NCCN2CCCC2)c(C)c(N2CCN(c3ncnc4[nH]nc(Br)c34)CC2)c1
CHEMBL2016893,6.71,CHEMBL4282,194.0,Cc1c(NCCN2CCCC2)cc(C(=O)CCC(F)(F)F)cc1N1CCN(c2ncnc3[nH]nc(Br)c23)CC1
CHEMBL460472,5.0,CHEMBL4282,10.0,COc1ccc2c(Oc3ccc(NC(=O)c4c(C)n(CC(C)(C)O)n(-c5ccccc5)c4=O)nc3)ccnc2c1
CHEMBL2031893,5.0,CHEMBL4282,10.0,COc1cc2nccc(Oc3ccc(NC(=O)c4c(C)n(C)n(-c5ccccc5)c4=O)cc3F)c2cc1OC
CHEMBL2035040,5.98,CHEMBL4282,1.042,NC(=O)c1cnc(-c2ccc(C3(N)CCC3)cc2)c(-c2ccccc2)c1
CHEMBL2035039,4.38,CHEMBL4282,41.722,NC1(c2ccc(-n3c(-c4ccccc4)nc4ccccc4c3=O)cc2)CCC1
CHEMBL2035038,5.15,CHEMBL4282,7.024,NC1(c2ccc(-c3nc4ccccc4c(=O)n3-c3ccccc3)cc2)CCC1
CHEMBL2035037,5.55,CHEMBL4282,2.799,Cn1cnc2c(-c3ccc(C4(N)CCC4)cc3)c(-c3ccccc3)ccc21
CHEMBL2035036,5.67,CHEMBL4282,2.135,NC1(c2ccc(-c3c(-c4ccccc4)ccc4ncnn34)cc2)CCC1
CHEMBL2035035,5.57,CHEMBL4282,2.668,NC1(c2ccc(-c3c(-c4ccccc4)ccn4ncnc34)cc2)CCC1
CHEMBL2035034,5.27,CHEMBL4282,5.404,NC1(c2ccc(-c3c(-c4ccccc4)ncc4nccn34)cc2)CCC1
CHEMBL2035033,5.74,CHEMBL4282,1.807,NC1(c2ccc(-c3c(-c4ccccc4)ccn4ccnc34)cc2)CCC1
CHEMBL2035032,5.57,CHEMBL4282,2.716,NC1(c2ccc(-c3c(-c4ccccc4)ccc4ccnn34)cc2)CCC1
CHEMBL2035031,6.33,CHEMBL4282,0.465,NC1(c2ccc(-c3ncc4cccnc4c3-c3ccccc3)cc2)CCC1
CHEMBL2035030,6.71,CHEMBL4282,0.193,NC1(c2ccc(-c3ncc4ccncc4c3-c3ccccc3)cc2)CCC1
CHEMBL2035029,6.93,CHEMBL4282,0.117,NC1(c2ccc(-c3ncc4cnccc4c3-c3ccccc3)cc2)CCC1
CHEMBL2035028,6.73,CHEMBL4282,0.188,NC1(c2ccc(-c3ncc4ncccc4c3-c3ccccc3)cc2)CCC1
CHEMBL2035027,6.52,CHEMBL4282,0.301,NC1(c2ccc(-c3ncc4ccccc4c3-c3ccccc3)cc2)CCC1
CHEMBL2035026,5.05,CHEMBL4282,8.976,CCn1cnc2cnc(-c3ccc(C4(N)CCC4)cc3)c(-c3ccccc3)c21
CHEMBL2035025,5.9,CHEMBL4282,1.262,NC1(c2ccc(-c3ncc4nccn4c3-c3ccccc3)cc2)CCC1
CHEMBL2035024,6.1,CHEMBL4282,0.787,NC1(c2ccc(-c3ncc4cccn4c3-c3ccccc3)cc2)CCC1
CHEMBL2035023,5.06,CHEMBL4282,8.665,NC1(c2ccc(-c3nn4ccc(=O)nc4cc3-c3ccccc3)cc2)CCC1
CHEMBL2035022,6.46,CHEMBL4282,0.348,NC(=O)c1ccn2c(-c3ccccc3)c(-c3ccc(C4(N)CCC4)cc3)nc2c1
CHEMBL2035021,6.41,CHEMBL4282,0.387,NC1(c2ccc(-c3nc4ccccn4c3-c3ccccc3)cc2)CCC1
CHEMBL2035020,6.7,CHEMBL4282,0.199,NC1(c2ccc(-c3nn4ccccc4c3-c3ccccc3)cc2)CCC1
CHEMBL2035019,6.28,CHEMBL4282,0.528,NC1(c2ccc(-c3nn4ccnc4cc3-c3ccccc3)cc2)CCC1
CHEMBL2035018,6.03,CHEMBL4282,0.926,NC1(c2ccc(-c3nn4cccc4cc3-c3ccccc3)cc2)CCC1
CHEMBL2035017,6.61,CHEMBL4282,0.243,NC1(c2ccc(-c3nc4ccccc4cc3-c3ccccc3)cc2)CCC1
CHEMBL2036727,4.39,CHEMBL4282,41.0,Cn1c(-c2ccnc(Nc3ccc(Cl)cc3)n2)nc2ccccc21
CHEMBL2036868,4.12,CHEMBL4282,75.0,COc1ccc(Nc2nccc(-c3nc4ccccc4n3C)n2)cc1
CHEMBL2063990,6.09,CHEMBL4282,0.81,COc1cc(C=C(C(=O)/C=C/c2cccc(OC)c2OC)C(=O)/C=C/c2cccc(OC)c2OC)ccc1O
CHEMBL2064002,5.3,CHEMBL4282,5.02,COc1ccc(OC)c(/C=C/C(=O)C(=Cc2cc(Br)c(O)c(OC)c2)C(=O)/C=C/c2cc(OC)ccc2OC)c1
CHEMBL2064009,5.78,CHEMBL4282,1.66,COc1ccc(/C=C/C(=O)C(=Cc2ccc(OC)c(O)c2)C(=O)/C=C/c2ccc(OC)cc2OC)c(OC)c1
CHEMBL2177843,5.23,CHEMBL4282,5.9,COc1ccccc1Cn1c(-c2ccncc2)nc2cc(Br)cnc21
CHEMBL2177841,4.24,CHEMBL4282,58.0,COc1ccccc1Cn1c(-c2cccnc2N)nc2cccnc21
CHEMBL2177823,4.89,CHEMBL4282,13.0,Nc1ncccc1-c1nc2cccnc2n1-c1cccc(CNC(=O)c2ccccc2)c1
CHEMBL2177826,5.03,CHEMBL4282,9.4,Nc1ncccc1-c1nc2cc(C3CCCC3)cnc2n1-c1ccc(CNC(=O)c2ccccc2)cc1
CHEMBL2177848,5.06,CHEMBL4282,8.8,NCc1ccc(-n2c(-c3cccnc3)nc3cccnc32)cc1
CHEMBL2177838,5.23,CHEMBL4282,5.9,N=P([O-])(OP(=O)([O-])[O-])OP(=O)([O-])OC[C@H]1O[C@@H](n2cnc3c(N)ncnc32)[C@H](O)[C@@H]1O.[Li+].[Li+].[Li+].[Li+]
CHEMBL2177819,5.25,CHEMBL4282,5.6,Nc1ncccc1-c1nc2cccnc2n1-c1ccc(CNC(=O)c2ccccc2)cc1
CHEMBL2177832,5.38,CHEMBL4282,4.2,Nc1ncccc1-c1nc2ccc(-c3cccnc3)nc2n1-c1ccc(CNC(=O)c2ccccc2)cc1
CHEMBL2177840,5.41,CHEMBL4282,3.9,CC(C)(C)c1ccc(-n2c(-c3cccnc3N)nc3cccnc32)cc1
CHEMBL2177826,5.43,CHEMBL4282,3.7,Nc1ncccc1-c1nc2cc(C3CCCC3)cnc2n1-c1ccc(CNC(=O)c2ccccc2)cc1
CHEMBL2177832,5.5,CHEMBL4282,3.2,Nc1ncccc1-c1nc2ccc(-c3cccnc3)nc2n1-c1ccc(CNC(=O)c2ccccc2)cc1
CHEMBL2177825,5.51,CHEMBL4282,3.1,Nc1ncccc1-c1nc2cc(Br)cnc2n1-c1ccc(CNC(=O)c2ccccc2)cc1
CHEMBL2177829,5.6,CHEMBL4282,2.5,Nc1ncccc1-c1nc2ccc(-c3cccnc3)nc2n1-c1ccc(CC(=O)Nc2ccccc2)cc1
CHEMBL2177825,5.6,CHEMBL4282,2.5,Nc1ncccc1-c1nc2cc(Br)cnc2n1-c1ccc(CNC(=O)c2ccccc2)cc1
CHEMBL2177818,5.6,CHEMBL4282,2.5,Nc1ncccc1-c1nc2cccnc2n1-c1ccc(CC(=O)Nc2ccccc2)cc1
CHEMBL2177837,5.68,CHEMBL4282,2.1,Nc1ncccc1-c1nc2ccc(-c3cccnc3)nc2n1-c1ccc(CNC(=O)c2cccc(F)c2)cc1
CHEMBL2177826,5.68,CHEMBL4282,2.1,Nc1ncccc1-c1nc2cc(C3CCCC3)cnc2n1-c1ccc(CNC(=O)c2ccccc2)cc1
CHEMBL2177830,5.75,CHEMBL4282,1.8,Nc1ncccc1-c1nc2cc(-c3ccccc3)cnc2n1-c1ccc(CNC(=O)c2ccccc2)cc1
CHEMBL2177831,5.82,CHEMBL4282,1.5,Nc1ncccc1-c1nc2cc(-c3cccnc3)cnc2n1-c1ccc(CNC(=O)c2ccccc2)cc1
CHEMBL2177828,5.82,CHEMBL4282,1.5,CC(=O)Nc1cccc(-c2ccc3nc(-c4cccnc4N)n(-c4ccc(CC(=O)Nc5cccc(F)c5)cc4)c3n2)c1
CHEMBL2177832,5.85,CHEMBL4282,1.4,Nc1ncccc1-c1nc2ccc(-c3cccnc3)nc2n1-c1ccc(CNC(=O)c2ccccc2)cc1
CHEMBL2177815,5.89,CHEMBL4282,1.3,CC(=O)Nc1ccc(-n2c(-c3cccnc3N)nc3cccnc32)cc1
CHEMBL2177837,5.89,CHEMBL4282,1.3,Nc1ncccc1-c1nc2ccc(-c3cccnc3)nc2n1-c1ccc(CNC(=O)c2cccc(F)c2)cc1
CHEMBL2177818,5.89,CHEMBL4282,1.3,Nc1ncccc1-c1nc2cccnc2n1-c1ccc(CC(=O)Nc2ccccc2)cc1
CHEMBL2177830,5.96,CHEMBL4282,1.1,Nc1ncccc1-c1nc2cc(-c3ccccc3)cnc2n1-c1ccc(CNC(=O)c2ccccc2)cc1
CHEMBL2177830,6.01,CHEMBL4282,0.98,Nc1ncccc1-c1nc2cc(-c3ccccc3)cnc2n1-c1ccc(CNC(=O)c2ccccc2)cc1
CHEMBL2177831,6.02,CHEMBL4282,0.95,Nc1ncccc1-c1nc2cc(-c3cccnc3)cnc2n1-c1ccc(CNC(=O)c2ccccc2)cc1
CHEMBL2177847,6.03,CHEMBL4282,0.93,NCc1ccc(-n2c(-c3cccnc3N)nc3cccnc32)cc1
CHEMBL2177834,6.04,CHEMBL4282,0.91,CC(=O)Nc1cccc(-c2ccc3nc(-c4cccnc4N)n(-c4ccc(CNC(=O)c5ccccc5)cc4)c3n2)c1
CHEMBL2177834,6.08,CHEMBL4282,0.84,CC(=O)Nc1cccc(-c2ccc3nc(-c4cccnc4N)n(-c4ccc(CNC(=O)c5ccccc5)cc4)c3n2)c1
CHEMBL2177833,6.09,CHEMBL4282,0.82,Nc1ncccc1-c1nc2cc(-c3cccnc3)cnc2n1-c1ccc(CNC(=O)c2cccc(F)c2)cc1
CHEMBL2177822,6.09,CHEMBL4282,0.81,CC(=O)NCc1ccc(-n2c(-c3cccnc3N)nc3cccnc32)cc1
CHEMBL2177816,6.13,CHEMBL4282,0.74,Nc1ccc(-n2c(-c3cccnc3N)nc3cccnc32)cc1
CHEMBL2177832,6.13,CHEMBL4282,0.74,Nc1ncccc1-c1nc2ccc(-c3cccnc3)nc2n1-c1ccc(CNC(=O)c2ccccc2)cc1
CHEMBL2177837,6.16,CHEMBL4282,0.69,Nc1ncccc1-c1nc2ccc(-c3cccnc3)nc2n1-c1ccc(CNC(=O)c2cccc(F)c2)cc1
CHEMBL2177830,6.17,CHEMBL4282,0.68,Nc1ncccc1-c1nc2cc(-c3ccccc3)cnc2n1-c1ccc(CNC(=O)c2ccccc2)cc1
CHEMBL2177821,6.18,CHEMBL4282,0.66,Nc1ncccc1-c1nc2cccnc2n1-c1ccc(CNC(=O)Cc2ccccc2)cc1
CHEMBL2177833,6.24,CHEMBL4282,0.58,Nc1ncccc1-c1nc2cc(-c3cccnc3)cnc2n1-c1ccc(CNC(=O)c2cccc(F)c2)cc1
CHEMBL2177829,6.32,CHEMBL4282,0.48,Nc1ncccc1-c1nc2ccc(-c3cccnc3)nc2n1-c1ccc(CC(=O)Nc2ccccc2)cc1
CHEMBL2177835,6.39,CHEMBL4282,0.41,Nc1ncccc1-c1nc2ccc(-c3ccccc3)nc2n1-c1ccc(CNC(=O)c2ccccc2)cc1
CHEMBL2177819,6.39,CHEMBL4282,0.41,Nc1ncccc1-c1nc2cccnc2n1-c1ccc(CNC(=O)c2ccccc2)cc1
CHEMBL2177819,6.43,CHEMBL4282,0.37,Nc1ncccc1-c1nc2cccnc2n1-c1ccc(CNC(=O)c2ccccc2)cc1
CHEMBL2177837,6.47,CHEMBL4282,0.34,Nc1ncccc1-c1nc2ccc(-c3cccnc3)nc2n1-c1ccc(CNC(=O)c2cccc(F)c2)cc1
CHEMBL2177830,6.48,CHEMBL4282,0.33,Nc1ncccc1-c1nc2cc(-c3ccccc3)cnc2n1-c1ccc(CNC(=O)c2ccccc2)cc1
CHEMBL2177827,6.51,CHEMBL4282,0.31,CC(=O)Nc1cccc(-c2ccc3nc(-c4cccnc4N)n(-c4ccc(CC(=O)Nc5ccccc5)cc4)c3n2)c1
CHEMBL2177826,6.57,CHEMBL4282,0.27,Nc1ncccc1-c1nc2cc(C3CCCC3)cnc2n1-c1ccc(CNC(=O)c2ccccc2)cc1
CHEMBL2177824,6.58,CHEMBL4282,0.26,Nc1ncccc1-c1nc2cccnc2n1-c1ccc(CNCc2ccccc2)cc1
CHEMBL2177828,6.58,CHEMBL4282,0.26,CC(=O)Nc1cccc(-c2ccc3nc(-c4cccnc4N)n(-c4ccc(CC(=O)Nc5cccc(F)c5)cc4)c3n2)c1
CHEMBL2177820,6.6,CHEMBL4282,0.25,Nc1ncccc1-c1nc2cccnc2n1-c1ccc(CNC(=O)C2CCCCC2)cc1
CHEMBL2177836,6.6,CHEMBL4282,0.25,CC(=O)Nc1cccc(-c2ccc3nc(-c4cccnc4N)n(-c4ccc(CNC(=O)c5cccc(F)c5)cc4)c3n2)c1
CHEMBL2177836,6.66,CHEMBL4282,0.22,CC(=O)Nc1cccc(-c2ccc3nc(-c4cccnc4N)n(-c4ccc(CNC(=O)c5cccc(F)c5)cc4)c3n2)c1
CHEMBL2177826,6.68,CHEMBL4282,0.21,Nc1ncccc1-c1nc2cc(C3CCCC3)cnc2n1-c1ccc(CNC(=O)c2ccccc2)cc1
CHEMBL2177818,6.68,CHEMBL4282,0.21,Nc1ncccc1-c1nc2cccnc2n1-c1ccc(CC(=O)Nc2ccccc2)cc1
CHEMBL2177833,6.7,CHEMBL4282,0.2,Nc1ncccc1-c1nc2cc(-c3cccnc3)cnc2n1-c1ccc(CNC(=O)c2cccc(F)c2)cc1
CHEMBL2177837,6.72,CHEMBL4282,0.19,Nc1ncccc1-c1nc2ccc(-c3cccnc3)nc2n1-c1ccc(CNC(=O)c2cccc(F)c2)cc1
CHEMBL2177835,6.75,CHEMBL4282,0.18,Nc1ncccc1-c1nc2ccc(-c3ccccc3)nc2n1-c1ccc(CNC(=O)c2ccccc2)cc1
CHEMBL2177834,6.77,CHEMBL4282,0.17,CC(=O)Nc1cccc(-c2ccc3nc(-c4cccnc4N)n(-c4ccc(CNC(=O)c5ccccc5)cc4)c3n2)c1
CHEMBL2177825,6.77,CHEMBL4282,0.17,Nc1ncccc1-c1nc2cc(Br)cnc2n1-c1ccc(CNC(=O)c2ccccc2)cc1
CHEMBL2177830,6.8,CHEMBL4282,0.16,Nc1ncccc1-c1nc2cc(-c3ccccc3)cnc2n1-c1ccc(CNC(=O)c2ccccc2)cc1
CHEMBL2177828,6.85,CHEMBL4282,0.14,CC(=O)Nc1cccc(-c2ccc3nc(-c4cccnc4N)n(-c4ccc(CC(=O)Nc5cccc(F)c5)cc4)c3n2)c1
CHEMBL2177834,6.85,CHEMBL4282,0.14,CC(=O)Nc1cccc(-c2ccc3nc(-c4cccnc4N)n(-c4ccc(CNC(=O)c5ccccc5)cc4)c3n2)c1
CHEMBL2177834,6.89,CHEMBL4282,0.13,CC(=O)Nc1cccc(-c2ccc3nc(-c4cccnc4N)n(-c4ccc(CNC(=O)c5ccccc5)cc4)c3n2)c1
CHEMBL2177828,6.92,CHEMBL4282,0.12,CC(=O)Nc1cccc(-c2ccc3nc(-c4cccnc4N)n(-c4ccc(CC(=O)Nc5cccc(F)c5)cc4)c3n2)c1
CHEMBL2177826,6.96,CHEMBL4282,0.11,Nc1ncccc1-c1nc2cc(C3CCCC3)cnc2n1-c1ccc(CNC(=O)c2ccccc2)cc1
CHEMBL2177834,6.96,CHEMBL4282,0.11,CC(=O)Nc1cccc(-c2ccc3nc(-c4cccnc4N)n(-c4ccc(CNC(=O)c5ccccc5)cc4)c3n2)c1
CHEMBL2177831,7.0,CHEMBL4282,0.1,Nc1ncccc1-c1nc2cc(-c3cccnc3)cnc2n1-c1ccc(CNC(=O)c2ccccc2)cc1
CHEMBL2177837,7.02,CHEMBL4282,0.095,Nc1ncccc1-c1nc2ccc(-c3cccnc3)nc2n1-c1ccc(CNC(=O)c2cccc(F)c2)cc1
CHEMBL2177831,7.04,CHEMBL4282,0.091,Nc1ncccc1-c1nc2cc(-c3cccnc3)cnc2n1-c1ccc(CNC(=O)c2ccccc2)cc1
CHEMBL2177828,7.05,CHEMBL4282,0.09,CC(=O)Nc1cccc(-c2ccc3nc(-c4cccnc4N)n(-c4ccc(CC(=O)Nc5cccc(F)c5)cc4)c3n2)c1
CHEMBL2177831,7.1,CHEMBL4282,0.08,Nc1ncccc1-c1nc2cc(-c3cccnc3)cnc2n1-c1ccc(CNC(=O)c2ccccc2)cc1
CHEMBL2177829,7.16,CHEMBL4282,0.069,Nc1ncccc1-c1nc2ccc(-c3cccnc3)nc2n1-c1ccc(CC(=O)Nc2ccccc2)cc1
CHEMBL2177835,7.17,CHEMBL4282,0.068,Nc1ncccc1-c1nc2ccc(-c3ccccc3)nc2n1-c1ccc(CNC(=O)c2ccccc2)cc1
CHEMBL2177832,7.17,CHEMBL4282,0.067,Nc1ncccc1-c1nc2ccc(-c3cccnc3)nc2n1-c1ccc(CNC(=O)c2ccccc2)cc1
CHEMBL2177829,7.19,CHEMBL4282,0.065,Nc1ncccc1-c1nc2ccc(-c3cccnc3)nc2n1-c1ccc(CC(=O)Nc2ccccc2)cc1
CHEMBL2177831,7.21,CHEMBL4282,0.062,Nc1ncccc1-c1nc2cc(-c3cccnc3)cnc2n1-c1ccc(CNC(=O)c2ccccc2)cc1
CHEMBL2177829,7.26,CHEMBL4282,0.055,Nc1ncccc1-c1nc2ccc(-c3cccnc3)nc2n1-c1ccc(CC(=O)Nc2ccccc2)cc1
CHEMBL2177827,7.27,CHEMBL4282,0.054,CC(=O)Nc1cccc(-c2ccc3nc(-c4cccnc4N)n(-c4ccc(CC(=O)Nc5ccccc5)cc4)c3n2)c1
CHEMBL2177833,7.27,CHEMBL4282,0.054,Nc1ncccc1-c1nc2cc(-c3cccnc3)cnc2n1-c1ccc(CNC(=O)c2cccc(F)c2)cc1
CHEMBL2177829,7.29,CHEMBL4282,0.051,Nc1ncccc1-c1nc2ccc(-c3cccnc3)nc2n1-c1ccc(CC(=O)Nc2ccccc2)cc1
CHEMBL2177829,7.3,CHEMBL4282,0.05,Nc1ncccc1-c1nc2ccc(-c3cccnc3)nc2n1-c1ccc(CC(=O)Nc2ccccc2)cc1
CHEMBL2177833,7.31,CHEMBL4282,0.049,Nc1ncccc1-c1nc2cc(-c3cccnc3)cnc2n1-c1ccc(CNC(=O)c2cccc(F)c2)cc1
CHEMBL2177827,7.31,CHEMBL4282,0.049,CC(=O)Nc1cccc(-c2ccc3nc(-c4cccnc4N)n(-c4ccc(CC(=O)Nc5ccccc5)cc4)c3n2)c1
CHEMBL2177837,7.33,CHEMBL4282,0.047,Nc1ncccc1-c1nc2ccc(-c3cccnc3)nc2n1-c1ccc(CNC(=O)c2cccc(F)c2)cc1
CHEMBL2177827,7.33,CHEMBL4282,0.047,CC(=O)Nc1cccc(-c2ccc3nc(-c4cccnc4N)n(-c4ccc(CC(=O)Nc5ccccc5)cc4)c3n2)c1
CHEMBL2177833,7.34,CHEMBL4282,0.046,Nc1ncccc1-c1nc2cc(-c3cccnc3)cnc2n1-c1ccc(CNC(=O)c2cccc(F)c2)cc1
CHEMBL2177827,7.34,CHEMBL4282,0.046,CC(=O)Nc1cccc(-c2ccc3nc(-c4cccnc4N)n(-c4ccc(CC(=O)Nc5ccccc5)cc4)c3n2)c1
CHEMBL2177836,7.35,CHEMBL4282,0.045,CC(=O)Nc1cccc(-c2ccc3nc(-c4cccnc4N)n(-c4ccc(CNC(=O)c5cccc(F)c5)cc4)c3n2)c1
CHEMBL2177836,7.36,CHEMBL4282,0.044,CC(=O)Nc1cccc(-c2ccc3nc(-c4cccnc4N)n(-c4ccc(CNC(=O)c5cccc(F)c5)cc4)c3n2)c1
CHEMBL2177832,7.47,CHEMBL4282,0.034,Nc1ncccc1-c1nc2ccc(-c3cccnc3)nc2n1-c1ccc(CNC(=O)c2ccccc2)cc1
CHEMBL2177830,7.48,CHEMBL4282,0.033,Nc1ncccc1-c1nc2cc(-c3ccccc3)cnc2n1-c1ccc(CNC(=O)c2ccccc2)cc1
CHEMBL2177836,7.5,CHEMBL4282,0.032,CC(=O)Nc1cccc(-c2ccc3nc(-c4cccnc4N)n(-c4ccc(CNC(=O)c5cccc(F)c5)cc4)c3n2)c1
CHEMBL2177832,7.55,CHEMBL4282,0.028,Nc1ncccc1-c1nc2ccc(-c3cccnc3)nc2n1-c1ccc(CNC(=O)c2ccccc2)cc1
CHEMBL2177818,7.55,CHEMBL4282,0.028,Nc1ncccc1-c1nc2cccnc2n1-c1ccc(CC(=O)Nc2ccccc2)cc1
CHEMBL2177825,7.57,CHEMBL4282,0.027,Nc1ncccc1-c1nc2cc(Br)cnc2n1-c1ccc(CNC(=O)c2ccccc2)cc1
CHEMBL2177836,7.57,CHEMBL4282,0.027,CC(=O)Nc1cccc(-c2ccc3nc(-c4cccnc4N)n(-c4ccc(CNC(=O)c5cccc(F)c5)cc4)c3n2)c1
CHEMBL2177835,7.62,CHEMBL4282,0.024,Nc1ncccc1-c1nc2ccc(-c3ccccc3)nc2n1-c1ccc(CNC(=O)c2ccccc2)cc1
CHEMBL2177819,7.64,CHEMBL4282,0.023,Nc1ncccc1-c1nc2cccnc2n1-c1ccc(CNC(=O)c2ccccc2)cc1
CHEMBL2177828,7.77,CHEMBL4282,0.017,CC(=O)Nc1cccc(-c2ccc3nc(-c4cccnc4N)n(-c4ccc(CC(=O)Nc5cccc(F)c5)cc4)c3n2)c1
CHEMBL2177827,7.8,CHEMBL4282,0.016,CC(=O)Nc1cccc(-c2ccc3nc(-c4cccnc4N)n(-c4ccc(CC(=O)Nc5ccccc5)cc4)c3n2)c1
CHEMBL2177834,7.82,CHEMBL4282,0.015,CC(=O)Nc1cccc(-c2ccc3nc(-c4cccnc4N)n(-c4ccc(CNC(=O)c5ccccc5)cc4)c3n2)c1
CHEMBL2177828,7.82,CHEMBL4282,0.015,CC(=O)Nc1cccc(-c2ccc3nc(-c4cccnc4N)n(-c4ccc(CC(=O)Nc5cccc(F)c5)cc4)c3n2)c1
CHEMBL2177817,7.85,CHEMBL4282,0.014,Nc1ncccc1-c1nc2cccnc2n1-c1ccc(NC(=O)c2ccccc2)cc1
CHEMBL2177831,8.1,CHEMBL4282,0.008,Nc1ncccc1-c1nc2cc(-c3cccnc3)cnc2n1-c1ccc(CNC(=O)c2ccccc2)cc1
CHEMBL2177833,8.28,CHEMBL4282,0.0052,Nc1ncccc1-c1nc2cc(-c3cccnc3)cnc2n1-c1ccc(CNC(=O)c2cccc(F)c2)cc1
CHEMBL2177836,8.3,CHEMBL4282,0.005,CC(=O)Nc1cccc(-c2ccc3nc(-c4cccnc4N)n(-c4ccc(CNC(=O)c5cccc(F)c5)cc4)c3n2)c1
CHEMBL2177818,4.85,CHEMBL4282,14.0,Nc1ncccc1-c1nc2cccnc2n1-c1ccc(CC(=O)Nc2ccccc2)cc1
CHEMBL2177826,4.92,CHEMBL4282,12.0,Nc1ncccc1-c1nc2cc(C3CCCC3)cnc2n1-c1ccc(CNC(=O)c2ccccc2)cc1
CHEMBL2177362,7.92,CHEMBL4282,12.0,C[C@@H]1C[C@@H](O)c2ncnc(N3CCN(C(=O)[C@H](CNC4CCOCC4)c4ccc(Cl)c(F)c4)CC3)c21
CHEMBL2177361,8.52,CHEMBL4282,3.0,C[C@@H]1C[C@@H](O)c2ncnc(N3CCN(C(=O)[C@H](CNCC4CC4)c4ccc(C(F)(F)F)c(F)c4)CC3)c21
CHEMBL2178598,8.22,CHEMBL4282,6.0,C[C@@H]1C[C@@H](O)c2ncnc(N3CCN(C(=O)[C@H](CNC(C)(C)CO)c4ccc(C(F)(F)F)c(F)c4)CC3)c21
CHEMBL2178597,8.52,CHEMBL4282,3.0,C[C@@H]1C[C@@H](O)c2ncnc(N3CCN(C(=O)[C@H](CNC(C)(C)C)c4ccc(C(F)(F)F)c(F)c4)CC3)c21
CHEMBL2177372,8.52,CHEMBL4282,3.0,CC(C)NC[C@@H](C(=O)N1CCN(c2ncnc3c2[C@H](C)C[C@H]3O)CC1)c1ccc(Cl)c(F)c1
CHEMBL2177371,7.92,CHEMBL4282,12.0,C[C@@H]1C[C@@H](O)c2ncnc(N3CCN(C(=O)[C@H](CN)c4ccc(C(F)(F)F)cc4)CC3)c21
CHEMBL2177370,7.92,CHEMBL4282,12.0,C[C@@H]1C[C@@H](O)c2ncnc(N3CCN(C(=O)[C@@H](c4ccc(Cl)cc4)[C@@H]4COCCN4)CC3)c21
CHEMBL2177369,8.05,CHEMBL4282,9.0,C[C@@H]1C[C@@H](O)c2ncnc(N3CCN(C(=O)[C@@H](c4ccc(Cl)cc4)[C@@H]4CCCCN4)CC3)c21
CHEMBL2177368,8.52,CHEMBL4282,3.0,C[C@@H]1C[C@@H](O)c2ncnc(N3CCN(C(=O)[C@H](CNCC4CCOCC4)c4ccc(Cl)cc4)CC3)c21
CHEMBL2177367,8.3,CHEMBL4282,5.0,CO[C@H]1CC[C@H](NC[C@@H](C(=O)N2CCN(c3ncnc4c3[C@H](C)C[C@H]4O)CC2)c2ccc(Cl)cc2)CC1
CHEMBL2177366,8.3,CHEMBL4282,5.0,C[C@@H]1C[C@@H](O)c2ncnc(N3CCN(C(=O)[C@H](CNC4CCOCC4)c4ccc(Cl)cc4)CC3)c21
CHEMBL2177379,8.52,CHEMBL4282,3.0,C[C@@H]1C[C@@H](O)c2ncnc(N3CCN(C(=O)[C@@H](c4ccc(Cl)cc4)[C@@H]4CCCN4)CC3)c21
CHEMBL2177365,7.75,CHEMBL4282,18.0,CC(C)N(C)C[C@@H](C(=O)N1CCN(c2ncnc3c2[C@H](C)C[C@H]3O)CC1)c1ccc(Cl)cc1
CHEMBL2177364,8.05,CHEMBL4282,9.0,C[C@@H]1C[C@@H](O)c2ncnc(N3CCN(C(=O)[C@H](CNC4CCCCC4)c4ccc(Cl)cc4)CC3)c21
CHEMBL2177363,8.22,CHEMBL4282,6.0,C[C@@H]1C[C@@H](O)c2ncnc(N3CCN(C(=O)[C@H](CN4CCC(F)CC4)c4ccc(Cl)cc4)CC3)c21
CHEMBL2177378,8.7,CHEMBL4282,2.0,C[C@@H]1C[C@@H](O)c2ncnc(N3CCN(C(=O)[C@H](CNC(C)(C)CO)c4ccc(Cl)cc4)CC3)c21
CHEMBL2177377,8.1,CHEMBL4282,8.0,COCCNC[C@@H](C(=O)N1CCN(c2ncnc3c2[C@H](C)C[C@H]3O)CC1)c1ccc(Cl)cc1
CHEMBL2177376,6.04,CHEMBL4282,902.0,C[C@@H]1C[C@@H](O)c2ncnc(N3CCN(C(=O)[C@H](CNCC(F)(F)F)c4ccc(Cl)cc4)CC3)c21
CHEMBL2177375,7.92,CHEMBL4282,12.0,C[C@@H]1C[C@@H](O)c2ncnc(N3CCN(C(=O)[C@H](CNCCF)c4ccc(Cl)cc4)CC3)c21
CHEMBL2177374,8.3,CHEMBL4282,5.0,C[C@@H]1C[C@@H](O)c2ncnc(N3CCN(C(=O)[C@H](CNCC4CC4)c4ccc(Cl)cc4)CC3)c21
CHEMBL2177373,7.62,CHEMBL4282,24.0,C[C@@H]1C[C@@H](O)c2ncnc(N3CCN(C(=O)[C@H](CN)c4ccc(Cl)cc4)CC3)c21
CHEMBL2177362,6.86,CHEMBL4282,139.0,C[C@@H]1C[C@@H](O)c2ncnc(N3CCN(C(=O)[C@H](CNC4CCOCC4)c4ccc(Cl)c(F)c4)CC3)c21
CHEMBL2177361,7.19,CHEMBL4282,65.0,C[C@@H]1C[C@@H](O)c2ncnc(N3CCN(C(=O)[C@H](CNCC4CC4)c4ccc(C(F)(F)F)c(F)c4)CC3)c21
CHEMBL2178598,7.33,CHEMBL4282,47.0,C[C@@H]1C[C@@H](O)c2ncnc(N3CCN(C(=O)[C@H](CNC(C)(C)CO)c4ccc(C(F)(F)F)c(F)c4)CC3)c21
CHEMBL2178597,7.04,CHEMBL4282,92.0,C[C@@H]1C[C@@H](O)c2ncnc(N3CCN(C(=O)[C@H](CNC(C)(C)C)c4ccc(C(F)(F)F)c(F)c4)CC3)c21
CHEMBL2177372,6.63,CHEMBL4282,234.0,CC(C)NC[C@@H](C(=O)N1CCN(c2ncnc3c2[C@H](C)C[C@H]3O)CC1)c1ccc(Cl)c(F)c1
CHEMBL2177371,6.22,CHEMBL4282,603.0,C[C@@H]1C[C@@H](O)c2ncnc(N3CCN(C(=O)[C@H](CN)c4ccc(C(F)(F)F)cc4)CC3)c21
CHEMBL2177370,6.07,CHEMBL4282,855.0,C[C@@H]1C[C@@H](O)c2ncnc(N3CCN(C(=O)[C@@H](c4ccc(Cl)cc4)[C@@H]4COCCN4)CC3)c21
CHEMBL2177369,6.28,CHEMBL4282,530.0,C[C@@H]1C[C@@H](O)c2ncnc(N3CCN(C(=O)[C@@H](c4ccc(Cl)cc4)[C@@H]4CCCCN4)CC3)c21
CHEMBL2177368,6.99,CHEMBL4282,102.0,C[C@@H]1C[C@@H](O)c2ncnc(N3CCN(C(=O)[C@H](CNCC4CCOCC4)c4ccc(Cl)cc4)CC3)c21
CHEMBL2177367,6.88,CHEMBL4282,132.0,CO[C@H]1CC[C@H](NC[C@@H](C(=O)N2CCN(c3ncnc4c3[C@H](C)C[C@H]4O)CC2)c2ccc(Cl)cc2)CC1
CHEMBL2177366,6.74,CHEMBL4282,184.0,C[C@@H]1C[C@@H](O)c2ncnc(N3CCN(C(=O)[C@H](CNC4CCOCC4)c4ccc(Cl)cc4)CC3)c21
CHEMBL2177379,6.62,CHEMBL4282,241.0,C[C@@H]1C[C@@H](O)c2ncnc(N3CCN(C(=O)[C@@H](c4ccc(Cl)cc4)[C@@H]4CCCN4)CC3)c21
CHEMBL2177365,6.86,CHEMBL4282,139.0,CC(C)N(C)C[C@@H](C(=O)N1CCN(c2ncnc3c2[C@H](C)C[C@H]3O)CC1)c1ccc(Cl)cc1
CHEMBL2177364,6.43,CHEMBL4282,367.0,C[C@@H]1C[C@@H](O)c2ncnc(N3CCN(C(=O)[C@H](CNC4CCCCC4)c4ccc(Cl)cc4)CC3)c21
CHEMBL2177363,6.71,CHEMBL4282,196.0,C[C@@H]1C[C@@H](O)c2ncnc(N3CCN(C(=O)[C@H](CN4CCC(F)CC4)c4ccc(Cl)cc4)CC3)c21
CHEMBL2177378,7.12,CHEMBL4282,75.0,C[C@@H]1C[C@@H](O)c2ncnc(N3CCN(C(=O)[C@H](CNC(C)(C)CO)c4ccc(Cl)cc4)CC3)c21
CHEMBL2177377,6.42,CHEMBL4282,384.0,COCCNC[C@@H](C(=O)N1CCN(c2ncnc3c2[C@H](C)C[C@H]3O)CC1)c1ccc(Cl)cc1
CHEMBL2177375,5.89,CHEMBL4282,1296.0,C[C@@H]1C[C@@H](O)c2ncnc(N3CCN(C(=O)[C@H](CNCCF)c4ccc(Cl)cc4)CC3)c21
CHEMBL2177374,6.75,CHEMBL4282,179.0,C[C@@H]1C[C@@H](O)c2ncnc(N3CCN(C(=O)[C@H](CNCC4CC4)c4ccc(Cl)cc4)CC3)c21
CHEMBL2177373,5.84,CHEMBL4282,1454.0,C[C@@H]1C[C@@H](O)c2ncnc(N3CCN(C(=O)[C@H](CN)c4ccc(Cl)cc4)CC3)c21
CHEMBL2177383,5.93,CHEMBL4282,1169.0,CC(C)NC[C@@H](C(=O)N1CCN(c2ncnc3c2[C@H](C)CC3(F)F)CC1)c1ccc(Cl)cc1
CHEMBL2177382,7.92,CHEMBL4282,12.0,CC(C)NC[C@@H](C(=O)N1CCN(c2ncnc3c2[C@H](C)C[C@@H]3F)CC1)c1ccc(Cl)cc1
CHEMBL2177381,8.4,CHEMBL4282,4.0,CC(C)NC[C@@H](C(=O)N1CCN(c2ncnc3c2[C@H](C)C[C@H]3F)CC1)c1ccc(Cl)cc1
CHEMBL2177380,7.17,CHEMBL4282,68.0,CC(C)NC[C@@H](C(=O)N1CCN(c2ncnc3c2[C@H](C)C[C@@H]3O)CC1)c1ccc(Cl)cc1
CHEMBL2177390,8.3,CHEMBL4282,5.0,CC(C)NC[C@@H](C(=O)N1CCN(c2ncnc3c2[C@H](C)C[C@H]3O)CC1)c1ccc(Cl)cc1
CHEMBL2177389,7.09,CHEMBL4282,81.0,CC(C)NC[C@@H](C(=O)N1CCN(c2ncnc3c2[C@H](CO)CC3)CC1)c1ccc(Cl)cc1
CHEMBL2177388,8.52,CHEMBL4282,3.0,CC(C)NC[C@@H](C(=O)N1CCN(c2ncnc3c2[C@H](CF)CC3)CC1)c1ccc(Cl)cc1
CHEMBL2177387,8.7,CHEMBL4282,2.0,C=C[C@@H]1CCc2ncnc(N3CCN(C(=O)[C@H](CNC(C)C)c4ccc(Cl)cc4)CC3)c21
CHEMBL2177385,8.22,CHEMBL4282,6.0,CC(C)NC[C@@H](C(=O)N1CCN(c2ncnc3c2[C@H](C)CC3)CC1)c1ccc(Cl)cc1
CHEMBL2177383,5.07,CHEMBL4282,8548.0,CC(C)NC[C@@H](C(=O)N1CCN(c2ncnc3c2[C@H](C)CC3(F)F)CC1)c1ccc(Cl)cc1
CHEMBL2177382,6.04,CHEMBL4282,901.0,CC(C)NC[C@@H](C(=O)N1CCN(c2ncnc3c2[C@H](C)C[C@@H]3F)CC1)c1ccc(Cl)cc1
CHEMBL2177381,6.82,CHEMBL4282,152.0,CC(C)NC[C@@H](C(=O)N1CCN(c2ncnc3c2[C@H](C)C[C@H]3F)CC1)c1ccc(Cl)cc1
CHEMBL2177380,6.13,CHEMBL4282,740.0,CC(C)NC[C@@H](C(=O)N1CCN(c2ncnc3c2[C@H](C)C[C@@H]3O)CC1)c1ccc(Cl)cc1
CHEMBL2177390,6.8,CHEMBL4282,157.0,CC(C)NC[C@@H](C(=O)N1CCN(c2ncnc3c2[C@H](C)C[C@H]3O)CC1)c1ccc(Cl)cc1
CHEMBL2177389,6.07,CHEMBL4282,846.0,CC(C)NC[C@@H](C(=O)N1CCN(c2ncnc3c2[C@H](CO)CC3)CC1)c1ccc(Cl)cc1
CHEMBL2177388,6.91,CHEMBL4282,123.0,CC(C)NC[C@@H](C(=O)N1CCN(c2ncnc3c2[C@H](CF)CC3)CC1)c1ccc(Cl)cc1
CHEMBL2177387,6.75,CHEMBL4282,176.0,C=C[C@@H]1CCc2ncnc(N3CCN(C(=O)[C@H](CNC(C)C)c4ccc(Cl)cc4)CC3)c21
CHEMBL2177385,6.54,CHEMBL4282,287.0,CC(C)NC[C@@H](C(=O)N1CCN(c2ncnc3c2[C@H](C)CC3)CC1)c1ccc(Cl)cc1
CHEMBL474390,6.5,CHEMBL4282,313.0,CCC[C@H]1O[C@@H]2CC(=O)O[C@@H]2C2=C1C(=O)c1c(O)cccc1C2=O
CHEMBL2216825,6.83,CHEMBL4282,149.0,C[C@H]1O[C@@H]2CC(=O)O[C@@H]2C2=C1C(=O)c1c(ccc([C@H]3C[C@@H](N(C)C)[C@H](O)[C@@H](C)O3)c1O)C2=O
CHEMBL2312654,5.51,CHEMBL4282,3.1,Cc1cc(-c2cnc(Nc3cc(Cl)cc(Cl)c3)nc2NC2CCC(N(C)C)CC2)on1
CHEMBL2312652,4.52,CHEMBL4282,30.0,CN1CCC(NC(=O)c2cnc(Nc3cc(Cl)cc(Cl)c3)nc2N[C@@H]2COC[C@H]2O)CC1
CHEMBL2312649,4.52,CHEMBL4282,30.0,CN1CCC(NC(=O)c2cnc(Nc3cc(Cl)cc(Cl)c3)nc2NC2CCC(N(C)C)CC2)CC1
CHEMBL2312646,4.73,CHEMBL4282,18.58,CN1CCC(NC(=O)c2cnc(NCc3cc(Cl)ccc3Cl)nc2NC2CCCC2)CC1
CHEMBL2312645,4.52,CHEMBL4282,30.0,COc1ccccc1CNc1ncc(C(=O)NC2CCN(C)CC2)c(NC2CCCC2)n1
CHEMBL2325741,8.52,CHEMBL4282,3.0,NC1(C(=O)N[C@@H](CCO)c2ccc(Cl)cc2)CCN(c2nc[nH]c3nccc2-3)CC1
CHEMBL2325740,8.0,CHEMBL4282,10.0,COCCC(NC(=O)C1(N)CCN(c2ncnc3[nH]ccc23)CC1)c1ccc(Cl)cc1
CHEMBL2325739,8.22,CHEMBL4282,6.0,NC1(C(=O)NC(CCCO)c2ccc(Cl)cc2)CCN(c2ncnc3[nH]ccc23)CC1
CHEMBL2325738,8.4,CHEMBL4282,4.0,NC1(C(=O)NC(CCO)c2ccc(Cl)cc2)CCN(c2ncnc3[nH]ccc23)CC1
CHEMBL2325737,8.15,CHEMBL4282,7.0,NC1(C(=O)NC(CO)c2ccc(Cl)cc2)CCN(c2ncnc3[nH]ccc23)CC1
CHEMBL2325736,8.15,CHEMBL4282,7.0,CS(=O)(=O)NCCC(NC(=O)C1(N)CCN(c2ncnc3[nH]ccc23)CC1)c1ccc(Cl)cc1
CHEMBL2325735,7.8,CHEMBL4282,16.0,CS(=O)(=O)NCC(NC(=O)C1(N)CCN(c2ncnc3[nH]ccc23)CC1)c1ccc(Cl)cc1
CHEMBL2325734,8.22,CHEMBL4282,6.0,NC1(C(=O)NC(CCS(N)(=O)=O)c2ccc(Cl)cc2)CCN(c2ncnc3[nH]ccc23)CC1
CHEMBL2325733,7.92,CHEMBL4282,12.0,NC1(C(=O)NC(CS(N)(=O)=O)c2ccc(Cl)cc2)CCN(c2ncnc3[nH]ccc23)CC1
CHEMBL2325732,7.51,CHEMBL4282,31.0,CC(=O)NCC(NC(=O)C1(N)CCN(c2ncnc3[nH]ccc23)CC1)c1ccc(Cl)cc1
CHEMBL2325731,7.38,CHEMBL4282,42.0,CN(C)C(=O)CC(NC(=O)C1(N)CCN(c2ncnc3[nH]ccc23)CC1)c1ccc(Cl)cc1
CHEMBL2325730,7.52,CHEMBL4282,30.0,NC(=O)C(NC(=O)C1(N)CCN(c2ncnc3[nH]ccc23)CC1)c1ccc(Cl)cc1
CHEMBL2325729,8.4,CHEMBL4282,4.0,NC1(C(=O)N[C@@H](CCN2CCCCC2)c2ccc(Cl)cc2)CCN(c2ncnc3[nH]ccc23)CC1
CHEMBL2325728,8.4,CHEMBL4282,4.0,NC1(C(=O)N[C@@H](CCN2CCCC2)c2ccc(Cl)cc2)CCN(c2ncnc3[nH]ccc23)CC1
CHEMBL2325727,8.52,CHEMBL4282,3.0,CN(C)CC[C@H](NC(=O)C1(N)CCN(c2ncnc3[nH]ccc23)CC1)c1ccc(Cl)cc1
CHEMBL2325996,8.3,CHEMBL4282,5.0,NC1(C(=O)NC(CCCN2CCCCC2)c2ccc(Cl)cc2)CCN(c2ncnc3[nH]ccc23)CC1
CHEMBL2325995,8.3,CHEMBL4282,5.0,NC1(C(=O)NC(CCCN2CCOCC2)c2ccc(Cl)cc2)CCN(c2ncnc3[nH]ccc23)CC1
CHEMBL2325994,8.4,CHEMBL4282,4.0,NC1(C(=O)NC(CCCN2CCCC2)c2ccc(Cl)cc2)CCN(c2ncnc3[nH]ccc23)CC1
CHEMBL2325993,8.52,CHEMBL4282,3.0,CN(C)CCCC(NC(=O)C1(N)CCN(c2ncnc3[nH]ccc23)CC1)c1ccc(Cl)cc1
CHEMBL2325992,8.7,CHEMBL4282,2.0,CN(C)CCC(NC(=O)C1(N)CCN(c2ncnc3[nH]ccc23)CC1)c1ccc(Cl)cc1
CHEMBL2325991,5.92,CHEMBL4282,1192.0,COc1ccc(C(C)NC(=O)C2(N)CCN(c3ncnc4[nH]ccc34)CC2)cc1OC
CHEMBL2325990,6.74,CHEMBL4282,183.0,CC(NC(=O)C1(N)CCN(c2ncnc3[nH]ccc23)CC1)c1ccc(S(C)(=O)=O)cc1
CHEMBL2325989,5.56,CHEMBL4282,2753.0,CC(NC(=O)C1(N)CCN(c2ncnc3[nH]ccc23)CC1)c1ccccn1
CHEMBL2325988,5.88,CHEMBL4282,1313.0,CC(NC(=O)C1(N)CCN(c2ncnc3[nH]ccc23)CC1)c1cccnc1
CHEMBL2325987,8.05,CHEMBL4282,9.0,CC(NC(=O)C1(N)CCN(c2ncnc3[nH]ccc23)CC1)c1ccc(F)cc1
CHEMBL2325986,6.83,CHEMBL4282,149.0,CC(NC(=O)C1(N)CCN(c2ncnc3[nH]ccc23)CC1)c1ccccc1
CHEMBL2325985,7.51,CHEMBL4282,31.0,NC1(C(=O)NC(Cc2ccccc2)c2ccc(Cl)cc2)CCN(c2ncnc3[nH]ccc23)CC1
CHEMBL2325984,7.39,CHEMBL4282,41.0,NC1(C(=O)NC(c2ccccc2)c2ccc(Cl)cc2)CCN(c2ncnc3[nH]ccc23)CC1
CHEMBL2325983,8.3,CHEMBL4282,5.0,NC1(C(=O)NC(c2ccc(Cl)cc2)C2CC2)CCN(c2ncnc3[nH]ccc23)CC1
CHEMBL2325982,8.15,CHEMBL4282,7.0,CCC(NC(=O)C1(N)CCN(c2ncnc3[nH]ccc23)CC1)c1ccc(Cl)cc1
CHEMBL2325997,8.1,CHEMBL4282,8.0,CC(NC(=O)C1(N)CCN(c2ncnc3[nH]ccc23)CC1)c1ccc(Cl)cc1
CHEMBL2325742,6.56,CHEMBL4282,276.0,C[C@@H](NC(=O)C1(N)CCN(c2ncnc3[nH]ccc23)CC1)c1ccc(Cl)cc1
CHEMBL598194,7.89,CHEMBL4282,13.0,NC1(C(=O)NCc2ccc(Cl)cc2)CCN(c2ncnc3[nH]ccc23)CC1
CHEMBL2325743,8.4,CHEMBL4282,4.0,C[C@H](NC(=O)C1(N)CCN(c2ncnc3[nH]ccc23)CC1)c1ccc(Cl)cc1
CHEMBL505637,5.72,CHEMBL4282,1.9,O=C(NCCc1ccc(O)c(Br)c1)/C(Cc1cc(Br)c(O)c(-c2cc(C/C(=N/O)C(=O)NCCc3ccc(O)c(Br)c3)cc(Br)c2O)c1)=N\O
CHEMBL2036343,5.44,CHEMBL4282,3.6,O=C1/C(=C/c2ccccn2)CSC/C1=C\c1ccccn1
CHEMBL2338333,5.58,CHEMBL4282,2.6,CN1C/C(=C\c2ccccn2)C(=O)/C(=C/c2ccccn2)C1
CHEMBL574646,7.7,CHEMBL4282,0.02,O=C1/C(=C/c2ccccn2)CNC/C1=C\c1ccccn1
CHEMBL379849,6.11,CHEMBL4282,0.78,O=C1/C(=C/c2ccccc2F)CNC/C1=C\c1ccccc1F
CHEMBL28509,5.46,CHEMBL4282,3.5,CCCCCCCCCCCCCCCCCCOCC(COP(=O)([O-])OCC[N+](C)(C)C)OC
CHEMBL372764,5.28,CHEMBL4282,5.3,CCCCCCCCCCCCCCCCCCOP(=O)([O-])OC1CC[N+](C)(C)CC1
CHEMBL125,5.02,CHEMBL4282,9.6,CCCCCCCCCCCCCCCCOP(=O)([O-])OCC[N+](C)(C)C
CHEMBL2349083,4.72,CHEMBL4282,19.1,CCCCCCCCCCCCCCCCCCCCCC[C@@]1(C(=O)OCC)CCC[C@@H]1OP(=O)([O-])OCC[N+](C)(C)C
CHEMBL2349082,5.16,CHEMBL4282,6.9,CCCCCCCCCCCCCCCCCCCC[C@@]1(C(=O)OCC)CCC[C@@H]1OP(=O)([O-])OCC[N+](C)(C)C
CHEMBL2349081,5.52,CHEMBL4282,3.0,CCCCCCCCCCCCCCCCCC[C@@]1(C(=O)OCC)CCC[C@@H]1OP(=O)([O-])OCC[N+](C)(C)C
CHEMBL2349080,5.3,CHEMBL4282,5.0,CCCCCCCCCCCCCCCC[C@@]1(C(=O)OCC)CCC[C@@H]1OP(=O)([O-])OCC[N+](C)(C)C
CHEMBL2349079,5.21,CHEMBL4282,6.2,CCCCCCCCCCCCC[C@@]1(C(=O)OCC)CCC[C@@H]1OP(=O)([O-])OCC[N+](C)(C)C
CHEMBL2349078,5.26,CHEMBL4282,5.5,CCCCCCCCCCCCCCCCCCCCCC[C@@]1(C(=O)OCC)CCC[C@H]1OP(=O)([O-])OCC[N+](C)(C)C
CHEMBL2349077,5.16,CHEMBL4282,7.0,CCCCCCCCCCCCCCCCCCCC[C@@]1(C(=O)OCC)CCC[C@H]1OP(=O)([O-])OCC[N+](C)(C)C
CHEMBL2349076,4.96,CHEMBL4282,10.9,CCCCCCCCCCCCCCCCCC[C@@]1(C(=O)OCC)CCC[C@H]1OP(=O)([O-])OCC[N+](C)(C)C
CHEMBL2349075,5.7,CHEMBL4282,2.0,CCCCCCCCCCCCCCCC[C@@]1(C(=O)OCC)CCC[C@H]1OP(=O)([O-])OCC[N+](C)(C)C
CHEMBL2349074,5.51,CHEMBL4282,3.1,CCCCCCCCCCCCC[C@@]1(C(=O)OCC)CCC[C@H]1OP(=O)([O-])OCC[N+](C)(C)C
CHEMBL2347053,7.96,CHEMBL4282,11.0,O=C1Nc2ccccc2/C1=C/c1c[nH]nc1-c1ccccc1[N+](=O)[O-]
CHEMBL1234354,7.89,CHEMBL4282,13.0,COc1ccc(-c2cc3c(C)nc(N)nc3n([C@H]3CC[C@H](OCCO)CC3)c2=O)cn1
CHEMBL2375953,7.25,CHEMBL4282,56.8,Cc1nc(N)nc2c1cc(-c1cnc3ccccc3c1)c(=O)n2[C@H]1CC[C@H](OCC(N)=O)CC1
CHEMBL2375954,6.42,CHEMBL4282,376.0,Cc1nc(N)nc2c1cc(-c1cnn(C)c1)c(=O)n2[C@H]1CC[C@H](OCC(N)=O)CC1
CHEMBL2375955,6.59,CHEMBL4282,256.0,Cc1nc(N)nc2c1cc(-c1cn[nH]c1)c(=O)n2[C@H]1CC[C@H](OCC(N)=O)CC1
CHEMBL2375956,7.29,CHEMBL4282,51.9,COc1ncc(-c2cc3c(C)nc(N)nc3n([C@H]3CC[C@H](OCC(N)=O)CC3)c2=O)cn1
CHEMBL2375957,8.23,CHEMBL4282,5.82,COc1ncc(-c2cc3c(C)nc(N)nc3n([C@H]3CC[C@H](OCC(N)=O)CC3)c2=O)cc1F
CHEMBL2375958,7.71,CHEMBL4282,19.3,COc1ccc(-c2cc3c(C)nc(N)nc3n([C@H]3CC[C@H](OCC(N)=O)CC3)c2=O)cn1
CHEMBL2375959,6.94,CHEMBL4282,116.0,Cc1nc(N)nc2c1cc(-c1cnc3ccccc3c1)c(=O)n2[C@H]1CC[C@@H](OCC(N)=O)CC1
CHEMBL2375960,6.0,CHEMBL4282,988.0,Cc1nc(N)nc2c1cc(-c1cnn(C)c1)c(=O)n2[C@H]1CC[C@@H](OCC(N)=O)CC1
CHEMBL2375962,6.83,CHEMBL4282,148.0,Cc1nc(N)nc2c1cc(-c1cn[nH]c1)c(=O)n2[C@H]1CC[C@@H](OCC(N)=O)CC1
CHEMBL2375961,7.08,CHEMBL4282,82.9,COc1ncc(-c2cc3c(C)nc(N)nc3n([C@H]3CC[C@@H](OCC(N)=O)CC3)c2=O)cn1
CHEMBL2375963,8.09,CHEMBL4282,8.22,COc1ncc(-c2cc3c(C)nc(N)nc3n([C@H]3CC[C@@H](OCC(N)=O)CC3)c2=O)cc1F
CHEMBL2375964,7.63,CHEMBL4282,23.3,COc1ccc(-c2cc3c(C)nc(N)nc3n([C@H]3CC[C@@H](OCC(N)=O)CC3)c2=O)cn1
CHEMBL2375965,7.62,CHEMBL4282,23.8,Cc1nc(N)nc2c1cc(-c1cnc3ccccc3c1)c(=O)n2[C@H]1CC[C@H](OCO)CC1
CHEMBL2375966,6.54,CHEMBL4282,288.0,Cc1nc(N)nc2c1cc(-c1cnn(C)c1)c(=O)n2[C@H]1CC[C@H](OCO)CC1
CHEMBL2375967,7.59,CHEMBL4282,25.9,Cc1nc(N)nc2c1cc(-c1cn[nH]c1)c(=O)n2[C@H]1CC[C@H](OCO)CC1
CHEMBL2375365,7.66,CHEMBL4282,22.0,COc1ncc(-c2cc3c(C)nc(N)nc3n([C@H]3CC[C@H](OCO)CC3)c2=O)cn1
CHEMBL2375968,8.28,CHEMBL4282,5.24,COc1ncc(-c2cc3c(C)nc(N)nc3n([C@H]3CC[C@H](OCO)CC3)c2=O)cc1F
CHEMBL2375969,6.98,CHEMBL4282,104.0,Cc1nc(N)nc2c1cc(-c1cnc3ccccc3c1)c(=O)n2[C@H]1CC[C@@H](OCO)CC1
CHEMBL2375970,6.51,CHEMBL4282,310.0,Cc1nc(N)nc2c1cc(-c1cnn(C)c1)c(=O)n2[C@H]1CC[C@@H](OCO)CC1
CHEMBL2376092,7.95,CHEMBL4282,11.2,Cc1nc(N)nc2c1cc(-c1cn[nH]c1)c(=O)n2[C@H]1CC[C@@H](OCO)CC1
CHEMBL2376093,7.53,CHEMBL4282,29.4,COc1ncc(-c2cc3c(C)nc(N)nc3n([C@H]3CC[C@@H](OCO)CC3)c2=O)cn1
CHEMBL2376095,7.67,CHEMBL4282,21.6,COc1ccc(-c2cc3c(C)nc(N)nc3n([C@H]3CC[C@@H](OCO)CC3)c2=O)cn1
CHEMBL2376096,5.68,CHEMBL4282,2070.0,COc1ccc(-c2cc3c(C)nc(N)nc3n([C@H]3CC[C@H](OCC(=O)O)CC3)c2=O)cn1
CHEMBL2381116,5.32,CHEMBL4282,4800.0,COc1ccc2c(c1)C(=O)N(c1nc(C(=O)Nc3cnccc3N3CCNCC3)cs1)C2
CHEMBL2385543,4.8,CHEMBL4282,16.0,O=C1c2oc(-c3ccc(Cl)cc3)cc2Cc2cc(N3CCNCC3)ccc2N1Cc1ccccc1-c1cccnc1
CHEMBL2420911,5.8,CHEMBL4282,1.6,c1nc(N2CCC3(CCCNC3)CC2)c2nc[nH]c2n1
CHEMBL2420909,4.85,CHEMBL4282,14.0,c1nc(N2CCC3(CCCCN3)CC2)c2nc[nH]c2n1
CHEMBL2436727,5.9,CHEMBL4282,1.26,O=[N+]([O-])c1ccc(S(=O)(=O)Nc2ccc(O)c(Sc3ncn[nH]3)c2)cc1
CHEMBL474390,6.7,CHEMBL4282,198.0,CCC[C@H]1O[C@@H]2CC(=O)O[C@@H]2C2=C1C(=O)c1c(O)cccc1C2=O
CHEMBL2216825,6.83,CHEMBL4282,149.0,C[C@H]1O[C@@H]2CC(=O)O[C@@H]2C2=C1C(=O)c1c(ccc([C@H]3C[C@@H](N(C)C)[C@H](O)[C@@H](C)O3)c1O)C2=O
CHEMBL522996,6.82,CHEMBL4282,150.0,C[C@H]1O[C@@H]2CC(=O)O[C@@H]2C2=C1C(=O)c1ccccc1C2=O
CHEMBL475400,7.36,CHEMBL4282,0.044,O=C1C[C@H]2OCC3=C(C(=O)c4ccccc4C3=O)[C@H]2O1
CHEMBL55934,4.96,CHEMBL4282,10.98,O=C1C=CC(=O)c2ccccc21
CHEMBL3099615,4.91,CHEMBL4282,12.27,C=CC(=O)c1ccccc1
CHEMBL3099614,4.86,CHEMBL4282,13.67,COC(=O)CC/C=C/C(=O)c1ccccc1
CHEMBL3099613,4.3,CHEMBL4282,50.0,COC/C=C/C(=O)c1ccccc1
CHEMBL3099612,5.53,CHEMBL4282,2.94,O=C1C[C@@H](O)[C@@H](C2=CC(=O)c3ccccc3C2=O)O1
CHEMBL522996,6.55,CHEMBL4282,0.28,C[C@H]1O[C@@H]2CC(=O)O[C@@H]2C2=C1C(=O)c1ccccc1C2=O
CHEMBL388978,7.96,CHEMBL4282,0.011,CN[C@@H]1C[C@H]2O[C@@](C)([C@@H]1OC)n1c3ccccc3c3c4c(c5c6ccccc6n2c5c31)C(=O)NC4
CHEMBL50,5.27,CHEMBL4282,5.39,O=c1c(O)c(-c2ccc(O)c(O)c2)oc2cc(O)cc(O)c12
CHEMBL388978,7.52,CHEMBL4282,0.03,CN[C@@H]1C[C@H]2O[C@@](C)([C@@H]1OC)n1c3ccccc3c3c4c(c5c6ccccc6n2c5c31)C(=O)NC4
CHEMBL3104855,5.39,CHEMBL4282,4.07,Cc1c(O)c(O)c(O)c(C=O)c1-c1cc2c(C=O)c(C)c(O)c(O)c2o1
CHEMBL3104854,4.63,CHEMBL4282,23.2,Cc1c(O)c(O)c(O)c2c1COC2=O
CHEMBL3104851,5.67,CHEMBL4282,2.15,Cc1c(O)c(O)c2c(c1C=O)[C@@H]1O[C@H](O2)c2c(C)c(O)c(O)c(O)c2C1=O
CHEMBL3109404,4.32,CHEMBL4282,48.4,COC(=O)c1cc(O)c(O)c(C[C@]2(C)[C@@H](C)CC[C@@]3(C)C(C)=CCC[C@@H]23)c1
CHEMBL3109401,4.13,CHEMBL4282,73.2,CC1=CCC[C@H]2[C@](C)(CC3=C(O)C(=O)C=C(NCCC(C)C)C3=O)[C@@H](C)CC[C@@]12C
CHEMBL3113284,5.76,CHEMBL4282,1.73,COc1ccc(S(=O)(=O)Nc2cc(Sc3ncnc4nc[nH]c34)c(O)c3ccccc23)cc1OC
CHEMBL388978,6.89,CHEMBL4282,0.13,CN[C@@H]1C[C@H]2O[C@@](C)([C@@H]1OC)n1c3ccccc3c3c4c(c5c6ccccc6n2c5c31)C(=O)NC4
CHEMBL3113150,6.09,CHEMBL4282,0.82,NCCNC(c1ccc(Cl)cc1)c1ccc(-c2cn[nH]c2)cc1
CHEMBL3113149,6.19,CHEMBL4282,0.65,OCCNC(c1ccc(Cl)cc1)c1ccc(-c2cn[nH]c2)cc1
CHEMBL3113148,5.88,CHEMBL4282,1.32,Clc1ccc(C(NCc2ccccc2)c2ccc(-c3cn[nH]c3)cc2)cc1
CHEMBL3113146,5.96,CHEMBL4282,1.1,Clc1ccc(C(NC2CCCCC2)c2ccc(-c3cn[nH]c3)cc2)cc1
CHEMBL3113145,6.32,CHEMBL4282,0.48,Clc1ccc(C(NC2CC2)c2ccc(-c3cn[nH]c3)cc2)cc1
CHEMBL3112595,7.42,CHEMBL4282,0.038,CC(C)(C)NC(c1ccc(Cl)cc1)c1ccc(-c2cn[nH]c2)cc1
CHEMBL3113144,6.05,CHEMBL4282,0.9,CC(C)CNC(c1ccc(Cl)cc1)c1ccc(-c2cn[nH]c2)cc1
CHEMBL3113143,6.43,CHEMBL4282,0.37,CC(C)NC(c1ccc(Cl)cc1)c1ccc(-c2cn[nH]c2)cc1
CHEMBL3113142,6.13,CHEMBL4282,0.74,Clc1ccc(C(NCc2ccccc2)c2ccc(-c3ncnc4[nH]cnc34)cc2)cc1
CHEMBL3113141,6.19,CHEMBL4282,0.64,Clc1ccc(C(NC2CCCCC2)c2ccc(-c3ncnc4[nH]cnc34)cc2)cc1
CHEMBL3113140,6.13,CHEMBL4282,0.74,CC(C)CNC(c1ccc(Cl)cc1)c1ccc(-c2ncnc3[nH]cnc23)cc1
CHEMBL3113139,5.9,CHEMBL4282,1.25,Clc1ccc(C(NCc2ccccc2)c2ccc(-c3ccncc3)cc2)cc1
CHEMBL3113137,5.9,CHEMBL4282,1.26,Clc1ccc(C(NC2CCCCC2)c2ccc(-c3ccncc3)cc2)cc1
CHEMBL3113136,6.77,CHEMBL4282,0.17,CC(C)(C)NC(c1ccc(Cl)cc1)c1ccc(-c2ccncc2)cc1
CHEMBL3113135,5.84,CHEMBL4282,1.43,CC(C)CNC(c1ccc(Cl)cc1)c1ccc(-c2ccncc2)cc1
CHEMBL3113134,6.66,CHEMBL4282,0.22,CC(C)NC(c1ccc(Cl)cc1)c1ccc(-c2ccncc2)cc1
CHEMBL3113130,6.33,CHEMBL4282,0.47,Clc1ccc(C(NC2CC2)c2ccc(-c3ncnc4[nH]cnc34)cc2)cc1
CHEMBL3113129,6.8,CHEMBL4282,0.16,CC(C)NC(c1ccc(Cl)cc1)c1ccc(-c2ncnc3[nH]cnc23)cc1
CHEMBL104264,5.76,CHEMBL4282,1.72,O=S(=O)(NCCNC/C=C/c1ccc(Br)cc1)c1cccc2cnccc12
CHEMBL388978,7.4,CHEMBL4282,0.04,CN[C@@H]1C[C@H]2O[C@@](C)([C@@H]1OC)n1c3ccccc3c3c4c(c5c6ccccc6n2c5c31)C(=O)NC4
CHEMBL526034,4.7,CHEMBL4282,20.0,CN(C)Cc1c(O)ccc2oc(Cc3ccccc3)cc12
CHEMBL3127380,6.36,CHEMBL4282,6.36,Nc1ncnc(N2CCN(C(=O)C(N)Cc3ccccc3)CC2)c1Br
CHEMBL3127379,8.11,CHEMBL4282,8.11,Nc1ncnc(N2CCN(C(=O)C(N)Cc3ccc(Cl)cc3)CC2)c1Br
CHEMBL3127378,7.77,CHEMBL4282,7.77,Nc1ncnc(N2CCN(C(=O)C(N)Cc3ccc(Cl)cc3)CC2)c1Cl
CHEMBL3127377,5.74,CHEMBL4282,5.74,Nc1ncnc(N2CCN(C(=O)[C@@H](N)Cc3ccccc3)CC2)c1Cl
CHEMBL3127376,5.36,CHEMBL4282,5.36,NCC1(c2ccc(Cl)c(Cl)c2)CCN(c2cc(N)ncn2)CC1
CHEMBL3124965,5.7,CHEMBL4282,5.7,CNc1cc(N2CCC(CN)(c3ccc(Cl)c(Cl)c3)CC2)ncn1
CHEMBL104264,5.66,CHEMBL4282,2.2,O=S(=O)(NCCNC/C=C/c1ccc(Br)cc1)c1cccc2cnccc12
CHEMBL3127380,6.37,CHEMBL4282,0.432,Nc1ncnc(N2CCN(C(=O)C(N)Cc3ccccc3)CC2)c1Br
CHEMBL3127379,8.11,CHEMBL4282,0.0077,Nc1ncnc(N2CCN(C(=O)C(N)Cc3ccc(Cl)cc3)CC2)c1Br
CHEMBL3127378,7.77,CHEMBL4282,0.017,Nc1ncnc(N2CCN(C(=O)C(N)Cc3ccc(Cl)cc3)CC2)c1Cl
CHEMBL3127377,5.74,CHEMBL4282,1.83,Nc1ncnc(N2CCN(C(=O)[C@@H](N)Cc3ccccc3)CC2)c1Cl
CHEMBL3127376,5.37,CHEMBL4282,4.32,NCC1(c2ccc(Cl)c(Cl)c2)CCN(c2cc(N)ncn2)CC1
CHEMBL3124965,5.74,CHEMBL4282,1.83,CNc1cc(N2CCC(CN)(c3ccc(Cl)c(Cl)c3)CC2)ncn1
CHEMBL3218297,8.67,CHEMBL4282,2.16,CS(=O)(=O)O.O=C(NCc1cccc(O)c1)Nc1nc(-c2ccncc2)cs1
CHEMBL3361128,4.41,CHEMBL4282,38.6,O=C1/C(=C\c2ccc(O)c(O)c2)Oc2ccccc21
CHEMBL3314097,6.7,CHEMBL4282,200.0,CC[C@H](C)[C@H](NC(=O)[C@H](CCCNC(=N)N)NC(=O)[C@H](CCC(=O)O)NC(=O)[C@H](Cc1cnc[nH]1)NC(=O)[C@H](CCCNC(=N)N)NC(=O)C(CCCCCCCCn1cc(CCCC(=O)NC(CCCCCCCCn2cc(C[C@H](NC(C)=O)C(=O)N[C@@H](Cc3ccccc3)C(=O)N[C@@H](Cc3c[nH]c4ccccc34)C(=O)N[C@@H](Cc3ccccc3)C(=O)N[C@@H](CC(C)C)C(=O)N[C@@H](CCCNC(=N)N)C(=O)NCC(N)=O)nn2)C(=O)N[C@H](C(=O)N[C@@H](Cc2ccccc2)C(=O)N[C@@H](Cc2ccc(O)cc2)C(=O)N[C@@H](CCCNC(=N)N)C(=O)N[C@@H](CC(C)C)C(=O)NCC(=O)N[C@@H](Cc2ccc(O)cc2)C(=O)NCCNC(=O)CCCC[C@H]2SC[C@H]3NC(=O)N[C@H]32)C(C)C)nn1)NC(C)=O)C(N)=O
CHEMBL3298512,6.24,CHEMBL4282,0.58,C=CC(=O)[C@H](Cc1ccccc1)NC(=O)OC(C)(C)C
CHEMBL3298516,5.35,CHEMBL4282,4.48,CC(C)(C)OC(=O)N[C@@H](Cc1ccccc1)C(=O)NCCN1C(=O)C=CC1=O
CHEMBL3298611,4.61,CHEMBL4282,24.66,CC(C)(C)OC(=O)NN(Cc1ccccc1)C(=O)CBr
CHEMBL3298792,4.79,CHEMBL4282,16.13,CC(C)(C)OC(=O)NN(Cc1ccccc1)C(=O)CI
CHEMBL3298929,5.33,CHEMBL4282,4.68,CC(C)(C)OC(=O)NN(Cc1ccccc1)C(=O)CN1C(=O)C=CC1=O
CHEMBL494089,9.22,CHEMBL4282,0.0006,CCn1c(-c2nonc2N)nc2c(C#CC(C)(C)O)ncc(OC[C@H]3CCCNC3)c21
CHEMBL1079175,8.0,CHEMBL4282,0.01,NC1(c2ccc(-c3nc4ccn5c(=O)[nH]nc5c4cc3-c3ccccc3)cc2)CCC1
CHEMBL3299032,6.7,CHEMBL4282,0.2,COC[C@H](NC(=O)[C@H](Cc1ccc(O)cc1)NC(=O)[C@H](C(C)C)N(C)C(=O)[C@H](CCCNC(=N)N)NC(=O)[C@@H]1CCCN1C(=O)[C@@H](N)CCCNC(=N)N)C(=O)NCCCC(=O)O
CHEMBL362455,5.47,CHEMBL4282,3.4,CC(C)(N)c1ccc(-c2nc3ccccc3nc2-c2ccccc2)cc1
CHEMBL388978,7.75,CHEMBL4282,17.6,CN[C@@H]1C[C@H]2O[C@@](C)([C@@H]1OC)n1c3ccccc3c3c4c(c5c6ccccc6n2c5c31)C(=O)NC4
CHEMBL3414688,6.66,CHEMBL4282,0.22,CC(C)CCCC1(C)CCc2cc(S(N)(=O)=O)cc(Br)c2O1
CHEMBL3414687,6.46,CHEMBL4282,0.35,CC(C)CCCC1(C)CCc2cc(S(N)(=O)=O)cc(F)c2O1
CHEMBL3414686,6.7,CHEMBL4282,0.2,Cc1c(S(N)(=O)=O)cc2c(c1C)OC(C)(CCCC(C)C)CC2
CHEMBL3414685,6.68,CHEMBL4282,0.21,CC(C)CCCC1(C)CCc2cc(N)ccc2O1
CHEMBL3414684,7.52,CHEMBL4282,0.03,Cc1cc(O)cc2c1NC(C)(CCCC(C)C)CC2
CHEMBL3414683,6.01,CHEMBL4282,0.98,CC(C)CCCC1(C)CCc2ccc(O)c(O)c2O1
CHEMBL3414682,6.47,CHEMBL4282,0.34,CC(C)CCCC1(C)CCc2c(O)cccc2O1
CHEMBL3414681,6.41,CHEMBL4282,0.39,CC(C)CCCC1(C)CCc2cc(O)cc(Br)c2O1
CHEMBL3414680,6.47,CHEMBL4282,0.34,CC(C)CCCC1(C)CCc2cc(O)cc(F)c2O1
CHEMBL3414679,5.73,CHEMBL4282,1.88,COc1cc(O)cc2c1OC(C)(CCCC(C)C)CC2
CHEMBL3414678,5.93,CHEMBL4282,1.18,CC(C)CCCC1(C)CCc2cc(O)cc(O)c2O1
CHEMBL3414677,6.35,CHEMBL4282,0.45,CC(C)CCCC1(C)CCc2cc(O)cc(C(F)(F)F)c2O1
CHEMBL3414676,6.55,CHEMBL4282,0.28,CC(C)CCCC1(C)CC(=O)c2cc(O)ccc2O1
CHEMBL3414675,6.5,CHEMBL4282,0.32,Cc1cc(O)cc2c1OC(C)(CCCC(C)C)CC2=O
CHEMBL3414674,6.39,CHEMBL4282,0.41,Cc1c(O)cc2c(c1C)OC(C)(CCCC(C)C)CC2=O
CHEMBL3414673,6.46,CHEMBL4282,0.35,CC(C)CCCC1(C)CCc2cc(O)ccc2O1
CHEMBL3414672,6.39,CHEMBL4282,0.41,Cc1cc(O)cc2c1OC(C)(CCCC(C)C)CC2
CHEMBL3414671,5.07,CHEMBL4282,8.5,COc1cc2c(c(C)c1C)OC(C)(CCCC(C)C)CC2
CHEMBL3414670,6.28,CHEMBL4282,0.52,Cc1c(O)cc2c(c1C)OC(C)(CCCC(C)C)CC2
CHEMBL3414669,6.27,CHEMBL4282,0.54,Cc1c(O)cc2c(c1C)O[C@](C)(CCCC(C)C)CC2
CHEMBL388978,8.34,CHEMBL4282,4.62,CN[C@@H]1C[C@H]2O[C@@](C)([C@@H]1OC)n1c3ccccc3c3c4c(c5c6ccccc6n2c5c31)C(=O)NC4
CHEMBL388978,7.92,CHEMBL4282,1.2,CN[C@@H]1C[C@H]2O[C@@](C)([C@@H]1OC)n1c3ccccc3c3c4c(c5c6ccccc6n2c5c31)C(=O)NC4
CHEMBL3693947,4.68,CHEMBL4282,20800.0,Cc1cc(C)cc(C(=O)NC(=S)Nc2c(O)cc(C(F)(F)F)cc2C(F)(F)F)c1
CHEMBL3701762,9.1,CHEMBL4282,0.8,CC1(O)CC(N)(c2ccc(-c3nc4n(c3-c3ccccc3)COc3ccc(-c5ccn[nH]5)cc3-4)cc2)C1
CHEMBL3701774,8.62,CHEMBL4282,2.4,CC1(O)CC(N)(c2ccc(-c3nc4n(c3-c3ccccc3)COc3ccc(C(=O)NCCO)cc3-4)cc2)C1
CHEMBL3701718,8.34,CHEMBL4282,4.6,CC1(O)CC(N)(c2ccc(-c3nc4n(c3-c3ccccc3)COc3cccc(F)c3-4)cc2)C1
CHEMBL3701767,8.8,CHEMBL4282,1.6,CC1(O)CC(N)(c2ccc(-c3nc4n(c3-c3ccccc3)COc3ccc(C(N)=O)cc3-4)cc2)C1
CHEMBL3701752,8.85,CHEMBL4282,1.4,NC1(c2ccc(-c3nc4n(c3-c3ccccc3)COc3ncccc3-4)cc2)CC(O)(C2CC2)C1
CHEMBL3701777,8.3,CHEMBL4282,5.0,CC1(O)CC(O)(c2ccc(-c3nc4n(c3-c3ccccc3)COc3ccc(C(=O)O)cc3-4)cc2)C1
CHEMBL3701717,8.43,CHEMBL4282,3.7,NC1(c2ccc(-c3nc4n(c3-c3ccccc3)COc3cccc(F)c3-4)cc2)CC(O)(C2CC2)C1
CHEMBL3701771,7.82,CHEMBL4282,15.0,CN(C)C(=O)c1ccc2c(c1)OCn1c-2nc(-c2ccc(C3(N)CC(C)(O)C3)cc2)c1-c1ccccc1
CHEMBL3596524,4.57,CHEMBL4282,27100.0,Cc1cc(C)cc(C(=O)NC(=S)Nc2cc([N+](=O)[O-])ccc2O)c1
CHEMBL3679633,8.64,CHEMBL4282,2.3,N=C(c1ccccc1)n1c(=N)ccc2nc(-c3ccc(C4(N)CCC4)cc3)c(-c3ccccc3)cc21
CHEMBL3701724,8.19,CHEMBL4282,6.4,CC1(O)CC(N)(c2ccc(-c3nc4n(c3-c3ccccc3)COc3ccc(F)cc3-4)cc2)C1
CHEMBL3679630,8.09,CHEMBL4282,8.2,CC(=N)n1c(=N)ccc2nc(-c3ccc(C4(N)CCC4)cc3)c(-c3ccccc3)cc21
CHEMBL3701769,8.74,CHEMBL4282,1.8,CCNC(=O)c1ccc2c(c1)-c1nc(-c3ccc(C4(N)CC(C)(O)C4)cc3)c(-c3ccccc3)n1CO2
CHEMBL3701738,7.55,CHEMBL4282,28.0,CCOc1cccc2c1-c1nc(-c3ccc(C4(N)CC(O)(C5CC5)C4)cc3)c(-c3ccccc3)n1CO2
CHEMBL3701737,8.09,CHEMBL4282,8.2,NC1(c2ccc(-c3nc4n(c3-c3ccccc3)COc3cccc(Cl)c3-4)cc2)CC(O)(C2CC2)C1
CHEMBL3701756,8.19,CHEMBL4282,6.4,CC1(O)CC(N)(c2ccc(-c3nc4n(c3-c3ccccc3)COc3nccnc3-4)cc2)C1
CHEMBL3701778,8.51,CHEMBL4282,3.1,CC1(O)CC(O)(c2ccc(-c3nc4n(c3-c3ccccc3)COc3cc(C(=O)O)ccc3-4)cc2)C1
CHEMBL3701734,8.43,CHEMBL4282,3.7,COc1ccc2c(c1)OCn1c-2nc(-c2ccc(C3(N)CC(O)(C4CC4)C3)cc2)c1-c1ccccc1
CHEMBL3701736,8.22,CHEMBL4282,6.0,COc1ccc2c(c1)OCn1c-2nc(-c2ccc(C3(N)CC(C)(O)C3)cc2)c1-c1ccccc1
CHEMBL3701728,8.28,CHEMBL4282,5.3,CC1(O)CC(N)(c2ccc(-c3nc4n(c3-c3ccccc3)COc3ccccc3-4)cc2)C1
CHEMBL5316196,7.8,CHEMBL4282,16.0,COc1cccc2c1OCn1c-2nc(-c2ccc(C3(N)CC(O)(C4CC4)C3)cc2)c1-c1ccccc1
CHEMBL3701763,8.89,CHEMBL4282,1.3,CC1(O)CC(N)(c2ccc(-c3nc4n(c3-c3ccccc3)COc3ccc(-c5cn[nH]c5)cc3-4)cc2)C1
CHEMBL3701775,8.74,CHEMBL4282,1.8,CCONC(=O)c1ccc2c(c1)-c1nc(-c3ccc(C4(N)CC(C)(O)C4)cc3)c(-c3ccccc3)n1CO2
CHEMBL3701766,8.82,CHEMBL4282,1.5,CNC(=O)c1ccc2c(c1)-c1nc(-c3ccc(C4(N)CC(C)(O)C4)cc3)c(-c3ccccc3)n1CO2
CHEMBL3701748,7.85,CHEMBL4282,14.0,NC1(c2ccc(-c3nc4n(c3-c3ccccc3)COc3ccncc3-4)cc2)CCC1
CHEMBL5316199,7.96,CHEMBL4282,11.0,Cc1ccc2c(n1)-c1nc(-c3ccc(C4(N)CC(C)(O)C4)cc3)c(-c3ccccc3)n1CO2
CHEMBL3701761,8.36,CHEMBL4282,4.4,CC1(O)CC(N)(c2ccc(-c3nc4n(c3-c3ccccc3)COc3ccc(C#N)cc3-4)cc2)C1
CHEMBL3701742,7.96,CHEMBL4282,11.0,NC1(c2ccc(-c3nc4n(c3-c3ccccc3)COc3cccnc3-4)cc2)CC(O)(C2CC2)C1
CHEMBL3701770,8.74,CHEMBL4282,1.8,CNC(=O)c1ccc2c(c1)OCn1c-2nc(-c2ccc(C3(N)CC(C)(O)C3)cc2)c1-c1ccccc1
CHEMBL3701760,8.21,CHEMBL4282,6.2,CC1(O)CC(N)(c2ccc(-c3nc4n(c3-c3ccccc3)COc3cc(C#N)ccc3-4)cc2)C1
CHEMBL3693946,4.65,CHEMBL4282,22600.0,Cc1cc(C)cc(C(=O)NC(=S)Nc2cc(C(F)(F)F)ccc2O)c1
CHEMBL3701776,8.89,CHEMBL4282,1.3,CC1(O)CC(N)(c2ccc(-c3nc4n(c3-c3ccccc3)COc3cc(C(N)=O)ccc3-4)cc2)C1
CHEMBL3701720,8.15,CHEMBL4282,7.1,NC1(c2ccc(-c3nc4n(c3-c3ccsc3)COc3cccc(F)c3-4)cc2)CC(O)(C2CC2)C1
CHEMBL5316198,8.38,CHEMBL4282,4.2,NC1(c2ccc(-c3nc4n(c3-c3ccccc3)COc3ccncc3-4)cc2)CC(O)(C2CC2)C1
CHEMBL3701721,7.66,CHEMBL4282,22.0,NC1(c2ccc(-c3nc4n(c3-c3ccncc3)COc3cccc(F)c3-4)cc2)CC(O)(C2CC2)C1
CHEMBL3701719,7.8,CHEMBL4282,16.0,NC1(c2ccc(-c3nc4n(c3-c3ccccc3)COc3cccc(F)c3-4)cc2)CCC1
CHEMBL3701722,8.01,CHEMBL4282,9.8,CC1(O)CC(N)(c2ccc(-c3nc4n(c3-c3ccsc3)COc3cccc(F)c3-4)cc2)C1
CHEMBL3693945,4.76,CHEMBL4282,17500.0,Cc1cc(C)cc(C(=O)NC(=S)Nc2c(O)cc(C)c(Cl)c2C)c1
CHEMBL3679636,9.47,CHEMBL4282,0.34,N[C@]1(c2ccc(-c3nc4ccc5nnc(C(F)F)n5c4cc3-c3ccccc3)cc2)C[C@](O)(C2CC2)C1
CHEMBL3701773,8.68,CHEMBL4282,2.1,CCONC(=O)c1ccc2c(c1)OCn1c-2nc(-c2ccc(C3(N)CC(C)(O)C3)cc2)c1-c1ccccc1
CHEMBL3701729,7.89,CHEMBL4282,13.0,NC1(c2ccc(-c3nc4n(c3-c3ccccc3)COc3ccccc3-4)cc2)CCC1
CHEMBL3701725,8.07,CHEMBL4282,8.5,CC1(O)CC(N)(c2ccc(-c3nc4n(c3-c3ccccc3)COc3cc(F)ccc3-4)cc2)C1
CHEMBL3701757,8.1,CHEMBL4282,8.0,CCC1(O)CC(N)(c2ccc(-c3nc4n(c3-c3ccccc3)COc3nccnc3-4)cc2)C1
CHEMBL3701743,7.96,CHEMBL4282,11.0,CC1(O)CC(N)(c2ccc(-c3nc4n(c3-c3ccccc3)COc3cccnc3-4)cc2)C1
CHEMBL3701759,8.07,CHEMBL4282,8.6,CC1(O)CC(N)(c2ccc(-c3nc4n(c3-c3ccccc3)COc3cc(CO)ccc3-4)cc2)C1
CHEMBL3701754,8.41,CHEMBL4282,3.9,NC1(c2ccc(-c3nc4n(c3-c3ccccc3)COc3ncccc3-4)cc2)CCC1
CHEMBL3679635,9.15,CHEMBL4282,0.7,N[C@]1(c2ccc(-c3nc4ccc5nnc(C6NCNN6)n5c4cc3-c3ccccc3)cc2)C[C@](O)(C2CC2)C1
CHEMBL3701772,8.51,CHEMBL4282,3.1,CC1(O)CC(N)(c2ccc(-c3nc4n(c3-c3ccccc3)COc3cc(C(=O)NCCO)ccc3-4)cc2)C1
CHEMBL3693949,4.87,CHEMBL4282,13400.0,Cc1cc(C)cc(C(=O)NC(=S)Nc2cc(-c3ccccc3)ccc2O)c1
CHEMBL3701747,8.18,CHEMBL4282,6.6,CC1(O)CC(N)(c2ccc(-c3nc4n(c3-c3ccccc3)COc3ccncc3-4)cc2)C1
CHEMBL3701739,7.52,CHEMBL4282,30.0,CCOc1cccc2c1-c1nc(-c3ccc(C4(N)CC(C)(O)C4)cc3)c(-c3ccccc3)n1CO2
CHEMBL3701732,8.32,CHEMBL4282,4.8,COc1cccc2c1-c1nc(-c3ccc(C4(N)CC(O)(C5CC5)C4)cc3)c(-c3ccccc3)n1CO2
CHEMBL3701740,7.92,CHEMBL4282,12.0,COc1cc(OC)c2c(c1)OCn1c-2nc(-c2ccc(C3(N)CC(O)(C4CC4)C3)cc2)c1-c1ccccc1
CHEMBL3701730,7.57,CHEMBL4282,27.0,NC1(c2ccc(-c3nc4n(c3-c3ccsc3)COc3ccccc3-4)cc2)CCC1
CHEMBL3701727,8.41,CHEMBL4282,3.9,NC1(c2ccc(-c3nc4n(c3-c3ccccc3)COc3ccccc3-4)cc2)CC(O)(C2CC2)C1
CHEMBL3701768,8.36,CHEMBL4282,4.4,CN(C)C(=O)c1ccc2c(c1)-c1nc(-c3ccc(C4(N)CC(C)(O)C4)cc3)c(-c3ccccc3)n1CO2
CHEMBL3701733,8.74,CHEMBL4282,1.8,COc1ccc2c(c1)-c1nc(-c3ccc(C4(N)CC(O)(C5CC5)C4)cc3)c(-c3ccccc3)n1CO2
CHEMBL3701758,8.66,CHEMBL4282,2.2,CC1(O)CC(N)(c2ccc(-c3nc4n(c3-c3ccccc3)COc3ccc(CO)cc3-4)cc2)C1
CHEMBL3701750,8.7,CHEMBL4282,2.0,CC1(O)CC(N)(c2ccc(-c3nc4n(c3-c3ccccc3)COc3cnccc3-4)cc2)C1
CHEMBL3701765,8.26,CHEMBL4282,5.5,COc1ccc2c(n1)-c1nc(-c3ccc(C4(N)CC(C)(O)C4)cc3)c(-c3ccccc3)n1CO2
CHEMBL3701749,8.8,CHEMBL4282,1.6,NC1(c2ccc(-c3nc4n(c3-c3ccccc3)COc3cnccc3-4)cc2)CC(O)(C2CC2)C1
CHEMBL3701744,7.46,CHEMBL4282,35.0,NC1(c2ccc(-c3nc4n(c3-c3ccccc3)COc3cccnc3-4)cc2)CCC1
CHEMBL3701723,7.6,CHEMBL4282,25.0,CC1(O)CC(N)(c2ccc(-c3nc4n(c3-c3ccncc3)COc3cccc(F)c3-4)cc2)C1
CHEMBL3701745,7.48,CHEMBL4282,33.0,CCC1(O)CC(N)(c2ccc(-c3nc4n(c3-c3ccccc3)COc3cccnc3-4)cc2)C1
CHEMBL3701735,8.54,CHEMBL4282,2.9,COc1ccc2c(c1)-c1nc(-c3ccc(C4(N)CC(C)(O)C4)cc3)c(-c3ccccc3)n1CO2
CHEMBL5316197,7.58,CHEMBL4282,26.0,Cc1cccc2c1OCn1c-2nc(-c2ccc(C3(N)CC(O)(C4CC4)C3)cc2)c1-c1ccccc1
CHEMBL3679629,8.21,CHEMBL4282,6.1,N=C(N)n1c(=N)ccc2nc(-c3ccc(C4(N)CCC4)cc3)c(-c3ccccc3)cc21
CHEMBL3679634,7.41,CHEMBL4282,39.0,N=c1ccc2nc(-c3ccc(C4(NC(=O)Cc5cccnc5)CCC4)cc3)c(-c3ccccc3)cc2n1C(N)=O
CHEMBL3701726,8.64,CHEMBL4282,2.3,NC1(c2ccc(-c3nc4n(c3-c3ccccc3)COc3c(F)cccc3-4)cc2)CC(O)(C2CC2)C1
CHEMBL3693948,4.74,CHEMBL4282,18100.0,Cc1cc(C)cc(C(=O)NC(=S)Nc2c(O)cc(C)c(Br)c2C)c1
CHEMBL3701755,8.27,CHEMBL4282,5.4,NC1(c2ccc(-c3nc4n(c3-c3ccccc3)COc3nccnc3-4)cc2)CC(O)(C2CC2)C1
CHEMBL3701746,7.92,CHEMBL4282,12.0,CCC1(O)CC(N)(c2ccc(-c3nc4n(c3-c3ccccc3)COc3ccncc3-4)cc2)C1
CHEMBL3701731,7.29,CHEMBL4282,51.0,NC1(c2ccc(-c3nc4n(c3-c3ccncc3)COc3ccccc3-4)cc2)CCC1
CHEMBL3701751,8.26,CHEMBL4282,5.5,NC1(c2ccc(-c3nc4n(c3-c3ccccc3)COc3cnccc3-4)cc2)CCC1
CHEMBL3596523,4.51,CHEMBL4282,31000.0,O=C(NC(=S)Nc1cc([N+](=O)[O-])cc(Cl)c1O)c1ccccc1
CHEMBL3679632,9.42,CHEMBL4282,0.38,C[C@]1(O)C[C@@](N)(c2ccc(-c3nc4ccc5nnc(C(F)F)n5c4cc3-c3ccccc3)cc2)C1
CHEMBL3679631,8.0,CHEMBL4282,10.0,N=C(c1ccccc1)n1c(=N)ccc2nc(-c3ccc(C4(N)CC(F)(F)C4)cc3)c(-c3ccccc3)cc21
CHEMBL3701753,8.85,CHEMBL4282,1.4,CC1(O)CC(N)(c2ccc(-c3nc4n(c3-c3ccccc3)COc3ncccc3-4)cc2)C1
CHEMBL3759201,4.06,CHEMBL4282,87.6,Cc1ccc(-c2ncc(OCC3CCNCC3)cc2-c2ccc(C#N)cc2)cc1
CHEMBL3764688,4.79,CHEMBL4282,16.35,N=C(N/C(=N/O)c1nonc1N)c1ccccc1Br
CHEMBL3764684,5.49,CHEMBL4282,3.23,N=C(N/C(=N/O)c1nonc1N)N1CCCN=C1N
CHEMBL3763907,5.07,CHEMBL4282,8.61,N=C(N/C(=N/O)c1nonc1N)c1ccccc1N
CHEMBL3764457,5.14,CHEMBL4282,7.19,N=C(N/C(=N/O)c1nonc1N)c1ccccc1
CHEMBL3764886,5.73,CHEMBL4282,1.85,N=C(N)NC(=N)N/C(=N/O)c1nonc1N
CHEMBL258844,7.24,CHEMBL4282,58.0,O=c1[nH]c2ccccc2n1C1CCN(Cc2ccc(-c3nc4cc5[nH]cnc5cc4nc3-c3ccccc3)cc2)CC1
CHEMBL3787112,5.16,CHEMBL4282,7.0,Nc1ncnc2c1c(-c1cccc(O)c1)cn2[C@H]1C[C@@H](CN2CCC2)C1
CHEMBL3137336,7.75,CHEMBL4282,0.018,Cn1ncc(Cl)c1-c1cc(C(=O)N[C@H](CN)Cc2ccc(F)c(F)c2)oc1Cl
CHEMBL2325741,7.47,CHEMBL4282,0.034,NC1(C(=O)N[C@@H](CCO)c2ccc(Cl)cc2)CCN(c2nc[nH]c3nccc2-3)CC1
CHEMBL3805037,5.85,CHEMBL4282,1.4,Cn1ncc(Br)c1-c1ccc(C(=O)NC2(c3ccc(Cl)c(Cl)c3)CCNCC2)cc1
CHEMBL3805006,5.72,CHEMBL4282,1.91,Cn1ncc(Cl)c1-c1ccc(C(=O)NC2(c3ccc(Cl)c(Cl)c3)CCNCC2)cc1
CHEMBL3805319,6.07,CHEMBL4282,0.85,Cn1ncc(Cl)c1-c1c(Cl)c(C(=O)NC2(c3ccc(Cl)c(Cl)c3)CCNCC2)n(C)c1Cl
CHEMBL3805443,5.9,CHEMBL4282,1.26,Cn1cc(-c2c(Br)cnn2C)cc1C(=O)NC1(c2ccc(Cl)c(Cl)c2)CCNCC1
CHEMBL3805457,5.83,CHEMBL4282,1.48,Cn1ncc(Cl)c1-c1oc(C(=O)NC2(c3ccc(Cl)c(Cl)c3)CCNCC2)cc1Br
CHEMBL3805228,7.21,CHEMBL4282,0.061,Cn1ncc(Cl)c1-c1cc(C(=O)NC2(c3ccc(Cl)c(Cl)c3)CCNCC2)oc1Cl
CHEMBL3805691,6.41,CHEMBL4282,0.39,Cn1ncc(Cl)c1-c1cc(C(=O)NC2(c3ccc(F)cc3)CCNCC2)oc1Cl
CHEMBL3805855,6.36,CHEMBL4282,0.44,Cn1ncc(Br)c1-c1coc(C(=O)NC2(c3ccc(Cl)c(Cl)c3)CCNCC2)c1
CHEMBL3805617,5.7,CHEMBL4282,2.02,Cn1ncc(Br)c1-c1coc(C(=O)NC2(c3ccc(F)cc3)CCNCC2)c1
CHEMBL3806229,6.04,CHEMBL4282,0.92,Cn1ncc(Cl)c1-c1coc(C(=O)NC2(c3ccc(F)cc3)CCNCC2)c1
CHEMBL3805163,7.15,CHEMBL4282,0.071,Cn1nccc1-c1csc(C(=O)NC2(c3ccc(Cl)c(Cl)c3)CCNCC2)c1
CHEMBL3805232,6.44,CHEMBL4282,0.36,Cn1ncc(Br)c1-c1csc(C(=O)NC2(c3ccc(F)cc3)CCNCC2)c1
CHEMBL3806131,6.5,CHEMBL4282,0.32,Cn1ncc(Cl)c1-c1csc(C(=O)NC2(c3ccc(F)cc3)CCNCC2)c1
CHEMBL3805292,6.04,CHEMBL4282,0.92,Cn1nccc1-c1csc(C(=O)NC2(c3ccc(F)cc3)CCNCC2)c1
CHEMBL388978,7.75,CHEMBL4282,17.6,CN[C@@H]1C[C@H]2O[C@@](C)([C@@H]1OC)n1c3ccccc3c3c4c(c5c6ccccc6n2c5c31)C(=O)NC4
CHEMBL388978,8.05,CHEMBL4282,9.0,CN[C@@H]1C[C@H]2O[C@@](C)([C@@H]1OC)n1c3ccccc3c3c4c(c5c6ccccc6n2c5c31)C(=O)NC4
CHEMBL3818018,4.5,CHEMBL4282,31.33,CCCCCCCCCCCCCCCCCC(=O)OCC(CO)O[C@@H]1O[C@H](CS(=O)(=O)O)[C@@H](O)[C@H](O)[C@H]1O
CHEMBL372764,4.36,CHEMBL4282,43.35,CCCCCCCCCCCCCCCCCCOP(=O)([O-])OC1CC[N+](C)(C)CC1
CHEMBL3884319,5.0,CHEMBL4282,10000.0,CC1(C)C(=O)N([C@H]2CCc3c(O)cccc32)c2nc(Nc3ccccc3)ncc21
CHEMBL2219422,9.0,CHEMBL4282,9.0,Cn1ncc(Cl)c1-c1cc(C(=O)N[C@H](CN)Cc2cccc(F)c2)sc1Cl
CHEMBL3953878,9.0,CHEMBL4282,9.0,Cn1ncc(Cl)c1-c1cc(C(=O)N[C@H](CN)Cc2cccc(F)c2)oc1Cl
CHEMBL3137336,8.7,CHEMBL4282,8.7,Cn1ncc(Cl)c1-c1cc(C(=O)N[C@H](CN)Cc2ccc(F)c(F)c2)oc1Cl
CHEMBL3679710,5.55,CHEMBL4282,2800.0,c1ccc(-c2nnc3n2-c2cccnc2Nc2ccccc2-3)cc1
CHEMBL3679711,5.2,CHEMBL4282,6300.0,c1coc(-c2nnc3n2-c2cccnc2Nc2ccccc2-3)c1
CHEMBL3679712,4.89,CHEMBL4282,13000.0,Nc1cc(-c2nnc3n2-c2cccnc2Nc2ccccc2-3)ccn1
CHEMBL3679713,5.1,CHEMBL4282,7900.0,c1c[nH]c(-c2nnc3n2-c2cccnc2Nc2ccccc2-3)c1
CHEMBL3679714,5.68,CHEMBL4282,2100.0,Nc1ccc(-c2nnc3n2-c2cccnc2Nc2ccccc2-3)cn1
CHEMBL3679715,4.89,CHEMBL4282,13000.0,Cc1ccc(-c2nnc3n2-c2cccnc2Nc2ccccc2-3)cc1
CHEMBL3679716,5.33,CHEMBL4282,4700.0,CC(C)(C)c1ccc(-c2nnc3n2-c2cccnc2Nc2ccccc2-3)cc1
CHEMBL3679717,4.52,CHEMBL4282,30000.0,FC(F)(F)c1ccc(-c2nnc3n2-c2cccnc2Nc2ccccc2-3)cc1
CHEMBL3679718,5.29,CHEMBL4282,5100.0,Clc1ccc(-c2nnc3n2-c2cccnc2Nc2ccccc2-3)cc1
CHEMBL3679719,4.54,CHEMBL4282,29000.0,c1ccc2c(c1)Nc1ncccc1-n1c(-c3ccc4ccccc4c3)nnc1-2
CHEMBL3679720,6.14,CHEMBL4282,730.0,Nc1ccc(-c2nnc3n2-c2cccnc2Nc2ccccc2-3)cc1
CHEMBL3679721,5.8,CHEMBL4282,1600.0,CN(C)c1ccc(-c2nnc3n2-c2cccnc2Nc2ccccc2-3)cc1
CHEMBL3679722,5.29,CHEMBL4282,5100.0,Clc1ccc(-c2nnc3n2-c2cccnc2Nc2ccccc2-3)cc1Cl
CHEMBL3679723,4.17,CHEMBL4282,67000.0,CN1c2ccccc2-c2nnc(-c3ccc4ccccc4c3)n2-c2ccccc21
CHEMBL3679724,4.64,CHEMBL4282,23000.0,Fc1ccc(-c2nnc3n2-c2cccnc2Nc2ccccc2-3)cc1
CHEMBL3679725,4.55,CHEMBL4282,28000.0,Fc1cccc(F)c1-c1nnc2n1-c1cccnc1Nc1ccccc1-2
CHEMBL3679726,5.14,CHEMBL4282,7200.0,Fc1ccc(-c2nnc3n2-c2cccnc2Nc2ccccc2-3)c(F)c1
CHEMBL3679727,5.09,CHEMBL4282,8100.0,Nc1cccc(-c2nnc3n2-c2cccnc2Nc2ccccc2-3)c1
CHEMBL3679728,5.66,CHEMBL4282,2200.0,Oc1ccc(-c2nnc3n2-c2cccnc2Nc2ccccc2-3)cc1
CHEMBL3679729,5.72,CHEMBL4282,1900.0,c1ccc(-c2nnc3n2-c2ccccc2Nc2ccccc2-3)cc1
CHEMBL3679730,5.46,CHEMBL4282,3500.0,CN(C)c1ccc(-c2nnc3n2-c2ccccc2Nc2ccccc2-3)cc1
CHEMBL3679731,5.75,CHEMBL4282,1800.0,Nc1ccc(-c2nnc3n2-c2ccccc2Nc2ccccc2-3)cc1
CHEMBL3684334,6.0,CHEMBL4282,1000.0,OCc1ccc(-c2nnc3n2-c2cccnc2Nc2ccccc2-3)cc1
CHEMBL3684335,7.08,CHEMBL4282,83.0,O=c1[nH]c2ccccc2n1C1CCN(Cc2ccc(-c3nnc4n3-c3cccnc3Nc3ccccc3-4)cc2)CC1
CHEMBL3684336,5.58,CHEMBL4282,2600.0,COC(=O)c1ccc(-c2nnc3n2-c2cccnc2Nc2ccccc2-3)cc1
CHEMBL3684337,6.1,CHEMBL4282,800.0,O=C(c1ccc(-c2nnc3n2-c2cccnc2Nc2ccccc2-3)cc1)N1CCC(n2c(=O)[nH]c3ccccc32)CC1
CHEMBL3684338,6.8,CHEMBL4282,160.0,COc1cccc(C(=O)Nc2ccc(-c3nnc4n3-c3cccnc3Nc3ccccc3-4)cc2)c1
CHEMBL3684339,6.17,CHEMBL4282,680.0,O=C(Nc1ccc(-c2nnc3n2-c2cccnc2Nc2ccccc2-3)cc1)c1ccc2ccccc2c1
CHEMBL3684340,5.6,CHEMBL4282,2500.0,O=C(Nc1ccc(-c2nnc3n2-c2cccnc2Nc2ccccc2-3)cc1)c1cc(C(F)(F)F)cc(C(F)(F)F)c1
CHEMBL3684341,7.0,CHEMBL4282,100.0,Cc1ccc(C(=O)Nc2ccc(-c3nnc4n3-c3cccnc3Nc3ccccc3-4)cc2)cc1
CHEMBL3684342,6.8,CHEMBL4282,160.0,COc1ccc(C(=O)Nc2ccc(-c3nnc4n3-c3cccnc3Nc3ccccc3-4)cc2)cc1
CHEMBL3684343,6.14,CHEMBL4282,730.0,CCCC(=O)Nc1ccc(-c2nnc3n2-c2cccnc2Nc2ccccc2-3)cc1
CHEMBL3684344,6.16,CHEMBL4282,700.0,CC(C)CC(=O)Nc1ccc(-c2nnc3n2-c2cccnc2Nc2ccccc2-3)cc1
CHEMBL3684345,6.19,CHEMBL4282,640.0,O=C(Nc1ccc(-c2nnc3n2-c2cccnc2Nc2ccccc2-3)cc1)c1cccc2ccccc12
CHEMBL3684346,6.02,CHEMBL4282,950.0,O=C(Cc1cccc2ccccc12)Nc1ccc(-c2nnc3n2-c2cccnc2Nc2ccccc2-3)cc1
CHEMBL3684347,6.47,CHEMBL4282,340.0,CC(C)(C)CC(=O)Nc1ccc(-c2nnc3n2-c2cccnc2Nc2ccccc2-3)cc1
CHEMBL3684348,6.82,CHEMBL4282,150.0,O=C(Nc1ccc(-c2nnc3n2-c2cccnc2Nc2ccccc2-3)cc1)c1ccc(F)c(F)c1
CHEMBL3684349,6.85,CHEMBL4282,140.0,[C-]#[N+]c1ccc(C(=O)Nc2ccc(-c3nnc4n3-c3cccnc3Nc3ccccc3-4)cc2)cc1
CHEMBL3684350,5.75,CHEMBL4282,1800.0,CCC(=O)Nc1ccc(-c2nnc3n2-c2cccnc2Nc2ccccc2-3)cc1
CHEMBL3684351,6.58,CHEMBL4282,260.0,O=C(Nc1ccc(-c2nnc3n2-c2cccnc2Nc2ccccc2-3)cc1)c1cccnc1
CHEMBL3684352,6.28,CHEMBL4282,520.0,COc1ccccc1C(=O)Nc1ccc(-c2nnc3n2-c2cccnc2Nc2ccccc2-3)cc1
CHEMBL3684353,6.44,CHEMBL4282,360.0,O=C(Nc1ccc(-c2nnc3n2-c2cccnc2Nc2ccccc2-3)cc1)c1cc2ccccc2s1
CHEMBL3684354,6.38,CHEMBL4282,420.0,CC(C)(C)C(=O)Nc1ccc(-c2nnc3n2-c2cccnc2Nc2ccccc2-3)cc1
CHEMBL3684355,6.64,CHEMBL4282,230.0,CC(C)(C)c1ccc(C(=O)Nc2ccc(-c3nnc4n3-c3cccnc3Nc3ccccc3-4)cc2)cc1
CHEMBL3684356,5.72,CHEMBL4282,1900.0,CN(C)c1ccc(C(=O)Nc2ccc(-c3nnc4n3-c3cccnc3Nc3ccccc3-4)cc2)cc1
CHEMBL3684357,5.28,CHEMBL4282,5300.0,O=C(Nc1ccc(-c2nnc3n2-c2cccnc2Nc2ccccc2-3)cc1)c1ccc(F)c(C(F)(F)F)c1
CHEMBL3684358,7.28,CHEMBL4282,53.0,O=C(Nc1ccc(-c2nnc3n2-c2cccnc2Nc2ccccc2-3)cc1)c1ccc2c(c1)OCO2
CHEMBL3639832,6.92,CHEMBL4282,120.0,Cc1cc(C(=O)Nc2ccc(-c3nnc4n3-c3cccnc3Nc3ccccc3-4)cc2)no1
CHEMBL3684359,6.62,CHEMBL4282,240.0,O=C(Cc1ccccc1)Nc1ccc(-c2nnc3n2-c2cccnc2Nc2ccccc2-3)cc1
CHEMBL3684360,6.89,CHEMBL4282,130.0,O=C(Nc1ccc(-c2nnc3n2-c2cccnc2Nc2ccccc2-3)cc1)c1ccco1
CHEMBL3684361,6.96,CHEMBL4282,110.0,O=C(Nc1ccc(-c2nnc3n2-c2cccnc2Nc2ccccc2-3)cc1)c1ccccc1F
CHEMBL3684362,6.19,CHEMBL4282,650.0,O=C(Nc1ccc(-c2nnc3n2-c2cccnc2Nc2ccccc2-3)cc1)c1ccc(C(F)(F)F)cc1
CHEMBL3684363,5.82,CHEMBL4282,1500.0,COCC(=O)Nc1ccc(-c2nnc3n2-c2cccnc2Nc2ccccc2-3)cc1
CHEMBL3684364,5.75,CHEMBL4282,1800.0,O=C(CCc1ccccc1)Nc1ccc(-c2nnc3n2-c2cccnc2Nc2ccccc2-3)cc1
CHEMBL3684365,6.8,CHEMBL4282,160.0,O=C(Nc1ccc(-c2nnc3n2-c2cccnc2Nc2ccccc2-3)cc1)c1cnc2ccccc2n1
CHEMBL3684366,6.96,CHEMBL4282,110.0,O=C(Nc1ccc(-c2nnc3n2-c2cccnc2Nc2ccccc2-3)cc1)c1ccc(F)cc1
CHEMBL3684367,6.16,CHEMBL4282,700.0,O=C(Nc1ccc(-c2nnc3n2-c2cccnc2Nc2ccccc2-3)cc1)C1CCC1
CHEMBL3684368,6.46,CHEMBL4282,350.0,O=C(Nc1ccc(-c2nnc3n2-c2cccnc2Nc2ccccc2-3)cc1)c1ccncc1
CHEMBL3684369,7.16,CHEMBL4282,70.0,O=C(Nc1ccc(-c2nnc3n2-c2cccnc2Nc2ccccc2-3)cc1)c1ccccc1
CHEMBL3684370,7.12,CHEMBL4282,76.0,[C-]#[N+]c1cccc(C(=O)Nc2ccc(-c3nnc4n3-c3cccnc3Nc3ccccc3-4)cc2)c1
CHEMBL3684371,6.11,CHEMBL4282,780.0,O=C(Nc1ccc(-c2nnc3n2-c2cccnc2Nc2ccccc2-3)cc1)c1ccc(-c2ccccc2)cc1
CHEMBL3684372,6.16,CHEMBL4282,690.0,NCc1ccc(-c2nnc3n2-c2cccnc2Nc2ccccc2-3)cc1
CHEMBL3684373,7.08,CHEMBL4282,84.0,c1ccc(-c2nnc(C3CCN(Cc4ccc(-c5nnc6n5-c5cccnc5Nc5ccccc5-6)cc4)CC3)[nH]2)nc1
CHEMBL3684374,6.31,CHEMBL4282,490.0,CS(=O)(=O)OCc1ccc(-c2nnc3n2-c2cccnc2Nc2ccccc2-3)cc1
CHEMBL3684375,5.37,CHEMBL4282,4300.0,c1ccc2c(c1)Nc1ncccc1-n1c(-c3ccc(CN4CCCC4)cc3)nnc1-2
CHEMBL3684376,5.72,CHEMBL4282,1900.0,c1ccc(CNCc2ccc(-c3nnc4n3-c3cccnc3Nc3ccccc3-4)cc2)cc1
CHEMBL3684377,5.55,CHEMBL4282,2800.0,Fc1ccccc1N1CCN(Cc2ccc(-c3nnc4n3-c3cccnc3Nc3ccccc3-4)cc2)CC1
CHEMBL3684378,5.36,CHEMBL4282,4400.0,CC(C)CCNCc1ccc(-c2nnc3n2-c2cccnc2Nc2ccccc2-3)cc1
CHEMBL3684379,5.35,CHEMBL4282,4500.0,c1ccc2c(c1)Nc1ncccc1-n1c(-c3ccc(CNC4CCC4)cc3)nnc1-2
CHEMBL3684380,5.68,CHEMBL4282,2100.0,CCN(Cc1ccncc1)Cc1ccc(-c2nnc3n2-c2cccnc2Nc2ccccc2-3)cc1
CHEMBL3684381,5.19,CHEMBL4282,6400.0,CC(C)CNCc1ccc(-c2nnc3n2-c2cccnc2Nc2ccccc2-3)cc1
CHEMBL3684382,5.1,CHEMBL4282,8000.0,CN(C)C(=O)CN1CCN(Cc2ccc(-c3nnc4n3-c3cccnc3Nc3ccccc3-4)cc2)CC1
CHEMBL3684383,5.34,CHEMBL4282,4600.0,COCCNCc1ccc(-c2nnc3n2-c2cccnc2Nc2ccccc2-3)cc1
CHEMBL3684384,5.28,CHEMBL4282,5200.0,c1ccc2c(c1)Nc1ncccc1-n1c(-c3ccc(CN4CCN(Cc5ccncc5)CC4)cc3)nnc1-2
CHEMBL3684385,5.96,CHEMBL4282,1100.0,CN(CCc1ccccn1)Cc1ccc(-c2nnc3n2-c2cccnc2Nc2ccccc2-3)cc1
CHEMBL3684386,5.08,CHEMBL4282,8300.0,OCC1CCN(Cc2ccc(-c3nnc4n3-c3cccnc3Nc3ccccc3-4)cc2)CC1
CHEMBL3684387,5.33,CHEMBL4282,4700.0,COCCN(C)Cc1ccc(-c2nnc3n2-c2cccnc2Nc2ccccc2-3)cc1
CHEMBL3684388,5.36,CHEMBL4282,4400.0,O=C1CCCN1CCCNCc1ccc(-c2nnc3n2-c2cccnc2Nc2ccccc2-3)cc1
CHEMBL3684389,6.11,CHEMBL4282,780.0,CN(CCc1ccccc1)Cc1ccc(-c2nnc3n2-c2cccnc2Nc2ccccc2-3)cc1
CHEMBL3684390,5.72,CHEMBL4282,1900.0,OC1(c2ccccc2)CCN(Cc2ccc(-c3nnc4n3-c3cccnc3Nc3ccccc3-4)cc2)CC1
CHEMBL3684391,5.32,CHEMBL4282,4800.0,CCN(CC)C(=O)C1CCCN(Cc2ccc(-c3nnc4n3-c3cccnc3Nc3ccccc3-4)cc2)C1
CHEMBL3684392,5.28,CHEMBL4282,5300.0,c1ccc(CN2CCN(Cc3ccc(-c4nnc5n4-c4cccnc4Nc4ccccc4-5)cc3)CC2)cc1
CHEMBL3684393,5.24,CHEMBL4282,5700.0,OC1CCCN(Cc2ccc(-c3nnc4n3-c3cccnc3Nc3ccccc3-4)cc2)C1
CHEMBL3684394,5.8,CHEMBL4282,1600.0,c1ccc2c(c1)Nc1ncccc1-n1c(-c3ccc(CN4CCOCC4)cc3)nnc1-2
CHEMBL3684395,5.15,CHEMBL4282,7100.0,CC(C)CN(C)Cc1ccc(-c2nnc3n2-c2cccnc2Nc2ccccc2-3)cc1
CHEMBL3684396,5.47,CHEMBL4282,3400.0,CC(=O)NC1CCN(Cc2ccc(-c3nnc4n3-c3cccnc3Nc3ccccc3-4)cc2)C1
CHEMBL3684397,5.24,CHEMBL4282,5800.0,CCCNCc1ccc(-c2nnc3n2-c2cccnc2Nc2ccccc2-3)cc1
CHEMBL3684398,5.26,CHEMBL4282,5500.0,CN1CCC(N(C)Cc2ccc(-c3nnc4n3-c3cccnc3Nc3ccccc3-4)cc2)CC1
CHEMBL3684399,5.64,CHEMBL4282,2300.0,CCOC(=O)N1CCC(NCc2ccc(-c3nnc4n3-c3cccnc3Nc3ccccc3-4)cc2)CC1
CHEMBL3684400,5.6,CHEMBL4282,2500.0,CCCN(C)Cc1ccc(-c2nnc3n2-c2cccnc2Nc2ccccc2-3)cc1
CHEMBL3684401,5.55,CHEMBL4282,2800.0,Cc1ccc(CN2CCN(Cc3ccc(-c4nnc5n4-c4cccnc4Nc4ccccc4-5)cc3)CC2)cc1
CHEMBL3684402,5.85,CHEMBL4282,1400.0,O=C(c1ccco1)N1CCN(Cc2ccc(-c3nnc4n3-c3cccnc3Nc3ccccc3-4)cc2)CC1
CHEMBL3684403,5.17,CHEMBL4282,6700.0,c1ccc2c(c1)Nc1ncccc1-n1c(-c3ccc(CNCC4CC4)cc3)nnc1-2
CHEMBL3684404,5.24,CHEMBL4282,5800.0,c1ccc(CCN2CCN(Cc3ccc(-c4nnc5n4-c4cccnc4Nc4ccccc4-5)cc3)CC2)cc1
CHEMBL3684405,6.52,CHEMBL4282,300.0,O=C(NCc1ccc(-c2nnc3n2-c2cccnc2Nc2ccccc2-3)cc1)c1ccc(F)cc1
CHEMBL3684406,6.7,CHEMBL4282,200.0,O=C(NCc1ccc(-c2nnc3n2-c2cccnc2Nc2ccccc2-3)cc1)c1cccnc1
CHEMBL3684407,5.96,CHEMBL4282,1100.0,O=C(NCc1ccc(-c2nnc3n2-c2cccnc2Nc2ccccc2-3)cc1)c1ccco1
CHEMBL3684408,6.96,CHEMBL4282,110.0,CN(C)c1ccc(C(=O)NCc2ccc(-c3nnc4n3-c3cccnc3Nc3ccccc3-4)cc2)cc1
CHEMBL3684409,6.7,CHEMBL4282,200.0,O=C(NCc1ccc(-c2nnc3n2-c2cccnc2Nc2ccccc2-3)cc1)c1ccccc1
CHEMBL3684410,5.75,CHEMBL4282,1800.0,O=C(NCc1ccc(-c2nnc3n2-c2cccnc2Nc2ccccc2-3)cc1)C1CCC1
CHEMBL3684411,6.85,CHEMBL4282,140.0,O=S(=O)(NCc1ccc(-c2nnc3n2-c2cccnc2Nc2ccccc2-3)cc1)c1ccccc1
CHEMBL3684412,6.1,CHEMBL4282,800.0,COc1ccc(S(=O)(=O)NCc2ccc(-c3nnc4n3-c3cccnc3Nc3ccccc3-4)cc2)cc1
CHEMBL3684413,6.62,CHEMBL4282,240.0,Cn1cnc(S(=O)(=O)NCc2ccc(-c3nnc4n3-c3cccnc3Nc3ccccc3-4)cc2)c1
CHEMBL3684414,6.92,CHEMBL4282,120.0,Cn1ccc(S(=O)(=O)NCc2ccc(-c3nnc4n3-c3cccnc3Nc3ccccc3-4)cc2)n1
CHEMBL3684415,6.66,CHEMBL4282,220.0,O=S(=O)(NCc1ccc(-c2nnc3n2-c2cccnc2Nc2ccccc2-3)cc1)c1cccnc1
CHEMBL3684416,5.18,CHEMBL4282,6600.0,O=S(=O)(Nc1ccc(-c2nnc3n2-c2cccnc2Nc2ccccc2-3)cc1)c1ccccc1
CHEMBL3684417,5.54,CHEMBL4282,2900.0,O=C(NCc1ccc(-c2nnc3n2-c2cccnc2Nc2ccccc2-3)cc1)Nc1ccccc1
CHEMBL3684418,5.24,CHEMBL4282,5800.0,O=S(=O)(NCCc1ccc(-c2nnc3n2-c2cccnc2Nc2ccccc2-3)cc1)c1ccccc1
CHEMBL3684419,5.04,CHEMBL4282,9100.0,COc1ccc(S(=O)(=O)NCCc2ccc(-c3nnc4n3-c3cccnc3Nc3ccccc3-4)cc2)cc1
CHEMBL3684420,6.92,CHEMBL4282,120.0,O=C(NCCc1ccc(-c2nnc3n2-c2cccnc2Nc2ccccc2-3)cc1)Nc1ccccc1
CHEMBL3684421,6.2,CHEMBL4282,630.0,O=C(NCCc1ccc(-c2nnc3n2-c2cccnc2Nc2ccccc2-3)cc1)c1ccccc1
CHEMBL3684422,6.77,CHEMBL4282,170.0,O=S(=O)(NCc1ccc(-c2nnc3n2-c2cccnc2Nc2ccccc2-3)cc1)c1ccccc1F
CHEMBL3684423,6.4,CHEMBL4282,400.0,O=S(=O)(NCc1ccc(-c2nnc3n2-c2cccnc2Nc2ccccc2-3)cc1)c1cccc(F)c1
CHEMBL3684424,6.85,CHEMBL4282,140.0,COc1cccc(S(=O)(=O)NCc2ccc(-c3nnc4n3-c3cccnc3Nc3ccccc3-4)cc2)c1
CHEMBL3684425,6.96,CHEMBL4282,110.0,Cc1cccc(S(=O)(=O)NCc2ccc(-c3nnc4n3-c3cccnc3Nc3ccccc3-4)cc2)c1
CHEMBL3684426,6.82,CHEMBL4282,150.0,O=S(=O)(NCc1ccc(-c2nnc3n2-c2cccnc2Nc2ccccc2-3)cc1)c1cccc(Cl)c1
CHEMBL3684427,6.92,CHEMBL4282,120.0,O=S(=O)(NCc1ccc(-c2nnc3n2-c2cccnc2Nc2ccccc2-3)cc1)c1ccc(F)cc1
CHEMBL3684428,6.96,CHEMBL4282,110.0,Cc1ccc(S(=O)(=O)NCc2ccc(-c3nnc4n3-c3cccnc3Nc3ccccc3-4)cc2)cc1
CHEMBL3684429,6.66,CHEMBL4282,220.0,O=S(=O)(NCc1ccc(-c2nnc3n2-c2cccnc2Nc2ccccc2-3)cc1)c1ccc(Cl)cc1
CHEMBL3684430,6.85,CHEMBL4282,140.0,CC(=O)Nc1ccc(S(=O)(=O)NCc2ccc(-c3nnc4n3-c3cccnc3Nc3ccccc3-4)cc2)cc1
CHEMBL3684431,6.51,CHEMBL4282,310.0,O=C(NCc1ccc(-c2nnc3n2-c2cccnc2Nc2ccccc2-3)cc1)Nc1ccccc1F
CHEMBL3684432,5.96,CHEMBL4282,1100.0,O=C(NCc1ccc(-c2nnc3n2-c2cccnc2Nc2ccccc2-3)cc1)Nc1cccc(F)c1
CHEMBL3684433,6.89,CHEMBL4282,130.0,COc1cccc(NC(=O)NCc2ccc(-c3nnc4n3-c3cccnc3Nc3ccccc3-4)cc2)c1
CHEMBL3684434,5.92,CHEMBL4282,1200.0,O=C(NCc1ccc(-c2nnc3n2-c2cccnc2Nc2ccccc2-3)cc1)Nc1ccc(F)cc1
CHEMBL3684435,6.32,CHEMBL4282,480.0,Cc1cccc(NC(=O)NCc2ccc(-c3nnc4n3-c3cccnc3Nc3ccccc3-4)cc2)c1
CHEMBL3684436,7.0,CHEMBL4282,99.0,NC1(c2ccc(-c3nnc4n3-c3cccnc3Nc3ccccc3-4)cc2)CCC1
CHEMBL3684437,5.72,CHEMBL4282,1900.0,ClCc1ccc(-c2nnc3n2-c2cccnc2Nc2ccccc2-3)cc1
CHEMBL3684438,6.03,CHEMBL4282,940.0,O=c1[nH]c2ccccc2n1C1CCN(Cc2ccc(-c3nnc4n3-c3ccccc3Nc3ccccc3-4)cc2)CC1
CHEMBL3684439,6.6,CHEMBL4282,250.0,c1ccc(-c2nnc(C3CCN(Cc4ccc(-c5nnc6n5-c5ccccc5Nc5ccccc5-6)cc4)CC3)[nH]2)nc1
CHEMBL3684440,5.77,CHEMBL4282,1700.0,[C-]#[N+]c1ccc(C(=O)NC2CCN(Cc3ccc(-c4nnc5n4-c4cccnc4Nc4ccccc4-5)cc3)CC2)cc1
CHEMBL3684441,6.77,CHEMBL4282,170.0,c1ccc2c(c1)Nc1ncccc1-n1c(-c3ccc(CN4CCC(c5nnc(-c6ccncc6)[nH]5)CC4)cc3)nnc1-2
CHEMBL3684442,5.5,CHEMBL4282,3200.0,O=C(c1ccc(F)cc1)N1CCN(Cc2ccc(-c3nnc4n3-c3cccnc3Nc3ccccc3-4)cc2)CC1
CHEMBL3684443,5.47,CHEMBL4282,3400.0,O=C(C1CCCC1)N1CCN(Cc2ccc(-c3nnc4n3-c3cccnc3Nc3ccccc3-4)cc2)CC1
CHEMBL3684444,6.37,CHEMBL4282,430.0,COc1ccccc1C(=O)N1CCN(Cc2ccc(-c3nnc4n3-c3cccnc3Nc3ccccc3-4)cc2)CC1
CHEMBL3684445,5.47,CHEMBL4282,3400.0,O=C(CCc1ccccc1)N1CCN(Cc2ccc(-c3nnc4n3-c3cccnc3Nc3ccccc3-4)cc2)CC1
CHEMBL3684446,5.89,CHEMBL4282,1300.0,Cc1cccc(C(=O)N2CCN(Cc3ccc(-c4nnc5n4-c4cccnc4Nc4ccccc4-5)cc3)CC2)c1
CHEMBL3684447,5.85,CHEMBL4282,1400.0,COc1ccc(C(=O)N2CCN(Cc3ccc(-c4nnc5n4-c4cccnc4Nc4ccccc4-5)cc3)CC2)cc1
CHEMBL3684448,5.66,CHEMBL4282,2200.0,COc1cccc(C(=O)N2CCN(Cc3ccc(-c4nnc5n4-c4cccnc4Nc4ccccc4-5)cc3)CC2)c1
CHEMBL3684449,6.0,CHEMBL4282,990.0,[C-]#[N+]c1ccc(C(=O)N2CCN(Cc3ccc(-c4nnc5n4-c4cccnc4Nc4ccccc4-5)cc3)CC2)cc1
CHEMBL3684450,5.22,CHEMBL4282,6000.0,O=C(Cc1ccccc1)N1CCN(Cc2ccc(-c3nnc4n3-c3cccnc3Nc3ccccc3-4)cc2)CC1
CHEMBL3684451,6.35,CHEMBL4282,450.0,O=C(c1ccccc1F)N1CCN(Cc2ccc(-c3nnc4n3-c3cccnc3Nc3ccccc3-4)cc2)CC1
CHEMBL3684452,5.54,CHEMBL4282,2900.0,Cc1cc(C(=O)N2CCN(Cc3ccc(-c4nnc5n4-c4cccnc4Nc4ccccc4-5)cc3)CC2)no1
CHEMBL3684453,5.31,CHEMBL4282,4900.0,O=C(c1ccc(F)c(F)c1)N1CCN(Cc2ccc(-c3nnc4n3-c3cccnc3Nc3ccccc3-4)cc2)CC1
CHEMBL3684454,5.72,CHEMBL4282,1900.0,O=C(c1ccccc1)N1CCN(Cc2ccc(-c3nnc4n3-c3cccnc3Nc3ccccc3-4)cc2)CC1
CHEMBL3684455,6.1,CHEMBL4282,790.0,COC(=O)c1sccc1S(=O)(=O)NC1CCN(Cc2ccc(-c3nnc4n3-c3cccnc3Nc3ccccc3-4)cc2)CC1
CHEMBL3684456,5.17,CHEMBL4282,6800.0,Cc1noc(C)c1S(=O)(=O)NC1CCN(Cc2ccc(-c3nnc4n3-c3cccnc3Nc3ccccc3-4)cc2)CC1
CHEMBL3684457,5.64,CHEMBL4282,2300.0,O=S(=O)(NC1CCN(Cc2ccc(-c3nnc4n3-c3cccnc3Nc3ccccc3-4)cc2)CC1)c1ccccc1F
CHEMBL3639833,5.47,CHEMBL4282,3400.0,O=S(=O)(CC1CCCCC1)NC1CCN(Cc2ccc(-c3nnc4n3-c3cccnc3Nc3ccccc3-4)cc2)CC1
CHEMBL3684458,5.28,CHEMBL4282,5300.0,O=S(=O)(NC1CCN(Cc2ccc(-c3nnc4n3-c3cccnc3Nc3ccccc3-4)cc2)CC1)C1CC1
CHEMBL3684459,5.52,CHEMBL4282,3000.0,COc1cccc(S(=O)(=O)NC2CCN(Cc3ccc(-c4nnc5n4-c4cccnc4Nc4ccccc4-5)cc3)CC2)c1
CHEMBL3684460,5.3,CHEMBL4282,5000.0,CC(=O)Nc1ccc(S(=O)(=O)NC2CCN(Cc3ccc(-c4nnc5n4-c4cccnc4Nc4ccccc4-5)cc3)CC2)cc1
CHEMBL3684461,5.75,CHEMBL4282,1800.0,O=S(=O)(Cc1ccccc1)NC1CCN(Cc2ccc(-c3nnc4n3-c3cccnc3Nc3ccccc3-4)cc2)CC1
CHEMBL3684462,5.28,CHEMBL4282,5300.0,Cc1nc(C)c(S(=O)(=O)NC2CCN(Cc3ccc(-c4nnc5n4-c4cccnc4Nc4ccccc4-5)cc3)CC2)s1
CHEMBL3684463,5.19,CHEMBL4282,6400.0,CC(C)CS(=O)(=O)NC1CCN(Cc2ccc(-c3nnc4n3-c3cccnc3Nc3ccccc3-4)cc2)CC1
CHEMBL3684464,5.47,CHEMBL4282,3400.0,CC(=O)c1ccc(S(=O)(=O)NC2CCN(Cc3ccc(-c4nnc5n4-c4cccnc4Nc4ccccc4-5)cc3)CC2)cc1
CHEMBL3684465,5.7,CHEMBL4282,2000.0,O=S(=O)(NC1CCN(Cc2ccc(-c3nnc4n3-c3cccnc3Nc3ccccc3-4)cc2)CC1)c1ccc2c(c1)OCCO2
CHEMBL3684466,5.57,CHEMBL4282,2700.0,O=S(=O)(NC1CCN(Cc2ccc(-c3nnc4n3-c3cccnc3Nc3ccccc3-4)cc2)CC1)c1cccc(F)c1
CHEMBL3684467,5.16,CHEMBL4282,6900.0,O=C(c1ccc2c(c1)OCO2)N1CCN(Cc2ccc(-c3nnc4n3-c3cccnc3Nc3ccccc3-4)cc2)CC1
CHEMBL3684468,5.7,CHEMBL4282,2000.0,[C-]#[N+]c1cccc(C(=O)N2CCN(Cc3ccc(-c4nnc5n4-c4cccnc4Nc4ccccc4-5)cc3)CC2)c1
CHEMBL3684469,5.52,CHEMBL4282,3000.0,Cc1ccc(C(=O)N2CCN(Cc3ccc(-c4nnc5n4-c4cccnc4Nc4ccccc4-5)cc3)CC2)cc1
CHEMBL3684470,5.38,CHEMBL4282,4200.0,O=C(c1ccccn1)N1CCN(Cc2ccc(-c3nnc4n3-c3cccnc3Nc3ccccc3-4)cc2)CC1
CHEMBL3684471,6.02,CHEMBL4282,950.0,O=C1NCN(c2ccccc2)C12CCN(Cc1ccc(-c3nnc4n3-c3cccnc3Nc3ccccc3-4)cc1)CC2
CHEMBL3684472,5.14,CHEMBL4282,7300.0,[C-]#[N+]C1(c2ccccc2)CCN(Cc2ccc(-c3nnc4n3-c3cccnc3Nc3ccccc3-4)cc2)CC1
CHEMBL3684473,5.75,CHEMBL4282,1800.0,O=C(c1ccc(F)cc1)C1CCN(Cc2ccc(-c3nnc4n3-c3cccnc3Nc3ccccc3-4)cc2)CC1
CHEMBL3684474,6.48,CHEMBL4282,330.0,O=C(Nc1ccc(F)cc1)NC1CCN(Cc2ccc(-c3nnc4n3-c3cccnc3Nc3ccccc3-4)cc2)CC1
CHEMBL3684475,6.14,CHEMBL4282,720.0,COc1ccc(C)cc1NC(=O)NC1CCN(Cc2ccc(-c3nnc4n3-c3cccnc3Nc3ccccc3-4)cc2)CC1
CHEMBL3684476,6.36,CHEMBL4282,440.0,O=C(Nc1ccccc1F)NC1CCN(Cc2ccc(-c3nnc4n3-c3cccnc3Nc3ccccc3-4)cc2)CC1
CHEMBL3684477,6.36,CHEMBL4282,440.0,Cc1ccc(NC(=O)NC2CCN(Cc3ccc(-c4nnc5n4-c4cccnc4Nc4ccccc4-5)cc3)CC2)cc1
CHEMBL3684478,5.22,CHEMBL4282,6000.0,COc1ccc(CCNC(=O)NC2CCN(Cc3ccc(-c4nnc5n4-c4cccnc4Nc4ccccc4-5)cc3)CC2)cc1OC
CHEMBL3684479,6.18,CHEMBL4282,660.0,Cc1cccc(NC(=O)NC2CCN(Cc3ccc(-c4nnc5n4-c4cccnc4Nc4ccccc4-5)cc3)CC2)c1
CHEMBL3684480,6.11,CHEMBL4282,780.0,COc1cccc(CNC(=O)NC2CCN(Cc3ccc(-c4nnc5n4-c4cccnc4Nc4ccccc4-5)cc3)CC2)c1
CHEMBL3684481,5.92,CHEMBL4282,1200.0,COc1ccc(NC(=O)NC2CCN(Cc3ccc(-c4nnc5n4-c4cccnc4Nc4ccccc4-5)cc3)CC2)cc1Cl
CHEMBL3684482,6.04,CHEMBL4282,910.0,O=C(NCc1ccccc1Cl)NC1CCN(Cc2ccc(-c3nnc4n3-c3cccnc3Nc3ccccc3-4)cc2)CC1
CHEMBL3684483,6.2,CHEMBL4282,630.0,O=C(Nc1cccc(C(F)(F)F)c1)NC1CCN(Cc2ccc(-c3nnc4n3-c3cccnc3Nc3ccccc3-4)cc2)CC1
CHEMBL3684484,6.28,CHEMBL4282,530.0,O=C(Nc1ccc2c(c1)CCO2)NC1CCN(Cc2ccc(-c3nnc4n3-c3cccnc3Nc3ccccc3-4)cc2)CC1
CHEMBL3684485,5.92,CHEMBL4282,1200.0,O=C(Nc1cccc(Cl)c1)NC1CCN(Cc2ccc(-c3nnc4n3-c3cccnc3Nc3ccccc3-4)cc2)CC1
CHEMBL3684486,6.11,CHEMBL4282,770.0,CCCc1ccccc1NC(=O)NC1CCN(Cc2ccc(-c3nnc4n3-c3cccnc3Nc3ccccc3-4)cc2)CC1
CHEMBL3684487,6.1,CHEMBL4282,790.0,O=C(Nc1cccc(F)c1)NC1CCN(Cc2ccc(-c3nnc4n3-c3cccnc3Nc3ccccc3-4)cc2)CC1
CHEMBL3684488,6.16,CHEMBL4282,700.0,Cc1ccccc1NC(=O)NC1CCN(Cc2ccc(-c3nnc4n3-c3cccnc3Nc3ccccc3-4)cc2)CC1
CHEMBL3684489,6.03,CHEMBL4282,940.0,O=C(NCCc1ccc(Cl)cc1)NC1CCN(Cc2ccc(-c3nnc4n3-c3cccnc3Nc3ccccc3-4)cc2)CC1
CHEMBL3684490,5.92,CHEMBL4282,1200.0,Cc1ccccc1CNC(=O)NC1CCN(Cc2ccc(-c3nnc4n3-c3cccnc3Nc3ccccc3-4)cc2)CC1
CHEMBL3684491,6.12,CHEMBL4282,750.0,O=C(NCCc1cccs1)NC1CCN(Cc2ccc(-c3nnc4n3-c3cccnc3Nc3ccccc3-4)cc2)CC1
CHEMBL3684492,6.16,CHEMBL4282,700.0,COc1ccccc1NC(=O)NC1CCN(Cc2ccc(-c3nnc4n3-c3cccnc3Nc3ccccc3-4)cc2)CC1
CHEMBL3684493,6.08,CHEMBL4282,840.0,COc1ccc(NC(=O)NC2CCN(Cc3ccc(-c4nnc5n4-c4cccnc4Nc4ccccc4-5)cc3)CC2)c(C)c1
CHEMBL3684494,5.68,CHEMBL4282,2100.0,Cc1cc(COCc2ccc(-c3nnc4n3-c3cccnc3Nc3ccccc3-4)cc2)no1
CHEMBL3684495,6.31,CHEMBL4282,490.0,c1ccc(-n2cc(COCc3ccc(-c4nnc5n4-c4cccnc4Nc4ccccc4-5)cc3)nn2)cc1
CHEMBL3684496,6.3,CHEMBL4282,500.0,c1ccc2c(c1)Nc1ncccc1-n1c(-c3ccc(CN4CCC(c5c[nH]c6ccccc56)CC4)cc3)nnc1-2
CHEMBL3684497,6.08,CHEMBL4282,830.0,c1ccc(OC2CCN(Cc3ccc(-c4nnc5n4-c4cccnc4Nc4ccccc4-5)cc3)CC2)cc1
CHEMBL3684498,6.04,CHEMBL4282,920.0,c1ccc(OC2CCCN(Cc3ccc(-c4nnc5n4-c4cccnc4Nc4ccccc4-5)cc3)C2)cc1
CHEMBL3684499,6.39,CHEMBL4282,410.0,Cc1noc(C2CCCN(Cc3ccc(-c4nnc5n4-c4cccnc4Nc4ccccc4-5)cc3)C2)n1
CHEMBL3684500,7.32,CHEMBL4282,48.0,O=c1[nH]c(-c2ccccc2)cn1C1CCN(Cc2ccc(-c3nnc4n3-c3cccnc3Nc3ccccc3-4)cc2)CC1
CHEMBL3684501,6.47,CHEMBL4282,340.0,CC(C)(N)c1ccc(-c2nnc3n2-c2cccnc2Nc2ccccc2-3)cc1
CHEMBL3684502,7.14,CHEMBL4282,73.0,O=C(NC1(c2ccc(-c3nnc4n3-c3cccnc3Nc3ccccc3-4)cc2)CCC1)c1ccccc1
CHEMBL3684503,5.92,CHEMBL4282,1200.0,O=C(Nc1ccccc1)NC1(c2ccc(-c3nnc4n3-c3cccnc3Nc3ccccc3-4)cc2)CCC1
CHEMBL3684504,6.55,CHEMBL4282,280.0,O=S(=O)(NC1(c2ccc(-c3nnc4n3-c3cccnc3Nc3ccccc3-4)cc2)CCC1)c1ccccc1
CHEMBL3684505,5.96,CHEMBL4282,1100.0,c1ccc2c(c1)Nc1ncccc1-n1c(-c3ccc(C4CCCN4)cc3)nnc1-2
CHEMBL3684510,5.72,CHEMBL4282,1900.0,CC(C)(C)OC(=O)NC1CCN(Cc2ccc(-c3nnc4n3-c3cccnc3Nc3ccccc3-4)cc2)CC1
CHEMBL3684511,6.68,CHEMBL4282,210.0,Fc1ccc2c(CCNCc3ccc(-c4nnc5n4-c4cccnc4Nc4ccccc4-5)cc3)c[nH]c2c1
CHEMBL3684512,6.82,CHEMBL4282,150.0,Clc1ccc2nc(CCNCc3ccc(-c4nnc5n4-c4cccnc4Nc4ccccc4-5)cc3)[nH]c2c1
CHEMBL3684516,6.18,CHEMBL4282,660.0,c1ccc(-c2nnc(C3CCN(Cc4ccc(-c5nnc6n5-c5cccnc5Nc5ccccc5-6)cc4)CC3)o2)cc1
CHEMBL3684525,6.02,CHEMBL4282,960.0,Cc1ccc2c(c1)-c1nnc(-c3ccc(C4(N)CCC4)cc3)n1-c1cccnc1N2
CHEMBL3684526,6.3,CHEMBL4282,500.0,NC1(c2ccc(-c3nnc4n3-c3cccnc3Nc3ccccc3-4)cc2)CCCCC1
CHEMBL3684527,5.85,CHEMBL4282,1400.0,Cc1cccc2c1Nc1ncccc1-n1c(-c3ccc(C4(N)CCC4)cc3)nnc1-2
CHEMBL3684528,6.89,CHEMBL4282,130.0,NC1(c2ccc(-c3nnc4n3-c3cccnc3Nc3ccc(Br)cc3-4)cc2)CCC1
CHEMBL3684529,5.3,CHEMBL4282,5000.0,NC1(c2ccc(-c3nnc4n3-c3cnccc3Nc3ccccc3-4)cc2)CCC1
CHEMBL3684530,5.85,CHEMBL4282,1400.0,CC(C)(C)OC(=O)NC1(c2ccc(-c3nnc4n3-c3cccnc3Nc3ccccc3-4)cc2)CC1
CHEMBL3684531,6.85,CHEMBL4282,140.0,NC1(c2ccc(-c3nnc4n3-c3cccnc3Nc3ccccc3-4)cc2)CC1
CHEMBL3684532,6.31,CHEMBL4282,490.0,Cc1ccc2c(c1)Nc1ncccc1-n1c(-c3ccc(C4(N)CCC4)cc3)nnc1-2
CHEMBL3684533,5.92,CHEMBL4282,1200.0,NC1(c2ccc(-c3nnc4n3-c3cccnc3Nc3ccc(-c5ccccc5)cc3-4)cc2)CCC1
CHEMBL3684534,5.28,CHEMBL4282,5200.0,OCc1ccc(-c2nnc3n2-c2cccnc2Nc2ccc(Br)cc2-3)cc1
CHEMBL3684536,5.21,CHEMBL4282,6100.0,NCc1ccc(-c2nnc3n2-c2cccnc2Nc2ccc(Br)cc2-3)cc1
CHEMBL3684537,7.02,CHEMBL4282,96.0,Brc1ccc2c(c1)-c1nnc(-c3ccc(CN4CCC(c5nnc(-c6ccccn6)[nH]5)CC4)cc3)n1-c1cccnc1N2
CHEMBL3684538,5.42,CHEMBL4282,3800.0,c1ccc(CCNC2(c3ccc(-c4nnc5n4-c4cccnc4Nc4ccccc4-5)cc3)CCC2)cc1
CHEMBL3684539,5.58,CHEMBL4282,2600.0,NC1(c2ccc(-c3nnc4n3-c3cc(-c5ccccc5)cnc3Nc3ccccc3-4)cc2)CCC1
CHEMBL3684517,4.39,CHEMBL4282,41000.0,CC(C)(C)OC(=O)N1CCN(C(=O)c2ccc(-c3nnc4n3-c3cccnc3Nc3ccccc3-4)cc2)CC1
CHEMBL3684518,4.77,CHEMBL4282,17000.0,O=C(c1ccc(-c2nnc3n2-c2cccnc2Nc2ccccc2-3)cc1)N1CCNCC1
CHEMBL3684519,4.25,CHEMBL4282,56000.0,CC(C)(C)OC(=O)NC1CCN(C(=O)c2ccc(-c3nnc4n3-c3cccnc3Nc3ccccc3-4)cc2)CC1
CHEMBL3684520,4.16,CHEMBL4282,70000.0,NC1CCN(C(=O)c2ccc(-c3nnc4n3-c3cccnc3Nc3ccccc3-4)cc2)CC1
CHEMBL3684521,5.37,CHEMBL4282,4300.0,CC(C)(C)OC(=O)NCCc1ccc(-c2nnc3n2-c2cccnc2Nc2ccccc2-3)cc1
CHEMBL3684522,4.85,CHEMBL4282,14000.0,CC(C)(C)OC(=O)NCc1ccc(-c2nnc3n2-c2cccnc2Nc2ccccc2-3)cc1
CHEMBL3684523,4.85,CHEMBL4282,14000.0,NCCc1ccc(-c2nnc3n2-c2cccnc2Nc2ccccc2-3)cc1
CHEMBL3684524,5.12,CHEMBL4282,7600.0,COc1cccc(C(=O)NC2CCN(Cc3ccc(-c4nnc5n4-c4cccnc4Nc4ccccc4-5)cc3)CC2)c1
CHEMBL3640733,9.4,CHEMBL4282,0.4,CC(C)(C)C(=O)Nc1cccc(-c2ccc3nc(-c4cccnc4N)n(-c4ccc(C5(N)CCC5)cc4)c3n2)c1
CHEMBL3640734,9.15,CHEMBL4282,0.7,CC(=O)OC(C)(C)C(=O)Nc1cccc(-c2ccc3nc(-c4cccnc4N)n(-c4ccc(C5(N)CCC5)cc4)c3n2)c1
CHEMBL3640735,8.85,CHEMBL4282,1.4,CC(C)(O)C(=O)Nc1cccc(-c2ccc3nc(-c4cccnc4N)n(-c4ccc(C5(N)CCC5)cc4)c3n2)c1
CHEMBL3640736,8.15,CHEMBL4282,7.1,C[C@H](O)CNC(=O)c1cccc(-c2ccc3nc(-c4cccnc4N)n(-c4ccc(C5(N)CCC5)cc4)c3n2)c1
CHEMBL3640737,8.92,CHEMBL4282,1.2,C[C@@H](O)CNC(=O)c1cccc(-c2ccc3nc(-c4cccnc4N)n(-c4ccc(C5(N)CCC5)cc4)c3n2)c1
CHEMBL3640738,9.7,CHEMBL4282,0.2,CN(C)C(=O)C1CCN(c2cccc(-c3ccc4nc(-c5cccnc5N)n(-c5ccc(C6(N)CCC6)cc5)c4n3)c2)CC1
CHEMBL3640739,9.7,CHEMBL4282,0.2,CCN(CC)C(=O)C1CCN(c2cccc(-c3ccc4nc(-c5cccnc5N)n(-c5ccc(C6(N)CCC6)cc5)c4n3)c2)CC1
CHEMBL3640740,9.7,CHEMBL4282,0.2,Nc1ncccc1-c1nc2ccc(-c3cccc(N4CCC(C(=O)N5CCOCC5)CC4)c3)nc2n1-c1ccc(C2(N)CCC2)cc1
CHEMBL3640741,9.7,CHEMBL4282,0.2,CC(=O)NC1CCN(c2cccc(-c3ccc4nc(-c5cccnc5N)n(-c5ccc(C6(N)CCC6)cc5)c4n3)c2)CC1
CHEMBL3640742,8.85,CHEMBL4282,1.4,CCC(=O)N1CCN(c2cccc(-c3ccc4nc(-c5cccnc5N)n(-c5ccc(C6(N)CCC6)cc5)c4n3)c2)CC1
CHEMBL3640743,8.96,CHEMBL4282,1.1,Nc1ncccc1-c1nc2ccc(-c3cccc(N4CCN(C(=O)C5CC5)CC4)c3)nc2n1-c1ccc(C2(N)CCC2)cc1
CHEMBL3640744,8.96,CHEMBL4282,1.1,CC(C)C(=O)N1CCN(c2cccc(-c3ccc4nc(-c5cccnc5N)n(-c5ccc(C6(N)CCC6)cc5)c4n3)c2)CC1
CHEMBL3640745,8.77,CHEMBL4282,1.7,CC(C)(C)C(=O)N1CCN(c2cccc(-c3ccc4nc(-c5cccnc5N)n(-c5ccc(C6(N)CCC6)cc5)c4n3)c2)CC1
CHEMBL3640746,8.51,CHEMBL4282,3.1,C[C@@H]1CN(c2cccc(-c3ccc4nc(-c5cccnc5N)n(-c5ccc(C6(N)CCC6)cc5)c4n3)c2)C[C@H](C)O1
CHEMBL3640747,9.1,CHEMBL4282,0.8,Nc1ncccc1-c1nc2ccc(-c3cccc(N4CCS(=O)(=O)CC4)c3)nc2n1-c1ccc(C2(N)CCC2)cc1
CHEMBL3640749,7.24,CHEMBL4282,57.3,Nc1ncccc1-c1nc2ccc(Nc3ccc(N4CCOCC4)cc3)nc2n1-c1ccc(C2(N)CCC2)cc1
CHEMBL3640750,6.96,CHEMBL4282,109.5,Nc1ncccc1-c1nc2ccc(Sc3ccccc3)nc2n1-c1ccc(C2(N)CCC2)cc1
CHEMBL3640751,7.08,CHEMBL4282,83.1,Nc1ncccc1-c1nc2ccc(Oc3ccccc3)nc2n1-c1ccc(C2(N)CCC2)cc1
CHEMBL3640732,8.51,CHEMBL4282,3.09,Nc1ncccc1-c1nc2ccc(-c3cccc(NC(=O)C4CC4)c3)nc2n1-c1ccc(C2(N)CCC2)cc1
CHEMBL3640733,8.77,CHEMBL4282,1.7,CC(C)(C)C(=O)Nc1cccc(-c2ccc3nc(-c4cccnc4N)n(-c4ccc(C5(N)CCC5)cc4)c3n2)c1
CHEMBL3640734,8.35,CHEMBL4282,4.46,CC(=O)OC(C)(C)C(=O)Nc1cccc(-c2ccc3nc(-c4cccnc4N)n(-c4ccc(C5(N)CCC5)cc4)c3n2)c1
CHEMBL3640735,8.79,CHEMBL4282,1.63,CC(C)(O)C(=O)Nc1cccc(-c2ccc3nc(-c4cccnc4N)n(-c4ccc(C5(N)CCC5)cc4)c3n2)c1
CHEMBL3640736,8.61,CHEMBL4282,2.45,C[C@H](O)CNC(=O)c1cccc(-c2ccc3nc(-c4cccnc4N)n(-c4ccc(C5(N)CCC5)cc4)c3n2)c1
CHEMBL3640737,8.82,CHEMBL4282,1.5,C[C@@H](O)CNC(=O)c1cccc(-c2ccc3nc(-c4cccnc4N)n(-c4ccc(C5(N)CCC5)cc4)c3n2)c1
CHEMBL3640738,8.6,CHEMBL4282,2.51,CN(C)C(=O)C1CCN(c2cccc(-c3ccc4nc(-c5cccnc5N)n(-c5ccc(C6(N)CCC6)cc5)c4n3)c2)CC1
CHEMBL3640739,8.38,CHEMBL4282,4.15,CCN(CC)C(=O)C1CCN(c2cccc(-c3ccc4nc(-c5cccnc5N)n(-c5ccc(C6(N)CCC6)cc5)c4n3)c2)CC1
CHEMBL3640740,8.47,CHEMBL4282,3.36,Nc1ncccc1-c1nc2ccc(-c3cccc(N4CCC(C(=O)N5CCOCC5)CC4)c3)nc2n1-c1ccc(C2(N)CCC2)cc1
CHEMBL3640741,8.84,CHEMBL4282,1.44,CC(=O)NC1CCN(c2cccc(-c3ccc4nc(-c5cccnc5N)n(-c5ccc(C6(N)CCC6)cc5)c4n3)c2)CC1
CHEMBL3640742,8.67,CHEMBL4282,2.15,CCC(=O)N1CCN(c2cccc(-c3ccc4nc(-c5cccnc5N)n(-c5ccc(C6(N)CCC6)cc5)c4n3)c2)CC1
CHEMBL3640743,8.73,CHEMBL4282,1.84,Nc1ncccc1-c1nc2ccc(-c3cccc(N4CCN(C(=O)C5CC5)CC4)c3)nc2n1-c1ccc(C2(N)CCC2)cc1
CHEMBL3640745,8.47,CHEMBL4282,3.42,CC(C)(C)C(=O)N1CCN(c2cccc(-c3ccc4nc(-c5cccnc5N)n(-c5ccc(C6(N)CCC6)cc5)c4n3)c2)CC1
CHEMBL3640746,8.36,CHEMBL4282,4.36,C[C@@H]1CN(c2cccc(-c3ccc4nc(-c5cccnc5N)n(-c5ccc(C6(N)CCC6)cc5)c4n3)c2)C[C@H](C)O1
CHEMBL3640747,8.75,CHEMBL4282,1.79,Nc1ncccc1-c1nc2ccc(-c3cccc(N4CCS(=O)(=O)CC4)c3)nc2n1-c1ccc(C2(N)CCC2)cc1
CHEMBL3640748,8.42,CHEMBL4282,3.77,Nc1ncccc1-c1nc2ccc(Nc3ccccc3)nc2n1-c1ccc(C2(N)CCC2)cc1
CHEMBL3640749,8.06,CHEMBL4282,8.72,Nc1ncccc1-c1nc2ccc(Nc3ccc(N4CCOCC4)cc3)nc2n1-c1ccc(C2(N)CCC2)cc1
CHEMBL3640732,8.15,CHEMBL4282,7.0,Nc1ncccc1-c1nc2ccc(-c3cccc(NC(=O)C4CC4)c3)nc2n1-c1ccc(C2(N)CCC2)cc1
CHEMBL3649665,7.9,CHEMBL4282,12.6,COC(=O)c1ccccc1-c1nc2ccc(-c3cccc(N4CCOCC4)c3)nc2n1-c1ccc(C2(N)CCC2)cc1
CHEMBL3649666,7.94,CHEMBL4282,11.5,Cc1ccccc1-c1nc2ccc(-c3cccc(N4CCOCC4)c3)nc2n1-c1ccc(C2(N)CCC2)cc1
CHEMBL3649667,8.46,CHEMBL4282,3.47,NC1(c2ccc(-n3c(C4CCCCC4)nc4ccc(-c5cccc(N6CCOCC6)c5)nc43)cc2)CCC1
CHEMBL3649668,8.7,CHEMBL4282,1.99,NC1(c2ccc(-n3c(C4CC4)nc4ccc(-c5cccc(N6CCOCC6)c5)nc43)cc2)CCC1
CHEMBL3649669,8.14,CHEMBL4282,7.17,Nc1ncnc(Cl)c1-c1nc2ccc(-c3ccccc3)nc2n1-c1ccc(C2(N)CCC2)cc1
CHEMBL3649670,8.24,CHEMBL4282,5.78,Cn1cc(-c2nc3ccc(-c4ccccc4)nc3n2-c2ccc(C3(N)CCC3)cc2)c(N)n1
CHEMBL3649671,8.77,CHEMBL4282,1.69,Nc1nccnc1-c1nc2ccc(-c3ccccc3)nc2n1-c1ccc(C2(N)CCC2)cc1
CHEMBL3649672,8.37,CHEMBL4282,4.3,NC1(c2ccc(-n3c(-c4cccnc4)nc4ccc(-c5ccccc5)nc43)cc2)CCC1
CHEMBL3649673,8.11,CHEMBL4282,7.75,NC1(c2ccc(-n3c(-c4ccccc4)nc4ccc(-c5ccccc5)nc43)cc2)CCC1
CHEMBL3649674,8.32,CHEMBL4282,4.74,NC1(c2ccc(-n3c(-c4ccccc4O)nc4ccc(-c5ccccc5)nc43)cc2)CCC1
CHEMBL3649675,8.14,CHEMBL4282,7.27,NC1(c2ccc(-n3c(-c4cccnc4F)nc4ccc(-c5ccccc5)nc43)cc2)CCC1
CHEMBL3649676,8.25,CHEMBL4282,5.67,Nc1ccccc1-c1nc2ccc(-c3ccccc3)nc2n1-c1ccc(C2(N)CCC2)cc1
CHEMBL3649677,5.28,CHEMBL4282,5260.0,NC1(c2ccc(-n3c(-c4ccccn4)nc4ccc(-c5cccc(N6CCOCC6)c5)nc43)cc2)CCC1
CHEMBL3649678,5.94,CHEMBL4282,1160.0,NC1(c2ccc(-n3c(-c4cc[nH]n4)nc4ccc(-c5cccc(N6CCOCC6)c5)nc43)cc2)CCC1
CHEMBL3649679,8.36,CHEMBL4282,4.42,NC1(c2ccc(-n3c(-c4cccc(O)c4)nc4ccc(-c5cccc(N6CCOCC6)c5)nc43)cc2)CCC1
CHEMBL3649680,8.32,CHEMBL4282,4.78,COc1ccc(-c2nc3ccc(-c4cccc(N5CCOCC5)c4)nc3n2-c2ccc(C3(N)CCC3)cc2)cc1
CHEMBL3649681,7.45,CHEMBL4282,35.5,NC1(c2ccc(-n3c(-c4cccc(F)c4)nc4ccc(-c5cccc(N6CCOCC6)c5)nc43)cc2)CCC1
CHEMBL3649682,8.23,CHEMBL4282,5.9,NC1(c2ccc(-n3c(-c4cccc(Cl)c4)nc4ccc(-c5cccc(N6CCOCC6)c5)nc43)cc2)CCC1
CHEMBL3649683,8.2,CHEMBL4282,6.27,NC1(c2ccc(-n3c(-c4ccc(Cl)cc4)nc4ccc(-c5cccc(N6CCOCC6)c5)nc43)cc2)CCC1
CHEMBL3649684,8.24,CHEMBL4282,5.71,NC1(c2ccc(-n3c(-c4ncccn4)nc4ccc(-c5cccc(N6CCOCC6)c5)nc43)cc2)CCC1
CHEMBL3649685,8.3,CHEMBL4282,4.96,NC1(c2ccc(-n3c(-c4ccnnc4)nc4ccc(-c5cccc(N6CCOCC6)c5)nc43)cc2)CCC1
CHEMBL3649686,8.37,CHEMBL4282,4.27,CN(C)C(=O)c1cccc(-c2ccc3nc(-c4ccccc4)n(-c4ccc(C5(N)CCC5)cc4)c3n2)c1
CHEMBL3649687,6.06,CHEMBL4282,871.0,NC1(c2ccc(-n3c(-c4ccccc4)nc4ccc(NCc5ccccc5)nc43)cc2)CCC1
CHEMBL3649688,8.38,CHEMBL4282,4.13,NC1(c2ccc(-n3c(-c4ccccc4)nc4ccc(Nc5ccccc5)nc43)cc2)CCC1
CHEMBL3112848,7.75,CHEMBL4282,18.0,O=C(Cc1nc(N2CCOCC2)cc(=O)[nH]1)N1CCc2c(F)cccc21
CHEMBL3112848,7.92,CHEMBL4282,12.0,O=C(Cc1nc(N2CCOCC2)cc(=O)[nH]1)N1CCc2c(F)cccc21
CHEMBL3112865,7.68,CHEMBL4282,21.0,CC1(C)CN(C(=O)Cc2nc(N3CCOCC3)cc(=O)[nH]2)c2ccccc21
CHEMBL3112866,7.8,CHEMBL4282,16.0,C[C@H]1Cc2ccccc2N1C(=O)Cc1nc(N2CCOCC2)cc(=O)[nH]1
CHEMBL3112867,8.3,CHEMBL4282,5.0,C[C@@H]1Cc2ccccc2N1C(=O)Cc1nc(N2CCOCC2)cc(=O)[nH]1
CHEMBL3112866,7.57,CHEMBL4282,27.0,C[C@H]1Cc2ccccc2N1C(=O)Cc1nc(N2CCOCC2)cc(=O)[nH]1
CHEMBL3112867,8.05,CHEMBL4282,9.0,C[C@@H]1Cc2ccccc2N1C(=O)Cc1nc(N2CCOCC2)cc(=O)[nH]1
CHEMBL3939475,4.64,CHEMBL4282,23000.0,NC(=O)c1ccc(N2CCN(c3cccc(C(F)(F)F)c3)CC2)c2cncnc12
CHEMBL3667042,7.64,CHEMBL4282,23.0,Cc1nc2nc(-c3ccc(CN4CC(c5nnc(-c6ccccn6)[nH]5)C4)cc3)c(-c3ccccc3)cn2n1
CHEMBL3667044,8.22,CHEMBL4282,6.0,Clc1cnc2nc(-c3ccc(CN4CC(c5nnc(-c6ccccn6)[nH]5)C4)cc3)c(-c3ccccc3)cn12
CHEMBL3667045,6.8,CHEMBL4282,157.0,c1ccc(-c2cn3ccnc3nc2-c2ccc(CN3CCC(c4nc5ccncc5[nH]4)CC3)cc2)cc1
CHEMBL3672010,7.25,CHEMBL4282,56.0,c1ccc(-c2cn3ccnc3nc2-c2ccc(CN3CCC(c4nc5cccnc5[nH]4)CC3)cc2)cc1
CHEMBL3672011,7.08,CHEMBL4282,83.0,N#Cc1ccc2nc(C3CCN(Cc4ccc(-c5nc6nccn6cc5-c5ccccc5)cc4)CC3)[nH]c2c1
CHEMBL3672012,8.4,CHEMBL4282,4.0,c1ccc(-c2cn3ccnc3nc2-c2ccc(CN3CCC(c4cnc5ccccc5n4)CC3)cc2)cc1
CHEMBL3672013,7.41,CHEMBL4282,39.0,N#Cc1ccc2nc(C3CCN(Cc4ccc(-c5nc6ccnn6cc5-c5ccccc5)cc4)CC3)[nH]c2c1
CHEMBL3672014,6.95,CHEMBL4282,112.0,Cc1nc2nc(-c3ccc(CN4CCC(c5nc6ccc(F)cc6[nH]5)CC4)cc3)c(-c3ccccc3)cn2n1
CHEMBL3672015,5.52,CHEMBL4282,3000.0,Cc1nc2nc(-c3ccc(CN4CCC(c5nc6ccncc6[nH]5)CC4)cc3)c(-c3ccccc3)cn2n1
CHEMBL3672016,7.38,CHEMBL4282,42.0,c1ccc(-c2cn3nccc3nc2-c2ccc(CN3CCC(c4nc5cccnc5[nH]4)CC3)cc2)cc1
CHEMBL3672017,6.47,CHEMBL4282,338.0,FC(F)(F)c1ccc2nc(C3CCN(Cc4ccc(-c5nc6ccnn6cc5-c5ccccc5)cc4)CC3)[nH]c2c1
CHEMBL3672018,7.38,CHEMBL4282,42.0,Fc1ccc2nc(C3CCN(Cc4ccc(-c5nc6ccnn6cc5-c5ccccc5)cc4)CC3)[nH]c2c1
CHEMBL3672019,7.6,CHEMBL4282,25.0,Nc1ncnc2c1cnn2C1CCN(Cc2ccc(-c3nc4ccnn4cc3-c3ccccc3)cc2)CC1
CHEMBL3672020,6.28,CHEMBL4282,525.0,Cc1nc2nc(-c3ccc(CN4CCC(c5nc6ccc(C#N)cc6[nH]5)CC4)cc3)c(-c3ccccc3)cn2n1
CHEMBL3672021,5.84,CHEMBL4282,1450.0,Cc1nc2nc(-c3ccc(CN4CCC(c5nc6ccc(C(F)(F)F)cc6[nH]5)CC4)cc3)c(-c3ccccc3)cn2n1
CHEMBL3672022,6.54,CHEMBL4282,288.0,Cc1nc2nc(-c3ccc(CN4CCC(n5ncc6c(N)ncnc65)CC4)cc3)c(-c3ccccc3)cn2n1
CHEMBL3672023,6.5,CHEMBL4282,315.0,Cc1nc2nc(-c3ccc(CN4CCC(c5nc6cccnc6[nH]5)CC4)cc3)c(-c3ccccc3)cn2n1
CHEMBL3672024,7.36,CHEMBL4282,44.0,Cc1nc2nc(-c3ccc(CN4CCC(c5n[nH]c(-c6ccccn6)n5)C4)cc3)c(-c3ccccc3)cn2n1
CHEMBL3672025,5.36,CHEMBL4282,4370.0,Cc1nc2nc(-c3ccc(CN4CCC(c5cnc6ccccc6n5)CC4)cc3)c(-c3ccccc3)cn2n1
CHEMBL3672026,8.15,CHEMBL4282,7.0,Cc1cccc(-c2nc(C3CN(Cc4ccc(-c5nc6ncc(C)n6cc5-c5ccccc5)cc4)C3)n[nH]2)n1
CHEMBL3672027,8.4,CHEMBL4282,4.0,Cc1nc2nc(-c3ccc(CN4CC(c5n[nH]c(-c6ccccn6)n5)C4)cc3)c(-c3ccccc3)cn2c1Br
CHEMBL3672028,7.92,CHEMBL4282,12.0,COC(=O)c1cnn2cc(-c3c(F)cccc3F)c(-c3ccc(CN4CC(c5n[nH]c(-c6cccc(C)n6)n5)C4)cc3)nc12
CHEMBL3672029,7.85,CHEMBL4282,14.0,COC(=O)c1cnn2cc(-c3c(F)cccc3F)c(-c3ccc(CN4CC(c5n[nH]c(-c6ccccn6)n5)C4)cc3)nc12
CHEMBL3672030,7.08,CHEMBL4282,84.0,CC(C)c1nc2nc(-c3ccc(CN4CC(c5n[nH]c(-c6ccccn6)n5)C4)cc3)c(-c3ccccc3)cn2n1
CHEMBL3672031,5.17,CHEMBL4282,6700.0,CC(C)c1nc2nc(-c3ccc(CN4CCC(c5cnc6ccccc6n5)CC4)cc3)c(-c3ccccc3)cn2n1
CHEMBL3672032,7.16,CHEMBL4282,70.0,Cc1cccc(-c2nc(C3CN(Cc4ccc(-c5nc6nc(C(C)C)nn6cc5-c5ccccc5)cc4)C3)n[nH]2)n1
CHEMBL3672033,8.15,CHEMBL4282,7.0,COC(=O)c1cnn2cc(-c3ccc(F)cc3F)c(-c3ccc(CN4CC(c5n[nH]c(-c6ccccn6)n5)C4)cc3)nc12
CHEMBL3672034,7.58,CHEMBL4282,26.0,Fc1ccc(-c2cn3ccnc3nc2-c2ccc(CN3CC(c4n[nH]c(-c5ccccn5)n4)C3)cc2)cc1
CHEMBL3672035,6.44,CHEMBL4282,365.0,Fc1ccc(-c2cn3ccnc3nc2-c2ccc(CN3CCC(c4cnc5ccccc5n4)CC3)cc2)cc1
CHEMBL3672036,7.54,CHEMBL4282,29.0,Cc1cccc(-c2nc(C3CN(Cc4ccc(-c5nc6nc(C)nn6cc5-c5ccc(F)cc5F)cc4)C3)n[nH]2)n1
CHEMBL3672012,7.16,CHEMBL4282,70.0,c1ccc(-c2cn3ccnc3nc2-c2ccc(CN3CCC(c4cnc5ccccc5n4)CC3)cc2)cc1
CHEMBL3672037,7.11,CHEMBL4282,77.0,Cc1cn2cc(-c3ccccc3)c(-c3ccc(CN4CCC(c5cnc6ccccc6n5)CC4)cc3)nc2n1
CHEMBL3672038,7.89,CHEMBL4282,13.0,Cc1cccc(-c2nc(C3CN(Cc4ccc(-c5nc6nc(C)cn6cc5-c5ccccc5)cc4)C3)n[nH]2)n1
CHEMBL3672039,7.54,CHEMBL4282,29.0,Cc1cccc(-c2nc(C3CN(Cc4ccc(-c5nc6nc(C7CC7)nn6cc5-c5ccc(F)cc5)cc4)C3)n[nH]2)n1
CHEMBL3672040,6.61,CHEMBL4282,247.0,c1ccc(-c2cn3nc(C4CC4)nc3nc2-c2ccc(CN3CCC(c4cnc5ccccc5n4)CC3)cc2)cc1
CHEMBL3672041,8.0,CHEMBL4282,10.0,Cc1cccc(-c2nc(C3CN(Cc4ccc(-c5nc6nc(C7CC7)nn6cc5-c5ccccc5)cc4)C3)n[nH]2)n1
CHEMBL3672042,8.3,CHEMBL4282,5.0,CCc1cnn2cc(-c3ccccc3)c(-c3ccc(CN4CC(c5n[nH]c(-c6cccc(C)n6)n5)C4)cc3)nc12
CHEMBL3672043,7.2,CHEMBL4282,63.0,CNc1nc2nc(-c3ccc(CN4CC(c5n[nH]c(-c6ccccn6)n5)C4)cc3)c(-c3ccccc3)cn2n1
CHEMBL3672044,7.66,CHEMBL4282,22.0,CC(C)Nc1nc2nc(-c3ccc(CN4CC(c5n[nH]c(-c6ccccn6)n5)C4)cc3)c(-c3ccccc3)cn2n1
CHEMBL3672045,8.15,CHEMBL4282,7.0,Cc1nc2nc(-c3ccc(CN4CC(c5n[nH]c(-c6ccccn6)n5)C4)cc3)c(-c3ccccc3)c(C)n2n1
CHEMBL3672046,8.0,CHEMBL4282,10.0,Cc1cccc(-c2nc(C3CN(Cc4ccc(-c5nc6nc(C)nn6c(C)c5-c5ccccc5)cc4)C3)n[nH]2)n1
CHEMBL3672047,7.5,CHEMBL4282,32.0,Cc1nc2nc(-c3ccc(CN4CC(c5n[nH]c(-c6ccccn6)n5)C4)cc3)c(-c3ccccc3)c(NC3CCC3)n2n1
CHEMBL3672048,7.96,CHEMBL4282,11.0,CNc1c(-c2ccccc2)c(-c2ccc(CN3CC(c4n[nH]c(-c5cccc(C)n5)n4)C3)cc2)nc2nc(C)nn12
CHEMBL3672049,7.82,CHEMBL4282,15.0,Cc1nc2nc(-c3ccc(CN4CC(c5n[nH]c(-c6ccccn6)n5)C4)cc3)c(-c3ccccc3)c(NC(C)C)n2n1
CHEMBL3672049,8.05,CHEMBL4282,9.0,Cc1nc2nc(-c3ccc(CN4CC(c5n[nH]c(-c6ccccn6)n5)C4)cc3)c(-c3ccccc3)c(NC(C)C)n2n1
CHEMBL3672050,8.15,CHEMBL4282,7.0,COC(=O)c1cnn2cc(-c3c(F)cccc3F)c(-c3ccc(CN4CCC(c5n[nH]c(-c6cccc(C)n6)n5)CC4)cc3)nc12
CHEMBL3672051,8.3,CHEMBL4282,5.0,COC(=O)c1cnn2cc(-c3c(F)cccc3F)c(-c3ccc(CN4CCC(c5n[nH]c(-c6ccccn6)n5)CC4)cc3)nc12
CHEMBL3672052,7.89,CHEMBL4282,13.0,Cc1cccc(-c2nc(C3CCN(Cc4ccc(-c5nc6nc(C)nn6cc5-c5cccc(F)c5)cc4)CC3)n[nH]2)n1
CHEMBL3672053,7.55,CHEMBL4282,28.0,Cc1nc2nc(-c3ccc(CN4CCC(c5n[nH]c(-c6ccccn6)n5)CC4)cc3)c(-c3cccc(F)c3)cn2n1
CHEMBL3672054,7.66,CHEMBL4282,22.0,Cc1nc2nc(-c3ccc(CN4CCC(c5n[nH]c(-c6cc(Cl)ccn6)n5)CC4)cc3)c(-c3ccc(F)cc3F)cn2n1
CHEMBL3672055,7.21,CHEMBL4282,62.0,Cc1cccc(-c2nc(C3CCN(Cc4ccc(-c5nc6nc(C)nn6cc5-c5ccc(F)cc5F)cc4)CC3)n[nH]2)n1
CHEMBL3672056,6.45,CHEMBL4282,355.0,Cc1nc2nc(-c3ccc(CN4CCC(c5n[nH]c(-c6cnccn6)n5)CC4)cc3)c(-c3ccc(F)cc3F)cn2n1
CHEMBL3672057,7.39,CHEMBL4282,41.0,Cc1cccc(-c2nc(C3CCN(Cc4ccc(-c5nc6nc(C7CC7)nn6cc5-c5ccc(F)cc5)cc4)CC3)n[nH]2)n1
CHEMBL3672058,7.5,CHEMBL4282,32.0,Fc1ccc(-c2cn3nc(C4CC4)nc3nc2-c2ccc(CN3CCC(c4n[nH]c(-c5ccccn5)n4)CC3)cc2)cc1
CHEMBL3672059,7.25,CHEMBL4282,56.0,Fc1ccc(-c2cn3nc(C4CC4)nc3nc2-c2ccc(CN3CCC(c4n[nH]c(-c5cc(Cl)ccn5)n4)CC3)cc2)cc1
CHEMBL3672060,8.05,CHEMBL4282,9.0,Cc1cccc(-c2nc(C3CCN(Cc4ccc(-c5nc6nccn6cc5-c5ccc(F)cc5)cc4)CC3)n[nH]2)n1
CHEMBL3672061,8.1,CHEMBL4282,8.0,Fc1ccc(-c2cn3ccnc3nc2-c2ccc(CN3CCC(c4n[nH]c(-c5ccccn5)n4)CC3)cc2)cc1
CHEMBL3672062,6.73,CHEMBL4282,186.0,Fc1ccc(-c2cn3ccnc3nc2-c2ccc(CN3CCC(c4n[nH]c(-c5cnccn5)n4)CC3)cc2)cc1
CHEMBL3672063,7.96,CHEMBL4282,11.0,Cc1cccc(-c2nc(C3CCN(Cc4ccc(-c5nc6ncc(Br)n6cc5-c5ccc(F)cc5)cc4)CC3)n[nH]2)n1
CHEMBL3672064,7.6,CHEMBL4282,25.0,Fc1ccc(-c2cn3c(Cl)cnc3nc2-c2ccc(CN3CCC(c4n[nH]c(-c5ccccn5)n4)CC3)cc2)cc1
CHEMBL3672065,8.52,CHEMBL4282,3.0,Cc1cccc(-c2nc(C3CCN(Cc4ccc(-c5nc6nccn6cc5-c5ccccc5F)cc4)CC3)n[nH]2)n1
CHEMBL3672066,8.22,CHEMBL4282,6.0,Brc1cnc2nc(-c3ccc(CN4CC(c5n[nH]c(-c6ccccn6)n5)C4)cc3)c(-c3ccccc3)cn12
CHEMBL3672067,8.0,CHEMBL4282,10.0,Cc1cn2cc(-c3ccccc3)c(-c3ccc(CN4CC(c5n[nH]c(-c6ccccn6)n5)C4)cc3)nc2n1
CHEMBL3672068,8.22,CHEMBL4282,6.0,Cc1cccc(-c2nc(C3CN(Cc4ccc(-c5nc6nc(C)c(Br)n6cc5-c5ccccc5)cc4)C3)n[nH]2)n1
CHEMBL3672069,7.52,CHEMBL4282,30.0,CNc1c(-c2ccccc2)c(-c2ccc(CN3CC(c4n[nH]c(-c5ccccn5)n4)C3)cc2)nc2nccn12
CHEMBL3672070,7.38,CHEMBL4282,42.0,CNc1c(-c2ccccc2)c(-c2ccc(CN3CC(c4n[nH]c(-c5ccccn5)n4)C3)cc2)nc2ncc(Br)n12
CHEMBL3672071,7.8,CHEMBL4282,16.0,CNc1c(-c2ccccc2)c(-c2ccc(CN3CC(c4n[nH]c(-c5ccccn5)n4)C3)cc2)nc2nc(C)cn12
CHEMBL3672072,7.96,CHEMBL4282,11.0,CNc1c(-c2ccccc2)c(-c2ccc(CN3CC(c4n[nH]c(-c5cccc(C)n5)n4)C3)cc2)nc2nc(C)cn12
CHEMBL3672094,7.26,CHEMBL4282,55.0,OCc1cnn2cc(-c3c(F)cccc3F)c(-c3ccc(CN4CC(c5n[nH]c(-c6ccccn6)n5)C4)cc3)nc12
CHEMBL3672073,7.85,CHEMBL4282,14.0,COc1nn2cc(-c3c(F)cccc3F)c(-c3ccc(CN4CC(c5n[nH]c(-c6ccccn6)n5)C4)cc3)nc2c1CO
CHEMBL3672074,8.1,CHEMBL4282,8.0,COc1nn2cc(-c3c(F)cccc3F)c(-c3ccc(CN4CC(c5n[nH]c(-c6cccc(C)n6)n5)C4)cc3)nc2c1CO
CHEMBL3672075,7.75,CHEMBL4282,18.0,COc1nn2cc(-c3c(F)cccc3F)c(-c3ccc(CN4CCC(c5n[nH]c(-c6cccc(C)n6)n5)CC4)cc3)nc2c1CO
CHEMBL3672076,8.0,CHEMBL4282,10.0,COc1nn2cc(-c3c(F)cccc3F)c(-c3ccc(CN4CCC(c5n[nH]c(-c6ccccn6)n5)CC4)cc3)nc2c1CO
CHEMBL3672077,7.52,CHEMBL4282,30.0,Cc1cn2c(NC(C)C)c(-c3ccccc3)c(-c3ccc(CN4CC(c5n[nH]c(-c6ccccn6)n5)C4)cc3)nc2n1
CHEMBL3672078,7.48,CHEMBL4282,33.0,Cc1cccc(-c2nc(C3CN(Cc4ccc(-c5nc6nc(C)cn6c(NC(C)C)c5-c5ccccc5)cc4)C3)n[nH]2)n1
CHEMBL3672079,7.6,CHEMBL4282,25.0,CC(C)Nc1c(-c2ccccc2)c(-c2ccc(CN3CC(c4n[nH]c(-c5ccccn5)n4)C3)cc2)nc2nccn12
CHEMBL3672080,7.54,CHEMBL4282,29.0,CNc1c(-c2ccccc2)c(-c2ccc(CN3CC(c4n[nH]c(-c5ccccn5)n4)C3)cc2)nc2nc(-c3ccccn3)nn12
CHEMBL3672081,7.62,CHEMBL4282,24.0,CC(C)Nc1c(-c2ccccc2)c(-c2ccc(CN3CC(c4n[nH]c(-c5ccccn5)n4)C3)cc2)nc2nc(-c3ccccn3)nn12
CHEMBL3672082,7.85,CHEMBL4282,14.0,Cc1cccc(-c2nc(C3CN(Cc4ccc(-c5nc6nc(-c7ccccn7)nn6c(NC(C)C)c5-c5ccccc5)cc4)C3)n[nH]2)n1
CHEMBL3639709,8.15,CHEMBL4282,7.0,c1ccc(-c2cn3nc(C4CC4)nc3nc2-c2ccc(CN3CC(c4n[nH]c(-c5ccccn5)n4)C3)cc2)cc1
CHEMBL3672083,8.3,CHEMBL4282,5.0,CSc1nc2nc(-c3ccc(CN4CC(c5n[nH]c(-c6cccc(C)n6)n5)C4)cc3)c(-c3ccccc3)cn2n1
CHEMBL3672084,8.3,CHEMBL4282,5.0,CSc1nc2nc(-c3ccc(CN4CC(c5n[nH]c(-c6ccccn6)n5)C4)cc3)c(-c3ccccc3)cn2n1
CHEMBL3672085,8.15,CHEMBL4282,7.0,CSc1nc2nc(-c3ccc(CN4CCC(c5n[nH]c(-c6ccccn6)n5)CC4)cc3)c(-c3ccccc3)cn2n1
CHEMBL3672086,7.11,CHEMBL4282,77.0,CSc1nc2nc(-c3ccc(CN4CCC(c5n[nH]c(-c6ncccn6)n5)CC4)cc3)c(-c3ccccc3)cn2n1
CHEMBL3672087,7.58,CHEMBL4282,26.0,CSc1nc2nc(-c3ccc(CN4CCC(c5n[nH]c(-c6cnccn6)n5)CC4)cc3)c(-c3ccccc3)cn2n1
CHEMBL3672088,8.3,CHEMBL4282,5.0,CSc1nc2nc(-c3ccc(CN4CCC(c5n[nH]c(-c6cccc(C)n6)n5)CC4)cc3)c(-c3ccccc3)cn2n1
CHEMBL3672089,7.27,CHEMBL4282,54.0,CS(=O)(=O)c1nc2nc(-c3ccc(CN4CCC(c5n[nH]c(-c6ccccn6)n5)CC4)cc3)c(-c3ccccc3)cn2n1
CHEMBL3672090,7.92,CHEMBL4282,12.0,COC(=O)c1cn2cc(-c3ccccc3)c(-c3ccc(CN4CC(c5n[nH]c(-c6cccc(C)n6)n5)C4)cc3)nc2n1
CHEMBL3672091,8.0,CHEMBL4282,10.0,COC(=O)c1cn2cc(-c3ccccc3)c(-c3ccc(CN4CC(c5n[nH]c(-c6ccccn6)n5)C4)cc3)nc2n1
CHEMBL3672092,7.14,CHEMBL4282,72.0,OCc1cn2cc(-c3ccccc3)c(-c3ccc(CN4CC(c5n[nH]c(-c6ccccn6)n5)C4)cc3)nc2n1
CHEMBL3672093,7.22,CHEMBL4282,60.0,Cc1nc2nc(-c3ccc(CN4CCC(c5n[nH]c(-c6ccccn6)n5)CC4)cc3)c(-c3cc(F)ccc3F)cn2n1
CHEMBL3640732,8.15,CHEMBL4282,7.0,Nc1ncccc1-c1nc2ccc(-c3cccc(NC(=O)C4CC4)c3)nc2n1-c1ccc(C2(N)CCC2)cc1
CHEMBL3640733,9.4,CHEMBL4282,0.4,CC(C)(C)C(=O)Nc1cccc(-c2ccc3nc(-c4cccnc4N)n(-c4ccc(C5(N)CCC5)cc4)c3n2)c1
CHEMBL3640734,9.15,CHEMBL4282,0.7,CC(=O)OC(C)(C)C(=O)Nc1cccc(-c2ccc3nc(-c4cccnc4N)n(-c4ccc(C5(N)CCC5)cc4)c3n2)c1
CHEMBL3640735,8.85,CHEMBL4282,1.4,CC(C)(O)C(=O)Nc1cccc(-c2ccc3nc(-c4cccnc4N)n(-c4ccc(C5(N)CCC5)cc4)c3n2)c1
CHEMBL3640736,8.15,CHEMBL4282,7.1,C[C@H](O)CNC(=O)c1cccc(-c2ccc3nc(-c4cccnc4N)n(-c4ccc(C5(N)CCC5)cc4)c3n2)c1
CHEMBL3640737,8.92,CHEMBL4282,1.2,C[C@@H](O)CNC(=O)c1cccc(-c2ccc3nc(-c4cccnc4N)n(-c4ccc(C5(N)CCC5)cc4)c3n2)c1
CHEMBL3640738,9.7,CHEMBL4282,0.2,CN(C)C(=O)C1CCN(c2cccc(-c3ccc4nc(-c5cccnc5N)n(-c5ccc(C6(N)CCC6)cc5)c4n3)c2)CC1
CHEMBL3640739,9.7,CHEMBL4282,0.2,CCN(CC)C(=O)C1CCN(c2cccc(-c3ccc4nc(-c5cccnc5N)n(-c5ccc(C6(N)CCC6)cc5)c4n3)c2)CC1
CHEMBL3640740,9.7,CHEMBL4282,0.2,Nc1ncccc1-c1nc2ccc(-c3cccc(N4CCC(C(=O)N5CCOCC5)CC4)c3)nc2n1-c1ccc(C2(N)CCC2)cc1
CHEMBL3640741,9.7,CHEMBL4282,0.2,CC(=O)NC1CCN(c2cccc(-c3ccc4nc(-c5cccnc5N)n(-c5ccc(C6(N)CCC6)cc5)c4n3)c2)CC1
CHEMBL3640742,8.85,CHEMBL4282,1.4,CCC(=O)N1CCN(c2cccc(-c3ccc4nc(-c5cccnc5N)n(-c5ccc(C6(N)CCC6)cc5)c4n3)c2)CC1
CHEMBL3640743,8.96,CHEMBL4282,1.1,Nc1ncccc1-c1nc2ccc(-c3cccc(N4CCN(C(=O)C5CC5)CC4)c3)nc2n1-c1ccc(C2(N)CCC2)cc1
CHEMBL3640744,8.96,CHEMBL4282,1.1,CC(C)C(=O)N1CCN(c2cccc(-c3ccc4nc(-c5cccnc5N)n(-c5ccc(C6(N)CCC6)cc5)c4n3)c2)CC1
CHEMBL3640745,8.77,CHEMBL4282,1.7,CC(C)(C)C(=O)N1CCN(c2cccc(-c3ccc4nc(-c5cccnc5N)n(-c5ccc(C6(N)CCC6)cc5)c4n3)c2)CC1
CHEMBL3640746,8.51,CHEMBL4282,3.1,C[C@@H]1CN(c2cccc(-c3ccc4nc(-c5cccnc5N)n(-c5ccc(C6(N)CCC6)cc5)c4n3)c2)C[C@H](C)O1
CHEMBL3640747,9.1,CHEMBL4282,0.8,Nc1ncccc1-c1nc2ccc(-c3cccc(N4CCS(=O)(=O)CC4)c3)nc2n1-c1ccc(C2(N)CCC2)cc1
CHEMBL3640749,7.24,CHEMBL4282,57.3,Nc1ncccc1-c1nc2ccc(Nc3ccc(N4CCOCC4)cc3)nc2n1-c1ccc(C2(N)CCC2)cc1
CHEMBL3640750,6.96,CHEMBL4282,109.5,Nc1ncccc1-c1nc2ccc(Sc3ccccc3)nc2n1-c1ccc(C2(N)CCC2)cc1
CHEMBL3640751,7.08,CHEMBL4282,83.1,Nc1ncccc1-c1nc2ccc(Oc3ccccc3)nc2n1-c1ccc(C2(N)CCC2)cc1
CHEMBL3640732,8.51,CHEMBL4282,3.09,Nc1ncccc1-c1nc2ccc(-c3cccc(NC(=O)C4CC4)c3)nc2n1-c1ccc(C2(N)CCC2)cc1
CHEMBL3640733,8.77,CHEMBL4282,1.7,CC(C)(C)C(=O)Nc1cccc(-c2ccc3nc(-c4cccnc4N)n(-c4ccc(C5(N)CCC5)cc4)c3n2)c1
CHEMBL3640734,8.35,CHEMBL4282,4.46,CC(=O)OC(C)(C)C(=O)Nc1cccc(-c2ccc3nc(-c4cccnc4N)n(-c4ccc(C5(N)CCC5)cc4)c3n2)c1
CHEMBL3640735,8.79,CHEMBL4282,1.63,CC(C)(O)C(=O)Nc1cccc(-c2ccc3nc(-c4cccnc4N)n(-c4ccc(C5(N)CCC5)cc4)c3n2)c1
CHEMBL3640736,8.61,CHEMBL4282,2.45,C[C@H](O)CNC(=O)c1cccc(-c2ccc3nc(-c4cccnc4N)n(-c4ccc(C5(N)CCC5)cc4)c3n2)c1
CHEMBL3640737,8.82,CHEMBL4282,1.5,C[C@@H](O)CNC(=O)c1cccc(-c2ccc3nc(-c4cccnc4N)n(-c4ccc(C5(N)CCC5)cc4)c3n2)c1
CHEMBL3640738,8.6,CHEMBL4282,2.51,CN(C)C(=O)C1CCN(c2cccc(-c3ccc4nc(-c5cccnc5N)n(-c5ccc(C6(N)CCC6)cc5)c4n3)c2)CC1
CHEMBL3640739,8.38,CHEMBL4282,4.15,CCN(CC)C(=O)C1CCN(c2cccc(-c3ccc4nc(-c5cccnc5N)n(-c5ccc(C6(N)CCC6)cc5)c4n3)c2)CC1
CHEMBL3640740,8.47,CHEMBL4282,3.36,Nc1ncccc1-c1nc2ccc(-c3cccc(N4CCC(C(=O)N5CCOCC5)CC4)c3)nc2n1-c1ccc(C2(N)CCC2)cc1
CHEMBL3640741,8.84,CHEMBL4282,1.44,CC(=O)NC1CCN(c2cccc(-c3ccc4nc(-c5cccnc5N)n(-c5ccc(C6(N)CCC6)cc5)c4n3)c2)CC1
CHEMBL3640742,8.67,CHEMBL4282,2.15,CCC(=O)N1CCN(c2cccc(-c3ccc4nc(-c5cccnc5N)n(-c5ccc(C6(N)CCC6)cc5)c4n3)c2)CC1
CHEMBL3640743,8.73,CHEMBL4282,1.84,Nc1ncccc1-c1nc2ccc(-c3cccc(N4CCN(C(=O)C5CC5)CC4)c3)nc2n1-c1ccc(C2(N)CCC2)cc1
CHEMBL3640745,8.47,CHEMBL4282,3.42,CC(C)(C)C(=O)N1CCN(c2cccc(-c3ccc4nc(-c5cccnc5N)n(-c5ccc(C6(N)CCC6)cc5)c4n3)c2)CC1
CHEMBL3640746,8.36,CHEMBL4282,4.36,C[C@@H]1CN(c2cccc(-c3ccc4nc(-c5cccnc5N)n(-c5ccc(C6(N)CCC6)cc5)c4n3)c2)C[C@H](C)O1
CHEMBL3640747,8.75,CHEMBL4282,1.79,Nc1ncccc1-c1nc2ccc(-c3cccc(N4CCS(=O)(=O)CC4)c3)nc2n1-c1ccc(C2(N)CCC2)cc1
CHEMBL3640748,8.42,CHEMBL4282,3.77,Nc1ncccc1-c1nc2ccc(Nc3ccccc3)nc2n1-c1ccc(C2(N)CCC2)cc1
CHEMBL3640749,8.06,CHEMBL4282,8.72,Nc1ncccc1-c1nc2ccc(Nc3ccc(N4CCOCC4)cc3)nc2n1-c1ccc(C2(N)CCC2)cc1
CHEMBL3699664,6.46,CHEMBL4282,348.0,NC1(c2ccc(-c3nc4ncccn4c3-c3ccccc3)cc2)CCC1
CHEMBL3699665,5.94,CHEMBL4282,1157.0,Cc1ccn2c(-c3ccccc3)c(-c3ccc(C4(N)CCC4)cc3)nc2n1
CHEMBL3699666,6.0,CHEMBL4282,1009.0,NC1(c2ccc(-c3nc4nc(C5CC5)ccn4c3-c3ccccc3)cc2)CCC1
CHEMBL3699667,6.75,CHEMBL4282,176.0,NC1(c2ccc(-c3nc4nc(-c5ccccc5)ccn4c3-c3ccccc3)cc2)CCC1
CHEMBL3699668,5.33,CHEMBL4282,4695.0,Cc1ccccc1-c1ccn2c(-c3ccccc3)c(-c3ccc(C4(N)CCC4)cc3)nc2n1
CHEMBL3699669,6.41,CHEMBL4282,388.0,Cc1cnc2nc(-c3ccc(C4(N)CCC4)cc3)c(-c3ccccc3)n2c1
CHEMBL3699670,6.96,CHEMBL4282,109.0,COc1cnc2nc(-c3ccc(C4(N)CCC4)cc3)c(-c3ccccc3)n2c1
CHEMBL3699671,6.63,CHEMBL4282,233.0,CCOc1cnc2nc(-c3ccc(C4(N)CCC4)cc3)c(-c3ccccc3)n2c1
CHEMBL3699672,6.16,CHEMBL4282,685.0,NC1(c2ccc(-c3nc4ncc(-c5ccccc5)cn4c3-c3ccccc3)cc2)CCC1
CHEMBL3699673,6.54,CHEMBL4282,287.0,N#Cc1ccc2nc(-c3ccc(C4(N)CCC4)cc3)c(-c3ccccc3)n2c1
CHEMBL3699674,6.99,CHEMBL4282,102.0,NC1(c2ccc(-c3nc4cc(-n5cccn5)ccn4c3-c3ccccc3)cc2)CCC1
CHEMBL3699675,7.28,CHEMBL4282,53.0,COC(=O)c1cc(OC)c2nc(-c3ccc(C4(N)CCC4)cc3)c(-c3ccccc3)n2c1
CHEMBL3699676,7.62,CHEMBL4282,24.0,COc1cc(C(N)=O)cn2c(-c3ccccc3)c(-c3ccc(C4(N)CCC4)cc3)nc12
CHEMBL3699677,6.23,CHEMBL4282,588.0,CNC(=O)Nc1ccn2c(-c3ccccc3)c(-c3ccc(C4(N)CCC4)cc3)nc2c1
CHEMBL3699678,5.64,CHEMBL4282,2268.0,NC1(c2ccc(-c3nc4nc(-n5ccccc5=O)ccn4c3-c3ccccc3)cc2)CCC1
CHEMBL3699679,6.64,CHEMBL4282,228.0,NC1(c2ccc(-c3nc4ccc(-n5cccn5)cn4c3-c3ccccc3)cc2)CCC1
CHEMBL3699680,6.85,CHEMBL4282,142.0,COc1ccn2c(-c3ccccc3)c(-c3ccc(C4(N)CCC4)cc3)nc2n1
CHEMBL3699681,6.26,CHEMBL4282,544.0,NC1(c2ccc(-c3nc4nc(O)ccn4c3-c3ccccc3)cc2)CCC1
CHEMBL3699682,6.64,CHEMBL4282,230.0,CCCOc1ccn2c(-c3ccccc3)c(-c3ccc(C4(N)CCC4)cc3)nc2n1
CHEMBL3699683,7.19,CHEMBL4282,64.0,N#Cc1cccn2c(-c3ccccc3)c(-c3ccc(C4(N)CCC4)cc3)nc12
CHEMBL3699684,6.08,CHEMBL4282,829.0,Cc1ccn2c(-c3ccccc3)c(-c3ccc(C4(N)CCC4)cc3)nc2c1
CHEMBL3699685,7.0,CHEMBL4282,100.0,Cc1cccn2c(-c3ccccc3)c(-c3ccc(C4(N)CCC4)cc3)nc12
CHEMBL3699686,6.84,CHEMBL4282,145.0,N#Cc1ccn2c(-c3ccccc3)c(-c3ccc(C4(N)CCC4)cc3)nc2c1
CHEMBL3699687,6.69,CHEMBL4282,203.0,Cc1ccc2nc(-c3ccc(C4(N)CCC4)cc3)c(-c3ccccc3)n2c1
CHEMBL3699688,7.02,CHEMBL4282,96.0,COc1ccn2c(-c3ccccc3)c(-c3ccc(C4(N)CCC4)cc3)nc2c1
CHEMBL3699689,6.84,CHEMBL4282,144.0,CNC(=O)c1ccc2nc(-c3ccc(C4(N)CCC4)cc3)c(-c3ccccc3)n2c1
CHEMBL3699690,6.14,CHEMBL4282,723.0,COCc1ccc2nc(-c3ccc(C4(N)CCC4)cc3)c(-c3ccccc3)n2c1
CHEMBL3699691,6.76,CHEMBL4282,173.0,COc1cccn2c(-c3ccccc3)c(-c3ccc(C4(N)CCC4)cc3)nc12
CHEMBL3699692,6.77,CHEMBL4282,171.0,CC(O)c1ccc2nc(-c3ccc(C4(N)CCC4)cc3)c(-c3ccccc3)n2c1
CHEMBL3699693,5.75,CHEMBL4282,1771.0,NC1(c2ccc(-c3nc4cc(CO)ccn4c3-c3ccccc3)cc2)CCC1
CHEMBL3699694,6.78,CHEMBL4282,168.0,NC1(c2ccc(-c3nc4c(CO)cccn4c3-c3ccccc3)cc2)CCC1
CHEMBL3699696,7.44,CHEMBL4282,36.0,COc1ccc2nc(-c3ccc(C4(N)CCC4)cc3)c(-c3ccccc3)n2c1
CHEMBL3699697,7.17,CHEMBL4282,67.0,NC(=O)c1ccc2nc(-c3ccc(C4(N)CCC4)cc3)c(-c3ccccc3)n2c1
CHEMBL3699698,6.89,CHEMBL4282,130.0,CCOc1cccn2c(-c3ccccc3)c(-c3ccc(C4(N)CCC4)cc3)nc12
CHEMBL3699699,5.78,CHEMBL4282,1657.0,CCc1ccn2c(-c3ccccc3)c(-c3ccc(C4(N)CCC4)cc3)nc2c1
CHEMBL3699700,6.73,CHEMBL4282,188.0,NC1(c2ccc(-c3nc4cc(-c5cn[nH]c5)ccn4c3-c3ccccc3)cc2)CCC1
CHEMBL3699701,7.33,CHEMBL4282,47.0,COC(=O)c1cccn2c(-c3ccccc3)c(-c3ccc(C4(N)CCC4)cc3)nc12
CHEMBL3699702,5.25,CHEMBL4282,5643.0,COCCNCc1ccc2nc(-c3ccc(C4(N)CCC4)cc3)c(-c3ccccc3)n2c1
CHEMBL3699703,6.3,CHEMBL4282,504.0,NC1(c2ccc(-c3nc4ccc(CO)cn4c3-c3ccccc3)cc2)CCC1
CHEMBL3639985,6.66,CHEMBL4282,221.0,COc1ccc(COc2ccn3c(-c4ccccc4)c(-c4ccc(C5(N)CCC5)cc4)nc3n2)cn1
CHEMBL3699704,5.93,CHEMBL4282,1186.0,COCCOc1ccn2c(-c3ccccc3)c(-c3ccc(C4(N)CCC4)cc3)nc2n1
CHEMBL3699705,6.75,CHEMBL4282,179.0,COc1cc(COc2ccn3c(-c4ccccc4)c(-c4ccc(C5(N)CCC5)cc4)nc3n2)ccn1
CHEMBL3699706,6.72,CHEMBL4282,190.0,CCOc1ccn2c(-c3ccccc3)c(-c3ccc(C4(N)CCC4)cc3)nc2n1
CHEMBL3699707,5.91,CHEMBL4282,1225.0,CC(C)Oc1ccn2c(-c3ccccc3)c(-c3ccc(C4(N)CCC4)cc3)nc2n1
CHEMBL3699708,5.88,CHEMBL4282,1315.0,NC1(c2ccc(-c3nc4nc(OC5CCCCC5)ccn4c3-c3ccccc3)cc2)CCC1
CHEMBL3699709,5.86,CHEMBL4282,1385.0,NC1(c2ccc(-c3nc4nc(Oc5ccccc5)ccn4c3-c3ccccc3)cc2)CCC1
CHEMBL3699710,6.42,CHEMBL4282,379.0,CCc1cnc2nc(-c3ccc(C4(N)CCC4)cc3)c(-c3ccccc3)n2c1
CHEMBL3699711,6.0,CHEMBL4282,989.0,NC1(c2ccc(-c3nc4cc(-c5ccc(F)cc5)ccn4c3-c3ccccc3)cc2)CCC1
CHEMBL3699712,6.65,CHEMBL4282,226.0,COC(=O)c1ccn2c(-c3ccccc3)c(-c3ccc(C4(N)CCC4)cc3)nc2c1
CHEMBL3699713,7.21,CHEMBL4282,61.0,COC(=O)c1ccc2nc(-c3ccc(C4(N)CCC4)cc3)c(-c3ccccc3)n2c1
CHEMBL3699714,5.79,CHEMBL4282,1636.0,NC1(c2ccc(-c3nc4cc(C5CC5)ccn4c3-c3ccccc3)cc2)CCC1
CHEMBL3699715,6.58,CHEMBL4282,260.0,CCc1ccc2nc(-c3ccc(C4(N)CCC4)cc3)c(-c3ccccc3)n2c1
CHEMBL3699716,7.48,CHEMBL4282,33.0,NC1(c2ccc(-c3nc4c(Br)cccn4c3-c3ccccc3)cc2)CCC1
CHEMBL2035022,6.69,CHEMBL4282,204.0,NC(=O)c1ccn2c(-c3ccccc3)c(-c3ccc(C4(N)CCC4)cc3)nc2c1
CHEMBL3699718,4.71,CHEMBL4282,19417.0,NC1(c2ccc(-c3nc4cc(C(=O)N5CCCC5)ccn4c3-c3ccccc3)cc2)CCC1
CHEMBL3699719,7.21,CHEMBL4282,62.0,CCOC(=O)c1cccn2c(-c3ccccc3)c(-c3ccc(C4(N)CCC4)cc3)nc12
CHEMBL3699720,6.85,CHEMBL4282,142.0,NC1(c2ccc(-c3nc4c(F)cccn4c3-c3ccccc3)cc2)CCC1
CHEMBL3699721,7.37,CHEMBL4282,43.0,NC1(c2ccc(-c3nc4c(Cl)cccn4c3-c3ccccc3)cc2)CCC1
CHEMBL3699722,7.0,CHEMBL4282,101.0,NC1(c2ccc(-c3nc4ccc(F)cn4c3-c3ccccc3)cc2)CCC1
CHEMBL3699723,6.85,CHEMBL4282,140.0,NC1(c2ccc(-c3nc4c(C5CC5)cccn4c3-c3ccccc3)cc2)CCC1
CHEMBL3699724,6.52,CHEMBL4282,300.0,C=Cc1ccc2nc(-c3ccc(C4(N)CCC4)cc3)c(-c3ccccc3)n2c1
CHEMBL3699725,6.75,CHEMBL4282,180.0,C=Cc1cccn2c(-c3ccccc3)c(-c3ccc(C4(N)CCC4)cc3)nc12
CHEMBL3699726,7.0,CHEMBL4282,99.0,NC1(c2ccc(-c3nc4c(-c5cn[nH]c5)cccn4c3-c3ccccc3)cc2)CCC1
CHEMBL3699727,7.04,CHEMBL4282,91.0,NC1(c2ccc(-c3nc4ccc(C(=O)O)cn4c3-c3ccccc3)cc2)CCC1
CHEMBL3699728,7.72,CHEMBL4282,19.0,COc1cc(Br)cn2c(-c3ccccc3)c(-c3ccc(C4(N)CCC4)cc3)nc12
CHEMBL3699729,5.77,CHEMBL4282,1708.0,CC(C)NC(=O)c1ccc2nc(-c3ccc(C4(N)CCC4)cc3)c(-c3ccccc3)n2c1
CHEMBL3699730,6.37,CHEMBL4282,423.0,NC1(c2ccc(-c3nc4ccc(C(=O)NCCF)cn4c3-c3ccccc3)cc2)CCC1
CHEMBL3699731,5.95,CHEMBL4282,1136.0,NC1(c2ccc(-c3nc4ccc(C(=O)NCCO)cn4c3-c3ccccc3)cc2)CCC1
CHEMBL3699732,6.34,CHEMBL4282,452.0,COCCNC(=O)c1ccc2nc(-c3ccc(C4(N)CCC4)cc3)c(-c3ccccc3)n2c1
CHEMBL3699733,6.31,CHEMBL4282,493.0,NC1(c2ccc(-c3nc4ccc(C(=O)NC5CC5)cn4c3-c3ccccc3)cc2)CCC1
CHEMBL3699734,6.47,CHEMBL4282,342.0,NC1(c2ccc(-c3nc4ccc(C(=O)NCC5CC5)cn4c3-c3ccccc3)cc2)CCC1
CHEMBL3699735,6.59,CHEMBL4282,257.0,NC1(c2ccc(-c3nc4ccc(C(=O)NO)cn4c3-c3ccccc3)cc2)CCC1
CHEMBL3699736,7.51,CHEMBL4282,31.0,COC(=O)c1cc(Cl)c2nc(-c3ccc(C4(N)CCC4)cc3)c(-c3ccccc3)n2c1
CHEMBL3699737,5.72,CHEMBL4282,1904.0,CN(C)C(=O)c1ccc2nc(-c3ccc(C4(N)CCC4)cc3)c(-c3ccccc3)n2c1
CHEMBL3699738,6.42,CHEMBL4282,376.0,CCNC(=O)c1ccc2nc(-c3ccc(C4(N)CCC4)cc3)c(-c3ccccc3)n2c1
CHEMBL3699739,6.13,CHEMBL4282,734.0,NC1(c2ccc(-c3nc4ccc(C5CC5)cn4c3-c3ccccc3)cc2)CCC1
CHEMBL3699740,5.78,CHEMBL4282,1659.0,NC1(c2ccc(-c3nc4nc(OCCN5CCCC5=O)ccn4c3-c3ccccc3)cc2)CCC1
CHEMBL3699741,5.97,CHEMBL4282,1066.0,NC(=O)C1(COc2ccn3c(-c4ccccc4)c(-c4ccc(C5(N)CCC5)cc4)nc3n2)CC1
CHEMBL3699742,6.95,CHEMBL4282,113.0,NC1(c2ccc(-c3nc4cc(Cl)ccn4c3-c3ccccc3)cc2)CCC1
CHEMBL3699743,7.19,CHEMBL4282,64.0,NC1(c2ccc(-c3nc4cc(F)ccn4c3-c3ccccc3)cc2)CCC1
CHEMBL3699744,6.51,CHEMBL4282,308.0,NC1(c2ccc(-c3nc4c(-c5ccc(F)cc5)cccn4c3-c3ccccc3)cc2)CCC1
CHEMBL3699745,6.68,CHEMBL4282,208.0,NC1(c2ccc(-c3nc4c(-c5cccc(F)c5)cccn4c3-c3ccccc3)cc2)CCC1
CHEMBL3699746,6.97,CHEMBL4282,106.0,COc1cncc(-c2cccn3c(-c4ccccc4)c(-c4ccc(C5(N)CCC5)cc4)nc23)c1
CHEMBL3699747,7.19,CHEMBL4282,64.0,NC1(c2ccc(-c3nc4c(-c5ccn[nH]5)cccn4c3-c3ccccc3)cc2)CCC1
CHEMBL3699748,6.41,CHEMBL4282,390.0,NC1(c2ccc(-c3nc4c(-c5ccc6cn[nH]c6c5)cccn4c3-c3ccccc3)cc2)CCC1
CHEMBL3699749,7.24,CHEMBL4282,58.0,Cc1cc(C)c2nc(-c3ccc(C4(N)CCC4)cc3)c(-c3ccccc3)n2c1
CHEMBL3699750,6.77,CHEMBL4282,170.0,Cc1ccn2c(-c3ccccc3)c(-c3ccc(C4(N)CCC4)cc3)nc2c1Cl
CHEMBL3699751,7.28,CHEMBL4282,52.0,NC1(c2ccc(-c3nc4c(F)cc(F)cn4c3-c3ccccc3)cc2)CCC1
CHEMBL3699752,7.6,CHEMBL4282,25.0,Cc1cc(Cl)cn2c(-c3ccccc3)c(-c3ccc(C4(N)CCC4)cc3)nc12
CHEMBL3699753,7.77,CHEMBL4282,17.0,CCOC(=O)c1cc(Br)c2nc(-c3ccc(C4(N)CCC4)cc3)c(-c3ccccc3)n2c1
CHEMBL3699754,8.15,CHEMBL4282,7.0,NC1(c2ccc(-c3nc4c(Cl)cc(Cl)cn4c3-c3ccccc3)cc2)CCC1
CHEMBL3699755,6.61,CHEMBL4282,247.0,COc1ccn2c(-c3ccccc3)c(-c3ccc(C4(N)CCC4)cc3)nc2c1C#N
CHEMBL3699756,6.82,CHEMBL4282,150.0,NC1(c2ccc(-c3nc4cc(Cl)c(Cl)cn4c3-c3ccccc3)cc2)CCC1
CHEMBL3699757,7.75,CHEMBL4282,18.0,Cc1c(Cl)cn2c(-c3ccccc3)c(-c3ccc(C4(N)CCC4)cc3)nc2c1Br
CHEMBL3699758,7.77,CHEMBL4282,17.0,Cc1cc(Br)c2nc(-c3ccc(C4(N)CCC4)cc3)c(-c3ccccc3)n2c1
CHEMBL3699759,8.3,CHEMBL4282,5.0,NC1(c2ccc(-c3nc4c(Br)cc(Cl)cn4c3-c3ccccc3)cc2)CCC1
CHEMBL3699760,5.86,CHEMBL4282,1368.0,Cc1c(Cl)cn2c(-c3ccccc3)c(-c3ccc(C4(N)CCC4)cc3)nc2c1-c1ccc(F)cc1
CHEMBL3699761,6.73,CHEMBL4282,187.0,Cc1c(Cl)cn2c(-c3ccccc3)c(-c3ccc(C4(N)CCC4)cc3)nc2c1-c1ccn[nH]1
CHEMBL3699762,6.48,CHEMBL4282,330.0,Cc1c(-c2ccn[nH]2)cn2c(-c3ccccc3)c(-c3ccc(C4(N)CCC4)cc3)nc2c1C
CHEMBL3699763,6.82,CHEMBL4282,150.0,Cc1cc(-c2cccnc2)c2nc(-c3ccc(C4(N)CCC4)cc3)c(-c3ccccc3)n2c1
CHEMBL3699764,6.43,CHEMBL4282,371.0,COc1cncc(-c2cc(C)cn3c(-c4ccccc4)c(-c4ccc(C5(N)CCC5)cc4)nc23)c1
CHEMBL3699765,6.64,CHEMBL4282,229.0,Cc1cc(-c2ccn[nH]2)c2nc(-c3ccc(C4(N)CCC4)cc3)c(-c3ccccc3)n2c1
CHEMBL3699766,7.09,CHEMBL4282,81.0,Cc1cc(-c2cn[nH]c2)c2nc(-c3ccc(C4(N)CCC4)cc3)c(-c3ccccc3)n2c1
CHEMBL3699768,7.96,CHEMBL4282,11.0,NC(=O)c1cc(Br)c2nc(-c3ccc(C4(N)CCC4)cc3)c(-c3ccccc3)n2c1
CHEMBL3699769,6.05,CHEMBL4282,893.0,Cc1cc(C(N)=O)c2nc(-c3ccc(C4(N)CCC4)cc3)c(-c3ccccc3)n2c1
CHEMBL3699770,7.17,CHEMBL4282,67.0,NC(=O)c1cc(-c2cn[nH]c2)cn2c(-c3ccccc3)c(-c3ccc(C4(N)CCC4)cc3)nc12
CHEMBL3699771,7.16,CHEMBL4282,69.0,NC(=O)c1cc(-c2ccn[nH]2)cn2c(-c3ccccc3)c(-c3ccc(C4(N)CCC4)cc3)nc12
CHEMBL3699772,6.75,CHEMBL4282,177.0,NC(=O)c1cc(-c2cccnc2)cn2c(-c3ccccc3)c(-c3ccc(C4(N)CCC4)cc3)nc12
CHEMBL3699773,6.7,CHEMBL4282,201.0,Cc1c(C(N)=O)cn2c(-c3ccccc3)c(-c3ccc(C4(N)CCC4)cc3)nc2c1C
CHEMBL3699774,7.85,CHEMBL4282,14.0,Cc1cc(C(N)=O)cn2c(-c3ccccc3)c(-c3ccc(C4(N)CCC4)cc3)nc12
CHEMBL3699775,6.97,CHEMBL4282,106.0,Cc1cc(-c2cn[nH]c2)cn2c(-c3ccccc3)c(-c3ccc(C4(N)CCC4)cc3)nc12
CHEMBL3699776,7.0,CHEMBL4282,99.0,Cc1cc(-c2ccn[nH]2)cn2c(-c3ccccc3)c(-c3ccc(C4(N)CCC4)cc3)nc12
CHEMBL3699777,6.76,CHEMBL4282,175.0,Cc1cc(-c2cccnc2)cn2c(-c3ccccc3)c(-c3ccc(C4(N)CCC4)cc3)nc12
CHEMBL3699778,6.66,CHEMBL4282,217.0,Cc1cc(-c2cc(C)c3nc(-c4ccc(C5(N)CCC5)cc4)c(-c4ccccc4)n3c2)[nH]n1
CHEMBL2035021,6.82,CHEMBL4282,151.0,NC1(c2ccc(-c3nc4ccccn4c3-c3ccccc3)cc2)CCC1
CHEMBL3703102,6.69,CHEMBL4282,204.0,CCOc1ccc2nc(-c3ccc(C4(N)CCC4)cc3)c(-c3ccccc3)n2c1
CHEMBL3703103,5.71,CHEMBL4282,1951.0,C=Cc1ccn2c(-c3ccccc3)c(-c3ccc(C4(N)CCC4)cc3)nc2c1
CHEMBL3703104,6.74,CHEMBL4282,181.0,NC1(c2ccc(-c3nc4cc(-c5ccncc5)ccn4c3-c3ccccc3)cc2)CCC1
CHEMBL3703105,6.89,CHEMBL4282,129.0,NC1(c2ccc(-c3nc4cc(-c5cccnc5)ccn4c3-c3ccccc3)cc2)CCC1
CHEMBL3703106,6.69,CHEMBL4282,204.0,NC1(c2ccc(-c3nc4cc(-c5ccccn5)ccn4c3-c3ccccc3)cc2)CCC1
CHEMBL3703107,6.82,CHEMBL4282,153.0,NC1(c2ccc(-c3nc4cc(-c5cc[nH]n5)ccn4c3-c3ccccc3)cc2)CCC1
CHEMBL3703108,7.15,CHEMBL4282,71.0,NC1(c2ccc(-c3nc4cc(-c5ncc[nH]5)ccn4c3-c3ccccc3)cc2)CCC1
CHEMBL3703109,6.67,CHEMBL4282,212.0,NC1(c2ccc(-c3nc4cc(-c5cnc[nH]5)ccn4c3-c3ccccc3)cc2)CCC1
CHEMBL3703110,6.63,CHEMBL4282,236.0,Cn1cncc1-c1ccn2c(-c3ccccc3)c(-c3ccc(C4(N)CCC4)cc3)nc2c1
CHEMBL3703111,7.58,CHEMBL4282,26.0,NC1(c2ccc(-c3nc4cc(-c5nn[nH]n5)ccn4c3-c3ccccc3)cc2)CCC1
CHEMBL3703112,7.07,CHEMBL4282,86.0,CCOC(=O)c1ccn2c(-c3ccccc3)c(-c3ccc(C4(N)CCC4)cc3)nc2c1
CHEMBL3703113,6.26,CHEMBL4282,550.0,NC1(c2ccc(-c3nc4cc(C(=O)O)ccn4c3-c3ccccc3)cc2)CCC1
CHEMBL3703114,6.39,CHEMBL4282,409.0,CNC(=O)c1ccn2c(-c3ccccc3)c(-c3ccc(C4(N)CCC4)cc3)nc2c1
CHEMBL3703115,6.46,CHEMBL4282,345.0,COC(=O)/C=C/c1ccn2c(-c3ccccc3)c(-c3ccc(C4(N)CCC4)cc3)nc2c1
CHEMBL3703116,6.76,CHEMBL4282,174.0,NC(=O)/C=C/c1ccn2c(-c3ccccc3)c(-c3ccc(C4(N)CCC4)cc3)nc2c1
CHEMBL3703117,5.46,CHEMBL4282,3436.0,COC(=O)CCc1ccn2c(-c3ccccc3)c(-c3ccc(C4(N)CCC4)cc3)nc2c1
CHEMBL3703118,6.22,CHEMBL4282,601.0,CCNC(=O)c1ccn2c(-c3ccccc3)c(-c3ccc(C4(N)CCC4)cc3)nc2c1
CHEMBL3703119,6.88,CHEMBL4282,132.0,NC1(c2ccc(-c3nc4cc(C(=O)NO)ccn4c3-c3ccccc3)cc2)CCC1
CHEMBL3703120,6.76,CHEMBL4282,175.0,CC(=O)c1ccn2c(-c3ccccc3)c(-c3ccc(C4(N)CCC4)cc3)nc2c1
CHEMBL3703121,6.71,CHEMBL4282,195.0,NC1(c2ccc(-c3nc4ccc(-c5cnc[nH]5)cn4c3-c3ccccc3)cc2)CCC1
CHEMBL3703122,6.49,CHEMBL4282,321.0,NC1(c2ccc(-c3nc4ccc(-c5ncc[nH]5)cn4c3-c3ccccc3)cc2)CCC1
CHEMBL3703123,6.77,CHEMBL4282,171.0,NC1(c2ccc(-c3nc4ccc(-c5cc[nH]n5)cn4c3-c3ccccc3)cc2)CCC1
CHEMBL3703124,6.66,CHEMBL4282,219.0,NC1(c2ccc(-c3nc4ccc(-c5cn[nH]c5)cn4c3-c3ccccc3)cc2)CCC1
CHEMBL3703125,5.63,CHEMBL4282,2320.0,Cn1cncc1-c1ccc2nc(-c3ccc(C4(N)CCC4)cc3)c(-c3ccccc3)n2c1
CHEMBL3703126,6.16,CHEMBL4282,691.0,Cn1cc(-c2ccc3nc(-c4ccc(C5(N)CCC5)cc4)c(-c4ccccc4)n3c2)cn1
CHEMBL3703127,7.13,CHEMBL4282,74.0,NC1(c2ccc(-c3nc4ccc(-c5nn[nH]n5)cn4c3-c3ccccc3)cc2)CCC1
CHEMBL3703128,6.27,CHEMBL4282,533.0,NC1(c2ccc(-c3nc4ccc(-c5ccncc5)cn4c3-c3ccccc3)cc2)CCC1
CHEMBL3703129,6.27,CHEMBL4282,541.0,NC1(c2ccc(-c3nc4ccc(-c5cccnc5)cn4c3-c3ccccc3)cc2)CCC1
CHEMBL3703130,6.28,CHEMBL4282,530.0,NC1(c2ccc(-c3nc4ccc(-c5ccccn5)cn4c3-c3ccccc3)cc2)CCC1
CHEMBL3699695,7.36,CHEMBL4282,44.0,NC1(c2ccc(-c3nc4ccc(Br)cn4c3-c3ccccc3)cc2)CCC1
CHEMBL3703131,7.44,CHEMBL4282,36.0,NC1(c2ccc(-c3nc4ccc(Cl)cn4c3-c3ccccc3)cc2)CCC1
CHEMBL3703132,6.71,CHEMBL4282,196.0,COC(=O)/C=C/c1ccc2nc(-c3ccc(C4(N)CCC4)cc3)c(-c3ccccc3)n2c1
CHEMBL3703133,6.46,CHEMBL4282,347.0,NC(=O)/C=C/c1ccc2nc(-c3ccc(C4(N)CCC4)cc3)c(-c3ccccc3)n2c1
CHEMBL3703134,7.03,CHEMBL4282,93.0,CCOC(=O)c1ccc2nc(-c3ccc(C4(N)CCC4)cc3)c(-c3ccccc3)n2c1
CHEMBL3703135,7.26,CHEMBL4282,55.0,CC(=O)c1ccc2nc(-c3ccc(C4(N)CCC4)cc3)c(-c3ccccc3)n2c1
CHEMBL3703136,7.62,CHEMBL4282,24.0,COc1cc(Cl)cn2c(-c3ccccc3)c(-c3ccc(C4(N)CCC4)cc3)nc12
CHEMBL3703137,7.64,CHEMBL4282,23.0,COc1cc(OC)c2nc(-c3ccc(C4(N)CCC4)cc3)c(-c3ccccc3)n2c1
CHEMBL3703138,6.83,CHEMBL4282,148.0,CCc1cc(OC)c2nc(-c3ccc(C4(N)CCC4)cc3)c(-c3ccccc3)n2c1
CHEMBL3703139,6.86,CHEMBL4282,139.0,COc1cc(-c2cnc[nH]2)cn2c(-c3ccccc3)c(-c3ccc(C4(N)CCC4)cc3)nc12
CHEMBL3703140,6.7,CHEMBL4282,198.0,COc1cc(-c2ncc[nH]2)cn2c(-c3ccccc3)c(-c3ccc(C4(N)CCC4)cc3)nc12
CHEMBL3703141,6.25,CHEMBL4282,558.0,Cn1cc(-c2ccn3c(-c4ccccc4)c(-c4ccc(C5(N)CCC5)cc4)nc3c2)cn1
CHEMBL3703142,6.29,CHEMBL4282,514.0,Nc1ccn2c(-c3ccccc3)c(-c3ccc(C4(N)CCC4)cc3)nc2c1
CHEMBL3703143,6.26,CHEMBL4282,554.0,CC(=O)Nc1ccn2c(-c3ccccc3)c(-c3ccc(C4(N)CCC4)cc3)nc2c1
CHEMBL3703144,6.34,CHEMBL4282,457.0,NC(=O)Nc1ccn2c(-c3ccccc3)c(-c3ccc(C4(N)CCC4)cc3)nc2c1
CHEMBL3703145,5.67,CHEMBL4282,2145.0,CON(C)C(=O)c1ccn2c(-c3ccccc3)c(-c3ccc(C4(N)CCC4)cc3)nc2c1
CHEMBL3703146,6.07,CHEMBL4282,854.0,Nc1ccc2nc(-c3ccc(C4(N)CCC4)cc3)c(-c3ccccc3)n2c1
CHEMBL3703147,7.21,CHEMBL4282,62.0,CC(=O)Nc1ccc2nc(-c3ccc(C4(N)CCC4)cc3)c(-c3ccccc3)n2c1
CHEMBL3703148,6.59,CHEMBL4282,256.0,NC(=O)Nc1ccc2nc(-c3ccc(C4(N)CCC4)cc3)c(-c3ccccc3)n2c1
CHEMBL3703149,6.49,CHEMBL4282,327.0,CNC(=O)Nc1ccc2nc(-c3ccc(C4(N)CCC4)cc3)c(-c3ccccc3)n2c1
CHEMBL3703150,5.53,CHEMBL4282,2988.0,CS(=O)(=O)Nc1ccc2nc(-c3ccc(C4(N)CCC4)cc3)c(-c3ccccc3)n2c1
CHEMBL3703151,6.72,CHEMBL4282,191.0,C=Cc1cc(OC)c2nc(-c3ccc(C4(N)CCC4)cc3)c(-c3ccccc3)n2c1
CHEMBL3703152,6.42,CHEMBL4282,384.0,N[C@]1(c2ccc(-c3nc4nc(O)ccn4c3-c3ccccc3)cc2)C[C@H](O)C1
CHEMBL3703153,6.26,CHEMBL4282,548.0,NC1(c2ccc(-c3nc4nc(OCCN5C(=O)c6ccccc6C5=O)ccn4c3-c3ccccc3)cc2)CCC1
CHEMBL3703154,6.52,CHEMBL4282,303.0,NC1(c2ccc(-c3nc4ccc(O)cn4c3-c3ccccc3)cc2)CCC1
CHEMBL3703155,6.23,CHEMBL4282,590.0,NC1(c2ccc(-c3nc4c(O)cccn4c3-c3ccccc3)cc2)CCC1
CHEMBL3703156,7.24,CHEMBL4282,58.0,NC(=O)c1cccn2c(-c3ccccc3)c(-c3ccc(C4(N)CCC4)cc3)nc12
CHEMBL3703157,7.92,CHEMBL4282,12.0,NC(=O)c1cc(Cl)c2nc(-c3ccc(C4(N)CCC4)cc3)c(-c3ccccc3)n2c1
CHEMBL3703158,5.78,CHEMBL4282,1658.0,C#Cc1ccn2c(-c3ccccc3)c(-c3ccc(C4(N)CCC4)cc3)nc2c1
CHEMBL3703159,4.9,CHEMBL4282,12688.0,NC(=O)CCc1ccn2c(-c3ccccc3)c(-c3ccc(C4(N)CCC4)cc3)nc2c1
CHEMBL3703161,6.8,CHEMBL4282,158.0,COC(=O)COc1ccn2c(-c3ccccc3)c(-c3ccc(C4(N)CCC4)cc3)nc2c1
CHEMBL3703162,6.4,CHEMBL4282,397.0,NC(=O)COc1ccn2c(-c3ccccc3)c(-c3ccc(C4(N)CCC4)cc3)nc2c1
CHEMBL3703163,6.59,CHEMBL4282,258.0,CN(C)C(=O)COc1ccn2c(-c3ccccc3)c(-c3ccc(C4(N)CCC4)cc3)nc2c1
CHEMBL3703164,6.18,CHEMBL4282,655.0,[C-]#[N+]COc1ccn2c(-c3ccccc3)c(-c3ccc(C4(N)CCC4)cc3)nc2c1
CHEMBL3703165,6.75,CHEMBL4282,179.0,COC(=O)COc1ccc2nc(-c3ccc(C4(N)CCC4)cc3)c(-c3ccccc3)n2c1
CHEMBL3703166,7.02,CHEMBL4282,96.0,[C-]#[N+]COc1ccc2nc(-c3ccc(C4(N)CCC4)cc3)c(-c3ccccc3)n2c1
CHEMBL3703167,5.89,CHEMBL4282,1273.0,NC1(c2ccc(-c3nc4cc(O)ccn4c3-c3ccccc3)cc2)CCC1
CHEMBL3703168,5.82,CHEMBL4282,1510.0,NC1(c2ccc(-c3nc4ccc(-c5cccnc5O)cn4c3-c3ccccc3)cc2)CCC1
CHEMBL3640020,6.16,CHEMBL4282,688.0,Cc1cc(-c2ccc3nc(-c4ccc(C5(N)CCC5)cc4)c(-c4ccccc4)n3c2)[nH]n1
CHEMBL3703169,7.09,CHEMBL4282,81.0,COc1cc(-c2cn[nH]c2)cn2c(-c3ccccc3)c(-c3ccc(C4(N)CCC4)cc3)nc12
CHEMBL3703170,5.82,CHEMBL4282,1505.0,Cc1cccc2nc(-c3ccc(C4(N)CCC4)cc3)c(-c3ccccc3)n12
CHEMBL3703171,6.85,CHEMBL4282,141.0,N#Cc1cc(Cl)c2nc(-c3ccc(C4(N)CCC4)cc3)c(-c3ccccc3)n2c1
CHEMBL2035019,6.61,CHEMBL4282,246.0,NC1(c2ccc(-c3nn4ccnc4cc3-c3ccccc3)cc2)CCC1
CHEMBL3639713,4.76,CHEMBL4282,17257.0,Cc1cn2nc(-c3ccc(C4(N)CCC4)cc3)c(-c3ccccc3)cc2n1
CHEMBL3672479,6.36,CHEMBL4282,441.0,Cc1cnc2cc(-c3ccccc3)c(-c3ccc(C4(N)CCC4)cc3)nn12
CHEMBL3672480,8.3,CHEMBL4282,5.0,N#Cc1cccc(-c2cnc3cc(-c4ccccc4)c(-c4ccc(C5(N)CCC5)cc4)nn23)c1
CHEMBL3672481,6.96,CHEMBL4282,110.0,CS(=O)(=O)c1ccc(-c2cnc3cc(-c4ccccc4)c(-c4ccc(C5(N)CCC5)cc4)nn23)cc1
CHEMBL3672482,6.89,CHEMBL4282,129.0,N#Cc1ccc(-c2cnc3cc(-c4ccccc4)c(-c4ccc(C5(N)CCC5)cc4)nn23)cc1
CHEMBL3672483,8.4,CHEMBL4282,4.0,COC(=O)c1cccc(-c2cnc3cc(-c4ccccc4)c(-c4ccc(C5(N)CCC5)cc4)nn23)c1
CHEMBL3672484,7.44,CHEMBL4282,36.0,NC1(c2ccc(-c3nn4c(-c5ccc(F)cc5)cnc4cc3-c3ccccc3)cc2)CCC1
CHEMBL3672485,7.36,CHEMBL4282,44.0,Cc1ccc(-c2cnc3cc(-c4ccccc4)c(-c4ccc(C5(N)CCC5)cc4)nn23)cc1
CHEMBL3672486,8.22,CHEMBL4282,6.0,NC1(c2ccc(-c3nn4c(-c5cccc(CO)c5)cnc4cc3-c3ccccc3)cc2)CCC1
CHEMBL3672487,7.72,CHEMBL4282,19.0,NC1(c2ccc(-c3nn4c(-c5ccc(CO)cc5)cnc4cc3-c3ccccc3)cc2)CCC1
CHEMBL3672488,7.33,CHEMBL4282,47.0,NC1(c2ccc(-c3nn4c(-c5ccc(S(N)(=O)=O)cc5)cnc4cc3-c3ccccc3)cc2)CCC1
CHEMBL3672489,7.13,CHEMBL4282,74.0,NC1(c2ccc(-c3nn4c(Br)cnc4cc3-c3ccccc3)cc2)CCC1
CHEMBL3672490,8.05,CHEMBL4282,9.0,NC1(c2ccc(-c3nn4c(-c5ccc(F)c(CO)c5)cnc4cc3-c3ccccc3)cc2)CCC1
CHEMBL3672491,7.57,CHEMBL4282,27.0,NC(=O)c1ccc(-c2cnc3cc(-c4ccccc4)c(-c4ccc(C5(N)CCC5)cc4)nn23)cc1
CHEMBL3672492,7.89,CHEMBL4282,13.0,NC(=O)c1cccc(-c2cnc3cc(-c4ccccc4)c(-c4ccc(C5(N)CCC5)cc4)nn23)c1
CHEMBL3672493,8.05,CHEMBL4282,9.0,NC1(c2ccc(-c3nn4c(-c5cn[nH]c5)cnc4cc3-c3ccccc3)cc2)CCC1
CHEMBL3672494,6.84,CHEMBL4282,146.0,NC1(c2ccc(-c3nn4c(-c5ccc(O)nc5)cnc4cc3-c3ccccc3)cc2)CCC1
CHEMBL3672495,7.72,CHEMBL4282,19.0,COC(=O)c1ccc(-c2cnc3cc(-c4ccccc4)c(-c4ccc(C5(N)CCC5)cc4)nn23)cn1
CHEMBL3672496,7.96,CHEMBL4282,11.0,NC1(c2ccc(-c3nn4c(-c5ccn[nH]5)cnc4cc3-c3ccccc3)cc2)CCC1
CHEMBL3672497,7.96,CHEMBL4282,11.0,NC1(c2ccc(-c3nn4c(-c5ccc6cn[nH]c6c5)cnc4cc3-c3ccccc3)cc2)CCC1
CHEMBL3672498,8.15,CHEMBL4282,7.0,CCOC(=O)c1cncc(-c2cnc3cc(-c4ccccc4)c(-c4ccc(C5(N)CCC5)cc4)nn23)c1
CHEMBL3672499,8.3,CHEMBL4282,5.0,COc1cncc(-c2cnc3cc(-c4ccccc4)c(-c4ccc(C5(N)CCC5)cc4)nn23)c1
CHEMBL3672500,4.82,CHEMBL4282,15038.0,Cc1nc2cc(-c3ccccc3)c(-c3ccc(C4(N)CCC4)cc3)nn2c1-c1cccc(C(N)=O)c1
CHEMBL3672501,5.0,CHEMBL4282,10115.0,Cc1nc2cc(-c3ccccc3)c(-c3ccc(C4(N)CCC4)cc3)nn2c1-c1ccc(F)c(CO)c1
CHEMBL3672502,5.32,CHEMBL4282,4780.0,Cc1nc2cc(-c3ccccc3)c(-c3ccc(C4(N)CCC4)cc3)nn2c1-c1cn[nH]c1
CHEMBL3672503,5.35,CHEMBL4282,4428.0,Cc1nc2cc(-c3ccccc3)c(-c3ccc(C4(N)CCC4)cc3)nn2c1-c1ccc(F)cc1
CHEMBL3672504,4.92,CHEMBL4282,12083.0,Cc1nc2cc(-c3ccccc3)c(-c3ccc(C4(N)CCC4)cc3)nn2c1-c1ccc(C(N)=O)cc1
CHEMBL3672505,5.56,CHEMBL4282,2732.0,Cc1nc2cc(-c3ccccc3)c(-c3ccc(C4(N)CCC4)cc3)nn2c1-c1ccn[nH]1
CHEMBL3672506,4.83,CHEMBL4282,14853.0,Cc1cc(-c2c(C)nc3cc(-c4ccccc4)c(-c4ccc(C5(N)CCC5)cc4)nn23)[nH]n1
CHEMBL3672507,7.17,CHEMBL4282,68.0,NC1(c2ccc(-c3nn4c(-c5ccc(F)cc5)c(Br)nc4cc3-c3ccccc3)cc2)CCC1
CHEMBL3672508,7.0,CHEMBL4282,99.0,NC1(c2ccc(-c3nn4c(-c5ccc(F)cc5)c(Cl)nc4cc3-c3ccccc3)cc2)CCC1
CHEMBL3672509,7.42,CHEMBL4282,38.0,NC(=O)/C=C/c1cnc2cc(-c3ccccc3)c(-c3ccc(C4(N)CCC4)cc3)nn12
CHEMBL3672510,7.36,CHEMBL4282,44.0,C=Cc1cnc2cc(-c3ccccc3)c(-c3ccc(C4(N)CCC4)cc3)nn12
CHEMBL3672511,4.74,CHEMBL4282,18031.0,Cc1nc2cc(-c3ccccc3)c(-c3ccc(C4(N)CCC4)cc3)nn2c1/C=C/C(N)=O
CHEMBL3672512,5.22,CHEMBL4282,5966.0,COC(=O)/C=C/c1c(C)nc2cc(-c3ccccc3)c(-c3ccc(C4(N)CCC4)cc3)nn12
CHEMBL3672513,5.05,CHEMBL4282,8937.0,C=Cc1c(C)nc2cc(-c3ccccc3)c(-c3ccc(C4(N)CCC4)cc3)nn12
CHEMBL3672514,4.7,CHEMBL4282,20000.0,CCc1c(C)nc2cc(-c3ccccc3)c(-c3ccc(C4(N)CCC4)cc3)nn12
CHEMBL3672515,7.03,CHEMBL4282,93.0,NC1(c2ccc(-c3nc4c5cc(F)ccc5nn4cc3-c3ccccc3)cc2)CCC1
CHEMBL3672516,6.28,CHEMBL4282,528.0,NC1(c2ccc(-c3nc4c5cc(F)ccc5nn4c(NC4CC4)c3-c3ccccc3)cc2)CCC1
CHEMBL3672517,5.58,CHEMBL4282,2630.0,CNc1c(-c2ccccc2)c(-c2ccc(C3(N)CCC3)cc2)nc2c3cc(F)ccc3nn12
CHEMBL3672518,6.85,CHEMBL4282,140.0,N#Cc1cccc(-c2ccc3c(c2)nn2cc(-c4ccccc4)c(-c4ccc(C5(N)CCC5)cc4)nc32)c1
CHEMBL3672519,7.23,CHEMBL4282,59.0,CS(=O)(=O)c1ccc(-c2ccc3c(c2)nn2cc(-c4ccccc4)c(-c4ccc(C5(N)CCC5)cc4)nc32)cc1
CHEMBL3672520,6.64,CHEMBL4282,229.0,NC1(c2ccc(-c3nc4c5ccc(-c6ccc(F)cc6)cc5nn4cc3-c3ccccc3)cc2)CCC1
CHEMBL3672521,7.06,CHEMBL4282,87.0,NC1(c2ccc(-c3nc4c5ccc(Br)cc5nn4cc3-c3ccccc3)cc2)CCC1
CHEMBL3672522,7.37,CHEMBL4282,43.0,NC1(c2ccc(-c3nc4c5ccc(-c6ccc(F)c(CO)c6)cc5nn4cc3-c3ccccc3)cc2)CCC1
CHEMBL3672523,7.46,CHEMBL4282,35.0,NC1(c2ccc(-c3nc4c5ccc(-c6ccc(F)c(O)c6)cc5nn4cc3-c3ccccc3)cc2)CCC1
CHEMBL3672524,6.34,CHEMBL4282,458.0,COc1cc(-c2ccc3c(c2)nn2cc(-c4ccccc4)c(-c4ccc(C5(N)CCC5)cc4)nc32)ccc1F
CHEMBL3672525,7.6,CHEMBL4282,25.0,CS(=O)(=O)c1cccc(-c2ccc3c(c2)nn2cc(-c4ccccc4)c(-c4ccc(C5(N)CCC5)cc4)nc32)c1
CHEMBL3672526,6.96,CHEMBL4282,111.0,COC(=O)c1ccc2c(c1)nn1cc(-c3ccccc3)c(-c3ccc(C4(N)CCC4)cc3)nc21
CHEMBL3672527,7.8,CHEMBL4282,16.0,NC(=O)c1cccc(-c2ccc3c(c2)nn2cc(-c4ccccc4)c(-c4ccc(C5(N)CCC5)cc4)nc32)c1
CHEMBL3672528,7.68,CHEMBL4282,21.0,NC(=O)c1ccc(-c2ccc3c(c2)nn2cc(-c4ccccc4)c(-c4ccc(C5(N)CCC5)cc4)nc32)cc1
CHEMBL3672529,7.77,CHEMBL4282,17.0,NC1(c2ccc(-c3nc4c5ccc(-c6cn[nH]c6)cc5nn4cc3-c3ccccc3)cc2)CCC1
CHEMBL3672530,7.85,CHEMBL4282,14.0,NC1(c2ccc(-c3nc4c5ccc(-c6ccc(O)nc6)cc5nn4cc3-c3ccccc3)cc2)CCC1
CHEMBL3672531,7.64,CHEMBL4282,23.0,COC(=O)c1ccc(-c2ccc3c(c2)nn2cc(-c4ccccc4)c(-c4ccc(C5(N)CCC5)cc4)nc32)cn1
CHEMBL3672532,6.96,CHEMBL4282,110.0,NC1(c2ccc(-c3nc4c5cc(-c6ccc(F)cc6)ccc5nn4cc3-c3ccccc3)cc2)CCC1
CHEMBL3672533,6.92,CHEMBL4282,120.0,Cc1ccc(-c2ccc3nn4cc(-c5ccccc5)c(-c5ccc(C6(N)CCC6)cc5)nc4c3c2)cc1
CHEMBL3672534,6.89,CHEMBL4282,130.0,COC(=O)c1cccc(-c2ccc3nn4cc(-c5ccccc5)c(-c5ccc(C6(N)CCC6)cc5)nc4c3c2)c1
CHEMBL3672535,7.17,CHEMBL4282,67.0,N#Cc1cccc(-c2ccc3nn4cc(-c5ccccc5)c(-c5ccc(C6(N)CCC6)cc5)nc4c3c2)c1
CHEMBL3672536,7.39,CHEMBL4282,41.0,NC1(c2ccc(-c3nc4c5cc(Br)ccc5nn4cc3-c3ccccc3)cc2)CCC1
CHEMBL3672537,7.01,CHEMBL4282,97.0,N#Cc1ccc(-c2ccc3nn4cc(-c5ccccc5)c(-c5ccc(C6(N)CCC6)cc5)nc4c3c2)cc1
CHEMBL3672538,7.8,CHEMBL4282,16.0,NC1(c2ccc(-c3nc4c5cc(-c6cccc(CO)c6)ccc5nn4cc3-c3ccccc3)cc2)CCC1
CHEMBL3672539,7.75,CHEMBL4282,18.0,NC1(c2ccc(-c3nc4c5cc(-c6ccc(CO)cc6)ccc5nn4cc3-c3ccccc3)cc2)CCC1
CHEMBL3672540,7.51,CHEMBL4282,31.0,NC1(c2ccc(-c3nc4c5cc(-c6ccc(S(N)(=O)=O)cc6)ccc5nn4cc3-c3ccccc3)cc2)CCC1
CHEMBL3672541,8.0,CHEMBL4282,10.0,NC1(c2ccc(-c3nc4c5cc(-c6ccc(F)c(CO)c6)ccc5nn4cc3-c3ccccc3)cc2)CCC1
CHEMBL3672542,7.72,CHEMBL4282,19.0,NC1(c2ccc(-c3nc4c5cc(-c6cn[nH]c6)ccc5nn4cc3-c3ccccc3)cc2)CCC1
CHEMBL3672543,6.5,CHEMBL4282,320.0,N#Cc1ccc(-c2cccc3nn4cc(-c5ccccc5)c(-c5ccc(C6(N)CCC6)cc5)nc4c23)cc1
CHEMBL3672544,5.0,CHEMBL4282,10000.0,N#Cc1cccc(-c2cccc3c2nn2cc(-c4ccccc4)c(-c4ccc(C5(N)CCC5)cc4)nc32)c1
CHEMBL3672545,6.77,CHEMBL4282,170.0,NC1(c2ccc(-c3nc4c5cccc(Br)c5nn4cc3-c3ccccc3)cc2)CCC1
CHEMBL3672546,5.25,CHEMBL4282,5600.0,NC1(c2ccc(-c3nc4c5cccc(-c6ccc(F)cc6)c5nn4cc3-c3ccccc3)cc2)CCC1
CHEMBL3672547,6.14,CHEMBL4282,720.0,NC1(c2ccc(-c3nc4c5cccc(-c6ccc(CO)cc6)c5nn4cc3-c3ccccc3)cc2)CCC1
CHEMBL3672548,4.77,CHEMBL4282,17000.0,CS(=O)(=O)c1cccc(-c2cccc3c2nn2cc(-c4ccccc4)c(-c4ccc(C5(N)CCC5)cc4)nc32)c1
CHEMBL3672549,6.8,CHEMBL4282,160.0,NC1(c2ccc(-c3nc4c5cccc(-c6cn[nH]c6)c5nn4cc3-c3ccccc3)cc2)CCC1
CHEMBL3672550,7.31,CHEMBL4282,49.0,N#Cc1cccc2c1nn1cc(-c3ccccc3)c(-c3ccc(C4(N)CCC4)cc3)nc21
CHEMBL3672551,6.13,CHEMBL4282,740.0,COC(=O)c1cccc2c1nn1cc(-c3ccccc3)c(-c3ccc(C4(N)CCC4)cc3)nc21
CHEMBL3672552,7.0,CHEMBL4282,100.0,NC1(c2ccc(-c3nc4c5cccc(O)c5nn4cc3-c3ccccc3)cc2)CCC1
CHEMBL3672553,6.24,CHEMBL4282,580.0,NC(=O)/C=C/c1cccc2c1nn1cc(-c3ccccc3)c(-c3ccc(C4(N)CCC4)cc3)nc21
CHEMBL3672554,7.82,CHEMBL4282,15.0,NC1(c2ccc(-c3nc4c5ccc(-c6ccn[nH]6)cc5nn4cc3-c3ccccc3)cc2)CCC1
CHEMBL3672555,8.0,CHEMBL4282,10.0,Cc1cc(-c2ccc3c(c2)nn2cc(-c4ccccc4)c(-c4ccc(C5(N)CCC5)cc4)nc32)[nH]n1
CHEMBL3672556,8.0,CHEMBL4282,10.0,NC1(c2ccc(-c3nc4c5cc(-c6ccn[nH]6)ccc5nn4cc3-c3ccccc3)cc2)CCC1
CHEMBL3672557,8.22,CHEMBL4282,6.0,Cc1cc(-c2ccc3nn4cc(-c5ccccc5)c(-c5ccc(C6(N)CCC6)cc5)nc4c3c2)[nH]n1
CHEMBL3672558,8.0,CHEMBL4282,10.0,COC(=O)/C=C/c1ccc2nn3cc(-c4ccccc4)c(-c4ccc(C5(N)CCC5)cc4)nc3c2c1
CHEMBL3672559,7.52,CHEMBL4282,30.0,NC(=O)/C=C/c1ccc2nn3cc(-c4ccccc4)c(-c4ccc(C5(N)CCC5)cc4)nc3c2c1
CHEMBL3696234,6.99,CHEMBL4282,102.0,CCOC(=O)Cc1nc(N2CCOCC2)cc(=O)[nH]1
CHEMBL2151821,6.49,CHEMBL4282,321.0,O=C(Cc1nc(N2CCOCC2)cc(=O)[nH]1)Nc1ccc(F)cc1
CHEMBL2151921,7.0,CHEMBL4282,100.0,O=C(Cc1nc(N2CCOCC2)cc(=O)[nH]1)Nc1cccc(Cl)c1
CHEMBL2151924,7.64,CHEMBL4282,23.0,O=C(Cc1nc(N2CCOCC2)cc(=O)[nH]1)Nc1ccc(F)c(F)c1
CHEMBL2151927,6.5,CHEMBL4282,318.0,COc1cc(NC(=O)Cc2nc(N3CCOCC3)cc(=O)[nH]2)ccc1F
CHEMBL2151819,6.14,CHEMBL4282,727.0,O=C(Cc1nc(N2CCOCC2)cc(=O)[nH]1)Nc1ccccc1F
CHEMBL2151822,5.46,CHEMBL4282,3498.0,Cc1ccccc1NC(=O)Cc1nc(N2CCOCC2)cc(=O)[nH]1
CHEMBL3696238,6.2,CHEMBL4282,632.0,COc1ccccc1NC(=O)Cc1nc(N2CCOCC2)cc(=O)[nH]1
CHEMBL3639951,6.13,CHEMBL4282,737.0,O=C(Cc1nc(N2CCOCC2)cc(=O)[nH]1)Nc1cccc(F)c1F
CHEMBL2151820,6.24,CHEMBL4282,570.0,O=C(Cc1nc(N2CCOCC2)cc(=O)[nH]1)Nc1cccc(F)c1
CHEMBL2151920,5.85,CHEMBL4282,1420.0,O=C(Cc1nc(N2CCOCC2)cc(=O)[nH]1)Nc1ccc(Cl)cc1
CHEMBL2151922,6.07,CHEMBL4282,850.0,COc1cccc(NC(=O)Cc2nc(N3CCOCC3)cc(=O)[nH]2)c1
CHEMBL3696240,5.83,CHEMBL4282,1481.0,O=C(Cc1nc(N2CCOCC2)cc(=O)[nH]1)Nc1cccc(C(F)(F)F)c1
CHEMBL2151923,7.64,CHEMBL4282,23.0,O=C(Cc1nc(N2CCOCC2)cc(=O)[nH]1)Nc1cccc(Br)c1
CHEMBL3696242,5.88,CHEMBL4282,1314.0,COC(=O)c1cccc(NC(=O)Cc2nc(N3CCOCC3)cc(=O)[nH]2)c1
CHEMBL3696243,5.0,CHEMBL4282,10000.0,O=C(Cc1nc(N2CCOCC2)cc(=O)[nH]1)Nc1cccc(C(=O)O)c1
CHEMBL3696244,6.46,CHEMBL4282,350.0,CC(C)c1cccc(NC(=O)Cc2nc(N3CCOCC3)cc(=O)[nH]2)c1
CHEMBL2151919,7.41,CHEMBL4282,39.0,Cc1cccc(NC(=O)Cc2nc(N3CCOCC3)cc(=O)[nH]2)c1
CHEMBL3696246,5.64,CHEMBL4282,2287.0,N#Cc1cccc(NC(=O)Cc2nc(N3CCOCC3)cc(=O)[nH]2)c1
CHEMBL2151925,6.77,CHEMBL4282,171.0,Cc1cc(NC(=O)Cc2nc(N3CCOCC3)cc(=O)[nH]2)ccc1F
CHEMBL2151926,6.94,CHEMBL4282,116.0,O=C(Cc1nc(N2CCOCC2)cc(=O)[nH]1)Nc1ccc(F)c(Cl)c1
CHEMBL3696250,5.44,CHEMBL4282,3635.0,O=C(Cc1nc(N2CCOCC2)cc(=O)[nH]1)Nc1cccc(O)c1
CHEMBL2151048,7.03,CHEMBL4282,93.0,O=C(Cc1nc(N2CCOCC2)cc(=O)[nH]1)Nc1ccc(F)c(Br)c1
CHEMBL3696251,6.21,CHEMBL4282,609.0,O=C(Cc1nc(N2CCOCC2)cc(=O)[nH]1)Nc1cc(F)c(F)c(F)c1
CHEMBL3696252,5.0,CHEMBL4282,10000.0,O=C(Cc1nc(N2CCOCC2)cc(=O)[nH]1)Nc1ccc(F)c(CO)c1
CHEMBL3696253,6.7,CHEMBL4282,200.0,O=C(Cc1nc(N2CCOCC2)cc(=O)[nH]1)Nc1cccc(C2CC2)c1
CHEMBL3696254,5.0,CHEMBL4282,10000.0,O=C(Cc1nc(N2CCOCC2)cc(=O)[nH]1)Nc1ccccc1O
CHEMBL3696255,6.32,CHEMBL4282,480.0,O=C(Cc1nc(N2CCOCC2)cc(=O)[nH]1)Nc1cccc(OC(F)F)c1
CHEMBL3696256,5.75,CHEMBL4282,1763.0,COc1cc(NC(=O)C(C)c2nc(N3CCOCC3)cc(=O)[nH]2)ccc1F
CHEMBL3696257,5.83,CHEMBL4282,1494.0,Cc1cccc(NC(=O)Cc2nc(N3CCOCC3)cc(=O)[nH]2)c1C
CHEMBL3696258,6.54,CHEMBL4282,290.0,Cc1cccc(NC(=O)Cc2nc(N3CCOCC3)cc(=O)[nH]2)c1F
CHEMBL3696259,6.4,CHEMBL4282,400.0,O=C(Cc1nc(N2CCOCC2)cc(=O)[nH]1)Nc1cccc2ocnc12
CHEMBL3696260,6.26,CHEMBL4282,549.0,O=C(Cc1nc(N2CCOCC2)cc(=O)[nH]1)Nc1cccc(OC(F)(F)F)c1
CHEMBL3696261,6.51,CHEMBL4282,308.0,CC(C)Oc1cccc(NC(=O)Cc2nc(N3CCOCC3)cc(=O)[nH]2)c1
CHEMBL3696262,6.58,CHEMBL4282,261.0,COc1cc(F)ccc1NC(=O)Cc1nc(N2CCOCC2)cc(=O)[nH]1
CHEMBL3696263,5.6,CHEMBL4282,2498.0,CC(C)(C)OC(=O)NCCc1cccc(NC(=O)Cc2nc(N3CCOCC3)cc(=O)[nH]2)c1
CHEMBL3696264,6.46,CHEMBL4282,346.0,O=C(Cc1nc(N2CCOCC2)cc(=O)[nH]1)Nc1ccc(F)c(C(F)(F)F)c1
CHEMBL3696265,6.74,CHEMBL4282,184.0,C#Cc1cccc(NC(=O)Cc2nc(N3CCOCC3)cc(=O)[nH]2)c1
CHEMBL3696267,5.17,CHEMBL4282,6721.0,O=C(Cc1nc(N2CCOCC2)cc(=O)[nH]1)Nc1ccc(F)cc1O
CHEMBL3112690,6.88,CHEMBL4282,133.0,O=C(Cc1nc(N2CCOCC2)cc(=O)[nH]1)N1CCc2ccccc21
CHEMBL3696268,6.64,CHEMBL4282,227.0,O=C(Cc1nc(N2CCOCC2)cc(=O)[nH]1)Nc1ccc(F)c(C2CC2)c1
CHEMBL3696270,6.09,CHEMBL4282,807.0,O=C(Cc1nc(N2CCOCC2)cc(=O)[nH]1)Nc1ccc(F)c(OC(F)(F)F)c1
CHEMBL3696271,5.0,CHEMBL4282,10000.0,O=C(Cc1nc(N2CCOCC2)cc(=O)[nH]1)Nc1cccc(OCCO)c1
CHEMBL3696272,6.86,CHEMBL4282,137.0,O=C(Cc1nc(N2CCOCC2)cc(=O)[nH]1)Nc1cccc(I)c1
CHEMBL2151928,5.23,CHEMBL4282,5865.0,COC(=O)c1cc(NC(=O)Cc2nc(N3CCOCC3)cc(=O)[nH]2)ccc1F
CHEMBL3696273,6.12,CHEMBL4282,760.0,CCOc1cccc(NC(=O)Cc2nc(N3CCOCC3)cc(=O)[nH]2)c1
CHEMBL3696274,6.38,CHEMBL4282,417.0,COc1c(F)ccc(NC(=O)Cc2nc(N3CCOCC3)cc(=O)[nH]2)c1F
CHEMBL3696277,6.28,CHEMBL4282,530.0,O=C(Cc1nc(N2CCOCC2)cc(=O)[nH]1)N1CCOc2ccccc21
CHEMBL2151929,5.21,CHEMBL4282,6155.0,O=C(Cc1nc(N2CCOCC2)cc(=O)[nH]1)Nc1ccc(F)c([N+](=O)[O-])c1
CHEMBL3696279,5.19,CHEMBL4282,6460.0,O=C(Cc1nc(N2CCOCC2)cc(=O)[nH]1)Nc1cc(F)ccc1O
CHEMBL3696281,5.66,CHEMBL4282,2207.0,CCOC(=O)Cc1nc(N2CCOCC2)cc(=O)n1C
CHEMBL2151935,6.7,CHEMBL4282,202.0,Cn1c(CC(=O)Nc2ccc(F)c(Cl)c2)nc(N2CCOCC2)cc1=O
CHEMBL3696282,6.6,CHEMBL4282,250.0,Cn1c(CC(=O)Nc2cccc(Br)c2)nc(N2CCOCC2)cc1=O
CHEMBL3696284,5.27,CHEMBL4282,5375.0,CC(C)(C)OC(=O)n1ccc2c(NC(=O)Cc3nc(N4CCOCC4)cc(=O)[nH]3)cccc21
CHEMBL3696286,6.19,CHEMBL4282,650.0,COCc1cc(NC(=O)Cc2nc(N3CCOCC3)cc(=O)[nH]2)ccc1F
CHEMBL3696235,6.84,CHEMBL4282,145.0,CN(C)c1cccc(NC(=O)Cc2nc(N3CCOCC3)cc(=O)[nH]2)c1
CHEMBL3696236,7.29,CHEMBL4282,51.0,O=C(Cc1nc(N2CCOCC2)cc(=O)[nH]1)Nc1ccc(F)cc1F
CHEMBL3696237,7.64,CHEMBL4282,23.0,O=C(Cc1nc(N2CCOCC2)cc(=O)[nH]1)Nc1ccsc1
CHEMBL3696239,7.15,CHEMBL4282,71.0,O=C(Cc1nc(N2CCOCC2)cc(=O)[nH]1)Nc1cc(F)cc(F)c1
CHEMBL2151820,7.13,CHEMBL4282,74.0,O=C(Cc1nc(N2CCOCC2)cc(=O)[nH]1)Nc1cccc(F)c1
CHEMBL3696241,7.38,CHEMBL4282,42.0,CC(C)(C)c1cccc(NC(=O)Cc2nc(N3CCOCC3)cc(=O)[nH]2)c1
CHEMBL3696245,6.61,CHEMBL4282,247.0,N#Cc1cc(NC(=O)Cc2nc(N3CCOCC3)cc(=O)[nH]2)ccc1F
CHEMBL3696247,7.15,CHEMBL4282,71.0,O=C(Cc1nc(N2CCOCC2)cc(=O)[nH]1)Nc1ccc(F)cn1
CHEMBL3696248,5.99,CHEMBL4282,1030.0,O=C(Cc1nc(N2CCOCC2)cc(=O)[nH]1)Nc1cccnc1
CHEMBL3696249,7.24,CHEMBL4282,58.0,Cc1cc(F)ccc1NC(=O)Cc1nc(N2CCOCC2)cc(=O)[nH]1
CHEMBL3696258,7.22,CHEMBL4282,60.0,Cc1cccc(NC(=O)Cc2nc(N3CCOCC3)cc(=O)[nH]2)c1F
CHEMBL3696259,6.83,CHEMBL4282,148.0,O=C(Cc1nc(N2CCOCC2)cc(=O)[nH]1)Nc1cccc2ocnc12
CHEMBL3696266,6.84,CHEMBL4282,146.0,O=C(Cc1nc(N2CCOCC2)cc(=O)[nH]1)Nc1cccc(OC2CCCC2)c1
CHEMBL3696269,7.18,CHEMBL4282,66.0,O=C(Cc1nc(N2CCOCC2)cc(=O)[nH]1)Nc1ccc(F)c(F)c1F
CHEMBL3696270,7.17,CHEMBL4282,67.0,O=C(Cc1nc(N2CCOCC2)cc(=O)[nH]1)Nc1ccc(F)c(OC(F)(F)F)c1
CHEMBL3696273,7.15,CHEMBL4282,71.0,CCOc1cccc(NC(=O)Cc2nc(N3CCOCC3)cc(=O)[nH]2)c1
CHEMBL3696274,7.3,CHEMBL4282,50.0,COc1c(F)ccc(NC(=O)Cc2nc(N3CCOCC3)cc(=O)[nH]2)c1F
CHEMBL3696275,6.54,CHEMBL4282,290.0,O=C(Cc1nc(N2CCOCC2)cc(=O)[nH]1)Nc1cc(F)c(F)cc1F
CHEMBL3696276,7.11,CHEMBL4282,77.0,O=C(Cc1nc(N2CCOCC2)cc(=O)[nH]1)Nc1cc(Cl)c(F)c(Cl)c1
CHEMBL3696278,5.0,CHEMBL4282,10000.0,O=C(Cc1nc(N2CCOCC2)cc(=O)[nH]1)Nc1ccc(F)c(C(=O)O)c1
CHEMBL3696280,6.88,CHEMBL4282,131.0,O=C(Cc1nc(N2CCOCC2)cc(=O)[nH]1)Nc1ccc(F)cc1Br
CHEMBL2151935,7.1,CHEMBL4282,79.0,Cn1c(CC(=O)Nc2ccc(F)c(Cl)c2)nc(N2CCOCC2)cc1=O
CHEMBL3696283,6.71,CHEMBL4282,195.0,CCn1c(CC(=O)Nc2ccc(F)cc2)nc(N2CCOCC2)cc1=O
CHEMBL3696284,6.92,CHEMBL4282,120.0,CC(C)(C)OC(=O)n1ccc2c(NC(=O)Cc3nc(N4CCOCC4)cc(=O)[nH]3)cccc21
CHEMBL3696285,7.05,CHEMBL4282,89.0,CC(C)C(C(=O)Nc1ccc(F)cc1)c1nc(N2CCOCC2)cc(=O)[nH]1
CHEMBL3696287,8.0,CHEMBL4282,10.0,O=C(Cc1nc(N2CCOCC2)cc(=O)[nH]1)Nc1ccc(F)c(I)c1
CHEMBL3696288,7.16,CHEMBL4282,69.0,O=C(Cc1nc(N2CCOCC2)cc(=O)[nH]1)Nc1cccc(OC(F)(F)C(F)F)c1
CHEMBL3696289,7.11,CHEMBL4282,77.0,O=C(Cc1nc(N2CCOCC2)cc(=O)[nH]1)Nc1ccc(F)c(C(F)F)c1
CHEMBL3696290,6.16,CHEMBL4282,698.0,O=C(Nc1ccc(F)cc1)C(F)(F)c1nc(N2CCOCC2)cc(=O)[nH]1
CHEMBL2151932,6.89,CHEMBL4282,129.0,Cn1c(CC(=O)Nc2ccc(F)c(F)c2)nc(N2CCOCC2)cc1=O
CHEMBL3112861,7.7,CHEMBL4282,20.0,Cn1c(CC(=O)N2CCc3ccccc32)nc(N2CCOCC2)cc1=O
CHEMBL2151933,7.03,CHEMBL4282,94.0,Cn1c(CC(=O)Nc2ccc(F)c(Br)c2)nc(N2CCOCC2)cc1=O
CHEMBL3696291,5.71,CHEMBL4282,1940.0,Cn1c(CC(=O)Nc2ccc(F)c(CO)c2)nc(N2CCOCC2)cc1=O
CHEMBL3696292,6.88,CHEMBL4282,133.0,Cn1c(CC(=O)Nc2cccc(C3CC3)c2)nc(N2CCOCC2)cc1=O
CHEMBL2151934,6.94,CHEMBL4282,115.0,COc1cc(NC(=O)Cc2nc(N3CCOCC3)cc(=O)n2C)ccc1F
CHEMBL3696293,7.77,CHEMBL4282,17.0,O=C(Cc1nc(N2CCOCC2)cc(=O)[nH]1)Nc1cccc2occc12
CHEMBL2151930,6.47,CHEMBL4282,340.0,Cn1c(CC(=O)Nc2ccccc2)nc(N2CCOCC2)cc1=O
CHEMBL3696294,7.58,CHEMBL4282,26.0,Cn1c(CC(=O)Nc2ccc(F)c(C3CC3)c2)nc(N2CCOCC2)cc1=O
CHEMBL3696295,7.12,CHEMBL4282,75.0,O=C(Cc1nc(N2CCOCC2)cc(=O)[nH]1)Nc1cccc(F)c1O
CHEMBL3112848,8.3,CHEMBL4282,5.0,O=C(Cc1nc(N2CCOCC2)cc(=O)[nH]1)N1CCc2c(F)cccc21
CHEMBL3112849,8.52,CHEMBL4282,3.0,O=C(Cc1nc(N2CCOCC2)cc(=O)[nH]1)N1CCc2c(Cl)cccc21
CHEMBL3696296,7.85,CHEMBL4282,14.0,C#Cc1cc(NC(=O)Cc2nc(N3CCOCC3)cc(=O)[nH]2)ccc1F
CHEMBL3696297,7.15,CHEMBL4282,71.0,O=C(Cc1nc(N2CCOCC2)cc(=O)[nH]1)N1CCc2c(O)cccc21
CHEMBL3696298,7.24,CHEMBL4282,57.0,O=C(Cc1nc(N2CCOCC2)cc(=O)[nH]1)N1CCc2c(F)cc(F)cc21
CHEMBL3696299,7.2,CHEMBL4282,63.0,Cn1c(CC(=O)Nc2ccc(F)c(I)c2)nc(N2CCOCC2)cc1=O
CHEMBL3696300,7.96,CHEMBL4282,11.0,O=C(Cc1nc(N2CCOCC2)cc(=O)[nH]1)N1CCc2c1ccc(F)c2F
CHEMBL3696301,7.46,CHEMBL4282,35.0,O=C(Cc1nc(N2CCOCC2)cc(=O)[nH]1)N1CCc2ccc(F)cc21
CHEMBL3112862,8.22,CHEMBL4282,6.0,CC1Cc2ccccc2N1C(=O)Cc1nc(N2CCOCC2)cc(=O)[nH]1
CHEMBL3696302,6.58,CHEMBL4282,260.0,Cn1c(CC(=O)Nc2ccc(F)c(C(F)F)c2)nc(N2CCOCC2)cc1=O
CHEMBL3696303,6.66,CHEMBL4282,219.0,Cn1c(CC(=O)Nc2cc(F)c(F)c(F)c2)nc(N2CCOCC2)cc1=O
CHEMBL3696304,6.18,CHEMBL4282,666.0,Cn1ccc2c(NC(=O)Cc3nc(N4CCOCC4)cc(=O)[nH]3)cccc21
CHEMBL3112851,8.52,CHEMBL4282,3.0,Cc1cccc2c1CCN2C(=O)Cc1nc(N2CCOCC2)cc(=O)[nH]1
CHEMBL3112864,7.89,CHEMBL4282,13.0,CC1CN(C(=O)Cc2nc(N3CCOCC3)cc(=O)[nH]2)c2ccccc21
CHEMBL3696305,7.37,CHEMBL4282,43.0,Cn1c(CC(=O)N2CCc3c(F)cccc32)nc(N2CCOCC2)cc1=O
CHEMBL3112847,8.15,CHEMBL4282,7.0,O=C(Cc1nc(N2CCOCC2)cc(=O)[nH]1)N1CCc2cc(F)ccc21
CHEMBL3696306,7.38,CHEMBL4282,42.0,Cn1c(CC(=O)N2CCc3c(Cl)cccc32)nc(N2CCOCC2)cc1=O
CHEMBL3696307,7.82,CHEMBL4282,15.0,O=C(Cc1nc(N2CCOCC2)cc(=O)[nH]1)Nc1cccc2sccc12
CHEMBL3696308,7.57,CHEMBL4282,27.0,O=C(Cc1nc(N2CCOCC2)cc(=O)[nH]1)N1c2ccccc2CC1CO
CHEMBL3696309,7.62,CHEMBL4282,24.0,O=C(Cc1nc(N2CCOCC2)cc(=O)[nH]1)Nc1ccccc1OCCN1CCCCC1
CHEMBL3696310,7.25,CHEMBL4282,56.0,COCCOc1ccccc1NC(=O)Cc1nc(N2CCOCC2)cc(=O)[nH]1
CHEMBL3696311,7.37,CHEMBL4282,43.0,Cn1c(CC(=O)N2CCc3c(O)cccc32)nc(N2CCOCC2)cc1=O
CHEMBL3696312,6.56,CHEMBL4282,278.0,COc1cccc2c1CCN2C(=O)Cc1nc(N2CCOCC2)cc(=O)n1C
CHEMBL3696313,6.52,CHEMBL4282,301.0,O=C(Cc1nc(N2CCOCC2)cc(=O)[nH]1)N1CCc2ccccc2C1
CHEMBL3696314,7.64,CHEMBL4282,23.0,O=C(Cc1nc(N2CCOCC2)cc(=O)[nH]1)Nc1ccccc1OCCN1CCCC1
CHEMBL3696315,6.18,CHEMBL4282,664.0,O=C(Cc1nc(N2CCOCC2)cc(=O)[nH]1)Nc1ccccc1OCc1cccnc1
CHEMBL3699779,7.58,CHEMBL4282,26.0,Cc1cccc2c1CCN2C(=O)Cc1nc(N2CCOCC2)cc(=O)n1C
CHEMBL3699780,8.0,CHEMBL4282,10.0,CN(C)CC1CN(C(=O)Cc2nc(N3CCOCC3)cc(=O)[nH]2)c2ccccc21
CHEMBL3699781,7.29,CHEMBL4282,51.0,Cn1c(CC(=O)N2CCc3c(Br)cccc32)nc(N2CCOCC2)cc1=O
CHEMBL3112866,7.72,CHEMBL4282,19.0,C[C@H]1Cc2ccccc2N1C(=O)Cc1nc(N2CCOCC2)cc(=O)[nH]1
CHEMBL3112867,7.92,CHEMBL4282,12.0,C[C@@H]1Cc2ccccc2N1C(=O)Cc1nc(N2CCOCC2)cc(=O)[nH]1
CHEMBL3699782,6.71,CHEMBL4282,194.0,CC1CN(C(=O)Cc2nc(N3CCOCC3)cc(=O)n2C)c2ccccc21
CHEMBL3699783,7.96,CHEMBL4282,11.0,COCC1Cc2ccccc2N1C(=O)Cc1nc(N2CCOCC2)cc(=O)[nH]1
CHEMBL3699784,7.36,CHEMBL4282,44.0,CCOc1cccc2c1CCN2C(=O)Cc1nc(N2CCOCC2)cc(=O)[nH]1
CHEMBL3699785,6.3,CHEMBL4282,503.0,NC(=O)C1Cc2ccccc2N1C(=O)Cc1nc(N2CCOCC2)cc(=O)[nH]1
CHEMBL3699786,7.11,CHEMBL4282,77.0,CC1Cc2ccccc2N1C(=O)Cc1nc(N2CCOCC2)cc(=O)n1C
CHEMBL3699787,6.91,CHEMBL4282,124.0,Cn1c(CC(=O)N2CCc3ccc(F)cc32)nc(N2CCOCC2)cc1=O
CHEMBL3699788,7.8,CHEMBL4282,16.0,C[C@@H]1CN(C(=O)Cc2nc(N3CCOCC3)cc(=O)[nH]2)c2ccccc21
CHEMBL3699811,7.24,CHEMBL4282,57.0,C[C@H]1CN(C(=O)Cc2nc(N3CCOCC3)cc(=O)[nH]2)c2ccccc21
CHEMBL3699789,7.21,CHEMBL4282,61.0,Cn1c(CC(=O)N2CCc3cc(F)c(F)cc32)nc(N2CCOCC2)cc1=O
CHEMBL3699790,7.16,CHEMBL4282,69.0,Cn1c(CC(=O)N2CCc3c2ccc(F)c3F)nc(N2CCOCC2)cc1=O
CHEMBL3699791,6.0,CHEMBL4282,1000.0,O=C(Cc1nc(N2CCOCC2)cc(=O)[nH]1)N1Cc2ccccc2C1
CHEMBL3699792,7.16,CHEMBL4282,70.0,Cn1c(CC(=O)Nc2cccc3sccc23)nc(N2CCOCC2)cc1=O
CHEMBL3699793,7.39,CHEMBL4282,41.0,O=C(Cc1nc(N2CCOCC2)cc(=O)[nH]1)N1CCCc2c(Cl)cccc21
CHEMBL3699794,6.27,CHEMBL4282,533.0,O=C(Cc1nc(N2CCOCC2)cc(=O)[nH]1)N1CCc2c(CO)cccc21
CHEMBL3699795,6.76,CHEMBL4282,174.0,O=C(Cc1nc(N2CCOCC2)cc(=O)[nH]1)Nc1ccc(F)cc1OCC1CCNCC1
CHEMBL3112592,6.91,CHEMBL4282,124.0,O=C(Cc1nc(N2CCOCC2)cc(=O)[nH]1)N1CCc2cc(Cl)ccc21
CHEMBL3112850,9.0,CHEMBL4282,1.0,O=C(Cc1nc(N2CCOCC2)cc(=O)[nH]1)N1CCc2c(Br)cccc21
CHEMBL3699796,7.58,CHEMBL4282,26.0,CN(C)C[C@H]1CN(C(=O)Cc2nc(N3CCOCC3)cc(=O)[nH]2)c2ccccc21
CHEMBL3699812,7.17,CHEMBL4282,68.0,CN(C)C[C@@H]1CN(C(=O)Cc2nc(N3CCOCC3)cc(=O)[nH]2)c2ccccc21
CHEMBL3699797,7.46,CHEMBL4282,35.0,COCCOc1cc(F)ccc1NC(=O)Cc1nc(N2CCOCC2)cc(=O)[nH]1
CHEMBL3699798,5.52,CHEMBL4282,3000.0,O=C(Cc1nc(N2CCOCC2)cc(=O)[nH]1)Nc1cccc2[nH]cnc12
CHEMBL3699799,6.52,CHEMBL4282,302.0,COC(=O)c1cccc(NC(=O)Cc2nc(N3CCOCC3)cc(=O)[nH]2)c1O
CHEMBL3112852,7.22,CHEMBL4282,60.0,COc1cccc2c1CCN2C(=O)Cc1nc(N2CCOCC2)cc(=O)[nH]1
CHEMBL3699800,7.66,CHEMBL4282,22.0,O=C(Cc1nc(N2CCOCC2)cc(=O)[nH]1)Nc1cccc(Br)c1O
CHEMBL3699801,6.33,CHEMBL4282,473.0,O=C(Cc1nc(N2CCOCC2)cc(=O)[nH]1)Nc1cccc2c1OCCN2
CHEMBL3699802,6.37,CHEMBL4282,432.0,COC(=O)c1cc(F)ccc1NC(=O)Cc1nc(N2CCOCC2)cc(=O)[nH]1
CHEMBL3639986,7.42,CHEMBL4282,38.0,CCN(CC)CC1CN(C(=O)Cc2nc(N3CCOCC3)cc(=O)[nH]2)c2ccccc21
CHEMBL3699803,6.75,CHEMBL4282,180.0,O=C(Cc1nc(N2CCOCC2)cc(=O)[nH]1)N1CCc2ncccc21
CHEMBL3699804,8.4,CHEMBL4282,4.0,O=C(Cc1nc(N2CCOCC2)cc(=O)[nH]1)N1CCc2cc(F)c(F)cc21
CHEMBL3699805,6.63,CHEMBL4282,234.0,O=C(Cc1nc(N2CCOCC2)cc(=O)[nH]1)Nc1cccc2c1NCCC2
CHEMBL3699806,7.37,CHEMBL4282,43.0,O=C(Cc1nc(N2CCOCC2)cc(=O)[nH]1)N1CCOc2c(Cl)cccc21
CHEMBL3699807,6.72,CHEMBL4282,189.0,Cc1cccc(NC(=O)Cc2nc(N3CCOCC3)cc(=O)[nH]2)c1O
CHEMBL3699808,7.54,CHEMBL4282,29.0,O=C(Cc1nc(N2CCOCC2)cc(=O)[nH]1)Nc1cccc([N+](=O)[O-])c1O
CHEMBL3699809,6.03,CHEMBL4282,938.0,N#Cc1cccc(NC(=O)Cc2nc(N3CCOCC3)cc(=O)[nH]2)c1O
CHEMBL3699810,7.31,CHEMBL4282,49.0,O=C(Cc1nc(N2CCOCC2)cc(=O)[nH]1)Nc1cccc(C(F)(F)F)c1O
CHEMBL3112865,7.55,CHEMBL4282,28.0,CC1(C)CN(C(=O)Cc2nc(N3CCOCC3)cc(=O)[nH]2)c2ccccc21
CHEMBL3693591,6.42,CHEMBL4282,381.3,C[C@H]1COCCN1c1nc(N2CCOC[C@@H]2C)c2ccc(-c3ccc4c(c3)C(=O)NCCN4)nc2n1
CHEMBL3688934,7.85,CHEMBL4282,14.15,C[C@H]1COCCN1c1nc(N2CCOC[C@@H]2C)c2ccc(-c3cccc(N)c3)nc2n1
CHEMBL3688935,7.22,CHEMBL4282,60.66,C[C@H]1COCCN1c1nc(N2CCOC[C@@H]2C)c2ccc(-c3ccc4[nH]nc(N)c4c3)nc2n1
CHEMBL3693446,6.3,CHEMBL4282,505.1,CC(C)S(=O)(=O)Nc1cccc(-c2ccc3c(N4CCOC[C@@H]4C)nc(N4CCOC[C@@H]4C)nc3n2)c1
CHEMBL3693558,6.17,CHEMBL4282,682.1,CNC(=O)C1CCN(c2nc(N3CCOC[C@@H]3C)c3ccc(-c4ccc(N)nc4)nc3n2)CC1
CHEMBL3693559,6.53,CHEMBL4282,295.1,C[C@H]1COCCN1c1nc(N2CCOCC2)nc2nc(-c3ccc(N)nc3)ccc12
CHEMBL3961677,7.66,CHEMBL4282,22.0,O=C(Cc1nc(N2CCOCC2)c(F)c(=O)[nH]1)N1CCc2c(F)cccc21
CHEMBL3896167,6.03,CHEMBL4282,938.0,CC(C(=O)N1CCc2c(F)cccc21)c1nc(N2CCOCC2)c(F)c(=O)n1C
CHEMBL3956312,6.8,CHEMBL4282,158.0,Cn1c(CC(=O)N2CCc3c(F)cccc32)nc(N2CCOCC2)c(F)c1=O
CHEMBL3974788,6.3,CHEMBL4282,503.0,C[C@@H]1Cc2ccccc2N1C(=O)Cc1nc(N2CCOCC2)c(F)c(=O)[nH]1
CHEMBL3893935,7.82,CHEMBL4282,15.0,C[C@H]1Cc2ccccc2N1C(=O)Cc1nc(N2CCOCC2)c(F)c(=O)[nH]1
CHEMBL3918391,8.0,CHEMBL4282,10.0,CC1Cc2cc(F)ccc2N1C(=O)Cc1nc(N2CCOCC2)c(F)c(=O)[nH]1
CHEMBL3918391,8.52,CHEMBL4282,3.0,CC1Cc2cc(F)ccc2N1C(=O)Cc1nc(N2CCOCC2)c(F)c(=O)[nH]1
CHEMBL3905243,6.97,CHEMBL4282,107.0,C[C@H]1Cc2ccccc2N1C(=O)Cc1nc(N2CCOCC2)c(F)c(=O)n1C
CHEMBL3942235,6.92,CHEMBL4282,120.0,C[C@@H]1Cc2ccccc2N1C(=O)Cc1nc(N2CCOCC2)c(F)c(=O)n1C
CHEMBL3917798,6.94,CHEMBL4282,116.0,CC1Cc2c(F)cccc2N1C(=O)Cc1nc(N2CCOCC2)c(F)c(=O)[nH]1
CHEMBL3917798,7.62,CHEMBL4282,24.0,CC1Cc2c(F)cccc2N1C(=O)Cc1nc(N2CCOCC2)c(F)c(=O)[nH]1
CHEMBL3890826,7.8,CHEMBL4282,16.0,CC1Cc2cc(F)c(F)cc2N1C(=O)Cc1nc(N2CCOCC2)c(F)c(=O)[nH]1
CHEMBL3890826,6.79,CHEMBL4282,162.0,CC1Cc2cc(F)c(F)cc2N1C(=O)Cc1nc(N2CCOCC2)c(F)c(=O)[nH]1
CHEMBL3896311,7.26,CHEMBL4282,55.0,CC1Cc2cc(F)ccc2N1C(=O)Cc1nc(N2CCOCC2)c(F)c(=O)n1C
CHEMBL3896311,7.19,CHEMBL4282,65.0,CC1Cc2cc(F)ccc2N1C(=O)Cc1nc(N2CCOCC2)c(F)c(=O)n1C
CHEMBL3913066,6.32,CHEMBL4282,483.0,CC1Cc2c(Br)cccc2N1C(=O)Cc1nc(N2CCOCC2)c(F)c(=O)[nH]1
CHEMBL3913066,7.35,CHEMBL4282,45.0,CC1Cc2c(Br)cccc2N1C(=O)Cc1nc(N2CCOCC2)c(F)c(=O)[nH]1
CHEMBL3916280,7.42,CHEMBL4282,38.0,CC1Cc2c(Cl)cccc2N1C(=O)Cc1nc(N2CCOCC2)c(F)c(=O)[nH]1
CHEMBL3916280,7.72,CHEMBL4282,19.0,CC1Cc2c(Cl)cccc2N1C(=O)Cc1nc(N2CCOCC2)c(F)c(=O)[nH]1
CHEMBL3931890,8.7,CHEMBL4282,2.0,CC1Cc2c(ccc(F)c2F)N1C(=O)Cc1nc(N2CCOCC2)c(F)c(=O)[nH]1
CHEMBL3931890,7.82,CHEMBL4282,15.0,CC1Cc2c(ccc(F)c2F)N1C(=O)Cc1nc(N2CCOCC2)c(F)c(=O)[nH]1
CHEMBL3922944,7.01,CHEMBL4282,98.0,CC1Cc2c(F)cccc2N1C(=O)Cc1nc(N2CCOCC2)c(F)c(=O)n1C
CHEMBL3922944,6.69,CHEMBL4282,203.0,CC1Cc2c(F)cccc2N1C(=O)Cc1nc(N2CCOCC2)c(F)c(=O)n1C
CHEMBL3917496,6.51,CHEMBL4282,310.0,CC1Cc2c(ccc(F)c2F)N1C(=O)Cc1nc(N2CCOCC2)c(F)c(=O)n1C
CHEMBL3917496,7.01,CHEMBL4282,98.0,CC1Cc2c(ccc(F)c2F)N1C(=O)Cc1nc(N2CCOCC2)c(F)c(=O)n1C
CHEMBL3951881,6.68,CHEMBL4282,211.0,CC1Cc2cc(F)c(F)cc2N1C(=O)Cc1nc(N2CCOCC2)c(F)c(=O)n1C
CHEMBL3951881,6.57,CHEMBL4282,270.0,CC1Cc2cc(F)c(F)cc2N1C(=O)Cc1nc(N2CCOCC2)c(F)c(=O)n1C
CHEMBL3974610,6.32,CHEMBL4282,476.0,CC1Cc2c(Cl)cccc2N1C(=O)Cc1nc(N2CCOCC2)c(F)c(=O)n1C
CHEMBL3974610,7.7,CHEMBL4282,20.0,CC1Cc2c(Cl)cccc2N1C(=O)Cc1nc(N2CCOCC2)c(F)c(=O)n1C
CHEMBL3982597,7.8,CHEMBL4282,16.0,CC1Cc2c(Br)cccc2N1C(=O)Cc1nc(N2CCOCC2)c(F)c(=O)n1C
CHEMBL3982597,7.82,CHEMBL4282,15.0,CC1Cc2c(Br)cccc2N1C(=O)Cc1nc(N2CCOCC2)c(F)c(=O)n1C
CHEMBL3890103,7.4,CHEMBL4282,40.0,CC1Cc2ccc(F)cc2N1C(=O)Cc1nc(N2CCOCC2)c(F)c(=O)[nH]1
CHEMBL3890103,7.11,CHEMBL4282,77.0,CC1Cc2ccc(F)cc2N1C(=O)Cc1nc(N2CCOCC2)c(F)c(=O)[nH]1
CHEMBL3970127,8.7,CHEMBL4282,2.0,CC1Cc2c(ccc(F)c2Cl)N1C(=O)Cc1nc(N2CCOCC2)c(F)c(=O)[nH]1
CHEMBL3952768,6.85,CHEMBL4282,140.0,C[C@H]1Cc2ccccc2N1C(=O)Cc1nc(N2CCOCC2)c(Cl)c(=O)[nH]1
CHEMBL3981502,7.26,CHEMBL4282,55.0,C[C@@H]1Cc2ccccc2N1C(=O)Cc1nc(N2CCOCC2)c(Cl)c(=O)[nH]1
CHEMBL3950856,7.25,CHEMBL4282,56.0,C[C@H]1Cc2ccccc2N1C(=O)Cc1nc(N2CCOCC2)c(Br)c(=O)[nH]1
CHEMBL3923121,5.94,CHEMBL4282,1138.0,O=C(Cc1nc(N2CCOCC2)c(F)c(=O)[nH]1)N1c2ccccc2CC1CO
CHEMBL3923121,6.25,CHEMBL4282,568.0,O=C(Cc1nc(N2CCOCC2)c(F)c(=O)[nH]1)N1c2ccccc2CC1CO
CHEMBL3935564,7.58,CHEMBL4282,26.0,CC1CN(c2cc(=O)[nH]c(CC(=O)Nc3ccc(F)cc3)n2)CCO1
CHEMBL3935564,8.22,CHEMBL4282,6.0,CC1CN(c2cc(=O)[nH]c(CC(=O)Nc3ccc(F)cc3)n2)CCO1
CHEMBL3978959,6.57,CHEMBL4282,271.0,O=C(Cc1nc(N2CCOC(CF)C2)cc(=O)[nH]1)Nc1ccc(F)cc1
CHEMBL3978959,6.93,CHEMBL4282,118.0,O=C(Cc1nc(N2CCOC(CF)C2)cc(=O)[nH]1)Nc1ccc(F)cc1
CHEMBL3983824,6.9,CHEMBL4282,127.0,Cn1c(CC(=O)Nc2ccc(F)c(Cl)c2)nc(N2CCOC(CF)C2)cc1=O
CHEMBL3984868,7.24,CHEMBL4282,58.0,O=C(Cc1nc(N2CCOC(CF)C2)cc(=O)[nH]1)N1CCc2c(F)cccc21
CHEMBL3984868,7.68,CHEMBL4282,21.0,O=C(Cc1nc(N2CCOC(CF)C2)cc(=O)[nH]1)N1CCc2c(F)cccc21
CHEMBL3928308,7.75,CHEMBL4282,18.0,CC1CN(c2cc(=O)[nH]c(CC(=O)N3CCc4c(F)cccc43)n2)CCO1
CHEMBL3928308,6.81,CHEMBL4282,156.0,CC1CN(c2cc(=O)[nH]c(CC(=O)N3CCc4c(F)cccc43)n2)CCO1
CHEMBL3928308,8.1,CHEMBL4282,8.0,CC1CN(c2cc(=O)[nH]c(CC(=O)N3CCc4c(F)cccc43)n2)CCO1
CHEMBL3943810,7.92,CHEMBL4282,12.0,O=C(Cc1nc(N2CCOC3CCCC32)cc(=O)[nH]1)N1CCc2c(F)cccc21
CHEMBL3977387,6.43,CHEMBL4282,370.0,O=C(Cc1nc(-c2ccncc2)cc(=O)[nH]1)N1CCc2c(F)cccc21
CHEMBL3938410,5.52,CHEMBL4282,3000.0,COc1cc(-c2cc(=O)[nH]c(CC(=O)N3CCc4c(F)cccc43)n2)ccn1
CHEMBL3972428,6.55,CHEMBL4282,280.0,CCC1CN(c2cc(=O)[nH]c(CC(=O)Nc3ccc(F)cc3)n2)CCO1
CHEMBL3972428,6.98,CHEMBL4282,105.0,CCC1CN(c2cc(=O)[nH]c(CC(=O)Nc3ccc(F)cc3)n2)CCO1
CHEMBL3961321,6.61,CHEMBL4282,244.0,Cc1cc(-c2cc(=O)[nH]c(CC(=O)N3CCc4c(F)cccc43)n2)ccn1
CHEMBL3986565,5.54,CHEMBL4282,2855.0,O=C(Cc1nc(-c2ccnc(F)c2)cc(=O)[nH]1)N1CCc2c(F)cccc21
CHEMBL3893924,7.57,CHEMBL4282,27.0,O=C(Cc1nc(N2CCOC(CO)C2)cc(=O)[nH]1)N1CCc2c(Cl)cccc21
CHEMBL3893924,6.62,CHEMBL4282,240.0,O=C(Cc1nc(N2CCOC(CO)C2)cc(=O)[nH]1)N1CCc2c(Cl)cccc21
CHEMBL3954012,5.88,CHEMBL4282,1332.0,O=C(Cc1nc(N2CCOC(CO)C2)cc(=O)[nH]1)N1CCc2c(F)cccc21
CHEMBL3926375,7.92,CHEMBL4282,12.0,CC1CN(c2cc(=O)[nH]c(CC(=O)N3CCc4c(Cl)cccc43)n2)CCO1
CHEMBL3908338,7.62,CHEMBL4282,24.0,CC1CN(c2cc(=O)[nH]c(CC(=O)N3c4ccccc4C[C@@H]3C)n2)CCO1
CHEMBL3981833,7.36,CHEMBL4282,44.0,C[C@H]1Cc2ccccc2N1C(=O)Cc1nc(N2CCOC(CF)C2)cc(=O)[nH]1
CHEMBL3899292,6.81,CHEMBL4282,156.0,C[C@H]1Cc2ccccc2N1C(=O)Cc1nc(N2CCOC(CO)C2)cc(=O)[nH]1
CHEMBL3970476,8.3,CHEMBL4282,5.0,CC1Cc2c(Cl)cccc2N1C(=O)Cc1nc(N2CCOCC2)cc(=O)[nH]1
CHEMBL3970476,8.3,CHEMBL4282,5.0,CC1Cc2c(Cl)cccc2N1C(=O)Cc1nc(N2CCOCC2)cc(=O)[nH]1
CHEMBL3970476,9.0,CHEMBL4282,1.0,CC1Cc2c(Cl)cccc2N1C(=O)Cc1nc(N2CCOCC2)cc(=O)[nH]1
CHEMBL3897578,7.46,CHEMBL4282,35.0,Cn1c(CC(=O)N2CC(C)(C)c3c(Cl)cccc32)nc(N2CCOCC2)cc1=O
CHEMBL3911266,7.85,CHEMBL4282,14.0,CC1(C)CN(C(=O)Cc2nc(N3CCOCC3)cc(=O)[nH]2)c2cccc(Cl)c21
CHEMBL3910203,7.62,CHEMBL4282,24.0,CC1Cc2c(O)cccc2N1C(=O)Cc1nc(N2CCOCC2)cc(=O)[nH]1
CHEMBL3934544,7.35,CHEMBL4282,45.0,Cn1c(CC(=O)N2CC(C)(C)c3c(F)cccc32)nc(N2CCOCC2)cc1=O
CHEMBL3981254,7.28,CHEMBL4282,52.0,CC1(C)CN(C(=O)Cc2nc(N3CCOCC3)cc(=O)[nH]2)c2cccc(F)c21
CHEMBL3910203,6.94,CHEMBL4282,115.0,CC1Cc2c(O)cccc2N1C(=O)Cc1nc(N2CCOCC2)cc(=O)[nH]1
CHEMBL3910203,7.66,CHEMBL4282,22.0,CC1Cc2c(O)cccc2N1C(=O)Cc1nc(N2CCOCC2)cc(=O)[nH]1
CHEMBL3970508,7.24,CHEMBL4282,57.0,CC1CN(C(=O)Cc2nc(N3CCOCC3)cc(=O)[nH]2)c2cccc(O)c21
CHEMBL3932198,8.3,CHEMBL4282,5.0,CC1Cc2cc(F)ccc2N1C(=O)Cc1nc(N2CCOCC2)cc(=O)[nH]1
CHEMBL3932198,8.7,CHEMBL4282,2.0,CC1Cc2cc(F)ccc2N1C(=O)Cc1nc(N2CCOCC2)cc(=O)[nH]1
CHEMBL3901730,7.55,CHEMBL4282,28.0,CC1Cc2cc(F)ccc2N1C(=O)Cc1nc(N2CCOCC2)cc(=O)n1C
CHEMBL3901730,7.89,CHEMBL4282,13.0,CC1Cc2cc(F)ccc2N1C(=O)Cc1nc(N2CCOCC2)cc(=O)n1C
CHEMBL3910755,8.4,CHEMBL4282,4.0,CC1Cc2c(ccc(F)c2F)N1C(=O)Cc1nc(N2CCOCC2)cc(=O)[nH]1
CHEMBL3910755,9.0,CHEMBL4282,1.0,CC1Cc2c(ccc(F)c2F)N1C(=O)Cc1nc(N2CCOCC2)cc(=O)[nH]1
CHEMBL3916147,7.72,CHEMBL4282,19.0,CC1Cc2c(ccc(F)c2F)N1C(=O)Cc1nc(N2CCOCC2)cc(=O)n1C
CHEMBL3916147,7.89,CHEMBL4282,13.0,CC1Cc2c(ccc(F)c2F)N1C(=O)Cc1nc(N2CCOCC2)cc(=O)n1C
CHEMBL3925163,7.77,CHEMBL4282,17.0,CC1Cc2cc(F)c(F)cc2N1C(=O)Cc1nc(N2CCOCC2)cc(=O)[nH]1
CHEMBL3925163,8.7,CHEMBL4282,2.0,CC1Cc2cc(F)c(F)cc2N1C(=O)Cc1nc(N2CCOCC2)cc(=O)[nH]1
CHEMBL3937641,7.5,CHEMBL4282,32.0,CC1Cc2cc(F)c(F)cc2N1C(=O)Cc1nc(N2CCOCC2)cc(=O)n1C
CHEMBL3937641,6.94,CHEMBL4282,114.0,CC1Cc2cc(F)c(F)cc2N1C(=O)Cc1nc(N2CCOCC2)cc(=O)n1C
CHEMBL3971065,7.41,CHEMBL4282,39.0,CC1Cc2c(Br)cccc2N1C(=O)Cc1nc(N2CCOCC2)cc(=O)[nH]1
CHEMBL3971065,8.52,CHEMBL4282,3.0,CC1Cc2c(Br)cccc2N1C(=O)Cc1nc(N2CCOCC2)cc(=O)[nH]1
CHEMBL3965878,8.4,CHEMBL4282,4.0,CC1Cc2c(F)cccc2N1C(=O)Cc1nc(N2CCOCC2)cc(=O)[nH]1
CHEMBL3965878,7.01,CHEMBL4282,98.0,CC1Cc2c(F)cccc2N1C(=O)Cc1nc(N2CCOCC2)cc(=O)[nH]1
CHEMBL3893392,7.28,CHEMBL4282,53.0,CC1Cc2c(F)cccc2N1C(=O)Cc1nc(N2CCOCC2)cc(=O)n1C
CHEMBL3893392,7.14,CHEMBL4282,73.0,CC1Cc2c(F)cccc2N1C(=O)Cc1nc(N2CCOCC2)cc(=O)n1C
CHEMBL3917877,7.44,CHEMBL4282,36.0,CC1Cc2c(Br)cccc2N1C(=O)Cc1nc(N2CCOCC2)cc(=O)n1C
CHEMBL3917877,7.85,CHEMBL4282,14.0,CC1Cc2c(Br)cccc2N1C(=O)Cc1nc(N2CCOCC2)cc(=O)n1C
CHEMBL3908482,7.26,CHEMBL4282,55.0,CC1Cc2c(Cl)cccc2N1C(=O)Cc1nc(N2CCOCC2)cc(=O)n1C
CHEMBL3908482,6.62,CHEMBL4282,242.0,CC1Cc2c(Cl)cccc2N1C(=O)Cc1nc(N2CCOCC2)cc(=O)n1C
CHEMBL3896158,7.57,CHEMBL4282,27.0,CC1Cc2ccc(F)cc2N1C(=O)Cc1nc(N2CCOCC2)cc(=O)[nH]1
CHEMBL3896158,8.05,CHEMBL4282,9.0,CC1Cc2ccc(F)cc2N1C(=O)Cc1nc(N2CCOCC2)cc(=O)[nH]1
CHEMBL3930708,8.15,CHEMBL4282,7.0,CC1Cc2c(ccc(F)c2Cl)N1C(=O)Cc1nc(N2CCOCC2)cc(=O)[nH]1
CHEMBL3930708,9.0,CHEMBL4282,1.0,CC1Cc2c(ccc(F)c2Cl)N1C(=O)Cc1nc(N2CCOCC2)cc(=O)[nH]1
CHEMBL3918242,8.4,CHEMBL4282,4.0,CC(C)C1Cc2ccccc2N1C(=O)Cc1nc(N2CCOCC2)cc(=O)[nH]1
CHEMBL3918242,6.61,CHEMBL4282,243.0,CC(C)C1Cc2ccccc2N1C(=O)Cc1nc(N2CCOCC2)cc(=O)[nH]1
CHEMBL3937375,7.54,CHEMBL4282,29.0,CC(C(=O)N1CCc2c(F)cccc21)c1nc(N2CCOCC2)cc(=O)[nH]1
CHEMBL3959404,6.42,CHEMBL4282,380.0,CCC1Cc2ccccc2N1C(=O)Cc1nc(N2CCOCC2)cc(=O)[nH]1
CHEMBL3959404,7.85,CHEMBL4282,14.0,CCC1Cc2ccccc2N1C(=O)Cc1nc(N2CCOCC2)cc(=O)[nH]1
CHEMBL3947247,6.85,CHEMBL4282,140.0,CC(F)(C(=O)N1CCc2c(F)cccc21)c1nc(N2CCOCC2)cc(=O)[nH]1
CHEMBL3947247,6.58,CHEMBL4282,260.0,CC(F)(C(=O)N1CCc2c(F)cccc21)c1nc(N2CCOCC2)cc(=O)[nH]1
CHEMBL3922497,7.0,CHEMBL4282,101.0,N#Cc1cccc2c1CCN2C(=O)Cc1nc(N2CCOCC2)cc(=O)[nH]1
CHEMBL3950222,7.58,CHEMBL4282,26.0,O=C(Cc1nc(N2CCOCC2)cc(=O)[nH]1)N1CC2(CC2)c2ccccc21
CHEMBL3112855,7.62,CHEMBL4282,24.0,O=C(Cc1nc(N2CCOCC2)cc(=O)[nH]1)N1CCc2c(-c3ccccc3)cccc21
CHEMBL3112854,7.27,CHEMBL4282,54.0,O=C(Cc1nc(N2CCOCC2)cc(=O)[nH]1)N1CCc2c(OC(F)(F)F)cccc21
CHEMBL3927896,7.2,CHEMBL4282,63.0,Cn1c(CC(=O)N2CCc3c2cccc3C(F)(F)F)nc(N2CCOCC2)cc1=O
CHEMBL3112853,8.05,CHEMBL4282,9.0,O=C(Cc1nc(N2CCOCC2)cc(=O)[nH]1)N1CCc2c1cccc2C(F)(F)F
CHEMBL3931282,7.5,CHEMBL4282,32.0,COc1ccccc1-c1cccc2c1CCN2C(=O)Cc1nc(N2CCOCC2)cc(=O)[nH]1
CHEMBL3908806,6.99,CHEMBL4282,102.0,CCCN1CCCCC1c1cccc2c1CCN2C(=O)Cc1nc(N2CCOCC2)cc(=O)[nH]1
CHEMBL3936766,7.22,CHEMBL4282,60.0,Cn1c(CC(=O)N2CCc3c(OC(F)F)cccc32)nc(N2CCOCC2)cc1=O
CHEMBL3921269,7.36,CHEMBL4282,44.0,O=C(Cc1nc(N2CCOCC2)cc(=O)[nH]1)N1CCc2c(OC(F)F)cccc21
CHEMBL3112858,7.03,CHEMBL4282,94.0,O=C(Cc1nc(N2CCOCC2)cc(=O)[nH]1)N1CCc2c(-c3ccncc3)cccc21
CHEMBL3945651,7.58,CHEMBL4282,26.0,CN1CCC2(CC1)CN(C(=O)Cc1nc(N3CCOCC3)cc(=O)[nH]1)c1ccccc12
CHEMBL3112856,7.18,CHEMBL4282,66.0,O=C(Cc1nc(N2CCOCC2)cc(=O)[nH]1)N1CCc2c(-c3ccccn3)cccc21
CHEMBL3112857,7.28,CHEMBL4282,53.0,O=C(Cc1nc(N2CCOCC2)cc(=O)[nH]1)N1CCc2c(-c3cccnc3)cccc21
CHEMBL3971261,7.38,CHEMBL4282,42.0,O=C(Cc1nc(N2CCOCC2)cc(=O)[nH]1)N1CCc2c(-c3ccccc3Cl)cccc21
CHEMBL3914529,7.43,CHEMBL4282,37.0,O=C(Cc1nc(N2CCOCC2)cc(=O)n1C1CC1)N1CCc2c(Cl)cccc21
CHEMBL3893813,7.52,CHEMBL4282,30.0,O=C(Cc1nc(N2CCOCC2)cc(=O)[nH]1)N1c2ccccc2C2CCCC21
CHEMBL3985936,6.59,CHEMBL4282,259.0,CS(=O)(=O)N1CCN(Cc2cccc3c2CCN3C(=O)Cc2nc(N3CCOCC3)cc(=O)[nH]2)CC1
CHEMBL3112860,6.57,CHEMBL4282,272.0,CN1CCN(Cc2cccc3c2CCN3C(=O)Cc2nc(N3CCOCC3)cc(=O)[nH]2)CC1
CHEMBL3953697,7.64,CHEMBL4282,23.0,O=C(Cc1nc(N2CCOCC2)cc(=O)[nH]1)N1CCc2c(-c3ccccc3F)cccc21
CHEMBL3930747,6.28,CHEMBL4282,520.0,CN1CCN(Cc2cccc3c2CCN3C(=O)Cc2nc(N3CCOCC3)cc(=O)n2C)CC1
CHEMBL3904288,6.81,CHEMBL4282,155.0,O=C(Cc1nc(N2CCOCC2)cc(=O)[nH]1)N1CC2(CCOCC2)c2ccccc21
CHEMBL3936162,6.97,CHEMBL4282,106.0,Cn1c(CC(=O)N2CC3(CCOCC3)c3ccccc32)nc(N2CCOCC2)cc1=O
CHEMBL3893381,6.71,CHEMBL4282,196.0,Cn1c(CC(=O)N2CC3(CCNCC3)c3ccccc32)nc(N2CCOCC2)cc1=O
CHEMBL3945090,6.69,CHEMBL4282,205.0,O=C(Cc1nc(N2CCOCC2)cc(=O)[nH]1)N1c2ccccc2CC1c1ccccc1
CHEMBL3945090,8.3,CHEMBL4282,5.0,O=C(Cc1nc(N2CCOCC2)cc(=O)[nH]1)N1c2ccccc2CC1c1ccccc1
CHEMBL3112859,6.78,CHEMBL4282,167.0,CN1CCN(c2cccc3c2CCN3C(=O)Cc2nc(N3CCOCC3)cc(=O)[nH]2)CC1
CHEMBL3914007,6.36,CHEMBL4282,435.0,O=C(Cc1nc(N2CCOCC2)cc(=O)[nH]1)N1c2ccccc2CC1c1ccc(F)cc1
CHEMBL3914007,8.7,CHEMBL4282,2.0,O=C(Cc1nc(N2CCOCC2)cc(=O)[nH]1)N1c2ccccc2CC1c1ccc(F)cc1
CHEMBL3964324,7.48,CHEMBL4282,33.0,CC1Cc2c(OC(F)F)cccc2N1C(=O)Cc1nc(N2CCOCC2)cc(=O)[nH]1
CHEMBL3964324,8.1,CHEMBL4282,8.0,CC1Cc2c(OC(F)F)cccc2N1C(=O)Cc1nc(N2CCOCC2)cc(=O)[nH]1
CHEMBL3939903,6.78,CHEMBL4282,167.0,CC1Cc2c(OC(F)F)cccc2N1C(=O)Cc1nc(N2CCOCC2)cc(=O)n1C
CHEMBL3939903,7.22,CHEMBL4282,60.0,CC1Cc2c(OC(F)F)cccc2N1C(=O)Cc1nc(N2CCOCC2)cc(=O)n1C
CHEMBL3930892,6.96,CHEMBL4282,111.0,O=C(Cc1nc(N2CCOCC2)cc(=O)[nH]1)N1CCc2c(N3CCOCC3)cccc21
CHEMBL3964685,7.32,CHEMBL4282,48.0,O=C(Cc1nc(N2CCOCC2)cc(=O)[nH]1)N1c2ccccc2CC1C1CC1
CHEMBL3964685,8.3,CHEMBL4282,5.0,O=C(Cc1nc(N2CCOCC2)cc(=O)[nH]1)N1c2ccccc2CC1C1CC1
CHEMBL3940961,8.3,CHEMBL4282,5.0,CC1Cc2c(cccc2C(F)(F)F)N1C(=O)Cc1nc(N2CCOCC2)cc(=O)[nH]1
CHEMBL3940961,8.7,CHEMBL4282,2.0,CC1Cc2c(cccc2C(F)(F)F)N1C(=O)Cc1nc(N2CCOCC2)cc(=O)[nH]1
CHEMBL3968336,7.82,CHEMBL4282,15.0,O=C(Cc1nc(N2CCOCC2)cc(=O)[nH]1)N1c2ccccc2CC1CF
CHEMBL3943531,7.29,CHEMBL4282,51.0,O=C(Cc1nc(N2CCOCC2)cc(=O)n1-c1ccccc1)N1CCc2ccccc21
CHEMBL3968336,7.89,CHEMBL4282,13.0,O=C(Cc1nc(N2CCOCC2)cc(=O)[nH]1)N1c2ccccc2CC1CF
CHEMBL3932244,6.88,CHEMBL4282,131.0,Nn1c(CC(=O)N2CCc3ccccc32)nc(N2CCOCC2)cc1=O
CHEMBL3974771,7.62,CHEMBL4282,24.0,N#Cn1c(CC(=O)N2CCc3ccccc32)nc(N2CCOCC2)cc1=O
CHEMBL3907424,7.66,CHEMBL4282,22.0,C[C@H]1Cc2ccccc2N1C(=O)Cc1nc(N2CCOCC2)cc(=S)[nH]1
CHEMBL3971967,8.4,CHEMBL4282,4.0,C[C@H]1Cc2ccccc2N1C(=S)Cc1nc(N2CCOCC2)cc(=S)[nH]1
CHEMBL3898401,8.1,CHEMBL4282,8.0,C[C@@H]1Cc2ccccc2N1C(=O)Cc1nc(N2CCOCC2)cc(=S)[nH]1
CHEMBL3964814,7.39,CHEMBL4282,41.0,C[C@H]1Cc2ccccc2N1C(=O)Cc1nc(N2CCOCC2)cc(=S)n1C
CHEMBL3929547,7.15,CHEMBL4282,71.0,C[C@@H]1Cc2ccccc2N1C(=O)Cc1nc(N2CCOCC2)cc(=S)n1C
CHEMBL3944470,7.51,CHEMBL4282,31.0,Cn1c(CC(=O)N2CCc3c(F)cccc32)nc(N2CCOCC2)cc1=S
CHEMBL3916531,7.48,CHEMBL4282,33.0,Cn1c(CC(=O)N2CCc3c(Cl)cccc32)nc(N2CCOCC2)cc1=S
CHEMBL3925391,7.96,CHEMBL4282,11.0,CC1Cc2c(ccc(F)c2F)N1C(=O)Cc1nc(N2CCOCC2)c(F)c(=S)[nH]1
CHEMBL3900870,9.0,CHEMBL4282,1.0,CC1Cc2c(ccc(F)c2F)N1C(=S)Cc1nc(N2CCOCC2)c(F)c(=S)[nH]1
CHEMBL3930072,6.66,CHEMBL4282,221.0,C[C@H]1Cc2ccccc2N1C(=O)Cc1nc(N2CCOCC2)c(F)c(=S)[nH]1
CHEMBL3902097,7.21,CHEMBL4282,61.0,C[C@@H]1Cc2ccccc2N1C(=O)Cc1nc(N2CCOCC2)c(F)c(=S)[nH]1
CHEMBL3933454,4.75,CHEMBL4282,18000.0,CNCC1CCCN(c2ccc(C(N)=O)c3ncncc23)C1
CHEMBL3972029,4.16,CHEMBL4282,70000.0,NC(=O)c1ccc(NCc2cccnc2)c2cncnc12
CHEMBL3954224,4.92,CHEMBL4282,12000.0,NC(=O)c1ccc(NCc2cccc(Cl)c2)c2cncnc12
CHEMBL3930070,5.51,CHEMBL4282,3100.0,NC(=O)c1ccc(N2CCC(CCc3ccccc3)C2)c2cncnc12
CHEMBL3940185,5.09,CHEMBL4282,8200.0,Cc1cccc([C@@H]2CN(c3ccc(C(N)=O)c4ncncc34)C[C@H]2CO)c1
CHEMBL3903158,5.6,CHEMBL4282,2500.0,NC(=O)c1ccc(NC2CCNCC2c2ccc(F)cc2)c2cncnc12
CHEMBL3921054,5.35,CHEMBL4282,4500.0,NC(=O)c1ccc(NC2CNCC2c2cccc(C(F)(F)F)c2)c2cncnc12
CHEMBL3909073,5.05,CHEMBL4282,9000.0,Cc1cccc(C2CCNCC2Nc2ccc(C(N)=O)c3ncncc23)c1
CHEMBL3933453,5.68,CHEMBL4282,2100.0,NC(=O)c1ccc(NC2CNCCC2c2cccc(C(F)(F)F)c2)c2cncnc12
CHEMBL3896518,6.89,CHEMBL4282,130.0,NC(=O)c1ccc(NC2CNCCC2c2ccc(Cl)c(F)c2)c2cncnc12
CHEMBL3924538,6.24,CHEMBL4282,570.0,NC(=O)c1ccc(NC2CNCCC2c2ccc(F)c(Cl)c2)c2cncnc12
CHEMBL4109551,6.07,CHEMBL4282,850.0,NC(=O)c1ccc(N[C@H]2CNCC[C@@H]2c2ccc(F)c(Cl)c2)c2cncnc12
CHEMBL3919102,5.24,CHEMBL4282,5700.0,NC(=O)c1ccc(N[C@@H]2CNCC[C@H]2c2ccc(F)c(Cl)c2)c2cncnc12
CHEMBL3980317,5.7,CHEMBL4282,2000.0,NC(=O)c1ccc(NC2CNCCC2c2ccc(F)cc2)c2cncnc12
CHEMBL4106661,5.66,CHEMBL4282,2200.0,NC(=O)c1ccc(N[C@H]2CNCC[C@@H]2c2ccc(F)cc2)c2cncnc12
CHEMBL3910187,6.05,CHEMBL4282,900.0,NC(=O)c1ccc(N[C@@H]2CNCC[C@H]2c2ccc(F)cc2)c2cncnc12
CHEMBL3905526,4.82,CHEMBL4282,15000.0,NC(=O)c1ccc(N2CCN(c3ccccc3)CC2)c2cncnc12
CHEMBL3918934,5.19,CHEMBL4282,6400.0,NC(=O)c1ccc(N2CCN(c3cccc(F)c3)CC2)c2cncnc12
CHEMBL3960835,4.24,CHEMBL4282,57000.0,NC(=O)c1ccc(NCc2ccccc2)c2cncnc12
CHEMBL3891824,5.25,CHEMBL4282,5600.0,NC(=O)c1ccc(NCCc2ccccc2)c2cncnc12
CHEMBL3968412,5.62,CHEMBL4282,2400.0,NC(=O)c1ccc(NCCc2cccc(F)c2)c2cncnc12
CHEMBL3949722,5.32,CHEMBL4282,4800.0,NC(=O)c1ccc(NCCc2ccc(F)cc2)c2cncnc12
CHEMBL3942274,4.39,CHEMBL4282,41000.0,NC(=O)c1ccc(NCCc2ccc(F)c(F)c2)c2cncnc12
CHEMBL3933947,4.85,CHEMBL4282,14000.0,CN(CCc1ccccc1)c1ccc(C(N)=O)c2ncncc12
CHEMBL3948252,5.09,CHEMBL4282,8100.0,NC(=O)c1ccc(N2CCC(c3cccc(C(F)(F)F)c3)C(N)C2)c2cncnc12
CHEMBL3917944,7.18,CHEMBL4282,66.0,Cn1cc(-c2ccc(F)c(C(F)(F)F)c2)nc1C1CCN(c2ncnc(N)c2Br)CC1
CHEMBL3926903,5.77,CHEMBL4282,1700.0,Nc1ncnc(N2CCC(c3nc(-c4cccc(C(F)(F)F)c4)c[nH]3)CC2)c1Br
CHEMBL3895400,5.21,CHEMBL4282,6100.0,FC(F)(F)c1cccc(-c2c[nH]c(C3CCN(c4ncncc4Br)CC3)n2)c1
CHEMBL3904322,6.8,CHEMBL4282,160.0,Cn1cc(-c2ccc(F)c(C(F)(F)F)c2)nc1C1CCN(c2ncnc(N)c2C=O)CC1
CHEMBL3941307,6.96,CHEMBL4282,110.0,Cn1cc(-c2ccc(F)c(C(F)(F)F)c2)nc1C1CCN(c2ncnc(N)c2C#N)CC1
CHEMBL3916864,8.04,CHEMBL4282,9.1,CN(C)CCn1cc(-c2ccc(F)c(C(F)(F)F)c2)nc1C1CCN(c2ncnc(N)c2C#N)CC1
CHEMBL3964789,6.36,CHEMBL4282,440.0,COc1c(N)ncnc1N1CCC(c2nc(-c3ccc(F)c(C(F)(F)F)c3)cn2C)CC1
CHEMBL3925871,5.66,CHEMBL4282,2200.0,Cn1cc(-c2ccc(F)c(C(F)(F)F)c2)nc1C1CCN(c2ncnc(N)c2-c2ccc(F)cc2)CC1
CHEMBL3985874,6.28,CHEMBL4282,520.0,COc1ccc(-c2c(N)ncnc2N2CCC(c3nc(-c4ccc(F)c(C(F)(F)F)c4)cn3C)CC2)cc1
CHEMBL3980785,5.08,CHEMBL4282,8300.0,Cc1ccc(-c2c(N)ncnc2N2CCC(c3nc(-c4ccc(F)c(C(F)(F)F)c4)cn3C)CC2)cc1
CHEMBL3910716,6.6,CHEMBL4282,250.0,Cn1cc(-c2ccc(F)c(C(F)(F)F)c2)nc1C1CCN(c2ncnc(N)c2-c2ccc(CO)cc2)CC1
CHEMBL3909655,6.82,CHEMBL4282,150.0,Cn1cc(-c2ccc(F)c(C(F)(F)F)c2)nc1C1CCN(c2ncnc(N)c2-c2cccc(C#N)c2)CC1
CHEMBL3897066,8.57,CHEMBL4282,2.7,Cn1cc(-c2ccc(F)c(C(F)(F)F)c2)nc1C1CCN(c2ncnc(N)c2-c2ccc(C#N)cc2)CC1
CHEMBL3901580,5.77,CHEMBL4282,1700.0,Cc1ccc(-c2c(N)ncnc2N2CCC(c3nc(-c4ccc(F)c(C(F)(F)F)c4)cn3C)CC2)cn1
CHEMBL3940535,5.57,CHEMBL4282,2700.0,Cc1ccc(-c2c(N)ncnc2N2CCC(c3nc(-c4ccc(F)c(C(F)(F)F)c4)cn3C)CC2)s1
CHEMBL3927385,5.96,CHEMBL4282,1100.0,Cn1cc(-c2ccc(F)c(C(F)(F)F)c2)nc1C1CCN(c2ncnc(N)c2CO)CC1
CHEMBL3964726,5.8,CHEMBL4282,1600.0,Cn1cc(-c2ccc(F)c(C(F)(F)F)c2)nc1C1CCN(c2ncnc(N)c2C(N)=O)CC1
CHEMBL3936329,7.08,CHEMBL4282,84.0,CN(C)CCn1cc(-c2ccc(F)c(C(F)(F)F)c2)nc1C1CCN(c2ncnc(N)c2C(N)=O)CC1
CHEMBL3978717,6.07,CHEMBL4282,860.0,Cn1cc(-c2ccc(F)c(C(F)(F)F)c2)nc1C1CCN(c2ncnc(N)c2-c2ccncc2)CC1
CHEMBL3904694,5.57,CHEMBL4282,2700.0,Cn1cc(-c2ccc(F)c(C(F)(F)F)c2)nc1C1CCN(c2ncnc(N)c2-c2ccc(N)nc2)CC1
CHEMBL3892829,5.85,CHEMBL4282,1400.0,Cn1cc(-c2ccc(F)c(C(F)(F)F)c2)nc1C1CCN(c2ncncc2Br)CC1
CHEMBL3906130,6.22,CHEMBL4282,600.0,Nc1ncnc(N2CCC(c3nc(-c4ccc(F)c(C(F)(F)F)c4)c[nH]3)CC2)c1Br
CHEMBL3979925,5.02,CHEMBL4282,9500.0,Nc1ncnc(N2CCC(c3nc(-c4ccc(F)c(C(F)(F)F)c4)c[nH]3)CC2)c1-c1ccc(F)cc1
CHEMBL3929608,6.36,CHEMBL4282,440.0,Cn1cc(-c2ccc(F)c(C(F)(F)F)c2)nc1C1CCN(c2ncnc(N)c2-c2cncnc2)CC1
CHEMBL3958964,6.06,CHEMBL4282,880.0,Cn1cc(-c2ccc(F)c(C(F)(F)F)c2)nc1C1CCN(c2ncnc(N)c2-c2cccnc2)CC1
CHEMBL3889930,6.13,CHEMBL4282,740.0,COC/C=C/c1c(N)ncnc1N1CCC(c2nc(-c3ccc(F)c(C(F)(F)F)c3)cn2C)CC1
CHEMBL3922417,6.07,CHEMBL4282,850.0,Cc1ncc(-c2c(N)ncnc2N2CCC(c3nc(-c4ccc(F)c(C(F)(F)F)c4)cn3C)CC2)s1
CHEMBL3982415,7.85,CHEMBL4282,14.0,Nc1ncnc(N2CCC(c3nc(-c4ccc(F)c(C(F)(F)F)c4)cn3CCN3CCCC3)CC2)c1Br
CHEMBL3916957,6.85,CHEMBL4282,140.0,Nc1ncnc(N2CCC(c3nc(-c4ccc(F)c(C(F)(F)F)c4)cn3CCN3CCCC3)CC2)c1-c1ccc(F)cc1
CHEMBL3944868,7.12,CHEMBL4282,75.0,Nc1ncnc(N2CCC(c3nc(-c4ccc(F)c(C(F)(F)F)c4)cn3CCN3CCCC3)CC2)c1-c1ccccc1F
CHEMBL3907965,6.96,CHEMBL4282,110.0,Nc1ncnc(N2CCC(c3nc(-c4ccc(F)c(C(F)(F)F)c4)cn3CCN3CCCC3)CC2)c1-c1ccc(F)c(F)c1
CHEMBL3932421,8.17,CHEMBL4282,6.8,C=Cc1c(N)ncnc1N1CCC(c2nc(-c3ccc(F)c(C(F)(F)F)c3)cn2CCN2CCCC2)CC1
CHEMBL3956468,8.05,CHEMBL4282,9.0,Nc1ncnc(N2CCC(c3nc(-c4ccc(F)c(C(F)(F)F)c4)cn3CCN3CCCCC3)CC2)c1Br
CHEMBL3932445,6.46,CHEMBL4282,350.0,Nc1ncnc(N2CCC(c3nc(-c4ccc(F)c(C(F)(F)F)c4)cn3CCN3CCCCC3)CC2)c1-c1ccc(F)cc1
CHEMBL3977191,6.89,CHEMBL4282,130.0,Nc1ncnc(N2CCC(c3nc(-c4ccc(F)c(C(F)(F)F)c4)cn3CCN3CCCCC3)CC2)c1-c1ccccc1F
CHEMBL3947929,7.07,CHEMBL4282,85.0,Nc1ncnc(N2CCC(c3nc(-c4ccc(F)c(C(F)(F)F)c4)cn3CCN3CCCCC3)CC2)c1-c1cccc(F)c1
CHEMBL3972216,7.92,CHEMBL4282,12.0,C=Cc1c(N)ncnc1N1CCC(c2nc(-c3ccc(F)c(C(F)(F)F)c3)cn2CCN2CCCCC2)CC1
CHEMBL3939144,6.39,CHEMBL4282,410.0,Nc1cc(N2CCC(c3nc(-c4ccc(F)c(C(F)(F)F)c4)cn3CCN3CCCCC3)CC2)ncn1
CHEMBL3961106,8.03,CHEMBL4282,9.3,CN(C)CCn1cc(-c2ccc(F)c(C(F)(F)F)c2)nc1C1CCN(c2ncnc(N)c2Br)CC1
CHEMBL3933645,6.64,CHEMBL4282,230.0,CN(C)CCn1cc(-c2ccc(F)c(C(F)(F)F)c2)nc1C1CCN(c2ncnc(N)c2-c2ccc(F)cc2)CC1
CHEMBL3895298,7.37,CHEMBL4282,43.0,CN(C)CCn1cc(-c2ccc(F)c(C(F)(F)F)c2)nc1C1CCN(c2ncnc(N)c2-c2ccncc2)CC1
CHEMBL3973946,6.75,CHEMBL4282,180.0,CN(C)CCn1cc(-c2ccc(F)c(C(F)(F)F)c2)nc1C1CCN(c2ncnc(N)c2-c2ccc(N)nc2)CC1
CHEMBL3922652,6.35,CHEMBL4282,450.0,CN(C)CCn1cc(-c2ccc(F)c(C(F)(F)F)c2)nc1C1CCN(c2ncnc(N)c2-c2cnc(N)nc2)CC1
CHEMBL3954073,7.82,CHEMBL4282,15.0,C=C(C)c1c(N)ncnc1N1CCC(c2nc(-c3ccc(F)c(C(F)(F)F)c3)cn2CCN(C)C)CC1
CHEMBL3931848,8.1,CHEMBL4282,7.9,C=Cc1c(N)ncnc1N1CCC(c2nc(-c3ccc(F)c(C(F)(F)F)c3)cn2CCN(C)C)CC1
CHEMBL3962807,8.59,CHEMBL4282,2.6,N#Cc1c(N)ncnc1N1CCC(c2nc(-c3ccc(F)c(C(F)(F)F)c3)cn2CCN2CCC2)CC1
CHEMBL3940867,8.72,CHEMBL4282,1.9,N#Cc1c(N)ncnc1N1CCC(c2nc(-c3ccc(F)c(Cl)c3)cn2CCN2CCC2)CC1
CHEMBL3970397,6.32,CHEMBL4282,479.0,N#Cc1c(N)ncnc1N1CCC(c2nc(-c3ccc(OC(F)F)cc3)cn2CCN2CCC2)CC1
CHEMBL3925234,7.12,CHEMBL4282,76.0,N#Cc1c(N)ncnc1N1CCC(c2nc(C3CCCCC3)cn2CCN2CCC2)CC1
CHEMBL3949501,7.85,CHEMBL4282,14.0,NC(=O)c1c(N)ncnc1N1CCC(c2nc(-c3ccc(F)c(C(F)(F)F)c3)cn2CCN2CCC2)CC1
CHEMBL3962020,8.12,CHEMBL4282,7.5,NC(=O)c1c(N)ncnc1N1CCC(c2nc(-c3ccc(F)c(Cl)c3)cn2CCN2CCC2)CC1
CHEMBL3961623,5.85,CHEMBL4282,1400.0,NC(=O)c1c(N)ncnc1N1CCC(c2nc(C3CCCCC3)cn2CCN2CCC2)CC1
CHEMBL3972226,4.82,CHEMBL4282,15000.0,NC(=O)c1c(N)ncnc1N1CCC(c2nc(-c3ccc(OC(F)F)cc3)cn2CCN2CCC2)CC1
CHEMBL3911401,7.92,CHEMBL4282,12.0,CCc1c(N)ncnc1N1CCC(c2nc(-c3ccc(F)c(C(F)(F)F)c3)cn2CCN(C)C)CC1
CHEMBL3897534,6.72,CHEMBL4282,190.0,CN(C)CCn1cc(-c2ccc(F)c(C(F)(F)F)c2)nc1C1CCN(c2ncnc(N)c2CCC2CC2)CC1
CHEMBL3901997,6.47,CHEMBL4282,340.0,CCOCCc1c(N)ncnc1N1CCC(c2nc(-c3ccc(F)c(C(F)(F)F)c3)cn2CCN(C)C)CC1
CHEMBL3903026,7.37,CHEMBL4282,43.0,CN(C)CCn1cc(-c2ccc(F)c(C(F)(F)F)c2)nc1C1CCN(c2ncnc(N)c2/C=C/C2CC2)CC1
CHEMBL3973987,8.4,CHEMBL4282,4.0,CCO/C=C/c1c(N)ncnc1N1CCC(c2nc(-c3ccc(F)c(C(F)(F)F)c3)cn2CCN(C)C)CC1
CHEMBL3904383,6.72,CHEMBL4282,190.0,CN(C)CCn1cc(-c2ccc(F)c(C(F)(F)F)c2)nc1C1CCN(c2ncnc(N)c2-c2ccc(C(C)(C)O)cc2)CC1
CHEMBL3937511,7.02,CHEMBL4282,95.0,COC(=O)c1ccc(-c2c(N)ncnc2N2CCC(c3nc(-c4ccc(F)c(C(F)(F)F)c4)cn3CCN(C)C)CC2)cc1
CHEMBL3979190,7.48,CHEMBL4282,33.0,CN(C)CCn1cc(-c2ccc(F)c(C(F)(F)F)c2)nc1C1CCN(c2ncnc(N)c2-c2ccc(C(=O)O)cc2)CC1
CHEMBL3950150,7.51,CHEMBL4282,31.0,CN(C)CCn1cc(-c2ccc(F)c(C(F)(F)F)c2)nc1C1CCN(c2ncnc(N)c2C2=CCCC2)CC1
CHEMBL3900512,8.32,CHEMBL4282,4.8,CN(C)CCn1cc(-c2ccc(F)c(C(F)(F)F)c2)nc1C1CCN(c2ncnc(N)c2C2CC2)CC1
CHEMBL3890270,7.15,CHEMBL4282,71.0,CCc1c(N)ncnc1N1CCC(c2nc(-c3ccc(F)c(C(F)(F)F)c3)cn2CCN2CC(F)C2)CC1
CHEMBL3963881,8.11,CHEMBL4282,7.7,CCc1c(N)ncnc1N1CCC(c2nc(-c3ccc(F)c(C(F)(F)F)c3)cn2CCN2CC(C)C2)CC1
CHEMBL3934633,5.8,CHEMBL4282,1600.0,CCc1c(N)ncnc1N1CCC(c2nc(-c3ccc(F)c(C(F)(F)F)c3)cn2CCN2CC(F)(F)C2)CC1
CHEMBL3931709,6.28,CHEMBL4282,520.0,CCN(C)Cc1c(N)ncnc1N1CCC(c2nc(-c3ccc(F)c(C(F)(F)F)c3)cn2CCN(C)C)CC1
CHEMBL3904712,8.1,CHEMBL4282,7.9,CC(C)Oc1c(N)ncnc1N1CCC(c2nc(-c3ccc(F)c(C(F)(F)F)c3)cn2CCN2CCC2)CC1
CHEMBL3954017,8.21,CHEMBL4282,6.1,COc1c(N)ncnc1N1CCC(c2nc(-c3ccc(F)c(C(F)(F)F)c3)cn2CCN2CCC2)CC1
CHEMBL3927188,8.16,CHEMBL4282,6.9,Nc1ncnc(N2CCC(c3nc(-c4ccc(F)c(C(F)(F)F)c4)cn3CCN3CCC3)CC2)c1-c1cn[nH]c1
CHEMBL3951221,7.75,CHEMBL4282,18.0,CCc1c(N)ncnc1N1CCC(c2nc(-c3cncc(C(F)(F)F)c3)cn2CCN2CCC2)CC1
CHEMBL3980688,7.8,CHEMBL4282,16.0,CCc1c(N)ncnc1N1CCC(c2nc(-c3cccc(OC(F)(F)F)c3)cn2CCN2CCC2)CC1
CHEMBL3907940,7.51,CHEMBL4282,31.0,CCc1c(N)ncnc1N1CCC(c2nc(-c3cncc(Cl)c3)cn2CCN2CCC2)CC1
CHEMBL3932390,8.39,CHEMBL4282,4.1,CCOc1c(N)ncnc1N1CCC(c2nc(-c3ccc(F)c(C(F)(F)F)c3)cn2CCN2CCC2)CC1
CHEMBL3895450,8.18,CHEMBL4282,6.6,Nc1ncnc(N2CCC(c3nc(-c4ccc(F)c(C(F)(F)F)c4)cn3CCN3CCC3)CC2)c1OCC(F)(F)F
CHEMBL3923440,7.78,CHEMBL4282,16.5,CCc1c(N)ncnc1N1CCC(c2nc(-c3ccnc(Cl)c3)cn2CCN2CCC2)CC1
CHEMBL3920419,7.89,CHEMBL4282,13.0,CCc1c(N)ncnc1N1CCC(c2nc(-c3ccnc(C(F)(F)F)c3)cn2CCN2CCC2)CC1
CHEMBL3962465,7.31,CHEMBL4282,49.0,CCc1c(N)ncnc1N1CCC(c2nc(-c3ccc(F)c(C(N)=O)c3)cn2CCN2CCC2)CC1
CHEMBL3950201,6.8,CHEMBL4282,160.0,CCc1c(N)ncnc1N1CCC(c2nc(-c3ccc(OC)c(C(N)=O)c3)cn2CCN2CCC2)CC1
CHEMBL3935483,8.32,CHEMBL4282,4.8,CCc1c(N)ncnc1N1CCC(c2nc(-c3ccc(F)c(OC)c3)cn2CCN2CCC2)CC1
CHEMBL3941451,8.8,CHEMBL4282,1.6,Nc1ncnc(N2CCC(c3nc(-c4ccc(F)c(C(F)(F)F)c4)cn3CCN3CCC3)CC2)c1-c1cnoc1
CHEMBL3965271,8.72,CHEMBL4282,1.9,Nc1ncnc(N2CCC(c3nc(-c4ccc(F)c(C(F)(F)F)c4)cn3CCN3CCC3)CC2)c1-c1cc[nH]c1
CHEMBL3965063,6.97,CHEMBL4282,106.0,CCc1c(N)ncnc1N1CCC(c2nc(-c3ccnc(C)c3)cn2CCN2CCC2)CC1
CHEMBL3904876,6.03,CHEMBL4282,940.0,CCc1c(N)ncnc1N1CCC(c2nc(-c3ccnc(OC)c3)cn2CCN2CCC2)CC1
CHEMBL3941855,6.33,CHEMBL4282,465.0,CCc1c(N)ncnc1N1CCC(c2nc(-c3cncc(C)c3)cn2CCN2CCC2)CC1
CHEMBL3917410,8.18,CHEMBL4282,6.6,CC(C)c1c(N)ncnc1N1CCC(c2nc(-c3ccc(F)c(C(F)(F)F)c3)cn2CCN2CCC2)CC1
CHEMBL3890310,7.68,CHEMBL4282,21.0,COc1c(N)ncnc1N1CCC(c2nc(-c3ccnc(C(F)(F)F)c3)cn2CCN2CCC2)CC1
CHEMBL3959379,8.09,CHEMBL4282,8.2,CCOc1c(N)ncnc1N1CCC(c2nc(-c3ccnc(C(F)(F)F)c3)cn2CCN2CCC2)CC1
CHEMBL3927446,8.04,CHEMBL4282,9.1,CC(C)Oc1c(N)ncnc1N1CCC(c2nc(-c3ccnc(C(F)(F)F)c3)cn2CCN2CCC2)CC1
CHEMBL3965033,7.68,CHEMBL4282,21.0,Nc1ncnc(N2CCC(c3nc(-c4ccnc(C(F)(F)F)c4)cn3CCN3CCC3)CC2)c1OCC(F)(F)F
CHEMBL3968002,6.38,CHEMBL4282,420.0,CCc1c(N)ncnc1N1CCC(c2nc(-c3cccc(C(F)(F)F)n3)cn2CCN2CCC2)CC1
CHEMBL3938454,8.62,CHEMBL4282,2.4,COc1cc(-c2cn(CCN3CCC3)c(C3CCN(c4ncnc(N)c4C#N)CC3)n2)ccc1F
CHEMBL3933597,8.62,CHEMBL4282,2.4,COc1cc(-c2cn(CCN3CCC3)c(C3CCN(c4ncnc(N)c4C(N)=O)CC3)n2)ccc1F
CHEMBL3961056,8.7,CHEMBL4282,2.0,Cc1cc(-c2cn(CCN3CCC3)c(C3CCN(c4ncnc(N)c4C#N)CC3)n2)ccc1F
CHEMBL3905865,6.11,CHEMBL4282,780.0,CCc1c(N)ncnc1N1CCC(c2nc(-c3cccc(Cl)n3)cn2CCN2CCC2)CC1
CHEMBL3972162,7.85,CHEMBL4282,14.0,Cc1cc(-c2cn(CCN3CCC3)c(C3CCN(c4ncnc(N)c4C(N)=O)CC3)n2)ccc1F
CHEMBL3947888,8.01,CHEMBL4282,9.7,N#Cc1c(N)ncnc1N1CCC(c2nc(-c3ccnc(C(F)(F)F)c3)cn2CCN2CCC2)CC1
CHEMBL3977147,8.66,CHEMBL4282,2.2,Nc1ncnc(N2CCC(c3nc(-c4ccnc(C(F)(F)F)c4)cn3CCN3CCC3)CC2)c1Br
CHEMBL3951747,8.55,CHEMBL4282,2.8,Nc1ncnc(N2CCC(c3nc(-c4ccnc(C(F)(F)F)c4)cn3CCNCCCCl)CC2)c1Br
CHEMBL3956421,7.05,CHEMBL4282,90.0,NC(=O)c1c(N)ncnc1N1CCC(c2nc(-c3ccnc(C(F)(F)F)c3)cn2CCN2CCC2)CC1
CHEMBL3908333,6.6,CHEMBL4282,250.0,N#Cc1c(N)ncnc1N1CCC(c2nc(-c3ccoc3)cn2CCN2CCC2)CC1
CHEMBL3970947,7.04,CHEMBL4282,91.0,N#Cc1c(N)ncnc1N1CCC(c2nc(-c3ccsc3)cn2CCN2CCC2)CC1
CHEMBL3931262,6.78,CHEMBL4282,165.0,N#Cc1c(N)ncnc1N1CCC(c2nc(-c3ccccc3)cn2CCN2CCC2)CC1
CHEMBL3906804,6.66,CHEMBL4282,220.0,N#Cc1c(N)ncnc1N1CCC(c2nc(-c3cnoc3)cn2CCN2CCC2)CC1
CHEMBL3962137,5.44,CHEMBL4282,3600.0,NC(=O)c1c(N)ncnc1N1CCC(c2nc(-c3ccoc3)cn2CCN2CCC2)CC1
CHEMBL3922482,5.72,CHEMBL4282,1900.0,NC(=O)c1c(N)ncnc1N1CCC(c2nc(-c3ccsc3)cn2CCN2CCC2)CC1
CHEMBL3929885,6.12,CHEMBL4282,760.0,NC(=O)c1c(N)ncnc1N1CCC(c2nc(-c3cnoc3)cn2CCN2CCC2)CC1
CHEMBL3913487,5.72,CHEMBL4282,1900.0,NC(=O)c1c(N)ncnc1N1CCC(c2nc(-c3ccccc3)cn2CCN2CCC2)CC1
CHEMBL3935986,7.96,CHEMBL4282,11.0,N#Cc1c(N)ncnc1N1CCC(c2nc(-c3ccc(F)c(C(F)(F)F)c3)cn2C2CCNC2)CC1
CHEMBL3908032,7.0,CHEMBL4282,100.0,NC(=O)c1c(N)ncnc1N1CCC(c2nc(-c3ccc(F)c(C(F)(F)F)c3)cn2C2CCNC2)CC1
CHEMBL3968744,8.18,CHEMBL4282,6.6,CCc1c(N)ncnc1N1CCC(c2nc(-c3ccc(F)c(C(F)(F)F)c3)cn2CCN)CC1
CHEMBL3942663,7.57,CHEMBL4282,27.0,NC(=O)c1c(N)ncnc1N1CCC(c2nc(-c3ccc(F)c(C(F)(F)F)c3)cn2CC2CNC2)CC1
CHEMBL3957354,7.19,CHEMBL4282,64.5,N#Cc1c(N)ncnc1N1CCC(c2nc(-c3ccc(F)c(C(F)(F)F)c3)cn2CC2CNC2)CC1
CHEMBL3891763,6.62,CHEMBL4282,240.0,N#Cc1c(N)ncnc1N1CCC(c2nc(-c3ccc(F)c(C(F)(F)F)c3)cn2C2CNC2)CC1
CHEMBL3952076,6.17,CHEMBL4282,670.0,NC(=O)c1c(N)ncnc1N1CCC(c2nc(-c3ccc(F)c(C(F)(F)F)c3)cn2C2CNC2)CC1
CHEMBL3980922,8.6,CHEMBL4282,2.5,Nc1ncnc(N2CCC(c3nc(-c4ccnc(C(F)(F)F)c4)cn3CCN3CCC3)CC2)c1Cl
CHEMBL3963232,5.66,CHEMBL4282,2200.0,NC(=O)c1c(N)ncnc1N1CCC(c2nc(-c3cn[nH]c3)cn2CCN2CCC2)CC1
CHEMBL3906193,7.51,CHEMBL4282,31.0,N#Cc1c(N)ncnc1N1CCC(c2nc(-c3ccc(F)c(C(F)(F)F)c3)cn2CC2CCN2)CC1
CHEMBL3968352,8.54,CHEMBL4282,2.9,N#Cc1c(N)ncnc1N1CCC(c2nc(-c3ccc(F)c(C(F)(F)F)c3)cn2CC2CCCN2)CC1
CHEMBL3897233,7.78,CHEMBL4282,16.5,Nc1ncnc(N2CCC(c3nc(-c4ccc(F)c(C(F)(F)F)c4)cn3CC3CNC3)CC2)c1Cl
CHEMBL3896152,7.42,CHEMBL4282,38.0,Nc1ncnc(N2CCC(c3nc(-c4ccc(F)c(C(F)(F)F)c4)cn3CC3CCN3)CC2)c1Cl
CHEMBL3955405,6.66,CHEMBL4282,220.0,NC(=O)c1c(N)ncnc1N1CCC(c2nc(-c3ccc(F)c(C(F)(F)F)c3)cn2CC2CCN2)CC1
CHEMBL3892286,7.72,CHEMBL4282,19.0,CCc1c(N)ncnc1N1CCC(c2nc(-c3ccc(F)c(C(F)(F)F)c3)cn2CC2CNC2)CC1
CHEMBL3961268,6.55,CHEMBL4282,280.0,CCc1c(N)ncnc1N1CCC(c2nc(-c3ccc(F)c(C(F)(F)F)c3)cn2CC2CCN2)CC1
CHEMBL3901251,6.66,CHEMBL4282,220.0,NC(=O)c1c(N)ncnc1N1CCC(c2nc(-c3ccc(F)c(C(F)(F)F)c3)cn2CC2CCCN2)CC1
CHEMBL3968856,6.32,CHEMBL4282,480.0,NC(=O)c1c(N)ncnc1N1CCC(c2nc(-c3ccc(F)c(C(F)(F)F)c3)cn2C2CCNCC2)CC1
CHEMBL3906695,6.8,CHEMBL4282,160.0,N#Cc1c(N)ncnc1N1CCC(c2nc(-c3ccc(F)c(C(F)(F)F)c3)cn2C2CCNCC2)CC1
CHEMBL3977344,7.09,CHEMBL4282,81.0,CN1CC(Cn2cc(-c3ccc(F)c(C(F)(F)F)c3)nc2C2CCN(c3ncnc(N)c3C(N)=O)CC2)C1
CHEMBL3915684,6.72,CHEMBL4282,190.0,CCc1c(N)ncnc1N1CCC(c2nc(-c3ccc(F)c(C(F)(F)F)c3)cn2C2CCNCC2)CC1
CHEMBL3899777,8.44,CHEMBL4282,3.6,N#Cc1c(N)ncnc1N1CCC(c2nc(-c3ccc(F)c(C(F)(F)F)c3)cn2CCN)CC1
CHEMBL3926535,7.82,CHEMBL4282,15.0,NCCn1cc(-c2ccc(F)c(C(F)(F)F)c2)nc1C1CCN(c2ncnc(N)c2C(N)=O)CC1
CHEMBL3900157,6.17,CHEMBL4282,670.0,Cc1cc(-c2cn(CCO)c(C3CCN(c4ncnc(N)c4-c4cn[nH]c4)CC3)n2)ccc1F
CHEMBL3983786,6.82,CHEMBL4282,150.0,Cc1cc(-c2cn(CCNC3CC3)c(C3CCN(c4ncnc(N)c4-c4cn[nH]c4)CC3)n2)ccc1F
CHEMBL3913969,7.68,CHEMBL4282,21.0,CNCCn1cc(-c2ccc(F)c(C)c2)nc1C1CCN(c2ncnc(N)c2-c2cn[nH]c2)CC1
CHEMBL3957657,8.32,CHEMBL4282,4.8,Cc1cc(-c2cn(CCN(C)C)c(C3CCN(c4ncnc(N)c4-c4cn[nH]c4)CC3)n2)ccc1F
CHEMBL3922949,8.26,CHEMBL4282,5.5,Cc1cc(-c2cn(CCN3CCC3)c(C3CCN(c4ncnc(N)c4-c4cn[nH]c4)CC3)n2)ccc1F
CHEMBL3970663,8.26,CHEMBL4282,5.5,Cc1cc(-c2cn(CCNC(C)(C)C)c(C3CCN(c4ncnc(N)c4-c4cn[nH]c4)CC3)n2)ccc1F
CHEMBL3899490,8.82,CHEMBL4282,1.5,CNCCn1cc(-c2ccnc(C(F)(F)F)c2)nc1C1CCN(c2ncnc(N)c2Br)CC1
CHEMBL3908552,8.57,CHEMBL4282,2.7,Nc1ncnc(N2CCC(c3nc(-c4ccnc(C(F)(F)F)c4)cn3CCN3CCC3)CC2)c1-c1cnoc1
CHEMBL3949795,8.77,CHEMBL4282,1.7,CNCCn1cc(-c2ccnc(C(F)(F)F)c2)nc1C1CCN(c2ncnc(N)c2C#N)CC1
CHEMBL3978853,6.92,CHEMBL4282,120.0,CNCCn1cc(-c2ccnc(C(F)(F)F)c2)nc1C1CCN(c2ncnc(N)c2C2C=NOC2)CC1
CHEMBL3910789,8.68,CHEMBL4282,2.1,CCc1c(N)ncnc1N1CCC(c2nc(-c3ccnc(C(F)(F)F)c3)cn2CCNC)CC1
CHEMBL3948454,8.85,CHEMBL4282,1.4,CNCCn1cc(-c2ccnc(C(F)(F)F)c2)nc1C1CCN(c2ncnc(N)c2Cl)CC1
CHEMBL3931731,8.44,CHEMBL4282,3.6,Nc1ncnc(N2CCC(c3nc(-c4ccnc(C(F)(F)F)c4)cn3CCNC3CC3)CC2)c1Cl
CHEMBL3943127,9.28,CHEMBL4282,0.52,CCNCCn1cc(-c2ccc(F)c(C(F)(F)F)c2)nc1C1CCN(c2ncnc(N)c2OC(C)C)CC1
CHEMBL3925183,8.35,CHEMBL4282,4.5,CC(C)Oc1c(N)ncnc1N1CCC(c2nc(-c3ccc(F)c(C(F)(F)F)c3)cn2CC2CNC2)CC1
CHEMBL3900660,8.3,CHEMBL4282,5.0,CCOc1c(N)ncnc1N1CCC(c2nc(-c3ccc(F)c(C(F)(F)F)c3)cn2CC2CNC2)CC1
CHEMBL3916178,8.68,CHEMBL4282,2.1,CCOc1c(N)ncnc1N1CCC(c2nc(-c3ccc(F)c(C)c3)cn2CCN2CCC2)CC1
CHEMBL3985943,8.57,CHEMBL4282,2.7,Cc1cc(-c2cn(CCN3CCC3)c(C3CCN(c4ncnc(N)c4OC(C)C)CC3)n2)ccc1F
CHEMBL3944209,8.38,CHEMBL4282,4.2,CCc1c(N)ncnc1N1CCC(c2nc(-c3ccnc(C(C)C)c3)cn2CCN2CCC2)CC1
CHEMBL3912769,8.62,CHEMBL4282,2.4,CC(C)c1cc(-c2cn(CCN3CCC3)c(C3CCN(c4ncnc(N)c4Cl)CC3)n2)ccn1
CHEMBL3966806,9.82,CHEMBL4282,0.15,CC(C)c1cc(-c2cn(CCN3CCC3)c(C3CCN(c4ncnc(N)c4Br)CC3)n2)ccn1
CHEMBL3891980,8.66,CHEMBL4282,2.2,C=Cc1c(N)ncnc1N1CCC(c2nc(-c3ccnc(C(C)C)c3)cn2CCN2CCC2)CC1
CHEMBL3952282,7.13,CHEMBL4282,74.0,C=Cc1c(N)ncnc1N1CCC(c2nc(-c3ccc(F)c(C(F)(F)F)c3)cn2CC2CNC2)CC1
CHEMBL3981085,8.64,CHEMBL4282,2.3,COc1c(N)ncnc1N1CCC(c2nc(-c3ccc(F)c(C)c3)cn2CC2CNC2)CC1
CHEMBL3943569,8.18,CHEMBL4282,6.6,CCOc1c(N)ncnc1N1CCC(c2nc(-c3ccc(F)c(C)c3)cn2CC2CNC2)CC1
CHEMBL3976254,8.15,CHEMBL4282,7.1,Cc1cc(-c2cn(CC3CNC3)c(C3CCN(c4ncnc(N)c4OCC(F)(F)F)CC3)n2)ccc1F
CHEMBL3987123,8.19,CHEMBL4282,6.4,Cc1cc(-c2cn(CC3CNC3)c(C3CCN(c4ncnc(N)c4OC(C)C)CC3)n2)ccc1F
CHEMBL3967750,8.64,CHEMBL4282,2.3,CCc1c(N)ncnc1N1CCC(c2nc(-c3ccc(F)c(C)c3)cn2CC2CNC2)CC1
CHEMBL3974201,8.35,CHEMBL4282,4.5,Cc1cc(-c2cn(CC3CNC3)c(C3CCN(c4ncnc(N)c4C(C)C)CC3)n2)ccc1F
CHEMBL3899716,10.0,CHEMBL4282,0.1,Cc1cc(-c2cn(CCN3CCC3)c(C3CCN(c4ncnc(N)c4Br)CC3)n2)ccc1F
CHEMBL3943038,7.82,CHEMBL4282,15.0,Cc1cc(-c2cn(CC3CNC3)c(C3CCN(c4ncnc(N)c4C#N)CC3)n2)ccc1F
CHEMBL3984446,5.14,CHEMBL4282,7200.0,CNc1ncnc(N2CCC(c3nc(-c4ccnc(C(F)(F)F)c4)cn3CCN3CCC3)CC2)c1Cl
CHEMBL3923651,5.24,CHEMBL4282,5700.0,CNc1ncnc(N2CCC(c3nc(-c4ccc(F)c(C)c4)cn3CC3CNC3)CC2)c1Cl
CHEMBL3899097,7.8,CHEMBL4282,16.0,Cc1cc(-c2cn(CC3CNC3)c(C3CCC(c4ncnc(N)c4C(C)C)CC3)n2)ccc1F
CHEMBL3971381,6.43,CHEMBL4282,370.0,CCc1c(N)ncnc1N1CCC(c2nc(-c3ccc(F)c(F)c3)cn2CCN2CCOCC2)CC1
CHEMBL3909262,6.89,CHEMBL4282,130.0,CCc1c(N)ncnc1N1CCC(c2nc(-c3ccc(F)cc3)cn2CCN2CC3(COC3)C2)CC1
CHEMBL3976391,6.59,CHEMBL4282,255.0,CCc1c(N)ncnc1N1CCC(c2nc(-c3ccc(F)c(F)c3)cn2CCN2CC3(COC3)C2)CC1
CHEMBL3922457,6.42,CHEMBL4282,385.0,CCc1c(N)ncnc1N1CCC(c2nc(-c3ccc(F)c(F)c3)cn2CCN2CC(F)C2)CC1
CHEMBL3894443,6.19,CHEMBL4282,640.0,CCc1c(N)ncnc1N1CCC(c2nc(-c3ccc(F)cc3)cn2CCN2CC(F)C2)CC1
CHEMBL3926249,7.05,CHEMBL4282,89.0,CCc1c(N)ncnc1N1CCC(c2nc(-c3ccc(F)c(F)c3)cn2CCN2CCC3(COC3)C2)CC1
CHEMBL3971435,5.6,CHEMBL4282,2500.0,CCc1c(N)ncnc1N1CCC(c2nc(-c3ccc(F)c(F)c3)cn2CCN2CCC23COC3)CC1
CHEMBL3941846,5.44,CHEMBL4282,3600.0,CCc1c(N)ncnc1N1CCC(c2nc(-c3ccc(F)cc3)cn2CCN2CCC23COC3)CC1
CHEMBL3966203,8.89,CHEMBL4282,1.3,N#Cc1c(N)ncnc1N1CCC(c2nc(-c3cnc(F)c(Cl)c3)cn2CCN2CCC2)CC1
CHEMBL3932866,7.89,CHEMBL4282,13.0,N#Cc1c(N)ncnc1N1CCC(c2nc(-c3ccnc(F)c3)cn2CCN2CCC2)CC1
CHEMBL3955055,6.98,CHEMBL4282,105.0,N#Cc1c(N)ncnc1N1CCC(c2nc(-c3ccc4[nH]ncc4c3)cn2CCN2CCC2)CC1
CHEMBL3927440,8.12,CHEMBL4282,7.6,CCc1c(N)ncnc1N1CCC(c2nc(-c3ccc(F)c(C(F)(F)F)c3)cn2CCN2CCCC2)CC1
CHEMBL3986793,8.66,CHEMBL4282,2.2,Nc1ncnc(N2CCC(c3nc(-c4ccc(F)c(C(F)(F)F)c4)cn3CCN3CCCC3)CC2)c1Cl
CHEMBL3961556,8.52,CHEMBL4282,3.0,Nc1ncnc(N2CCC(c3nc(-c4ccc(O)c(C(F)(F)F)c4)cn3CCN3CCCC3)CC2)c1Cl
CHEMBL3895789,7.64,CHEMBL4282,23.0,Nc1ncnc(N2CCC(c3nc(-c4ccc(F)c(C(F)(F)F)c4)cn3CCN3CCCC3)CC2)c1F
CHEMBL3923786,7.8,CHEMBL4282,16.0,C=C(C)c1c(N)ncnc1N1CCC(c2nc(-c3ccc(F)c(C(F)(F)F)c3)cn2CCN2CCCCC2)CC1
CHEMBL3901242,7.7,CHEMBL4282,20.0,C=C(C)c1c(N)ncnc1N1CCC(c2nc(-c3ccc(F)c(C(F)(F)F)c3)cn2CCN2CCCC2)CC1
CHEMBL3932730,6.75,CHEMBL4282,180.0,Nc1cc(N2CCC(c3nc(-c4ccc(F)c(C(F)(F)F)c4)cn3CCN3CCCC3)CC2)ncn1
CHEMBL3910308,8.0,CHEMBL4282,10.0,Cc1c(N)ncnc1N1CCC(c2nc(-c3ccc(F)c(C(F)(F)F)c3)cn2CCN2CCCC2)CC1
CHEMBL3938237,8.05,CHEMBL4282,9.0,Nc1ncnc(N2CCC(c3nc(-c4ccc(F)c(C(F)(F)F)c4)cn3CCN3CCCCC3)CC2)c1Cl
CHEMBL3894578,8.64,CHEMBL4282,2.3,Nc1ncnc(N2CCC(c3nc(-c4ccc(F)c(C(F)(F)F)c4)cn3CCN3CCC3)CC2)c1Br
CHEMBL3919089,9.0,CHEMBL4282,1.0,Nc1ncnc(N2CCC(c3nc(-c4ccc(F)c(C(F)(F)F)c4)cn3CCN3CCC3)CC2)c1Cl
CHEMBL3903522,8.64,CHEMBL4282,2.3,Nc1ncnc(N2CCC(c3nc(-c4ccc(F)c(C(F)(F)F)c4)cn3CCN3CCC3)CC2)c1-c1ccc(F)cc1
CHEMBL3931504,8.38,CHEMBL4282,4.2,C=Cc1c(N)ncnc1N1CCC(c2nc(-c3ccc(F)c(C(F)(F)F)c3)cn2CCN2CCC2)CC1
CHEMBL3917257,7.15,CHEMBL4282,71.0,Nc1cc(N2CCC(c3nc(-c4ccc(F)c(C(F)(F)F)c4)cn3CCN3CCC3)CC2)ncn1
CHEMBL3987000,7.37,CHEMBL4282,43.0,COC(=O)c1ccc(-c2c(N)ncnc2N2CCC(c3nc(-c4ccc(F)c(C(F)(F)F)c4)cn3CCN3CCC3)CC2)cc1
CHEMBL3926246,7.11,CHEMBL4282,78.0,COC(=O)c1ccc(-c2c(N)ncnc2N2CCC(c3nc(-c4ccc(F)c(C(F)(F)F)c4)cn3CCN3CCCC3)CC2)cc1
CHEMBL3901741,7.92,CHEMBL4282,12.0,Nc1ncnc(N2CCC(c3nc(-c4ccc(F)c(C(F)(F)F)c4)cn3CCN3CCC3)CC2)c1-c1ccc(C(=O)O)cc1
CHEMBL3960331,7.92,CHEMBL4282,12.0,Nc1ncnc(N2CCC(c3nc(-c4ccc(F)c(C(F)(F)F)c4)cn3CCN3CCCC3)CC2)c1-c1ccc(C(=O)O)cc1
CHEMBL3944201,8.77,CHEMBL4282,1.7,Nc1ncnc(N2CCC(c3nc(-c4ccc(F)c(F)c4)cn3CCN3CCCC3)CC2)c1Br
CHEMBL3911853,8.54,CHEMBL4282,2.9,Nc1ncnc(N2CCC(c3nc(-c4ccc(F)cc4)cn3CCN3CCCC3)CC2)c1Br
CHEMBL3949523,8.23,CHEMBL4282,5.9,Nc1ncnc(N2CCC(c3nc(-c4cccc(F)c4)cn3CCN3CCCC3)CC2)c1Br
CHEMBL3950518,7.15,CHEMBL4282,71.0,Nc1ncnc(N2CCC(c3nc(-c4ccc(C(F)(F)F)c(F)c4)cn3CCN3CCCC3)CC2)c1Br
CHEMBL3922798,8.39,CHEMBL4282,4.1,CCc1c(N)ncnc1N1CCC(c2nc(-c3ccc(F)c(C(F)(F)F)c3)cn2CCN2CCC2)CC1
CHEMBL3969229,7.34,CHEMBL4282,46.0,CCc1c(N)ncnc1N1CCC(c2nc(-c3cccc(F)c3)cn2CCN2CCCC2)CC1
CHEMBL3894577,7.7,CHEMBL4282,20.0,CCc1c(N)ncnc1N1CCC(c2nc(-c3ccc(F)cc3)cn2CCN2CCCC2)CC1
CHEMBL3954781,8.09,CHEMBL4282,8.2,CCc1c(N)ncnc1N1CCC(c2nc(-c3ccc(F)c(F)c3)cn2CCN2CCCC2)CC1
CHEMBL3983416,6.33,CHEMBL4282,470.0,CCc1c(N)ncnc1N1CCC(c2nc(-c3ccc(C(F)(F)F)c(F)c3)cn2CCN2CCCC2)CC1
CHEMBL3929830,6.0,CHEMBL4282,1000.0,Nc1ncnc(N2CCC(c3nc(-c4ccc(C(F)(F)F)c(F)c4)cn3CCN3CCCC3)CC2)c1Cl
CHEMBL3978595,8.09,CHEMBL4282,8.1,Nc1ncnc(N2CCC(c3nc(-c4cccc(F)c4)cn3CCN3CCCC3)CC2)c1Cl
CHEMBL3912632,8.48,CHEMBL4282,3.3,Nc1ncnc(N2CCC(c3nc(-c4ccc(F)cc4)cn3CCN3CCCC3)CC2)c1Cl
CHEMBL3940627,8.49,CHEMBL4282,3.2,Nc1ncnc(N2CCC(c3nc(-c4ccc(F)c(F)c4)cn3CCN3CCCC3)CC2)c1Cl
CHEMBL3964344,6.68,CHEMBL4282,210.0,C=Cc1c(N)ncnc1N1CCC(c2nc(-c3ccc(C(F)(F)F)c(F)c3)cn2CCN2CCCC2)CC1
CHEMBL3928074,7.68,CHEMBL4282,21.0,C=Cc1c(N)ncnc1N1CCC(c2nc(-c3cccc(F)c3)cn2CCN2CCCC2)CC1
CHEMBL3974191,7.8,CHEMBL4282,16.0,C=Cc1c(N)ncnc1N1CCC(c2nc(-c3ccc(F)cc3)cn2CCN2CCCC2)CC1
CHEMBL3913177,8.01,CHEMBL4282,9.7,C=Cc1c(N)ncnc1N1CCC(c2nc(-c3ccc(F)c(F)c3)cn2CCN2CCCC2)CC1
CHEMBL3973291,7.2,CHEMBL4282,63.0,Nc1cc(N2CCC(c3nc(-c4ccc(F)c(F)c4)cn3CCN3CCCC3)CC2)ncn1
CHEMBL3907714,6.68,CHEMBL4282,210.0,Nc1cc(N2CCC(c3nc(-c4cccc(F)c4)cn3CCN3CCCC3)CC2)ncn1
CHEMBL3889695,7.19,CHEMBL4282,64.0,CCc1c(N)ncnc1N1CCC(c2nc(-c3ccc(C(F)(F)F)c(F)c3)cn2CCN2CC[C@H](F)C2)CC1
CHEMBL4108380,7.6,CHEMBL4282,25.0,CCc1c(N)ncnc1N1CCC(c2nc(-c3ccc(C(F)(F)F)c(F)c3)cn2CCN2CC[C@@H](F)C2)CC1
CHEMBL3913067,6.28,CHEMBL4282,520.0,CCc1c(N)ncnc1N1CCC(c2nc(-c3ccc(C(F)(F)F)c(F)c3)cn2CCN2CCC(F)(F)CC2)CC1
CHEMBL3950042,6.0,CHEMBL4282,1000.0,CCc1c(N)ncnc1N1CCC(c2nc(-c3ccc(C(F)(F)F)c(F)c3)cn2CCN2CCCC(F)(F)C2)CC1
CHEMBL3908831,7.07,CHEMBL4282,86.0,CCc1c(N)ncnc1N1CCC(c2nc(-c3ccc(C(F)(F)F)c(F)c3)cn2CCN2CCC(F)CC2)CC1
CHEMBL3976022,6.68,CHEMBL4282,210.0,CCc1c(N)ncnc1N1CCC(c2nc(-c3ccc(C(F)(F)F)c(F)c3)cn2CCN2CCCC(F)C2)CC1
CHEMBL3977596,7.12,CHEMBL4282,76.0,CCc1c(N)ncnc1N1CCC(c2nc(-c3ccc(Cl)c(F)c3)cn2CCN2CCCC2)CC1
CHEMBL3906990,9.4,CHEMBL4282,0.4,CCc1c(N)ncnc1N1CCC(c2nc(-c3ccc(F)c(Cl)c3)cn2CCN2CCCC2)CC1
CHEMBL3891427,7.55,CHEMBL4282,28.0,Nc1ncnc(N2CCC(c3nc(-c4ccc(C(F)(F)F)c(F)c4)cn3CCN3CCCCC3)CC2)c1C1CCC1
CHEMBL3915954,8.04,CHEMBL4282,9.1,Nc1ncnc(N2CCC(c3nc(-c4ccc(C(F)(F)F)c(F)c4)cn3CCN3CCCC3)CC2)c1C1CCC1
CHEMBL3961562,8.03,CHEMBL4282,9.4,Nc1ncnc(N2CCC(c3nc(-c4ccc(F)c(F)c4)cn3CCN3CCCC3)CC2)c1C1CCC1
CHEMBL3892575,7.96,CHEMBL4282,11.0,Nc1ncnc(N2CCC(c3nc(-c4ccc(F)cc4)cn3CCN3CCCC3)CC2)c1C1CCC1
CHEMBL3969159,7.7,CHEMBL4282,20.0,Nc1ncnc(N2CCC(c3nc(-c4cccc(F)c4)cn3CCN3CCCC3)CC2)c1C1CCC1
CHEMBL3915954,6.42,CHEMBL4282,380.0,Nc1ncnc(N2CCC(c3nc(-c4ccc(C(F)(F)F)c(F)c4)cn3CCN3CCCC3)CC2)c1C1CCC1
CHEMBL3942949,6.37,CHEMBL4282,430.0,Nc1ncnc(N2CCC(c3nc(-c4ccc(C(F)(F)F)cc4)cn3CCN3CCCC3)CC2)c1C1CCC1
CHEMBL3972543,7.17,CHEMBL4282,67.0,Nc1ncnc(N2CCC(c3nc(-c4ccc(Cl)c(F)c4)cn3CCN3CCCC3)CC2)c1C1CCC1
CHEMBL3981168,8.09,CHEMBL4282,8.1,Nc1ncnc(N2CCC(c3nc(-c4cccc(C(F)(F)F)c4)cn3CCN3CCCC3)CC2)c1C1CCC1
CHEMBL3952378,8.31,CHEMBL4282,4.9,Nc1ncnc(N2CCC(c3nc(-c4ccc(F)c(Cl)c4)cn3CCN3CCCC3)CC2)c1C1CCC1
CHEMBL3892087,7.1,CHEMBL4282,79.0,Nc1ncnc(N2CCC(c3nc(-c4ccc(Cl)cc4)cn3CCN3CCCC3)CC2)c1C1CCC1
CHEMBL3957616,8.21,CHEMBL4282,6.2,Nc1ncnc(N2CCC(c3nc(-c4cccc(Cl)c4)cn3CCN3CCCC3)CC2)c1C1CCC1
CHEMBL3897494,6.96,CHEMBL4282,110.0,Nc1ncnc(N2CCC(c3nc(-c4ccc(C(F)(F)F)cc4)cn3CCN3CCCC3)CC2)c1Br
CHEMBL3968655,7.8,CHEMBL4282,16.0,Nc1ncnc(N2CCC(c3nc(-c4ccc(Cl)c(F)c4)cn3CCN3CCCC3)CC2)c1Br
CHEMBL3906488,8.38,CHEMBL4282,4.2,Nc1ncnc(N2CCC(c3nc(-c4cccc(C(F)(F)F)c4)cn3CCN3CCCC3)CC2)c1Br
CHEMBL3980219,8.74,CHEMBL4282,1.8,Nc1ncnc(N2CCC(c3nc(-c4ccc(F)c(Cl)c4)cn3CCN3CCCC3)CC2)c1Br
CHEMBL3919026,6.72,CHEMBL4282,190.0,C=Cc1c(N)ncnc1N1CCC(c2nc(-c3ccc(C(F)(F)F)cc3)cn2CCN2CCCC2)CC1
CHEMBL3890965,6.0,CHEMBL4282,1000.0,Nc1cc(N2CCC(c3nc(-c4ccc(C(F)(F)F)cc4)cn3CCN3CCCC3)CC2)ncn1
CHEMBL3950595,6.75,CHEMBL4282,180.0,CCc1c(N)ncnc1N1CCC(c2nc(-c3ccc(C(F)(F)F)cc3)cn2CCN2CCCC2)CC1
CHEMBL3982706,8.02,CHEMBL4282,9.6,CCc1c(N)ncnc1N1CCC(c2nc(-c3cccc(C(F)(F)F)c3)cn2CCN2CCCC2)CC1
CHEMBL3945304,6.72,CHEMBL4282,190.0,CCc1c(N)ncnc1N1CCC(c2nc(-c3ccc(Cl)cc3)cn2CCN2CCCC2)CC1
CHEMBL3905187,7.92,CHEMBL4282,12.0,CCc1c(N)ncnc1N1CCC(c2nc(-c3cccc(Cl)c3)cn2CCN2CCCC2)CC1
CHEMBL3973744,6.37,CHEMBL4282,430.0,CCc1c(N)ncnc1N1CCC(c2nc(-c3ccc(F)c(C(F)(F)F)c3)cn2CCN2CCC(F)(F)C2)CC1
CHEMBL3899177,8.03,CHEMBL4282,9.3,CCc1c(N)ncnc1N1CCC(c2nc(-c3ccc(F)c(C(F)(F)F)c3)cn2CCN2CCCCC2)CC1
CHEMBL3921412,7.75,CHEMBL4282,18.0,CCc1c(N)ncnc1N1CCC(c2nc(-c3cccc(C(F)(F)F)c3)cn2CCN2CCC2)CC1
CHEMBL3894252,7.1,CHEMBL4282,79.5,CCc1c(N)ncnc1N1CCC(c2nc(-c3cccc(F)c3)cn2CCN2CCC2)CC1
CHEMBL3939097,7.8,CHEMBL4282,16.0,CCc1c(N)ncnc1N1CCC(c2nc(-c3cccc(Cl)c3)cn2CCN2CCC2)CC1
CHEMBL3948660,8.14,CHEMBL4282,7.3,Nc1ncnc(N2CCC(c3nc(-c4ccc(C(F)(F)F)c(F)c4)cn3CCN3CCC3)CC2)c1C1CCC1
CHEMBL3985540,8.04,CHEMBL4282,9.2,CCc1c(N)ncnc1N1CCC(c2nc(-c3ccc(F)c(Cl)c3)cn2CCN2CCC2)CC1
CHEMBL3912123,7.62,CHEMBL4282,24.0,CCc1c(N)ncnc1N1CCC(c2nc(-c3ccc(F)c(F)c3)cn2CCN2CCC2)CC1
CHEMBL3927590,8.57,CHEMBL4282,2.7,Nc1ncnc(N2CCC(c3nc(-c4ccc(F)c(C(F)(F)F)c4)cn3CCN3CCC3)CC2)c1[N+](=O)[O-]
CHEMBL3899565,7.29,CHEMBL4282,51.5,Nc1ncnc(N2CCC(c3nc(-c4ccc(F)c(C(F)(F)F)c4)cn3CCN3CCC3)CC2)c1N
CHEMBL3890352,8.85,CHEMBL4282,1.4,Nc1ncnc(N2CCC(c3nc(-c4ccc(F)c(C(F)(F)F)c4)cn3CCN3CCC3)CC2)c1C=O
CHEMBL3918796,6.14,CHEMBL4282,730.0,Nc1ncnc(N2CCC(c3nc(-c4ccc(F)c(C(F)(F)F)c4)cn3CCN3CCCC3)CC2)c1C(=O)O
CHEMBL3941283,9.0,CHEMBL4282,1.0,Nc1ncnc(N2CCC(c3nc(-c4ccc(F)c(C(F)(F)F)c4)cn3CCN3CCCC3)CC2)c1C=O
CHEMBL3913301,6.72,CHEMBL4282,190.0,CC(=O)Nc1c(N)ncnc1N1CCC(c2nc(-c3ccc(F)c(C(F)(F)F)c3)cn2CCN2CCC2)CC1
CHEMBL3928772,8.68,CHEMBL4282,2.1,CCOc1c(N)ncnc1N1CCC(c2nc(-c3ccc(F)c(Cl)c3)cn2CCN2CCCC2)CC1
CHEMBL3904291,8.7,CHEMBL4282,2.0,CC(C)Oc1c(N)ncnc1N1CCC(c2nc(-c3ccc(F)c(Cl)c3)cn2CCN2CCCC2)CC1
CHEMBL3976247,8.1,CHEMBL4282,8.0,CCOc1c(N)ncnc1N1CCC(c2nc(-c3ccc(F)c(C(F)(F)F)c3)cn2CCN(C)C)CC1
CHEMBL3905494,8.12,CHEMBL4282,7.6,CC(C)Oc1c(N)ncnc1N1CCC(c2nc(-c3ccc(F)c(C(F)(F)F)c3)cn2CCN(C)C)CC1
CHEMBL3948085,8.77,CHEMBL4282,1.7,CCOc1c(N)ncnc1N1CCC(c2nc(-c3ccc(F)c(C)c3)cn2CCN(C)C)CC1
CHEMBL3984164,8.72,CHEMBL4282,1.9,Cc1cc(-c2cn(CCN(C)C)c(C3CCN(c4ncnc(N)c4OC(C)C)CC3)n2)ccc1F
CHEMBL3960833,7.64,CHEMBL4282,23.0,CCc1c(N)ncnc1N1CCC(c2nc(-c3ccc(F)c(C)c3)cn2CCN(C)C)CC1
CHEMBL3891820,8.59,CHEMBL4282,2.6,CCc1c(N)ncnc1N1CCC(c2nc(-c3ccc(F)c(C)c3)cn2CCN(CC)CC)CC1
CHEMBL3975180,8.18,CHEMBL4282,6.6,CCc1c(N)ncnc1N1CCC(c2nc(-c3ccc(F)c(C)c3)cn2CCN2CCCC2)CC1
CHEMBL3900809,8.18,CHEMBL4282,6.6,CCOc1c(N)ncnc1N1CCC(c2nc(-c3ccc(F)c(C)c3)cn2CCN2CCCC2)CC1
CHEMBL3939239,8.05,CHEMBL4282,8.9,Cc1cc(-c2cn(CCN3CCCC3)c(C3CCN(c4ncnc(N)c4OC(C)C)CC3)n2)ccc1F
CHEMBL3968774,8.05,CHEMBL4282,8.9,CCc1c(N)ncnc1N1CCC(c2nc(-c3ccc(F)c(C)c3)cn2CCN(CC)C(C)C)CC1
CHEMBL3975500,8.14,CHEMBL4282,7.3,CCOC1CN(c2cc(N)ncn2)CCC1c1nc(-c2ccc(F)c(C)c2)cn1CCN(CC)C(C)C
CHEMBL3904672,8.2,CHEMBL4282,6.3,CCN(CCn1cc(-c2ccc(F)c(C)c2)nc1C1CCN(c2ncnc(N)c2OC(C)C)CC1)C(C)C
CHEMBL3986943,9.1,CHEMBL4282,0.8,CCOc1c(N)ncnc1N1CCC(c2nc(-c3ccc(F)c(C)c3)cn2CCN(CC)CC)CC1
CHEMBL3913659,8.59,CHEMBL4282,2.6,CCN(CC)CCn1cc(-c2ccc(F)c(C)c2)nc1C1CCN(c2ncnc(N)c2OC(C)C)CC1
CHEMBL3959291,8.49,CHEMBL4282,3.2,N#Cc1c(N)ncnc1N1CCC(c2nc(-c3ccc(F)c(C(F)(F)F)c3)cn2CCN2CCCC2)CC1
CHEMBL3890225,8.12,CHEMBL4282,7.6,N#Cc1c(N)ncnc1N1CCC(c2nc(-c3ccc(F)c(F)c3)cn2CCN2CCCC2)CC1
CHEMBL3967010,8.82,CHEMBL4282,1.5,N#Cc1c(N)ncnc1N1CCC(c2nc(-c3ccc(F)c(Cl)c3)cn2CCN2CCCC2)CC1
CHEMBL3899172,7.89,CHEMBL4282,13.0,N#Cc1c(N)ncnc1N1CCC(c2nc(-c3ccc(F)cc3)cn2CCN2CCCC2)CC1
CHEMBL3968052,7.68,CHEMBL4282,21.0,N#Cc1c(N)ncnc1N1CCC(c2nc(-c3cccc(F)c3)cn2CCN2CCCC2)CC1
CHEMBL3896892,8.12,CHEMBL4282,7.6,N#Cc1c(N)ncnc1N1CCC(c2nc(-c3cccc(C(F)(F)F)c3)cn2CCN2CCCC2)CC1
CHEMBL3918965,8.08,CHEMBL4282,8.4,N#Cc1c(N)ncnc1N1CCC(c2nc(-c3cccc(Cl)c3)cn2CCN2CCCC2)CC1
CHEMBL3927877,8.64,CHEMBL4282,2.3,N#Cc1c(N)ncnc1N1CCC(c2nc(-c3ccc(F)c(C(F)(F)F)c3)cn2CCN2CCCCC2)CC1
CHEMBL3950203,8.03,CHEMBL4282,9.3,N#Cc1c(N)ncnc1N1CCC(c2nc(-c3ccc(F)c(F)c3)cn2CCN2CCC2)CC1
CHEMBL3972741,8.39,CHEMBL4282,4.1,N#Cc1c(N)ncnc1N1CCC(c2nc(-c3ccc(OC(F)F)c(F)c3)cn2CCN2CCC2)CC1
CHEMBL3975126,6.3,CHEMBL4282,500.0,N#Cc1c(N)ncnc1N1CCC(c2nc(-c3cc[nH]c(=O)c3)cn2CCN2CCC2)CC1
CHEMBL3949201,7.62,CHEMBL4282,24.0,Cc1ccc(-c2cn(CCN3CCC3)c(C3CCN(c4ncnc(N)c4C#N)CC3)n2)cc1C(F)(F)F
CHEMBL3966620,7.96,CHEMBL4282,11.0,CC(C)c1cc(-c2cn(CCN3CCC3)c(C3CCN(c4ncnc(N)c4C#N)CC3)n2)ccn1
CHEMBL3936879,7.82,CHEMBL4282,15.0,CCc1cc(-c2cn(CCN3CCC3)c(C3CCN(c4ncnc(N)c4C#N)CC3)n2)ccn1
CHEMBL3968742,7.64,CHEMBL4282,23.0,N#Cc1c(N)ncnc1N1CCC(c2nc(-c3ccnc(C4CC4)c3)cn2CCN2CCC2)CC1
CHEMBL3965676,7.32,CHEMBL4282,48.0,Cc1ccc(-c2cn(CCN3CCC3)c(C3CCN(c4ncnc(N)c4C#N)CC3)n2)cc1F
CHEMBL3948379,7.23,CHEMBL4282,59.0,COc1ccc(-c2cn(CCN3CCC3)c(C3CCN(c4ncnc(N)c4C#N)CC3)n2)cc1F
CHEMBL3980667,7.89,CHEMBL4282,13.0,Cc1ccc(-c2cn(CCN3CCC3)c(C3CCN(c4ncnc(N)c4C#N)CC3)n2)cc1Cl
CHEMBL3943041,7.51,CHEMBL4282,31.0,COc1ccc(-c2cn(CCN3CCC3)c(C3CCN(c4ncnc(N)c4C#N)CC3)n2)cc1Cl
CHEMBL3972635,8.46,CHEMBL4282,3.5,Cc1cc(-c2cn(CCN3CCCC3)c(C3CCN(c4ncnc(N)c4C#N)CC3)n2)ccc1F
CHEMBL3971598,9.05,CHEMBL4282,0.9,Cc1cc(-c2cn(CCN(C)C)c(C3CCN(c4ncnc(N)c4C#N)CC3)n2)ccc1F
CHEMBL3896910,8.6,CHEMBL4282,2.5,CCN(CC)CCn1cc(-c2ccc(F)c(C)c2)nc1C1CCN(c2ncnc(N)c2C#N)CC1
CHEMBL3957053,8.55,CHEMBL4282,2.8,CCN(CCn1cc(-c2ccc(F)c(C)c2)nc1C1CCN(c2ncnc(N)c2C#N)CC1)C(C)C
CHEMBL3985709,6.85,CHEMBL4282,140.0,NC(=O)c1c(N)ncnc1N1CCC(c2nc(-c3ccc(F)c(F)c3)cn2CCN2CCC2)CC1
CHEMBL3940823,6.92,CHEMBL4282,120.0,NC(=O)c1c(N)ncnc1N1CCC(c2nc(-c3ccc(F)c(F)c3)cn2CCN2CCCC2)CC1
CHEMBL3973734,7.85,CHEMBL4282,14.0,NC(=O)c1c(N)ncnc1N1CCC(c2nc(-c3ccc(F)c(Cl)c3)cn2CCN2CCCC2)CC1
CHEMBL3955767,7.82,CHEMBL4282,15.0,NC(=O)c1c(N)ncnc1N1CCC(c2nc(-c3ccc(F)c(C(F)(F)F)c3)cn2CCN2CCCC2)CC1
CHEMBL3928144,7.43,CHEMBL4282,37.0,CC(C)c1cc(-c2cn(CCN3CCC3)c(C3CCN(c4ncnc(N)c4C(N)=O)CC3)n2)ccn1
CHEMBL3966878,6.42,CHEMBL4282,380.0,NC(=O)c1c(N)ncnc1N1CCC(c2nc(-c3ccc(F)cc3)cn2CCN2CCCC2)CC1
CHEMBL3933596,6.21,CHEMBL4282,620.0,NC(=O)c1c(N)ncnc1N1CCC(c2nc(-c3cccc(F)c3)cn2CCN2CCCC2)CC1
CHEMBL3972161,7.04,CHEMBL4282,92.0,NC(=O)c1c(N)ncnc1N1CCC(c2nc(-c3cccc(C(F)(F)F)c3)cn2CCN2CCCC2)CC1
CHEMBL3942559,7.12,CHEMBL4282,76.0,NC(=O)c1c(N)ncnc1N1CCC(c2nc(-c3cccc(Cl)c3)cn2CCN2CCCC2)CC1
CHEMBL3980207,7.96,CHEMBL4282,11.0,NC(=O)c1c(N)ncnc1N1CCC(c2nc(-c3ccc(F)c(C(F)(F)F)c3)cn2CCN2CCCCC2)CC1
CHEMBL3954717,7.54,CHEMBL4282,29.0,NC(=O)c1c(N)ncnc1N1CCC(c2nc(-c3ccc(F)c(OC(F)F)c3)cn2CCN2CCC2)CC1
CHEMBL3948232,5.24,CHEMBL4282,5800.0,NC(=O)c1c(N)ncnc1N1CCC(c2nc(-c3cc[nH]c(=O)c3)cn2CCN2CCC2)CC1
CHEMBL3920410,6.38,CHEMBL4282,420.0,Cc1ccc(-c2cn(CCN3CCC3)c(C3CCN(c4ncnc(N)c4C(N)=O)CC3)n2)cc1C(F)(F)F
CHEMBL3913252,6.35,CHEMBL4282,450.0,CCc1cc(-c2cn(CCN3CCC3)c(C3CCN(c4ncnc(N)c4C(N)=O)CC3)n2)ccn1
CHEMBL3941240,7.21,CHEMBL4282,61.0,NC(=O)c1c(N)ncnc1N1CCC(c2nc(-c3ccnc(C4CC4)c3)cn2CCN2CCC2)CC1
CHEMBL3918747,6.77,CHEMBL4282,170.0,CC(C)(C)c1cc(-c2cn(CCN3CCC3)c(C3CCN(c4ncnc(N)c4C(N)=O)CC3)n2)ccn1
CHEMBL3922125,5.62,CHEMBL4282,2400.0,Cc1ccc(-c2cn(CCN3CCC3)c(C3CCN(c4ncnc(N)c4C(N)=O)CC3)n2)cc1F
CHEMBL3899515,4.89,CHEMBL4282,13000.0,COc1ccc(-c2cn(CCN3CCC3)c(C3CCN(c4ncnc(N)c4C(N)=O)CC3)n2)cc1F
CHEMBL3927542,6.66,CHEMBL4282,220.0,Cc1ccc(-c2cn(CCN3CCC3)c(C3CCN(c4ncnc(N)c4C(N)=O)CC3)n2)cc1Cl
CHEMBL3912088,6.0,CHEMBL4282,990.0,COc1ccc(-c2cn(CCN3CCC3)c(C3CCN(c4ncnc(N)c4C(N)=O)CC3)n2)cc1Cl
CHEMBL3977710,7.5,CHEMBL4282,32.0,Cc1cc(-c2cn(CCN(C)C)c(C3CCN(c4ncnc(N)c4C(N)=O)CC3)n2)ccc1F
CHEMBL3976090,7.26,CHEMBL4282,55.0,CCN(CC)CCn1cc(-c2ccc(F)c(C)c2)nc1C1CCN(c2ncnc(N)c2C(N)=O)CC1
CHEMBL3905309,8.0,CHEMBL4282,10.0,Cc1cc(-c2cn(CCN3CCCC3)c(C3CCN(c4ncnc(N)c4C(N)=O)CC3)n2)ccc1F
CHEMBL3908761,7.32,CHEMBL4282,48.0,CCN(CCn1cc(-c2ccc(F)c(C)c2)nc1C1CCN(c2ncnc(N)c2C(N)=O)CC1)C(C)C
CHEMBL3982217,5.24,CHEMBL4282,5700.0,CCc1c(N)ncnc1N1CCC(c2nc(-c3cnc(N(C)C)nc3)cn2CCN2CCC2)CC1
CHEMBL3905622,6.85,CHEMBL4282,140.0,N#Cc1c(N)ncnc1N1CCC(c2nc(-c3ccccc3F)cn2CCN2CCC2)CC1
CHEMBL3894291,7.1,CHEMBL4282,80.0,CS(=O)(=O)c1cccc(-c2cn(CCN3CCC3)c(C3CCN(c4ncnc(N)c4C#N)CC3)n2)c1
CHEMBL3890873,6.25,CHEMBL4282,560.0,CS(=O)(=O)c1cccc(-c2cn(CCN3CCC3)c(C3CCN(c4ncnc(N)c4C(N)=O)CC3)n2)c1
CHEMBL3913464,6.89,CHEMBL4282,130.0,N#Cc1c(N)ncnc1N1CCC(c2nc(-c3ccc(F)c(C(F)(F)F)c3)cn2CCO)CC1
CHEMBL3983282,8.8,CHEMBL4282,1.6,N#Cc1c(N)ncnc1N1CCC(c2nc(-c3ccc(F)c(C(F)(F)F)c3)cn2CCNCC2CC2)CC1
CHEMBL3900963,7.92,CHEMBL4282,12.0,NC(=O)c1c(N)ncnc1N1CCC(c2nc(-c3ccc(F)c(C(F)(F)F)c3)cn2CCNCC2CC2)CC1
CHEMBL3909180,8.57,CHEMBL4282,2.7,CC(C)N(C)CCn1cc(-c2ccc(F)c(C(F)(F)F)c2)nc1C1CCN(c2ncnc(N)c2C#N)CC1
CHEMBL3976678,7.96,CHEMBL4282,11.0,CC(C)N(C)CCn1cc(-c2ccc(F)c(C(F)(F)F)c2)nc1C1CCN(c2ncnc(N)c2C(N)=O)CC1
CHEMBL3912087,7.12,CHEMBL4282,76.0,CN(C)CCN(C)CCn1cc(-c2ccc(F)c(C(F)(F)F)c2)nc1C1CCN(c2ncnc(N)c2C#N)CC1
CHEMBL3974022,7.58,CHEMBL4282,26.0,COCCN(C)CCn1cc(-c2ccc(F)c(C(F)(F)F)c2)nc1C1CCN(c2ncnc(N)c2C#N)CC1
CHEMBL3903066,8.6,CHEMBL4282,2.5,COCCNCCn1cc(-c2ccc(F)c(C(F)(F)F)c2)nc1C1CCN(c2ncnc(N)c2C#N)CC1
CHEMBL3963052,6.14,CHEMBL4282,730.0,CN(C)CCN(C)CCn1cc(-c2ccc(F)c(C(F)(F)F)c2)nc1C1CCN(c2ncnc(N)c2C(N)=O)CC1
CHEMBL3897576,6.36,CHEMBL4282,440.0,COCCN(C)CCn1cc(-c2ccc(F)c(C(F)(F)F)c2)nc1C1CCN(c2ncnc(N)c2C(N)=O)CC1
CHEMBL3957688,7.17,CHEMBL4282,67.0,COCCNCCn1cc(-c2ccc(F)c(C(F)(F)F)c2)nc1C1CCN(c2ncnc(N)c2C(N)=O)CC1
CHEMBL3986416,6.12,CHEMBL4282,760.0,CN(CCn1cc(-c2ccc(F)c(C(F)(F)F)c2)nc1C1CCN(c2ncnc(N)c2C(N)=O)CC1)Cc1ccccc1
CHEMBL3924599,8.27,CHEMBL4282,5.4,CC(C)NCCn1cc(-c2ccc(F)c(C(F)(F)F)c2)nc1C1CCN(c2ncnc(N)c2C#N)CC1
CHEMBL3919834,8.6,CHEMBL4282,2.5,CC(C)NCCn1cc(-c2ccc(F)c(C(F)(F)F)c2)nc1C1CCN(c2ncnc(N)c2C(N)=O)CC1
CHEMBL3917106,7.07,CHEMBL4282,85.0,COCC(C)NCCn1cc(-c2ccc(F)c(C(F)(F)F)c2)nc1C1CCN(c2ncnc(N)c2C(N)=O)CC1
CHEMBL3980521,9.15,CHEMBL4282,0.7,CC(C)CNCCn1cc(-c2ccc(F)c(C(F)(F)F)c2)nc1C1CCN(c2ncnc(N)c2C#N)CC1
CHEMBL3919344,7.92,CHEMBL4282,12.0,CC(C)CNCCn1cc(-c2ccc(F)c(C(F)(F)F)c2)nc1C1CCN(c2ncnc(N)c2C(N)=O)CC1
CHEMBL3894849,8.82,CHEMBL4282,1.5,CNCCn1cc(-c2ccc(F)c(C(F)(F)F)c2)nc1C1CCN(c2ncnc(N)c2C#N)CC1
CHEMBL3895898,8.72,CHEMBL4282,1.9,CC(C)(C)NCCn1cc(-c2ccc(F)c(C(F)(F)F)c2)nc1C1CCN(c2ncnc(N)c2C#N)CC1
CHEMBL3967166,7.48,CHEMBL4282,33.0,CNCCn1cc(-c2ccc(F)c(C(F)(F)F)c2)nc1C1CCN(c2ncnc(N)c2C(N)=O)CC1
CHEMBL3904852,8.01,CHEMBL4282,9.7,CC(C)(C)NCCn1cc(-c2ccc(F)c(C(F)(F)F)c2)nc1C1CCN(c2ncnc(N)c2C(N)=O)CC1
CHEMBL3972479,8.64,CHEMBL4282,2.3,Cc1cc(-c2cn(CCNCC3CC3)c(C3CCN(c4ncnc(N)c4C#N)CC3)n2)ccc1F
CHEMBL3963056,8.57,CHEMBL4282,2.7,Cc1cc(-c2cn(CCN(C)C(C)C)c(C3CCN(c4ncnc(N)c4C#N)CC3)n2)ccc1F
CHEMBL3890076,8.54,CHEMBL4282,2.9,Cc1cc(-c2cn(CCNC(C)C)c(C3CCN(c4ncnc(N)c4C#N)CC3)n2)ccc1F
CHEMBL3960355,9.1,CHEMBL4282,0.8,N#Cc1c(N)ncnc1N1CCC(c2nc(-c3ccc(F)c(C(F)(F)F)c3)cn2CCNC2CCCC2)CC1
CHEMBL3891300,8.37,CHEMBL4282,4.3,CCC(C)(C)NCCn1cc(-c2ccc(F)c(C(F)(F)F)c2)nc1C1CCN(c2ncnc(N)c2C#N)CC1
CHEMBL3974713,8.08,CHEMBL4282,8.4,Cc1cc(-c2cn(CCNCC3CC3)c(C3CCN(c4ncnc(N)c4C(N)=O)CC3)n2)ccc1F
CHEMBL3900331,6.36,CHEMBL4282,440.0,Cc1cc(-c2cn(CCO)c(C3CCN(c4ncnc(N)c4C#N)CC3)n2)ccc1F
CHEMBL3946371,7.38,CHEMBL4282,42.0,Cc1cc(-c2cn(CCN(C)C(C)C)c(C3CCN(c4ncnc(N)c4C(N)=O)CC3)n2)ccc1F
CHEMBL3975681,7.82,CHEMBL4282,15.0,Cc1cc(-c2cn(CCNC(C)C)c(C3CCN(c4ncnc(N)c4C(N)=O)CC3)n2)ccc1F
CHEMBL3951639,8.08,CHEMBL4282,8.4,NC(=O)c1c(N)ncnc1N1CCC(c2nc(-c3ccc(F)c(C(F)(F)F)c3)cn2CCNC2CCCC2)CC1
CHEMBL3983708,7.89,CHEMBL4282,13.0,CCC(C)(C)NCCn1cc(-c2ccc(F)c(C(F)(F)F)c2)nc1C1CCN(c2ncnc(N)c2C(N)=O)CC1
CHEMBL3927358,9.15,CHEMBL4282,0.7,Cc1cc(-c2cn(CCNC3CCCC3)c(C3CCN(c4ncnc(N)c4C#N)CC3)n2)ccc1F
CHEMBL3954981,8.85,CHEMBL4282,1.4,Cc1cc(-c2cn(CCNCC(C)C)c(C3CCN(c4ncnc(N)c4C#N)CC3)n2)ccc1F
CHEMBL3934916,8.25,CHEMBL4282,5.6,Cc1cc(-c2cn(CCNC3CCCC3)c(C3CCN(c4ncnc(N)c4C(N)=O)CC3)n2)ccc1F
CHEMBL3974261,7.89,CHEMBL4282,13.0,Cc1cc(-c2cn(CCNCC(C)C)c(C3CCN(c4ncnc(N)c4C(N)=O)CC3)n2)ccc1F
CHEMBL3897830,7.33,CHEMBL4282,47.0,Cc1cc(-c2cn(CCO)c(C3CCN(c4ncnc(N)c4C(N)=O)CC3)n2)ccc1F
CHEMBL3969016,8.77,CHEMBL4282,1.7,CNCCn1cc(-c2ccc(F)c(C)c2)nc1C1CCN(c2ncnc(N)c2C#N)CC1
CHEMBL3949232,6.75,CHEMBL4282,180.0,NC(=O)c1c(N)ncnc1N1CCC(c2nc(-c3ccc(F)c(C(F)(F)F)c3)cn2CCO)CC1
CHEMBL3924930,6.47,CHEMBL4282,340.0,CCOc1c(N)ncnc1N1CCC(c2nc(-c3ccc(F)c(C)c3)cn2CCO)CC1
CHEMBL3940462,7.8,CHEMBL4282,16.0,CNCCn1cc(-c2ccc(F)c(C)c2)nc1C1CCN(c2ncnc(N)c2C(N)=O)CC1
CHEMBL3912471,8.82,CHEMBL4282,1.5,CCOc1c(N)ncnc1N1CCC(c2nc(-c3ccc(F)c(C(F)(F)F)c3)cn2CCNC(C)C)CC1
CHEMBL3974777,7.25,CHEMBL4282,56.0,Cc1cc(-c2cn(CC3CN(CO)C3)c(C3CCN(c4ncnc(N)c4C(C)C)CC3)n2)ccc1F
CHEMBL3936990,9.52,CHEMBL4282,0.3,CCc1c(N)ncnc1N1CCC(c2nc(-c3ccc(F)c(C)c3)cn2CC2CN(C)C2)CC1
CHEMBL3908126,8.66,CHEMBL4282,2.2,O=C(Nc1csc(-c2nncn2C2CC2)n1)c1cc(-n2cnc(C3CC3)c2)c(N2CC(C(F)F)C2)cn1
CHEMBL3975211,9.05,CHEMBL4282,0.9,N#CC1CN(c2cnc(C(=O)Nc3csc(-c4nncn4C4CC4)n3)cc2-n2cnc(C3CC3)c2)C1
CHEMBL3935565,8.72,CHEMBL4282,1.9,CC1(C#N)CN(c2cnc(C(=O)Nc3csc(-c4nncn4C4CC4)n3)cc2-n2cnc(C3CC3)c2)C1
CHEMBL3905950,8.74,CHEMBL4282,1.8,COC1(C)CN(c2cnc(C(=O)Nc3csc(-c4nncn4C4CC4)n3)cc2-n2cnc(C3CC3)c2)C1
CHEMBL3957940,8.55,CHEMBL4282,2.8,O=C(Nc1csc(-c2nncn2C2CC2)n1)c1cc(-n2cnc(C3CC3)c2)c(N2CC(F)(F)C2)cn1
CHEMBL3895494,8.55,CHEMBL4282,2.8,COC1CCN(c2cnc(C(=O)Nc3csc(-c4nncn4C4CC4)n3)cc2-n2cnc(C3CC3)c2)C1
CHEMBL3924518,8.49,CHEMBL4282,3.2,O=C(Nc1csc(-c2nncn2C2CC2)n1)c1cc(-n2cnc(C3CC3)c2)c(N2CCC(C(F)(F)F)CC2)cn1
CHEMBL3920406,8.6,CHEMBL4282,2.5,O=C(Nc1csc(-c2nncn2C2CC2)n1)c1cc(-n2cnc(C3CC3)c2)c(N2CCC(F)CC2)cn1
CHEMBL3898363,8.66,CHEMBL4282,2.2,N#CC1CCN(c2cnc(C(=O)Nc3csc(-c4nncn4C4CC4)n3)cc2-n2cnc(C3CC3)c2)CC1
CHEMBL3943452,8.49,CHEMBL4282,3.2,COC1CCN(c2cnc(C(=O)Nc3csc(-c4nncn4C4CC4)n3)cc2-n2cnc(C3CC3)c2)CC1
CHEMBL3969572,9.4,CHEMBL4282,0.4,CNC(=O)C1CCN(c2cnc(C(=O)Nc3csc(-c4nncn4C4CC4)n3)cc2-n2cnc(C3CC3)c2)CC1
CHEMBL3981380,7.85,CHEMBL4282,14.2,COC1(C)CCN(c2cnc(C(=O)Nc3csc(-c4nncn4C4CC4)n3)cc2-n2cnc(C3CC3)c2)CC1
CHEMBL3953443,8.54,CHEMBL4282,2.9,O=C(Nc1csc(-c2nncn2C2CC2)n1)c1cc(-n2cnc(C3CC3)c2)c(N2CCN(CC(F)(F)F)CC2)cn1
CHEMBL3893943,8.42,CHEMBL4282,3.8,O=C(Nc1csc(-c2nncn2C2CC2)n1)c1cc(-n2cnc(C3CC3)c2)c(N2CCCOCC2)cn1
CHEMBL3964706,8.57,CHEMBL4282,2.7,O=C(Nc1csc(-c2nncn2C2CC2)n1)c1cc(-n2cnc(C3CC3)c2)c(N2CCN3CCCC3C2)cn1
CHEMBL3963748,8.57,CHEMBL4282,2.7,O=C(Nc1csc(-c2nncn2C2CC2)n1)c1cc(-n2cnc(C3CC3)c2)c(N2CCN3C(=O)OCC3C2)cn1
CHEMBL3922577,8.96,CHEMBL4282,1.1,O=C(Nc1csc(-c2nncn2C2CC2)n1)c1cc(-n2cnc(C3CC3)c2)c(N2CC3CC3C2)cn1
CHEMBL3986247,8.64,CHEMBL4282,2.3,O=C(Nc1csc(-c2nncn2C2CC2)n1)c1cc(-n2cnc(C3CC3)c2)c(N2CC(N3CCOCC3)C2)cn1
CHEMBL3954180,8.55,CHEMBL4282,2.8,O=C(Nc1csc(-c2nncn2C2CC2)n1)c1cc(-n2cnc(C3CC3)c2)c(N2CCN(C3CC3)CC2)cn1
CHEMBL3978053,8.6,CHEMBL4282,2.5,O=C(Nc1csc(-c2nncn2C2CC2)n1)c1cc(-n2cnc(C3CC3)c2)c(N2CCN(CC3CC3)CC2)cn1
CHEMBL3948895,8.72,CHEMBL4282,1.9,O=C(Nc1csc(-c2nncn2C2CC2)n1)c1cc(-n2cnc(C3CC3)c2)c(N2CCC3(CC2)COC3)cn1
CHEMBL3973753,8.35,CHEMBL4282,4.5,O=C(Nc1csc(-c2nncn2C2CC2)n1)c1cc(-n2cnc(C3CC3)c2)c(N2CC3(CCOCC3)C2)cn1
CHEMBL3946920,8.7,CHEMBL4282,2.0,COCC1CN(c2cnc(C(=O)Nc3csc(-c4nncn4[C@@H](C)C(F)(F)F)n3)cc2-n2cnc(C3CC3)c2)C1
CHEMBL3893968,8.85,CHEMBL4282,1.4,C[C@H](n1cnnc1-c1nc(NC(=O)c2cc(-n3cnc(C4CC4)c3)c(N3CC(C)(C#N)C3)cn2)cs1)C(F)(F)F
CHEMBL3953748,8.7,CHEMBL4282,2.0,COC1(C)CN(c2cnc(C(=O)Nc3csc(-c4nncn4[C@@H](C)C(F)(F)F)n3)cc2-n2cnc(C3CC3)c2)C1
CHEMBL3930015,8.77,CHEMBL4282,1.7,C[C@H](n1cnnc1-c1nc(NC(=O)c2cc(-n3cnc(C4CC4)c3)c(N3CC(C(F)F)C3)cn2)cs1)C(F)(F)F
CHEMBL3961734,8.68,CHEMBL4282,2.1,C[C@H](n1cnnc1-c1nc(NC(=O)c2cc(-n3cnc(C4CC4)c3)c(N3CCC(F)(F)C3)cn2)cs1)C(F)(F)F
CHEMBL3909615,8.72,CHEMBL4282,1.9,COC1CCN(c2cnc(C(=O)Nc3csc(-c4nncn4[C@@H](C)C(F)(F)F)n3)cc2-n2cnc(C3CC3)c2)C1
CHEMBL3917308,8.77,CHEMBL4282,1.7,C[C@H](n1cnnc1-c1nc(NC(=O)c2cc(-n3cnc(C4CC4)c3)c(N3CCC(C#N)CC3)cn2)cs1)C(F)(F)F
CHEMBL3904498,8.64,CHEMBL4282,2.3,COC1CCN(c2cnc(C(=O)Nc3csc(-c4nncn4[C@@H](C)C(F)(F)F)n3)cc2-n2cnc(C3CC3)c2)CC1
CHEMBL3908356,8.64,CHEMBL4282,2.3,CNC(=O)C1CCN(c2cnc(C(=O)Nc3csc(-c4nncn4[C@@H](C)C(F)(F)F)n3)cc2-n2cnc(C3CC3)c2)CC1
CHEMBL3976987,8.82,CHEMBL4282,1.5,C[C@H](n1cnnc1-c1nc(NC(=O)c2cc(-n3cnc(C4CC4)c3)c(N3CCC(C(F)(F)F)CC3)cn2)cs1)C(F)(F)F
CHEMBL3902880,8.92,CHEMBL4282,1.2,C[C@H](n1cnnc1-c1nc(NC(=O)c2cc(-n3cnc(C4CC4)c3)c(N3CCN(CC(F)(F)F)CC3)cn2)cs1)C(F)(F)F
CHEMBL3962884,8.77,CHEMBL4282,1.7,C[C@H](n1cnnc1-c1nc(NC(=O)c2cc(-n3cnc(C4CC4)c3)c(N3CCC(F)CC3)cn2)cs1)C(F)(F)F
CHEMBL3893936,8.66,CHEMBL4282,2.2,COC1(C)CCN(c2cnc(C(=O)Nc3csc(-c4nncn4[C@@H](C)C(F)(F)F)n3)cc2-n2cnc(C3CC3)c2)CC1
CHEMBL3954144,8.72,CHEMBL4282,1.9,C[C@H](n1cnnc1-c1nc(NC(=O)c2cc(-n3cnc(C4CC4)c3)c(N3CCCOCC3)cn2)cs1)C(F)(F)F
CHEMBL3979677,8.74,CHEMBL4282,1.8,C[C@H](n1cnnc1-c1nc(NC(=O)c2cc(-n3cnc(C4CC4)c3)c(N3CCN4CCCC4C3)cn2)cs1)C(F)(F)F
CHEMBL3899813,8.62,CHEMBL4282,2.4,C[C@H](n1cnnc1-c1nc(NC(=O)c2cc(-n3cnc(C4CC4)c3)c(N3CC4CN(C)CC4C3)cn2)cs1)C(F)(F)F
CHEMBL3926976,8.64,CHEMBL4282,2.3,C[C@H](n1cnnc1-c1nc(NC(=O)c2cc(-n3cnc(C4CC4)c3)c(N3CCN4C(=O)OCC4C3)cn2)cs1)C(F)(F)F
CHEMBL3953359,8.66,CHEMBL4282,2.2,C[C@H](n1cnnc1-c1nc(NC(=O)c2cc(-n3cnc(C4CC4)c3)c(N3CC4CC4C3)cn2)cs1)C(F)(F)F
CHEMBL3924482,8.72,CHEMBL4282,1.9,C[C@H](n1cnnc1-c1nc(NC(=O)c2cc(-n3cnc(C4CC4)c3)c(N3CC(N4CCOCC4)C3)cn2)cs1)C(F)(F)F
CHEMBL3925596,8.74,CHEMBL4282,1.8,C[C@H](n1cnnc1-c1nc(NC(=O)c2cc(-n3cnc(C4CC4)c3)c(N3CCN(C4CC4)CC3)cn2)cs1)C(F)(F)F
CHEMBL3897512,8.74,CHEMBL4282,1.8,C[C@H](n1cnnc1-c1nc(NC(=O)c2cc(-n3cnc(C4CC4)c3)c(N3CCN(CC4CC4)CC3)cn2)cs1)C(F)(F)F
CHEMBL3961404,8.68,CHEMBL4282,2.1,C[C@H](n1cnnc1-c1nc(NC(=O)c2cc(-n3cnc(C4CC4)c3)c(N3CCC4(CC3)COC4)cn2)cs1)C(F)(F)F
CHEMBL3903012,8.59,CHEMBL4282,2.6,C[C@H](n1cnnc1-c1nc(NC(=O)c2cc(-n3cnc(C4CC4)c3)c(N3CC4(CCOCC4)C3)cn2)cs1)C(F)(F)F
CHEMBL3982161,5.8,CHEMBL4282,1600.0,NC1(c2ccc(-c3nc4c(O)nccn4c3-c3ccccc3)cc2)CCC1
CHEMBL3944710,7.21,CHEMBL4282,61.0,Cc1cn2c(-c3ccccc3)c(-c3ccc(C4(N)CCC4)cc3)nc2c(C)n1
CHEMBL3977365,7.66,CHEMBL4282,22.0,COc1nc(Br)cn2c(-c3ccccc3)c(-c3ccc(C4(N)CCC4)cc3)nc12
CHEMBL3895917,6.96,CHEMBL4282,110.0,CCc1cn2c(-c3ccccc3)c(-c3ccc(C4(N)CCC4)cc3)nc2c(OC)n1
CHEMBL3968885,7.0,CHEMBL4282,100.0,CCOC(=O)c1cn2c(-c3ccccc3)c(-c3ccc(C4(N)CCC4)cc3)nc2cn1
CHEMBL3932688,6.96,CHEMBL4282,110.0,NC(=O)c1cn2c(-c3ccccc3)c(-c3ccc(C4(N)CCC4)cc3)nc2cn1
CHEMBL3956697,7.19,CHEMBL4282,64.0,COC(=O)c1cn2c(-c3ccccc3)c(-c3ccc(C4(N)CCC4)cc3)nc2c(OC)n1
CHEMBL3931748,7.54,CHEMBL4282,29.0,COc1nc(C(N)=O)cn2c(-c3ccccc3)c(-c3ccc(C4(N)CCC4)cc3)nc12
CHEMBL603852,6.41,CHEMBL4282,390.0,CC1=NN(C(=O)c2ccc(Cl)cc2)C(=O)C1/N=N/c1ccc(S(=O)(=O)Nc2ncccn2)cc1
CHEMBL1994702,5.75,CHEMBL4282,1790.0,NS(=O)(=O)c1nnc(NS(=O)(=O)c2cccc3cccnc23)s1
CHEMBL3931875,5.34,CHEMBL4282,4580.0,CC1=NN(C(=O)c2ccc(Cl)cc2)C(=O)C1/N=N/c1ccc(S(=O)(=O)Nc2nnc(C)s2)cc1
CHEMBL3912759,5.2,CHEMBL4282,6270.0,COc1cc(NS(=O)(=O)c2ccc(NS(=O)(=O)c3c(C)noc3C)cc2)nc(OC)n1
CHEMBL603852,4.62,CHEMBL4282,24000.0,CC1=NN(C(=O)c2ccc(Cl)cc2)C(=O)C1/N=N/c1ccc(S(=O)(=O)Nc2ncccn2)cc1
CHEMBL1994702,4.3,CHEMBL4282,50000.0,NS(=O)(=O)c1nnc(NS(=O)(=O)c2cccc3cccnc23)s1
CHEMBL3931875,5.3,CHEMBL4282,5000.0,CC1=NN(C(=O)c2ccc(Cl)cc2)C(=O)C1/N=N/c1ccc(S(=O)(=O)Nc2nnc(C)s2)cc1
CHEMBL3912759,6.0,CHEMBL4282,1000.0,COc1cc(NS(=O)(=O)c2ccc(NS(=O)(=O)c3c(C)noc3C)cc2)nc(OC)n1
CHEMBL286737,4.7,CHEMBL4282,20000.0,Nc1ccc(S(=O)(=O)Nc2nncs2)cc1
CHEMBL1733315,4.3,CHEMBL4282,50000.0,O=C(Nc1ccccc1)c1ccccc1NC(=O)c1ccccc1C(=O)O
CHEMBL3985551,4.6,CHEMBL4282,25000.0,CCOc1ccccc1C(=O)Nc1ccccc1C(=O)O
CHEMBL3987198,4.3,CHEMBL4282,50000.0,COc1cc(NS(=O)(=O)c2ccc(Nc3ccco3)cc2)nc(OC)n1
CHEMBL1533790,4.3,CHEMBL4282,50000.0,COc1cc(NS(=O)(=O)c2ccc(NC(=O)c3ccco3)cc2)nc(OC)n1
CHEMBL1349361,4.3,CHEMBL4282,50000.0,COc1cc(NS(=O)(=O)c2ccc(NC(C)=O)cc2)nc(OC)n1
CHEMBL595786,4.6,CHEMBL4282,25000.0,Cc1nnc(NS(=O)(=O)c2ccc(NS(=O)(=O)c3ccc4ccccc4c3)cc2)s1
CHEMBL3910424,4.3,CHEMBL4282,50000.0,Nc1ccc(S(=O)(=O)Nc2ccc(S(=O)(=O)Nc3nnc(S(N)(=O)=O)s3)cc2)cc1
CHEMBL286737,4.82,CHEMBL4282,15130.0,Nc1ccc(S(=O)(=O)Nc2nncs2)cc1
CHEMBL595582,4.99,CHEMBL4282,10230.0,CCCCCCCCCC(=O)Nc1ccc(S(=O)(=O)Nc2nncs2)cc1
CHEMBL593946,4.99,CHEMBL4282,10230.0,CC(=O)Nc1ccc(S(=O)(=O)Nc2nncs2)cc1
CHEMBL611216,4.69,CHEMBL4282,20410.0,COCCOCCOCC(=O)Nc1ccc(S(=O)(=O)Nc2nncs2)cc1
CHEMBL595583,4.87,CHEMBL4282,13490.0,CCCCCCCCCCCCc1ccc(S(=O)(=O)Nc2nncs2)cc1
CHEMBL286737,6.35,CHEMBL4282,450.0,Nc1ccc(S(=O)(=O)Nc2nncs2)cc1
CHEMBL595582,4.71,CHEMBL4282,19600.0,CCCCCCCCCC(=O)Nc1ccc(S(=O)(=O)Nc2nncs2)cc1
CHEMBL595583,4.39,CHEMBL4282,40800.0,CCCCCCCCCCCCc1ccc(S(=O)(=O)Nc2nncs2)cc1
CHEMBL595582,4.66,CHEMBL4282,21800.0,CCCCCCCCCC(=O)Nc1ccc(S(=O)(=O)Nc2nncs2)cc1
CHEMBL595583,5.62,CHEMBL4282,2400.0,CCCCCCCCCCCCc1ccc(S(=O)(=O)Nc2nncs2)cc1
CHEMBL286737,4.7,CHEMBL4282,20000.0,Nc1ccc(S(=O)(=O)Nc2nncs2)cc1
CHEMBL286737,4.6,CHEMBL4282,25000.0,Nc1ccc(S(=O)(=O)Nc2nncs2)cc1
CHEMBL595582,5.0,CHEMBL4282,10000.0,CCCCCCCCCC(=O)Nc1ccc(S(=O)(=O)Nc2nncs2)cc1
CHEMBL595582,4.82,CHEMBL4282,15000.0,CCCCCCCCCC(=O)Nc1ccc(S(=O)(=O)Nc2nncs2)cc1
CHEMBL595583,5.2,CHEMBL4282,6300.0,CCCCCCCCCCCCc1ccc(S(=O)(=O)Nc2nncs2)cc1
CHEMBL595583,5.0,CHEMBL4282,10000.0,CCCCCCCCCCCCc1ccc(S(=O)(=O)Nc2nncs2)cc1
CHEMBL595583,4.87,CHEMBL4282,13490.0,CCCCCCCCCCCCc1ccc(S(=O)(=O)Nc2nncs2)cc1
CHEMBL1685052,5.08,CHEMBL4282,8320.0,CCCCCCCCCCCCc1ccc(S(=O)(=O)Nc2nnc(C)s2)cc1
CHEMBL1685053,5.12,CHEMBL4282,7590.0,CCCCCCCCCCCCc1ccc(S(=O)(=O)Nc2nnc(CC)s2)cc1
CHEMBL1685054,5.39,CHEMBL4282,4070.0,CCCCCCCCCCCCc1ccc(S(=O)(=O)Nc2nnc(C(C)(C)C)s2)cc1
CHEMBL1685033,5.22,CHEMBL4282,6030.0,CCc1nnc(NS(=O)(=O)c2ccc(NC(C)=O)cc2)s1
CHEMBL1355299,5.11,CHEMBL4282,7760.0,CCc1nnc(NS(=O)(=O)c2ccc(N)cc2)s1
CHEMBL1685039,5.28,CHEMBL4282,5250.0,CCCCCCCCCC(=O)Nc1ccc(S(=O)(=O)Nc2nnc(CC)s2)cc1
CHEMBL595583,4.39,CHEMBL4282,40800.0,CCCCCCCCCCCCc1ccc(S(=O)(=O)Nc2nncs2)cc1
CHEMBL1685052,4.31,CHEMBL4282,48700.0,CCCCCCCCCCCCc1ccc(S(=O)(=O)Nc2nnc(C)s2)cc1
CHEMBL1685052,4.44,CHEMBL4282,36300.0,CCCCCCCCCCCCc1ccc(S(=O)(=O)Nc2nnc(C)s2)cc1
CHEMBL1685053,4.14,CHEMBL4282,73000.0,CCCCCCCCCCCCc1ccc(S(=O)(=O)Nc2nnc(CC)s2)cc1
CHEMBL1685053,5.1,CHEMBL4282,7900.0,CCCCCCCCCCCCc1ccc(S(=O)(=O)Nc2nnc(CC)s2)cc1
CHEMBL1685055,4.68,CHEMBL4282,20700.0,CCCCCCCCCCCCc1ccc(S(=O)(=O)Nc2nnc(CC(=O)OCC)s2)cc1
CHEMBL1685058,5.34,CHEMBL4282,4600.0,CCCCCCCCCCCCc1ccc(S(=O)(=O)Nc2nnc(S(N)(=O)=O)s2)cc1
CHEMBL1685038,4.33,CHEMBL4282,46700.0,CCCCCCCCCC(=O)Nc1ccc(S(=O)(=O)Nc2nnc(C)s2)cc1
CHEMBL1685044,4.61,CHEMBL4282,24500.0,CCCCCCCCCC(=O)Nc1ccc(S(=O)(=O)Nc2nnc(CO)s2)cc1
CHEMBL1685046,4.62,CHEMBL4282,23700.0,CCCCc1ccc(S(=O)(=O)Nc2nncs2)cc1
CHEMBL1685047,4.72,CHEMBL4282,19100.0,CCCCCCc1ccc(S(=O)(=O)Nc2nncs2)cc1
CHEMBL1685048,4.59,CHEMBL4282,25800.0,CCCCCCCCc1ccc(S(=O)(=O)Nc2nncs2)cc1
CHEMBL1685049,4.23,CHEMBL4282,58900.0,CCCCCCCCCCCCCCc1ccc(S(=O)(=O)Nc2nncs2)cc1
CHEMBL595583,5.62,CHEMBL4282,2400.0,CCCCCCCCCCCCc1ccc(S(=O)(=O)Nc2nncs2)cc1
CHEMBL1685048,5.08,CHEMBL4282,8400.0,CCCCCCCCc1ccc(S(=O)(=O)Nc2nncs2)cc1
CHEMBL1685049,5.17,CHEMBL4282,6700.0,CCCCCCCCCCCCCCc1ccc(S(=O)(=O)Nc2nncs2)cc1
CHEMBL1685050,5.16,CHEMBL4282,6900.0,CCCCCCCCCCCCCCCCc1ccc(S(=O)(=O)Nc2nncs2)cc1
CHEMBL1685051,4.94,CHEMBL4282,11400.0,CCCCCCCCCCCCCCCCCCc1ccc(S(=O)(=O)Nc2nncs2)cc1
CHEMBL3900299,6.58,CHEMBL4282,260.0,CCCCCCCCCCCCCCCC(=O)OCC(COP(=O)(O)OC1[C@H](O)[C@H](OP(=O)(O)O)C(OP(=O)(O)O)[C@H](OP(=O)(O)O)[C@H]1O)OC(=O)CCCCCCCCCCCCCCC
CHEMBL603852,5.92,CHEMBL4282,1200.0,CC1=NN(C(=O)c2ccc(Cl)cc2)C(=O)C1/N=N/c1ccc(S(=O)(=O)Nc2ncccn2)cc1
CHEMBL595581,5.62,CHEMBL4282,2400.0,CC1=NN(C(=O)c2ccccc2)C(=O)C1/N=N/c1ccc(S(=O)(=O)Nc2ncccn2)cc1
CHEMBL594411,5.92,CHEMBL4282,1200.0,CC1=NN(C(=O)c2ccc(C(C)(C)C)cc2)C(=O)C1/N=N/c1ccc(S(=O)(=O)Nc2ncccn2)cc1
CHEMBL594412,5.52,CHEMBL4282,3000.0,CC1=NN(C(=O)c2ccc(N)cc2)C(=O)C1/N=N/c1ccc(S(=O)(=O)Nc2ncccn2)cc1
CHEMBL595347,5.89,CHEMBL4282,1300.0,CC1=NN(C(=O)c2ccc(O)cc2)C(=O)C1/N=N/c1ccc(S(=O)(=O)Nc2ncccn2)cc1
CHEMBL3923074,6.07,CHEMBL4282,850.0,CC1=NN(C(=O)c2ccc(Cl)cc2)C(O)C1/N=N/c1ccc(S(=O)(=O)Nc2ncccn2)cc1
CHEMBL3900299,5.51,CHEMBL4282,3080.0,CCCCCCCCCCCCCCCC(=O)OCC(COP(=O)(O)OC1[C@H](O)[C@H](OP(=O)(O)O)C(OP(=O)(O)O)[C@H](OP(=O)(O)O)[C@H]1O)OC(=O)CCCCCCCCCCCCCCC
CHEMBL603852,6.43,CHEMBL4282,370.0,CC1=NN(C(=O)c2ccc(Cl)cc2)C(=O)C1/N=N/c1ccc(S(=O)(=O)Nc2ncccn2)cc1
CHEMBL595581,5.44,CHEMBL4282,3660.0,CC1=NN(C(=O)c2ccccc2)C(=O)C1/N=N/c1ccc(S(=O)(=O)Nc2ncccn2)cc1
CHEMBL594411,5.86,CHEMBL4282,1370.0,CC1=NN(C(=O)c2ccc(C(C)(C)C)cc2)C(=O)C1/N=N/c1ccc(S(=O)(=O)Nc2ncccn2)cc1
CHEMBL594412,6.29,CHEMBL4282,510.0,CC1=NN(C(=O)c2ccc(N)cc2)C(=O)C1/N=N/c1ccc(S(=O)(=O)Nc2ncccn2)cc1
CHEMBL595347,5.87,CHEMBL4282,1350.0,CC1=NN(C(=O)c2ccc(O)cc2)C(=O)C1/N=N/c1ccc(S(=O)(=O)Nc2ncccn2)cc1
CHEMBL3923074,5.79,CHEMBL4282,1620.0,CC1=NN(C(=O)c2ccc(Cl)cc2)C(O)C1/N=N/c1ccc(S(=O)(=O)Nc2ncccn2)cc1
CHEMBL2325741,5.41,CHEMBL4282,3883.0,NC1(C(=O)N[C@@H](CCO)c2ccc(Cl)cc2)CCN(c2nc[nH]c3nccc2-3)CC1
CHEMBL494089,6.26,CHEMBL4282,554.0,CCn1c(-c2nonc2N)nc2c(C#CC(C)(C)O)ncc(OC[C@H]3CCCNC3)c21
CHEMBL1079175,7.96,CHEMBL4282,11.0,NC1(c2ccc(-c3nc4ccn5c(=O)[nH]nc5c4cc3-c3ccccc3)cc2)CCC1
CHEMBL3137336,6.36,CHEMBL4282,440.0,Cn1ncc(Cl)c1-c1cc(C(=O)N[C@H](CN)Cc2ccc(F)c(F)c2)oc1Cl
CHEMBL2219422,7.2,CHEMBL4282,63.0,Cn1ncc(Cl)c1-c1cc(C(=O)N[C@H](CN)Cc2cccc(F)c2)sc1Cl
CHEMBL4062453,6.22,CHEMBL4282,608.0,CN(C)CCn1cc(-c2ccn3c(-c4ccc(C(N)=O)c(OCc5cccc(F)c5)c4)cnc3c2)cn1
CHEMBL3544960,7.42,CHEMBL4282,38.0,NC[C@@](O)(c1ccc(Cl)cc1)c1ccc(-c2cn[nH]c2)cc1
CHEMBL4071045,5.44,CHEMBL4282,3.62,NC(=O)[C@H](CCCCNC(=S)Nc1ccc(-c2c3ccc(=O)cc-3oc3cc(O)ccc23)c(C(=O)O)c1)NC(=O)CN1C[C@H](Cc2ccccc2)NC(=O)CN(C(=O)CCC(=O)O)C[C@H](CCC(=O)O)NC(=O)CN(C(=O)Cc2ccc3c(c2)OCO3)C[C@H](CCC(=O)O)NC(=O)CN(C(=O)CCC2CCCCC2)C[C@H](Cc2ccccc2)NC(=O)c2ccc(cc2)CSCCC1=O
CHEMBL388978,8.23,CHEMBL4282,5.94,CN[C@@H]1C[C@H]2O[C@@](C)([C@@H]1OC)n1c3ccccc3c3c4c(c5c6ccccc6n2c5c31)C(=O)NC4
CHEMBL4128457,8.52,CHEMBL4282,0.003,C[C@@H]1CC(=O)Nc2ncnc(N3CCC(c4nc(-c5ccc(F)c(C(F)(F)F)c5)cn4CCN4CCCC4)CC3)c21
CHEMBL4129817,7.96,CHEMBL4282,0.011,C[C@@H]1CC(=O)Nc2ncnc(N3CCC(c4nc(C(F)(F)F)cn4CCN4CCCC4)CC3)c21
CHEMBL4126067,8.4,CHEMBL4282,0.004,C[C@@H]1CC(=O)Nc2ncnc(N3CCC(c4nc(C5CCOCC5)cn4CCN4CCCC4)CC3)c21
CHEMBL4129379,8.3,CHEMBL4282,0.005,C[C@@H]1CC(=O)Nc2ncnc(N3CCC(c4nc(CCC(F)(F)F)cn4CCN4CCCC4)CC3)c21
CHEMBL4128457,7.41,CHEMBL4282,0.039,C[C@@H]1CC(=O)Nc2ncnc(N3CCC(c4nc(-c5ccc(F)c(C(F)(F)F)c5)cn4CCN4CCCC4)CC3)c21
CHEMBL4129817,5.61,CHEMBL4282,2.46,C[C@@H]1CC(=O)Nc2ncnc(N3CCC(c4nc(C(F)(F)F)cn4CCN4CCCC4)CC3)c21
CHEMBL4126067,6.64,CHEMBL4282,0.23,C[C@@H]1CC(=O)Nc2ncnc(N3CCC(c4nc(C5CCOCC5)cn4CCN4CCCC4)CC3)c21
CHEMBL4129379,7.04,CHEMBL4282,0.092,C[C@@H]1CC(=O)Nc2ncnc(N3CCC(c4nc(CCC(F)(F)F)cn4CCN4CCCC4)CC3)c21
CHEMBL4163627,8.33,CHEMBL4282,4.7,CCOC(=O)c1c(C)nc(NNC(=O)c2cccc3c(=O)c4ccccc4[nH]c23)nc1-c1ccccc1
CHEMBL4160193,8.09,CHEMBL4282,8.2,CCOC(=O)c1c(C)nc(NNC(=O)c2cccc3c(=O)c4ccccc4[nH]c23)nc1-c1ccccc1F
CHEMBL4159491,6.75,CHEMBL4282,176.0,CCOC(=O)c1c(C)nc(NNC(=O)c2cccc3c(=O)c4ccccc4[nH]c23)nc1-c1ccc(F)cc1
CHEMBL4169791,8.76,CHEMBL4282,1.72,CCOC(=O)c1c(C)nc(NNC(=O)c2cccc3c(=O)c4ccccc4[nH]c23)nc1-c1ccc(OC)cc1
CHEMBL4163164,6.6,CHEMBL4282,251.0,CCOC(=O)c1c(C)nc(NNC(=O)c2cccc3c(=O)c4ccccc4[nH]c23)nc1-c1cccc(OC)c1
CHEMBL4171390,6.94,CHEMBL4282,115.0,CCOC(=O)c1c(C)nc(NNC(=O)c2cccc3c(=O)c4ccccc4[nH]c23)nc1-c1ccc(OC)c(OC)c1
CHEMBL4161273,6.01,CHEMBL4282,980.0,CCOC(=O)c1c(C)nc(NNC(=O)c2cccc3c(=O)c4ccccc4[nH]c23)nc1-c1ccc(C)cc1
CHEMBL4173126,7.92,CHEMBL4282,12.0,CCOC(=O)c1c(C)nc(NNC(=O)c2cccc3c(=O)c4ccccc4[nH]c23)nc1CC(C)C
CHEMBL4172716,7.25,CHEMBL4282,56.0,COC(=O)c1c(C)nc(NNC(=O)c2cccc3c(=O)c4ccccc4[nH]c23)nc1-c1ccccc1
CHEMBL4164809,6.37,CHEMBL4282,432.0,COC(=O)c1c(C)nc(NNC(=O)c2cccc3c(=O)c4ccccc4[nH]c23)nc1-c1ccccc1F
CHEMBL4169321,6.5,CHEMBL4282,313.0,COC(=O)c1c(C)nc(NNC(=O)c2cccc3c(=O)c4ccccc4[nH]c23)nc1-c1ccc(F)cc1
CHEMBL4161394,6.19,CHEMBL4282,640.0,COC(=O)c1c(C)nc(NNC(=O)c2cccc3c(=O)c4ccccc4[nH]c23)nc1-c1ccc(OC)cc1
CHEMBL4170874,6.32,CHEMBL4282,482.0,COC(=O)c1c(C)nc(NNC(=O)c2cccc3c(=O)c4ccccc4[nH]c23)nc1-c1cccc(OC)c1
CHEMBL4160580,6.51,CHEMBL4282,311.0,COC(=O)c1c(C)nc(NNC(=O)c2cccc3c(=O)c4ccccc4[nH]c23)nc1-c1ccc(OC)c(OC)c1
CHEMBL4176130,6.13,CHEMBL4282,738.0,COC(=O)c1c(C)nc(NNC(=O)c2cccc3c(=O)c4ccccc4[nH]c23)nc1-c1ccc(C)cc1
CHEMBL388978,8.42,CHEMBL4282,3.8,CN[C@@H]1C[C@H]2O[C@@](C)([C@@H]1OC)n1c3ccccc3c3c4c(c5c6ccccc6n2c5c31)C(=O)NC4
CHEMBL4170467,4.01,CHEMBL4282,98.33,O=C(CSc1nnc(COc2ccc3c(c2)CCCC3)o1)Nc1nc2ccc(F)cc2s1
CHEMBL4163608,4.56,CHEMBL4282,27.5,COc1ccc2nc(NC(=O)CSc3nnc(COc4ccc5c(c4)CCCC5)o3)sc2c1
CHEMBL494089,4.76,CHEMBL4282,17.33,CCn1c(-c2nonc2N)nc2c(C#CC(C)(C)O)ncc(OC[C@H]3CCCNC3)c21
CHEMBL4217649,5.72,CHEMBL4282,1.9,CCN1CCN(c2ccc(-c3nn(Cc4cn(Cc5ccccc5)nn4)c4nc(NC)ncc34)cn2)CC1
CHEMBL4214539,7.75,CHEMBL4282,18.0,O=C(Cc1ccc(Cl)cc1)N1CCN(c2ncnc3[nH]cc(Br)c23)CC1
CHEMBL4217489,7.45,CHEMBL4282,35.6,COc1ccc(C2(C(=O)N3CCN(c4ncnc5[nH]ccc45)CC3)CCNCC2)cc1
CHEMBL4212569,7.58,CHEMBL4282,26.5,O=C(N1CCN(c2ncnc3[nH]ccc23)CC1)C1(c2ccc(Cl)cc2)CCNCC1
CHEMBL4211584,7.57,CHEMBL4282,27.1,O=C(N1CCN(c2ncnc3[nH]ccc23)CC1)C1(c2ccc(Br)cc2)CCNCC1
CHEMBL4217723,8.25,CHEMBL4282,5.6,O=C(N1CCN(c2ncnc3[nH]cc(Cl)c23)CC1)C1(c2cccc(Br)c2)CCNCC1
CHEMBL4204854,8.72,CHEMBL4282,1.9,O=C(N1CCN(c2ncnc3[nH]cc(Cl)c23)CC1)C1(c2ccc(Cl)cc2)CCNCC1
CHEMBL4202879,8.74,CHEMBL4282,1.8,O=C(N1CCN(c2ncnc3[nH]cc(Cl)c23)CC1)C1(c2ccc(Br)cc2)CCNCC1
CHEMBL4213657,8.54,CHEMBL4282,2.9,O=C(N1CCN(c2ncnc3[nH]cc(Cl)c23)CC1)C1(c2ccc(Cl)c(Cl)c2)CCNCC1
CHEMBL4217841,7.69,CHEMBL4282,20.3,O=C(N1CCN(c2ncnc3[nH]cc(Br)c23)CC1)C1(c2ccccc2)CCNCC1
CHEMBL4212000,8.12,CHEMBL4282,7.6,O=C(N1CCN(c2ncnc3[nH]cc(Br)c23)CC1)C1(c2cccc(Br)c2)CCNCC1
CHEMBL4216977,7.85,CHEMBL4282,14.1,COc1ccc(C2(C(=O)N3CCN(c4ncnc5[nH]cc(Br)c45)CC3)CCNCC2)cc1
CHEMBL4207231,8.82,CHEMBL4282,1.5,O=C(N1CCN(c2ncnc3[nH]cc(Br)c23)CC1)C1(c2ccc(Cl)cc2)CCNCC1
CHEMBL4207643,8.37,CHEMBL4282,4.3,O=C(N1CCN(c2ncnc3[nH]cc(Br)c23)CC1)C1(c2ccc(Cl)c(Cl)c2)CCNCC1
CHEMBL494089,8.77,CHEMBL4282,1.7,CCn1c(-c2nonc2N)nc2c(C#CC(C)(C)O)ncc(OC[C@H]3CCCNC3)c21
CHEMBL388978,7.25,CHEMBL4282,5.6,CN[C@@H]1C[C@H]2O[C@@](C)([C@@H]1OC)n1c3ccccc3c3c4c(c5c6ccccc6n2c5c31)C(=O)NC4
CHEMBL388978,7.92,CHEMBL4282,12.0,CN[C@@H]1C[C@H]2O[C@@](C)([C@@H]1OC)n1c3ccccc3c3c4c(c5c6ccccc6n2c5c31)C(=O)NC4
CHEMBL4293794,4.12,CHEMBL4282,75.2,CCOC(=O)/C=C/c1cc(NS(=O)(=O)c2cccs2)c2c(c1O)OCO2
CHEMBL4284420,7.18,CHEMBL4282,66.6,O=C(N1CCN(c2ncnc3[nH]nc(Cl)c23)CC1)C1(c2ccc(Cl)cc2)CCNCC1
CHEMBL4282775,7.48,CHEMBL4282,32.9,O=C(N1CCN(c2ncnc3[nH]nc(Cl)c23)CC1)C1(c2ccc(Br)cc2)CCNCC1
CHEMBL4285143,7.61,CHEMBL4282,24.3,O=C(N1CCN(c2ncnc3[nH]nc(Cl)c23)CC1)C1(c2ccc(Cl)c(Cl)c2)CCNCC1
CHEMBL4281435,7.57,CHEMBL4282,26.9,O=C(N1CCN(c2ncnc3[nH]nc(Br)c23)CC1)C1(c2ccc(Cl)cc2)CCNCC1
CHEMBL4292059,7.29,CHEMBL4282,51.9,O=C(N1CCN(c2ncnc3[nH]nc(Br)c23)CC1)C1(c2ccc(Br)cc2)CCNCC1
CHEMBL4284849,7.52,CHEMBL4282,30.5,O=C(N1CCN(c2ncnc3[nH]nc(Br)c23)CC1)C1(c2ccc(Cl)c(Cl)c2)CCNCC1
CHEMBL494089,7.67,CHEMBL4282,21.3,CCn1c(-c2nonc2N)nc2c(C#CC(C)(C)O)ncc(OC[C@H]3CCCNC3)c21
CHEMBL4438248,7.99,CHEMBL4282,10.2,Cl.Cn1nccc1-c1ccc(C(=O)N[C@@H]2CNCC[C@H]2c2ccc(Cl)cc2)s1
CHEMBL4454791,8.74,CHEMBL4282,1.8,Cl.Cn1ncc(Cl)c1-c1ccc(C(=O)N[C@@H]2CNCC[C@H]2c2ccc(Cl)cc2)s1
CHEMBL4445702,7.97,CHEMBL4282,10.6,Cl.Cn1nccc1-c1ccc(C(=O)N[C@@H]2CNCC[C@H]2c2cccc(F)c2)s1
CHEMBL4435124,9.0,CHEMBL4282,1.0,Cl.Cn1ncc(Cl)c1-c1ccc(C(=O)N[C@@H]2CNCC[C@H]2c2cccc(F)c2)s1
CHEMBL4444441,8.26,CHEMBL4282,5.46,Cl.Cn1ncc(Br)c1-c1ccc(C(=O)N[C@@H]2CNCC[C@H]2c2cccc(F)c2)s1
CHEMBL4460688,7.19,CHEMBL4282,65.2,Cl.Cn1ncc(Cl)c1-c1ccc(C(=O)N[C@@H]2CNCC[C@H]2c2ccc(Cl)c(C(F)(F)F)c2)s1
CHEMBL4579551,8.05,CHEMBL4282,9.0,Cc1cnn(C)c1-c1ccc(C(=O)N[C@@H]2CNCC[C@H]2c2cccc(F)c2)s1.Cl
CHEMBL4467970,7.33,CHEMBL4282,46.9,C=Cc1cnn(C)c1-c1ccc(C(=O)N[C@@H]2CNCC[C@H]2c2cccc(F)c2)s1.Cl
CHEMBL4554198,7.31,CHEMBL4282,48.9,CCc1cnn(C)c1-c1ccc(C(=O)N[C@@H]2CNCC[C@H]2c2cccc(F)c2)s1.Cl
CHEMBL4461200,7.0,CHEMBL4282,101.0,Cl.Cn1ncc(C(=O)O)c1-c1ccc(C(=O)N[C@@H]2CNCC[C@H]2c2cccc(F)c2)s1
CHEMBL4455194,7.21,CHEMBL4282,62.2,Cl.Cn1ncc(CO)c1-c1ccc(C(=O)N[C@@H]2CNCC[C@H]2c2cccc(F)c2)s1
CHEMBL4526242,7.15,CHEMBL4282,70.4,Cl.Cn1ncc(-c2ccccc2)c1-c1ccc(C(=O)N[C@@H]2CNCC[C@H]2c2cccc(F)c2)s1
CHEMBL4577134,7.0,CHEMBL4282,99.9,Cl.Cn1ncc(-c2ccncc2)c1-c1ccc(C(=O)N[C@@H]2CNCC[C@H]2c2cccc(F)c2)s1
CHEMBL3137336,8.02,CHEMBL4282,9.6,Cn1ncc(Cl)c1-c1cc(C(=O)N[C@H](CN)Cc2ccc(F)c(F)c2)oc1Cl
CHEMBL2219422,7.77,CHEMBL4282,16.9,Cn1ncc(Cl)c1-c1cc(C(=O)N[C@H](CN)Cc2cccc(F)c2)sc1Cl
CHEMBL4442226,7.86,CHEMBL4282,13.7,Cn1ncc(Cl)c1-c1csc(C(=O)N[C@@H]2CNCC[C@H]2c2ccc(Cl)cc2)c1
CHEMBL4451854,8.9,CHEMBL4282,1.26,Cl.Cn1ncc(Cl)c1-c1csc(C(=O)N[C@@H]2CNCC[C@H]2c2cccc(F)c2)c1
CHEMBL4545734,7.45,CHEMBL4282,35.3,Cl.Cn1ncc(Cl)c1-c1csc(C(=O)N[C@@H]2CNCC[C@H]2c2ccc(Cl)c(C(F)(F)F)c2)c1
CHEMBL2219422,10.1,CHEMBL4282,0.08,Cn1ncc(Cl)c1-c1cc(C(=O)N[C@H](CN)Cc2cccc(F)c2)sc1Cl
CHEMBL4515689,6.99,CHEMBL4282,102.0,Cn1ncc(Cl)c1-c1cc(C(=O)N[C@@H]2CNCC[C@H]2c2cccc(F)c2)sc1Cl
CHEMBL388978,8.15,CHEMBL4282,7.04,CN[C@@H]1C[C@H]2O[C@@](C)([C@@H]1OC)n1c3ccccc3c3c4c(c5c6ccccc6n2c5c31)C(=O)NC4
CHEMBL379218,6.75,CHEMBL4282,180.0,Cc1n[nH]c2ccc(-c3cncc(OC[C@@H](N)Cc4ccccc4)c3)cc12
CHEMBL4468352,8.4,CHEMBL4282,4.0,COc1ccc(O)c(C(=O)c2ccc(C(=O)N[C@@H]3CCCNC[C@H]3NC(=O)c3ccncc3)cc2)c1F.Cl.Cl
CHEMBL3805228,7.21,CHEMBL4282,61.0,Cn1ncc(Cl)c1-c1cc(C(=O)NC2(c3ccc(Cl)c(Cl)c3)CCNCC2)oc1Cl
CHEMBL4552655,8.6,CHEMBL4282,2.5,Cn1ncc(Cl)c1-c1cc(C(=O)N[C@@H]2CNCC[C@@H]2c2ccc(F)c(F)c2)oc1Cl
CHEMBL2325741,7.59,CHEMBL4282,25.43,NC1(C(=O)N[C@@H](CCO)c2ccc(Cl)cc2)CCN(c2nc[nH]c3nccc2-3)CC1
CHEMBL4531735,8.47,CHEMBL4282,3.4,CC(=O)OCC[C@@H]1C[C@@H](c2ccc(F)c(F)c2)[C@H](NC(=O)c2cc(-c3c(Cl)cnn3C)c(Cl)o2)CN1
CHEMBL4460525,8.6,CHEMBL4282,2.49,CC(=O)NCC[C@@H]1C[C@@H](c2ccc(F)c(F)c2)[C@H](NC(=O)c2cc(-c3c(Cl)cnn3C)c(Cl)o2)CN1
CHEMBL4441416,8.48,CHEMBL4282,3.29,Cn1ncc(Cl)c1-c1cc(C(=O)N[C@@H]2CN[C@H](CCNS(C)(=O)=O)C[C@H]2c2ccc(F)c(F)c2)oc1Cl
CHEMBL4440965,8.86,CHEMBL4282,1.37,CNC(=O)C[C@@H]1C[C@@H](c2ccc(F)c(F)c2)[C@H](NC(=O)c2cc(-c3c(Cl)cnn3C)c(Cl)o2)CN1
CHEMBL4567295,8.48,CHEMBL4282,3.31,Cn1ncc(Cl)c1-c1cc(C(=O)N[C@@H]2CN[C@H](CC(O)CO)C[C@H]2c2ccc(F)c(F)c2)oc1Cl
CHEMBL4441825,9.01,CHEMBL4282,0.98,Cn1ncc(Cl)c1-c1cc(C(=O)N[C@@H]2CN[C@H](CCO)C[C@H]2c2ccc(F)c(F)c2)oc1Cl
CHEMBL4593086,8.5,CHEMBL4282,3.13,Cn1ncc(Cl)c1-c1cc(C(=O)N[C@@H]2CN[C@H](CC(=O)NCC(O)CO)C[C@H]2c2ccc(Cl)c(Cl)c2)oc1Cl
CHEMBL4554668,8.85,CHEMBL4282,1.41,Cn1ncc(Cl)c1-c1cc(C(=O)N[C@@H]2CN[C@H](CC(=O)NCCO)C[C@H]2c2ccc(Cl)c(Cl)c2)oc1Cl
CHEMBL4447158,8.1,CHEMBL4282,7.98,Cn1ncc(Cl)c1-c1cc(C(=O)N[C@@H]2CN[C@H](CC(=O)NC3CCC3)C[C@H]2c2ccc(Cl)c(Cl)c2)oc1Cl
CHEMBL4589576,8.4,CHEMBL4282,3.95,Cn1ncc(Cl)c1-c1cc(C(=O)N[C@@H]2CN[C@H](CC(=O)NC3CC3)C[C@H]2c2ccc(Cl)c(Cl)c2)oc1Cl
CHEMBL4475923,8.58,CHEMBL4282,2.64,CNC(=O)C[C@@H]1C[C@@H](c2ccc(Cl)c(Cl)c2)[C@H](NC(=O)c2cc(-c3c(Cl)cnn3C)c(Cl)o2)CN1
CHEMBL4438877,8.49,CHEMBL4282,3.24,Cn1ncc(Cl)c1-c1cc(C(=O)N[C@@H]2CN[C@H](CC(N)=O)C[C@H]2c2ccc(Cl)c(Cl)c2)oc1Cl
CHEMBL4447967,8.71,CHEMBL4282,1.94,Cn1ncc(Cl)c1-c1cc(C(=O)N[C@@H]2CN[C@H](CC(=O)O)C[C@H]2c2ccc(Cl)c(Cl)c2)oc1Cl
CHEMBL4519793,8.35,CHEMBL4282,4.47,Cn1ncc(Cl)c1-c1cc(C(=O)N[C@@H]2CN[C@H](CCn3cncn3)C[C@H]2c2ccc(Cl)c(Cl)c2)oc1Cl
CHEMBL4518523,8.22,CHEMBL4282,5.99,Cn1ncc(Cl)c1-c1cc(C(=O)N[C@@H]2CN[C@H](CCN3CCC(O)CC3)C[C@H]2c2ccc(Cl)c(Cl)c2)oc1Cl
CHEMBL4450403,8.06,CHEMBL4282,8.78,Cn1ncc(Cl)c1-c1cc(C(=O)N[C@@H]2CN[C@H](CCN3CCOCC3)C[C@H]2c2ccc(Cl)c(Cl)c2)oc1Cl
CHEMBL4524940,8.25,CHEMBL4282,5.65,Cn1ncc(Cl)c1-c1cc(C(=O)N[C@@H]2CN[C@H](CCN3CCCCC3)C[C@H]2c2ccc(Cl)c(Cl)c2)oc1Cl
CHEMBL4546392,8.19,CHEMBL4282,6.41,Cn1ncc(Cl)c1-c1cc(C(=O)N[C@@H]2CN[C@H](CCN3CCCC3)C[C@H]2c2ccc(Cl)c(Cl)c2)oc1Cl
CHEMBL4590906,8.47,CHEMBL4282,3.4,CN(C)CC[C@@H]1C[C@@H](c2ccc(Cl)c(Cl)c2)[C@H](NC(=O)c2cc(-c3c(Cl)cnn3C)c(Cl)o2)CN1
CHEMBL4568343,8.15,CHEMBL4282,7.01,COCC[C@@H]1C[C@@H](c2ccc(Cl)c(Cl)c2)[C@H](NC(=O)c2cc(-c3c(Cl)cnn3C)c(Cl)o2)CN1
CHEMBL4470606,8.42,CHEMBL4282,3.79,Cn1ncc(Cl)c1-c1cc(C(=O)N[C@@H]2CN[C@H](CC(O)CO)C[C@H]2c2ccc(Cl)c(Cl)c2)oc1Cl
CHEMBL4517950,8.56,CHEMBL4282,2.74,Cn1ncc(Cl)c1-c1cc(C(=O)N[C@@H]2CN[C@H](CCO)C[C@H]2c2ccc(Cl)c(Cl)c2)oc1Cl
CHEMBL4451765,8.59,CHEMBL4282,2.56,Cn1ncc(Cl)c1-c1cc(C(=O)N[C@@H]2CN[C@H](CCCO)C[C@H]2c2ccc(Cl)c(Cl)c2)oc1Cl
CHEMBL4449509,7.91,CHEMBL4282,12.41,C=CC[C@@H]1C[C@@H](c2ccc(Cl)c(Cl)c2)[C@H](NC(=O)c2cc(-c3c(Cl)cnn3C)c(Cl)o2)CN1
CHEMBL4467439,7.98,CHEMBL4282,10.44,CCC[C@@H]1C[C@@H](c2ccc(Cl)c(Cl)c2)[C@H](NC(=O)c2cc(-c3c(Cl)cnn3C)c(Cl)o2)CN1
CHEMBL4544069,6.74,CHEMBL4282,181.8,Cn1ncc(Br)c1-c1ccc(C(=O)N[C@@H]2CNCC[C@H]2c2cccc(F)c2)nc1
CHEMBL4470602,6.98,CHEMBL4282,104.1,Cn1ncc(Cl)c1-c1ccc(C(=O)N[C@@H]2CNCC[C@H]2c2cccc(F)c2)nc1
CHEMBL4522719,7.12,CHEMBL4282,76.6,Cn1nccc1-c1ccc(C(=O)N[C@@H]2CNCC[C@H]2c2cccc(F)c2)nc1
CHEMBL4587088,6.57,CHEMBL4282,269.8,Cn1ncc(Br)c1-c1ccc(C(=O)N[C@@H]2CNCC[C@H]2c2ccc(F)c(F)c2)cn1
CHEMBL4451405,6.67,CHEMBL4282,215.0,Cn1ncc(Cl)c1-c1ccc(C(=O)N[C@@H]2CNCC[C@H]2c2ccc(F)c(F)c2)cn1
CHEMBL4528834,7.24,CHEMBL4282,57.7,Cn1nccc1-c1ccc(C(=O)N[C@@H]2CNCC[C@H]2c2ccc(F)c(F)c2)cn1
CHEMBL4593509,7.14,CHEMBL4282,72.3,Cn1ncc(Cl)c1-c1ccc(C(=O)N[C@@H]2CNCC[C@H]2c2cccc(F)c2)cc1
CHEMBL4445690,7.13,CHEMBL4282,73.5,Cn1ncc(Br)c1-c1ccc(C(=O)N[C@@H]2CNCC[C@H]2c2ccc(F)c(F)c2)cc1
CHEMBL4574492,7.56,CHEMBL4282,27.3,Cn1ncc(Cl)c1-c1ccc(C(=O)N[C@@H]2CNCC[C@H]2c2ccc(F)c(F)c2)cc1
CHEMBL4460756,7.67,CHEMBL4282,21.6,Cn1nccc1-c1ccc(C(=O)N[C@@H]2CNCC[C@H]2c2ccc(F)c(F)c2)cc1
CHEMBL4560290,6.7,CHEMBL4282,199.1,Cn1ncc(Br)c1-c1cc(C(=O)N[C@@H]2CNCC[C@H]2c2ccc(Cl)cc2)n(C)c1Br
CHEMBL4446884,6.83,CHEMBL4282,149.3,Cn1ncc(Cl)c1-c1cc(C(=O)N[C@@H]2CNCC[C@H]2c2ccc(Cl)cc2)n(C)c1Cl
CHEMBL4588742,6.59,CHEMBL4282,255.3,Cn1cc(-c2c(Br)cnn2C)cc1C(=O)N[C@@H]1CNCC[C@H]1c1ccc(Cl)cc1
CHEMBL4457188,6.67,CHEMBL4282,211.9,Cn1cc(-c2c(Cl)cnn2C)cc1C(=O)N[C@@H]1CNCC[C@H]1c1ccc(Cl)cc1
CHEMBL4453662,6.49,CHEMBL4282,321.6,Cn1ncc(Cl)c1-c1cc(C(=O)N[C@@H]2CNCC[C@H]2c2ccc(Cl)c(C(F)(F)F)c2)sc1Cl
CHEMBL4582476,6.65,CHEMBL4282,222.2,Cn1ncc(Cl)c1-c1cc(C(=O)N[C@@H]2CNCC[C@H]2c2ccc(F)c(F)c2)sc1Cl
CHEMBL4515689,6.99,CHEMBL4282,101.6,Cn1ncc(Cl)c1-c1cc(C(=O)N[C@@H]2CNCC[C@H]2c2cccc(F)c2)sc1Cl
CHEMBL4543839,6.35,CHEMBL4282,448.9,Cn1ncc(Cl)c1-c1cc(C(=O)N[C@@H]2CNCC[C@H]2c2ccc(Cl)cc2)sc1Cl
CHEMBL4530506,6.73,CHEMBL4282,187.9,Cn1nccc1-c1csc(C(=O)N[C@@H]2CNCC[C@H]2c2ccc(Cl)cc2)c1
CHEMBL4439720,7.53,CHEMBL4282,29.8,Cn1ncc(Br)c1-c1oc(C(=O)N[C@@H]2CNCC[C@H]2c2ccc(Cl)cc2)cc1Br
CHEMBL4583911,7.4,CHEMBL4282,40.0,Cn1ncc(Cl)c1-c1oc(C(=O)N[C@@H]2CNCC[C@H]2c2ccc(Cl)cc2)cc1Br
CHEMBL4544411,6.79,CHEMBL4282,162.5,Cn1nccc1-c1oc(C(=O)N[C@@H]2CNCC[C@H]2c2ccc(Cl)cc2)cc1Br
CHEMBL4578995,7.51,CHEMBL4282,31.2,Cn1ncc(Br)c1-c1ccc(C(=O)N[C@@H]2CNCC[C@H]2c2ccc(Cl)cc2)o1
CHEMBL4450141,7.86,CHEMBL4282,13.7,Cn1ncc(Cl)c1-c1ccc(C(=O)N[C@@H]2CNCC[C@H]2c2ccc(Cl)cc2)o1
CHEMBL4522820,6.64,CHEMBL4282,230.2,Cn1nccc1-c1ccc(C(=O)N[C@@H]2CNCC[C@H]2c2ccc(Cl)cc2)o1
CHEMBL4465905,7.45,CHEMBL4282,35.6,Cn1ncc(Br)c1-c1coc(C(=O)N[C@@H]2CNCC[C@H]2c2ccc(Cl)cc2)c1
CHEMBL4529738,8.29,CHEMBL4282,5.1,Cn1ncc(Cl)c1-c1coc(C(=O)N[C@@H]2CNCC[C@H]2c2ccc(F)c(F)c2)c1
CHEMBL4518386,7.53,CHEMBL4282,29.4,Cn1nccc1-c1coc(C(=O)N[C@@H]2CNCC[C@H]2c2ccc(Cl)cc2)c1
CHEMBL4435265,6.28,CHEMBL4282,529.5,CNc1cc(-c2ccc(C(=O)N[C@@H]3CNCC[C@H]3c3ccc(Cl)cc3)o2)ncn1
CHEMBL4540052,7.3,CHEMBL4282,50.3,O=C(N[C@@H]1CNCC[C@H]1c1ccc(Cl)cc1)c1ccc(-c2cn[nH]c2)o1
CHEMBL4554683,7.76,CHEMBL4282,17.3,Cn1ncc(Cl)c1-c1cc(C(=O)N[C@@H]2CNCC[C@H]2c2ccc(Cl)cc2)oc1Cl
CHEMBL4585120,8.1,CHEMBL4282,8.0,Cn1ncc(Cl)c1-c1cc(C(=O)N[C@@H]2CNCC[C@H]2c2cccc(C(F)(F)F)c2)oc1Cl
CHEMBL4445510,8.54,CHEMBL4282,2.9,Cn1ncc(Cl)c1-c1cc(C(=O)N[C@@H]2CNCC[C@H]2c2ccc(Cl)c(Cl)c2)oc1Cl
CHEMBL4533641,7.29,CHEMBL4282,51.2,Cn1ncc(Cl)c1-c1cc(C(=O)N[C@H]2CNCC[C@@H]2c2ccc(F)c(F)c2)oc1Cl.O=C(O)[C@H](O)[C@@H](O)C(=O)O
CHEMBL4457064,8.52,CHEMBL4282,3.0,Cn1ncc(Cl)c1-c1cc(C(=O)N[C@@H]2CNCC[C@H]2c2ccc(F)c(F)c2)oc1Cl.O=C(O)[C@H](O)[C@@H](O)C(=O)O
CHEMBL4435138,6.89,CHEMBL4282,127.4,Cn1ncc(Cl)c1-c1cc(C(=O)N[C@H]2CNCC[C@@H]2c2ccc(C(F)(F)F)cc2)oc1Cl.O=C(O)[C@H](O)[C@@H](O)C(=O)O
CHEMBL4591854,8.03,CHEMBL4282,9.3,Cn1ncc(Cl)c1-c1cc(C(=O)N[C@@H]2CNCC[C@H]2c2ccc(C(F)(F)F)cc2)oc1Cl.O=C(O)[C@H](O)[C@@H](O)C(=O)O
CHEMBL3137336,8.33,CHEMBL4282,4.7,Cn1ncc(Cl)c1-c1cc(C(=O)N[C@H](CN)Cc2ccc(F)c(F)c2)oc1Cl
CHEMBL4461188,6.27,CHEMBL4282,538.0,Cn1ncc(Cl)c1-c1cc(C(=O)NC2CNCC2c2ccc(C(F)(F)F)cc2)oc1Cl
CHEMBL4449288,5.44,CHEMBL4282,3646.0,Cn1ncc(Br)c1-c1coc(C(=O)NC2CNCC2c2ccc(F)c(F)c2)c1
CHEMBL4473634,5.8,CHEMBL4282,1566.0,Cn1ncc(Cl)c1-c1coc(C(=O)NC2CNCC2c2ccc(F)c(F)c2)c1
CHEMBL4465572,8.19,CHEMBL4282,6.4,Cn1ncc(Cl)c1-c1cc(C(=O)NC2CNCCC2c2ccc(F)c(F)c2)oc1Cl.O=C(O)[C@H](O)[C@@H](O)C(=O)O
CHEMBL4536780,8.14,CHEMBL4282,7.2,Cn1ncc(Cl)c1-c1cc(C(=O)NC2CNCCC2c2ccc(C(F)(F)F)cc2)oc1Cl.O=C(O)[C@H](O)[C@@H](O)C(=O)O
CHEMBL4443488,7.76,CHEMBL4282,17.3,Cn1ncc(Cl)c1-c1cc(C(=O)NC2CNCCC2c2ccc(Cl)cc2)oc1Cl.O=C(O)[C@H](O)[C@@H](O)C(=O)O
CHEMBL4471578,7.75,CHEMBL4282,17.6,Cn1ncc(Cl)c1-c1cc(C(=O)NC2CNCCC2c2ccccc2)oc1Cl.O=C(O)[C@H](O)[C@@H](O)C(=O)O
CHEMBL4570911,6.72,CHEMBL4282,191.0,Cn1nccc1-c1coc(C(=O)NC2CNCCC2c2ccc(F)c(F)c2)c1.O=C(O)[C@H](O)[C@@H](O)C(=O)O
CHEMBL4446375,6.15,CHEMBL4282,709.6,Cn1nccc1-c1coc(C(=O)NC2CNCCC2c2ccccc2)c1.O=C(O)[C@H](O)[C@@H](O)C(=O)O
CHEMBL1422005,4.76,CHEMBL4282,17.3,CCOC(=O)Cc1nn(Cc2nc(-c3ccc(C)cc3)cs2)c(=O)c2ccccc12
CHEMBL4446354,4.29,CHEMBL4282,51.6,Cc1ccc(-c2csc(Cn3nc(CC(=O)O)c4ccccc4c3=O)n2)cc1
CHEMBL4528582,4.18,CHEMBL4282,66.3,Cc1ccc(-c2csc(Cn3nc(CC4OCCCO4)c4ccccc4c3=O)n2)cc1
CHEMBL4576938,5.6,CHEMBL4282,2.53,Cc1ccc(-c2csc(Cn3nc(CC4OCC(=O)O4)c4ccccc4c3=O)n2)cc1
CHEMBL4464276,5.6,CHEMBL4282,2.53,CCNC(=O)Cc1nn(Cc2nc(-c3ccc(C)cc3)cs2)c(=O)c2ccccc12
CHEMBL4542842,4.47,CHEMBL4282,34.2,Cc1ccc(-c2csc(Cn3nc(NS(=O)(=O)c4cccs4)c4ccccc4c3=O)n2)cc1
CHEMBL244695,9.32,CHEMBL4282,4.74,O=C(O)c1ccc2c(c1)C1C=CCC1C(C(=O)O)N2
CHEMBL4293794,4.12,CHEMBL4282,75.2,CCOC(=O)/C=C/c1cc(NS(=O)(=O)c2cccs2)c2c(c1O)OCO2
CHEMBL4439996,5.32,CHEMBL4282,4.8,COc1cc(NS(=O)(=O)c2cccs2)c(SC)c(/C=C/C(=O)O)c1O
CHEMBL4437164,5.21,CHEMBL4282,6.22,CCOC(=O)/C=C/c1c(O)c(O)cc(NS(=O)(=O)c2cccs2)c1SC
CHEMBL4451129,4.87,CHEMBL4282,13.5,CSc1c(NS(=O)(=O)c2cccs2)cc(O)c(O)c1/C=C/C(=O)O
CHEMBL4293794,4.12,CHEMBL4282,75.2,CCOC(=O)/C=C/c1cc(NS(=O)(=O)c2cccs2)c2c(c1O)OCO2
CHEMBL4523032,8.3,CHEMBL4282,0.005,Cl.Nc1ncccc1-c1nc2ccc(-c3ccccc3)nc2n1-c1ccc(C2(N)CCC2)cc1
CHEMBL4519558,8.64,CHEMBL4282,0.0023,CC(=O)Nc1cccc(-c2ccc3nc(-c4cccnc4N)n(-c4ccc(C5(N)CCC5)cc4)c3n2)c1.Cl
CHEMBL4574111,8.59,CHEMBL4282,0.0026,Cl.Nc1cccc(-c2ccc3nc(-c4cccnc4N)n(-c4ccc(C5(N)CCC5)cc4)c3n2)c1
CHEMBL4544109,7.47,CHEMBL4282,0.034,Cl.Nc1ncccc1-c1nc2ccc(-c3cccnc3)nc2n1-c1ccc(C2(N)CCC2)cc1
CHEMBL4535365,6.14,CHEMBL4282,0.72,Cc1ccc(-n2c(-c3cccnc3N)nc3cccnc32)cc1
CHEMBL2177840,5.23,CHEMBL4282,5.9,CC(C)(C)c1ccc(-n2c(-c3cccnc3N)nc3cccnc32)cc1
CHEMBL4517839,5.77,CHEMBL4282,1.7,Cl.NCc1ccc(-n2c(-c3cccnc3N)nc3cccnc32)cc1
CHEMBL4568743,6.3,CHEMBL4282,0.5,Cc1ccnc2c1nc(-c1cccnc1N)n2-c1ccc(CN)cc1.Cl
CHEMBL4565210,6.57,CHEMBL4282,0.27,Cc1cnc2c(c1)nc(-c1cccnc1N)n2-c1ccc(CN)cc1.Cl
CHEMBL4545250,6.57,CHEMBL4282,0.27,Cl.NCc1ccc(-n2c(-c3cccnc3N)nc3ccc(Cl)nc32)cc1
CHEMBL4558319,6.5,CHEMBL4282,0.32,Cl.NCc1ccc(-n2c(-c3cccnc3N)nc3cc(Br)cnc32)cc1
CHEMBL4513257,8.43,CHEMBL4282,0.0037,Cl.NCc1ccc(-n2c(-c3cccnc3N)nc3ccc(-c4ccccc4)nc32)cc1
CHEMBL4546484,7.89,CHEMBL4282,0.013,CC(=O)Nc1cccc(-c2ccc3nc(-c4cccnc4N)n(-c4ccc(CN)cc4)c3n2)c1.Cl
CHEMBL4586184,7.14,CHEMBL4282,0.072,CC(=O)Nc1ccc(-c2ccc3nc(-c4cccnc4N)n(-c4ccc(CN)cc4)c3n2)cc1.Cl
CHEMBL4576518,7.77,CHEMBL4282,0.017,Cl.NCc1ccc(-n2c(-c3cccnc3N)nc3ccc(-c4cn[nH]c4)nc32)cc1
CHEMBL4550916,7.44,CHEMBL4282,0.036,Cl.NCc1ccc(-n2c(-c3cccnc3N)nc3cc(-c4cccnc4)cnc32)cc1
CHEMBL4528363,8.27,CHEMBL4282,0.0054,CC(C)(N)c1ccc(-n2c(-c3cccnc3N)nc3ccc(-c4ccccc4)nc32)cc1
CHEMBL4523032,8.57,CHEMBL4282,0.0027,Cl.Nc1ncccc1-c1nc2ccc(-c3ccccc3)nc2n1-c1ccc(C2(N)CCC2)cc1
CHEMBL4553900,7.46,CHEMBL4282,0.035,CC(=O)NC1(c2ccc(-n3c(-c4cccnc4N)nc4ccc(-c5ccccc5)nc43)cc2)CCC1
CHEMBL4526693,6.27,CHEMBL4282,0.54,COC(=O)C1(c2ccc(-n3c(-c4cccnc4N)nc4ccc(-c5ccccc5)nc43)cc2)CCC1
CHEMBL4517319,7.46,CHEMBL4282,0.035,NC(=O)C1(c2ccc(-n3c(-c4cccnc4N)nc4ccc(-c5ccccc5)nc43)cc2)CCC1
CHEMBL4519558,8.55,CHEMBL4282,0.0028,CC(=O)Nc1cccc(-c2ccc3nc(-c4cccnc4N)n(-c4ccc(C5(N)CCC5)cc4)c3n2)c1.Cl
CHEMBL4574111,8.72,CHEMBL4282,0.0019,Cl.Nc1cccc(-c2ccc3nc(-c4cccnc4N)n(-c4ccc(C5(N)CCC5)cc4)c3n2)c1
CHEMBL4544109,8.22,CHEMBL4282,0.006,Cl.Nc1ncccc1-c1nc2ccc(-c3cccnc3)nc2n1-c1ccc(C2(N)CCC2)cc1
CHEMBL4523032,7.4,CHEMBL4282,0.04,Cl.Nc1ncccc1-c1nc2ccc(-c3ccccc3)nc2n1-c1ccc(C2(N)CCC2)cc1
CHEMBL4544109,7.25,CHEMBL4282,0.056,Cl.Nc1ncccc1-c1nc2ccc(-c3cccnc3)nc2n1-c1ccc(C2(N)CCC2)cc1
CHEMBL4519558,7.39,CHEMBL4282,0.041,CC(=O)Nc1cccc(-c2ccc3nc(-c4cccnc4N)n(-c4ccc(C5(N)CCC5)cc4)c3n2)c1.Cl
CHEMBL4523032,7.21,CHEMBL4282,0.061,Cl.Nc1ncccc1-c1nc2ccc(-c3ccccc3)nc2n1-c1ccc(C2(N)CCC2)cc1
CHEMBL4544109,7.2,CHEMBL4282,0.063,Cl.Nc1ncccc1-c1nc2ccc(-c3cccnc3)nc2n1-c1ccc(C2(N)CCC2)cc1
CHEMBL4519558,7.43,CHEMBL4282,0.037,CC(=O)Nc1cccc(-c2ccc3nc(-c4cccnc4N)n(-c4ccc(C5(N)CCC5)cc4)c3n2)c1.Cl
CHEMBL4523032,6.51,CHEMBL4282,0.31,Cl.Nc1ncccc1-c1nc2ccc(-c3ccccc3)nc2n1-c1ccc(C2(N)CCC2)cc1
CHEMBL4544109,6.19,CHEMBL4282,0.64,Cl.Nc1ncccc1-c1nc2ccc(-c3cccnc3)nc2n1-c1ccc(C2(N)CCC2)cc1
CHEMBL4569508,4.62,CHEMBL4282,24000.0,O=C(NCC(F)(F)F)c1cc(-c2cnn3cc(-c4ccc(OCCN5CCCCC5)cc4)cnc23)cs1
CHEMBL4568087,7.1,CHEMBL4282,80.0,Cn1cc(-c2cnc3c(-c4csc(C(=O)N[C@@H]5CCCC[C@@H]5N)c4)cnn3c2)cn1
CHEMBL4552628,6.06,CHEMBL4282,870.0,Cc1sc(C(=O)N[C@@H]2[C@H](N)CCCC2(F)F)cc1-c1cnn2cc(Cl)cnc12
CHEMBL23552,5.51,CHEMBL4282,3.08,O=P(O)(O)O[C@H]1[C@H](O)[C@@H](OP(=O)(O)O)[C@H](OP(=O)(O)O)[C@@H](OP(=O)(O)O)[C@H]1O
CHEMBL1685066,5.3,CHEMBL4282,5.04,CCCCCCCCCCCCCCCCCCOC[C@H](COP(=O)(O)O[C@H]1[C@H](O)[C@@H](O)[C@H](O)C[C@H]1O)OC
CHEMBL595583,5.62,CHEMBL4282,2.4,CCCCCCCCCCCCc1ccc(S(=O)(=O)Nc2nncs2)cc1
CHEMBL1685058,5.22,CHEMBL4282,6.0,CCCCCCCCCCCCc1ccc(S(=O)(=O)Nc2nnc(S(N)(=O)=O)s2)cc1
CHEMBL1685056,4.72,CHEMBL4282,18.9,CCCCCCCCCCCCc1ccc(S(=O)(=O)Nc2nnc(C(=O)OCC)s2)cc1
CHEMBL1685055,5.37,CHEMBL4282,4.3,CCCCCCCCCCCCc1ccc(S(=O)(=O)Nc2nnc(CC(=O)OCC)s2)cc1
CHEMBL1681823,5.3,CHEMBL4282,5.0,CCCCCCCCCCCCc1ccc(S(=O)(=O)Nc2nnc(CC(=O)O)s2)cc1
CHEMBL3912759,5.2,CHEMBL4282,6.27,COc1cc(NS(=O)(=O)c2ccc(NS(=O)(=O)c3c(C)noc3C)cc2)nc(OC)n1
CHEMBL4577370,5.34,CHEMBL4282,4.58,O=C(O)c1ccccc1C(=O)Nc1ccccc1SCCS(=O)(=O)c1ccc(Cl)cc1
CHEMBL190313,5.79,CHEMBL4282,1.64,O=C(/C=C/c1nc2ccccc2[nH]1)c1c(O)nc2ccc(Cl)cc2c1-c1ccccc1
CHEMBL4637800,5.79,CHEMBL4282,1.64,Cc1ccc2[nH]c(/C=C/C(=O)c3c(-c4ccccc4)c4cc(Cl)ccc4[nH]c3=O)nc2c1
CHEMBL4648204,5.79,CHEMBL4282,1.64,O=C(/C=C/c1nc2cc(Br)ccc2[nH]1)c1c(-c2ccccc2)c2cc(Cl)ccc2[nH]c1=O
CHEMBL4644882,5.79,CHEMBL4282,1.64,O=C(/C=C/c1nc2cc(F)ccc2[nH]1)c1c(-c2ccccc2)c2cc(Cl)ccc2[nH]c1=O
CHEMBL4646965,5.79,CHEMBL4282,1.64,O=C(/C=C/c1nc2ccccc2[nH]1)c1c(-c2ccccc2)c2ccccc2[nH]c1=O
CHEMBL4636228,5.79,CHEMBL4282,1.64,O=C(/C=C/c1nc2ccccc2[nH]1)c1c(-c2ccccc2)c2cc(Br)ccc2[nH]c1=O
CHEMBL4643610,5.79,CHEMBL4282,1.64,Cc1ccc2[nH]c(=O)c(C(=O)/C=C/c3nc4ccccc4[nH]3)c(-c3ccccc3)c2c1
CHEMBL4646743,5.79,CHEMBL4282,1.64,Cn1c(=O)c(C(=O)/C=C/c2nc3cc(F)ccc3[nH]2)c(-c2ccccc2)c2cc(Cl)ccc21
CHEMBL4638124,5.79,CHEMBL4282,1.64,O=C(/C=C/c1nc2cc(F)ccc2[nH]1)c1c(-c2ccc(F)cc2)c2cc(F)ccc2[nH]c1=O
CHEMBL4645387,5.79,CHEMBL4282,1.64,O=C(/C=C/c1nc2cc(F)c(F)cc2[nH]1)c1c(-c2ccc(F)cc2)c2cc(F)ccc2[nH]c1=O
CHEMBL4633766,5.79,CHEMBL4282,1.64,O=C(/C=C/c1nc2cc(F)c(F)cc2[nH]1)c1c(-c2ccc(F)cc2)c2cc(Cl)ccc2[nH]c1=O
CHEMBL4649562,5.79,CHEMBL4282,1.64,O=C(/C=C/c1nc2cc(F)c(F)cc2[nH]1)c1c(-c2ccc(F)c(F)c2)c2cc(F)ccc2[nH]c1=O
CHEMBL4742990,5.84,CHEMBL4282,1449.0,COc1cccc(Cn2cnc3ccc(-c4cn[nH]c4)cc3c2=O)c1
CHEMBL4759850,5.37,CHEMBL4282,4.3,COc1cc2cc(COCc3c(-c4ccc(F)cc4)nc(N(C)S(C)(=O)=O)nc3C(C)C)oc(=O)c2cc1OC
CHEMBL4756388,5.43,CHEMBL4282,3.7,COc1cc2c(cc1OC)/C(=C/COCc1c(-c3ccc(F)cc3)nc(N(C)S(C)(=O)=O)nc1C(C)C)OC2=O
CHEMBL2325741,8.52,CHEMBL4282,3.0,NC1(C(=O)N[C@@H](CCO)c2ccc(Cl)cc2)CCN(c2nc[nH]c3nccc2-3)CC1
CHEMBL3651854,5.12,CHEMBL4282,7.6,Cc1cc(Nc2nc(Nc3ccccc3S(=O)(=O)C(C)C)c3c(C)[nH]nc3n2)c(OC(C)C)cc1C1CCN(C)CC1
CHEMBL388978,8.34,CHEMBL4282,4.57,CN[C@@H]1C[C@H]2O[C@@](C)([C@@H]1OC)n1c3ccccc3c3c4c(c5c6ccccc6n2c5c31)C(=O)NC4
CHEMBL4460756,7.67,CHEMBL4282,21.6,Cn1nccc1-c1ccc(C(=O)N[C@@H]2CNCC[C@H]2c2ccc(F)c(F)c2)cc1
CHEMBL4867422,8.57,CHEMBL4282,2.7,Cl.Cn1nccc1-c1ccc(C(=O)N[C@@H]2CNCC[C@H]2c2ccc(F)c(F)c2)cc1F
CHEMBL4855363,8.04,CHEMBL4282,9.2,Cl.Cn1nccc1-c1cc(F)c(C(=O)N[C@@H]2CNCC[C@H]2c2ccc(F)c(F)c2)cc1F
CHEMBL4868266,7.33,CHEMBL4282,47.0,Cl.Cn1nccc1-c1cc(F)c(C(=O)N[C@@H]2CNCC[C@H]2c2ccc(F)c(F)c2)c(Cl)c1
CHEMBL4868168,7.58,CHEMBL4282,26.3,Cl.Cn1nccc1-c1cc(F)c(C(=O)N[C@@H]2CNCC[C@H]2c2ccc(F)c(F)c2)c(F)c1
CHEMBL4873154,7.01,CHEMBL4282,97.1,Cl.Cn1ncc(Cl)c1-c1cc(F)c(C(=O)N[C@@H]2CNCC[C@H]2c2ccc(F)c(F)c2)c(F)c1
CHEMBL4859898,7.02,CHEMBL4282,95.7,Cl.Cn1ncc(Br)c1-c1cc(F)c(C(=O)N[C@@H]2CNCC[C@H]2c2ccc(F)c(F)c2)c(F)c1
CHEMBL4869482,7.31,CHEMBL4282,48.9,Cl.Cn1ncc(Cl)c1-c1cc(F)c(C(=O)N[C@@H]2CNCC[C@H]2c2ccc(F)c(F)c2)cc1F
CHEMBL4873815,7.18,CHEMBL4282,66.2,Cl.Cn1ncc(Br)c1-c1cc(F)c(C(=O)N[C@@H]2CNCC[C@H]2c2ccc(F)c(F)c2)cc1F
CHEMBL4877032,6.85,CHEMBL4282,142.5,Cl.Cn1ncc(Cl)c1-c1cc(F)c(C(=O)N[C@@H]2CNCC[C@H]2c2ccc(F)c(F)c2)c(Cl)c1
CHEMBL4878473,6.86,CHEMBL4282,136.8,Cl.Cn1ncc(Br)c1-c1cc(F)c(C(=O)N[C@@H]2CNCC[C@H]2c2ccc(F)c(F)c2)c(Cl)c1
CHEMBL4852887,6.97,CHEMBL4282,107.2,Cl.Cn1nccc1-c1cc(F)c(C(=O)N[C@@H]2CNCC[C@H]2c2ccc(F)cc2)c(F)c1
CHEMBL4877044,7.45,CHEMBL4282,35.3,Cl.Cn1nccc1-c1cc(F)c(C(=O)N[C@@H]2CNCC[C@H]2c2ccc(F)cc2)cc1F
CHEMBL2177390,8.89,CHEMBL4282,1.3,CC(C)NC[C@@H](C(=O)N1CCN(c2ncnc3c2[C@H](C)C[C@H]3O)CC1)c1ccc(Cl)cc1
CHEMBL4875495,7.82,CHEMBL4282,15.0,Cl.Cn1nccc1-c1ccc(C(=O)N[C@@H]2CNCC[C@H]2c2cc(F)cc(F)c2)c(Cl)c1
CHEMBL4866810,8.34,CHEMBL4282,4.6,Cl.Cn1nccc1-c1ccc(C(=O)N[C@@H]2CNCC[C@H]2c2cc(F)cc(F)c2)c(F)c1
CHEMBL4874391,8.74,CHEMBL4282,1.8,Cl.Cn1nccc1-c1ccc(C(=O)N[C@@H]2CNCC[C@H]2c2cc(F)cc(F)c2)cc1F
CHEMBL4858782,7.62,CHEMBL4282,24.0,Cl.Cn1nccc1-c1ccc(C(=O)N[C@@H]2CNCC[C@H]2c2ccc(F)c(F)c2)c(Cl)c1
CHEMBL4556790,8.4,CHEMBL4282,4.0,Cl.Cn1nccc1-c1ccc(C(=O)N[C@@H]2CNCC[C@H]2c2ccc(F)c(F)c2)c(F)c1
CHEMBL4854839,7.08,CHEMBL4282,83.0,Cl.O=C(N[C@@H]1CNCC[C@H]1c1ccc(F)c(F)c1)c1ccc(-c2ccn[nH]2)cc1F
CHEMBL4847466,6.75,CHEMBL4282,176.0,CCn1nccc1-c1ccc(C(=O)N[C@@H]2CNCC[C@H]2c2ccc(F)c(F)c2)c(F)c1.Cl
CHEMBL3675415,7.82,CHEMBL4282,15.0,CNCC(Nc1ncnc2c(C(N)=O)cccc12)c1cccc(F)c1
CHEMBL3685329,8.4,CHEMBL4282,4.0,CNC[C@@H](Nc1ncnc2c(C(N)=O)cccc12)c1cccc(F)c1
CHEMBL4851020,7.66,CHEMBL4282,22.0,NC(=O)c1cccc2c(N[C@H](CN3CCC3)c3cccc(F)c3)ncnc12
CHEMBL4857965,6.25,CHEMBL4282,563.0,NC(=O)c1cccc2c(N[C@H](CN3CCCC3)c3cccc(F)c3)ncnc12
CHEMBL4855657,7.85,CHEMBL4282,14.0,NC(=O)c1cccc2c(N[C@H](CN3CCC3)c3cccc(Cl)c3)ncnc12
CHEMBL4876446,8.22,CHEMBL4282,6.0,NC(=O)c1cccc2c(N[C@H](CN3CCC3)c3cccc(C(F)(F)F)c3)ncnc12
CHEMBL4875416,7.64,CHEMBL4282,23.0,NC(=O)c1cccc2c(N[C@H](CN3CCC3)c3ccc(F)cc3)ncnc12
CHEMBL4871853,7.77,CHEMBL4282,17.0,NC(=O)c1cccc2c(N[C@H](CN3CCC3)c3ccc(C(F)(F)F)cc3)ncnc12
CHEMBL4860970,8.4,CHEMBL4282,4.0,NC(=O)c1cccc2c(N[C@H](CN3CCC3)c3ccc(F)c(F)c3)ncnc12
CHEMBL4856439,8.0,CHEMBL4282,10.0,NC(=O)c1cccc2c(N[C@H](CN3CCC3)c3ccc(Cl)c(F)c3)ncnc12
CHEMBL4846712,8.22,CHEMBL4282,6.0,NC(=O)c1cccc2c(N[C@H](CN3CCC3)c3ccc(F)c(C(F)(F)F)c3)ncnc12
CHEMBL4871106,8.4,CHEMBL4282,4.0,NC(=O)c1cccc2c(N[C@H](CN3CCC3)c3ccc(Cl)c(C(F)(F)F)c3)ncnc12
CHEMBL4854144,7.36,CHEMBL4282,44.0,CNC[C@@H](Nc1nc(C)nc2c(C(N)=O)cccc12)c1cccc(F)c1
CHEMBL4869229,6.67,CHEMBL4282,212.0,CCc1nc(N[C@H](CNC)c2cccc(F)c2)c2cccc(C(N)=O)c2n1
CHEMBL4853030,6.4,CHEMBL4282,400.0,CNC[C@@H](Nc1nc(C(F)(F)F)nc2c(C(N)=O)cccc12)c1cccc(F)c1
CHEMBL4860306,6.57,CHEMBL4282,270.0,CC(C)C[C@@H](NC(=O)C1(N)CCN(c2ncnc3[nH]ccc23)CC1)C(=O)NO.Cl
CHEMBL2325741,8.1,CHEMBL4282,8.0,NC1(C(=O)N[C@@H](CCO)c2ccc(Cl)cc2)CCN(c2nc[nH]c3nccc2-3)CC1
CHEMBL4867186,6.92,CHEMBL4282,121.0,Cl.NC1(C(=O)N[C@@H](C(=O)NO)c2ccccc2)CCN(c2ncnc3[nH]ccc23)CC1
CHEMBL4097778,6.0,CHEMBL4282,6.0,CN1C(=O)[C@@H](N2CCc3cn(CC4CCS(=O)(=O)CC4)nc3C2=O)COc2ccccc21
CHEMBL4751394,8.28,CHEMBL4282,5.2,NC(=O)c1ccc2nc(-c3ccc(C4(N)CCC4)cc3)c(-c3ccccc3)n2n1
CHEMBL4751394,7.36,CHEMBL4282,44.0,NC(=O)c1ccc2nc(-c3ccc(C4(N)CCC4)cc3)c(-c3ccccc3)n2n1
CHEMBL4751394,8.57,CHEMBL4282,2.7,NC(=O)c1ccc2nc(-c3ccc(C4(N)CCC4)cc3)c(-c3ccccc3)n2n1
CHEMBL4751394,8.89,CHEMBL4282,1.3,NC(=O)c1ccc2nc(-c3ccc(C4(N)CCC4)cc3)c(-c3ccccc3)n2n1
CHEMBL5016886,5.43,CHEMBL4282,3.74,NC1(c2ccc(-c3nc4c(O)ccnn4c3-c3ccccc3)cc2)CCC1
CHEMBL4795065,9.1,CHEMBL4282,0.8,C=CC(=O)Nc1ccc2[nH]c(=O)n(C3CCN(Cc4ccc(-c5nc6cc[nH]c(=O)c6cc5-c5ccccc5)cc4)CC3)c2c1
CHEMBL4802051,5.04,CHEMBL4282,9.2,C=CC(=O)Nc1ccc2[nH]c(=O)n(C3CCN(Cc4ccc(-c5ccc6c(c5)NC(=O)CO6)cc4)CC3)c2c1
CHEMBL5088272,7.58,CHEMBL4282,26.0,Cc1ncsc1-c1ccc(CNC(=O)[C@@H]2C[C@@H](O)CN2C(=O)[C@@H](NC(=O)CCCCCCCCCCC(=O)N2CCN(CC[C@H](NC(=O)C3(N)CCN(c4ncnc5[nH]ccc45)CC3)c3ccc(Cl)cc3)CC2)C(C)(C)C)cc1
CHEMBL5069422,8.32,CHEMBL4282,4.8,NC1(C(=O)N[C@@H](CCN2CCN(C(=O)CCOCCOCCOCCOCCOCCNc3cccc4c3C(=O)N(C3CCC(=O)NC3=O)C4=O)CC2)c2ccc(Cl)cc2)CCN(c2ncnc3[nH]ccc23)CC1
CHEMBL5078791,6.82,CHEMBL4282,150.0,Cc1ncsc1-c1ccc(CNC(=O)[C@@H]2C[C@@H](OCc3ccccc3)CN2C(=O)[C@@H](NC(=O)CCCCCCCCCCC(=O)N2CCN(CC[C@H](NC(=O)C3(N)CCN(c4ncnc5[nH]ccc45)CC3)c3ccc(Cl)cc3)CC2)C(C)(C)C)cc1
CHEMBL5089002,8.26,CHEMBL4282,5.5,CN1C(=O)CCC(N2C(=O)c3cccc(NCCOCCOCCOCCOCCOCCC(=O)N4CCN(CC[C@H](NC(=O)C5(N)CCN(c6ncnc7[nH]ccc67)CC5)c5ccc(Cl)cc5)CC4)c3C2=O)C1=O
CHEMBL2177390,9.19,CHEMBL4282,0.64,CC(C)NC[C@@H](C(=O)N1CCN(c2ncnc3c2[C@H](C)C[C@H]3O)CC1)c1ccc(Cl)cc1
CHEMBL5078362,8.4,CHEMBL4282,4.0,Cc1ncsc1-c1ccc([C@H](C)NC(=O)[C@@H]2C[C@@H](O)CN2C(=O)[C@@H](NC(=O)CCCCCCCCCCC(=O)NCCNC[C@@H](C(=O)N2CCN(c3ncnc4c3[C@H](C)C[C@H]4O)CC2)c2ccc(Cl)cc2)C(C)(C)C)cc1
CHEMBL5091595,8.89,CHEMBL4282,1.3,C[C@@H]1C[C@@H](O)c2ncnc(N3CCN(C(=O)[C@H](CNCCC(=O)NCCCCCCCCNc4cccc5c4C(=O)N(C4CCC(=O)NC4=O)C5=O)c4ccc(Cl)cc4)CC3)c21
CHEMBL5073195,8.72,CHEMBL4282,1.9,Cc1ncsc1-c1ccc([C@H](C)NC(=O)[C@H]2C[C@H](O)CN2C(=O)[C@@H](NC(=O)CCCCCCCCCCC(=O)NCCNC[C@@H](C(=O)N2CCN(c3ncnc4c3[C@H](C)C[C@H]4O)CC2)c2ccc(Cl)cc2)C(C)(C)C)cc1
CHEMBL5082198,8.74,CHEMBL4282,1.8,C[C@@H]1C[C@@H](O)c2ncnc(N3CCN(C(=O)[C@H](CNCCC(=O)NCCCCCCCCNc4cccc5c4C(=O)N(C4CCC(=O)N(C)C4=O)C5=O)c4ccc(Cl)cc4)CC3)c21
CHEMBL388978,8.34,CHEMBL4282,4.62,CN[C@@H]1C[C@H]2O[C@@](C)([C@@H]1OC)n1c3ccccc3c3c4c(c5c6ccccc6n2c5c31)C(=O)NC4
CHEMBL4795065,9.7,CHEMBL4282,0.2,C=CC(=O)Nc1ccc2[nH]c(=O)n(C3CCN(Cc4ccc(-c5nc6cc[nH]c(=O)c6cc5-c5ccccc5)cc4)CC3)c2c1
CHEMBL5192394,6.78,CHEMBL4282,168.0,C=CC(=O)Nc1cccc(-n2c(=O)cc(C)c3cnc(Nc4ccc(N5CCN(CCCCCCCCNC(=O)CC67CC8CC(CC(C8)C6)C7)CC5)cc4OC)nc32)c1
CHEMBL5203483,6.52,CHEMBL4282,300.0,C=CC(=O)Nc1cccc(-n2c(=O)cc(C)c3cnc(Nc4ccc(N5CCN(CCOCCOCCNC(=O)CC67CC8CC(CC(C8)C6)C7)CC5)cc4OC)nc32)c1
CHEMBL1079175,8.1,CHEMBL4282,8.0,NC1(c2ccc(-c3nc4ccn5c(=O)[nH]nc5c4cc3-c3ccccc3)cc2)CCC1
CHEMBL379300,9.8,CHEMBL4282,160.0,Cc1n[nH]c2ccc(-c3cncc(OC[C@@H](N)Cc4c[nH]c5ccccc45)c3)cc12
CHEMBL4459800,5.62,CHEMBL4282,2.37,COc1cccc([C@@H](C)NC(=O)c2ccc(-c3ccnc(F)c3)cc2)c1
CHEMBL5176687,5.03,CHEMBL4282,9.26,COc1cccc([C@@H](C)NC(=O)c2ccc(-c3ccnc(F)c3)nc2)c1
CHEMBL5185923,7.28,CHEMBL4282,52.0,CC(C)NC[C@@H](C(=O)N1CCN(c2ncnc3c2CCC(=O)N3)CC1)c1ccc(Cl)cc1
CHEMBL5187287,8.62,CHEMBL4282,2.4,CC(C)NC[C@@H](C(=O)N1CCN(c2ncnc3c2C(C)CC(=O)N3)CC1)c1ccc(Cl)cc1
CHEMBL5195664,8.96,CHEMBL4282,1.1,CC(C)NC[C@@H](C(=O)N1CCN(c2ncnc3c2N(C)CC(=O)N3)CC1)c1ccc(Cl)cc1.Cl
CHEMBL5205187,6.84,CHEMBL4282,146.0,CC(C)NC[C@@H](C(=O)N1CCN(c2ncnc3c2N(C)C(=O)CN3)CC1)c1ccc(Cl)cc1
CHEMBL5206905,8.8,CHEMBL4282,1.6,CC(C)NC[C@@H](C(=O)N1CCN(c2ncnc3c2[C@H](C)CC(=O)N3)CC1)c1ccc(Cl)cc1
CHEMBL5200967,6.11,CHEMBL4282,776.0,CC(C)NC[C@@H](C(=O)N1CCN(c2ncnc3c2[C@@H](C(F)(F)F)CC(=O)N3)CC1)c1ccc(Cl)cc1
CHEMBL5189610,7.92,CHEMBL4282,12.0,CC(C)NC[C@@H](C(=O)N1CCN(c2ncnc3c2[C@H](C(F)(F)F)CC(=O)N3)CC1)c1ccc(Cl)cc1
CHEMBL5187546,7.24,CHEMBL4282,58.0,CC(C)NC[C@@H](C(=O)N1CCN(c2ncnc3c2CC(C)C(=O)N3)CC1)c1ccc(Cl)cc1.Cl
CHEMBL5198109,7.09,CHEMBL4282,82.0,CC(C)NC[C@@H](C(=O)N1CCN(c2ncnc3c2C[C@@H](C)C(=O)N3)CC1)c1ccc(Cl)cc1
CHEMBL5194492,7.6,CHEMBL4282,25.0,CC(C)NC[C@@H](C(=O)N1CCN(c2ncnc3c2C[C@H](C)C(=O)N3)CC1)c1ccc(Cl)cc1
CHEMBL5192188,8.22,CHEMBL4282,6.0,CC(C)NC[C@@H](C(=O)N1CCN(c2ncnc3c2C(C)OC(=O)N3)CC1)c1ccc(Cl)cc1
CHEMBL5193935,6.7,CHEMBL4282,201.0,CC(C)NC[C@@H](C(=O)N1CCN(c2ncnc3c2[C@@H](C)OC(=O)N3)CC1)c1ccc(Cl)cc1.O=CO
CHEMBL5175332,8.82,CHEMBL4282,1.5,CC(C)NC[C@@H](C(=O)N1CCN(c2ncnc3c2[C@H](C)OC(=O)N3)CC1)c1ccc(Cl)cc1
CHEMBL5183601,7.09,CHEMBL4282,82.0,CC(C)NC[C@@H](C(=O)N1CCN(c2ncnc3c2[C@H]2C[C@H]2C(=O)N3)CC1)c1ccc(Cl)cc1
CHEMBL5169446,7.85,CHEMBL4282,14.0,CC(C)NC[C@@H](C(=O)N1CCN(c2ncnc3c2[C@@H]2C[C@@H]2C(=O)N3)CC1)c1ccc(Cl)cc1
CHEMBL5181964,6.02,CHEMBL4282,951.0,CC(C)NC[C@@H](C(=O)N1CC=C(c2ncnc3c2[C@H](C)CC(=O)N3)CC1)c1ccc(Cl)cc1
CHEMBL5172419,6.54,CHEMBL4282,285.0,CC(C)NC[C@@H](C(=O)N1C[C@@H]2CN(c3ncnc4c3[C@H](C)CC(=O)N4)C[C@@H]2C1)c1ccc(Cl)cc1
CHEMBL5188472,7.58,CHEMBL4282,26.4,CC(C)NC[C@@H](C(=O)N1CCN(c2ncnc3c2[C@H](C)CC(=O)N3)[C@H](C)C1)c1ccc(Cl)cc1
CHEMBL5181308,6.38,CHEMBL4282,414.0,CC(C)NC[C@@H](C(=O)N1CC2CC1CN2c1ncnc2c1[C@H](C)CC(=O)N2)c1ccc(Cl)cc1
CHEMBL5174965,7.26,CHEMBL4282,55.0,CC(C)NC[C@@H](C(=O)N1CCN(c2ncnc3c2[C@H](C)CC(=O)N3)CC12CC2)c1ccc(Cl)cc1
CHEMBL5175305,6.66,CHEMBL4282,220.0,CC(C)NC[C@@H](C(=O)N1CCN(c2ncnc3c2[C@H](C)CC(=O)N3)C[C@@H]1C)c1ccc(Cl)cc1.O=CO
CHEMBL5190647,7.54,CHEMBL4282,29.0,CC(C)NC[C@@H](C(=O)N1CCN(c2ncnc3c2[C@H](C)CC(=O)N3)C[C@H]1C)c1ccc(Cl)cc1
CHEMBL5195745,8.55,CHEMBL4282,2.8,CC(C)NC[C@@H](C(=O)N1C2CCC1CN(c1ncnc3c1[C@H](C)CC(=O)N3)C2)c1ccc(Cl)cc1
CHEMBL5177491,8.46,CHEMBL4282,3.5,CC(C)NC[C@@H](C(=O)N1CC2CCC(C1)N2c1ncnc2c1[C@H](C)CC(=O)N2)c1ccc(Cl)cc1
CHEMBL5188354,7.21,CHEMBL4282,62.0,CC(C)NC[C@@H](C(=O)N1CCN(c2ncnc3c2[C@H](C)CC(=O)N3)[C@@H]2C[C@@H]21)c1ccc(Cl)cc1
CHEMBL5169427,9.4,CHEMBL4282,0.4,CC(C)NC[C@@H](C(=O)N1CCN(c2ncnc3c2[C@H](C)CC(=O)N3)[C@H]2C[C@H]21)c1ccc(Cl)cc1
CHEMBL5175628,8.8,CHEMBL4282,1.6,[2H]C1([2H])N(C(=O)[C@H](CNC(C)C)c2ccc(Cl)cc2)C([2H])([2H])C([2H])([2H])N(c2ncnc3c2[C@H](C)CC(=O)N3)C1([2H])[2H]
CHEMBL5189707,9.22,CHEMBL4282,0.6,CC(C)NC[C@@H](C(=O)N1[C@@H]2CC[C@H]1CN(c1ncnc3c1[C@H](C)OC(=O)N3)C2)c1ccc(Cl)cc1
CHEMBL5180219,8.8,CHEMBL4282,1.6,CC(C)NC[C@@H](C(=O)N1C[C@H]2CC[C@@H](C1)N2c1ncnc2c1[C@H](C)OC(=O)N2)c1ccc(Cl)cc1
CHEMBL5197007,9.22,CHEMBL4282,0.6,CC(C)NC[C@@H](C(=O)N1CCN(c2ncnc3c2[C@H](C)OC(=O)N3)[C@H]2C[C@H]21)c1ccc(Cl)cc1
CHEMBL5190230,8.72,CHEMBL4282,1.9,CC(C)NC[C@@H](C(=O)N1C2CCC1CN(c1ncnc3c1N(C)CC(=O)N3)C2)c1ccc(Cl)cc1.O=CO
CHEMBL5187172,7.52,CHEMBL4282,30.0,CC(C)NC[C@@H](C(=O)N1C[C@H]2CC[C@@H](C1)N2c1ncnc2c1N(C)CC(=O)N2)c1ccc(Cl)cc1
CHEMBL5171561,7.66,CHEMBL4282,22.0,CC(C)NC[C@@H](C(=O)N1CCN(c2ncnc3c2N(C)CC(=O)N3)[C@H]2C[C@H]21)c1ccc(Cl)cc1
CHEMBL5182446,9.15,CHEMBL4282,0.7,C[C@@H]1CC(=O)Nc2ncnc(N3CCN(C(=O)[C@H](CNC4CC4)c4ccc(Cl)cc4)[C@@H]4C[C@@H]43)c21
CHEMBL5199199,8.39,CHEMBL4282,4.1,C[C@@H]1CC(=O)Nc2ncnc(N3CCN(C(=O)[C@H](CNC4C5COCC54)c4ccc(Cl)cc4)[C@@H]4C[C@@H]43)c21
CHEMBL5193325,8.89,CHEMBL4282,1.3,COC1CCC(NC[C@@H](C(=O)N2CCN(c3ncnc4c3[C@H](C)CC(=O)N4)[C@H]3C[C@H]32)c2ccc(Cl)cc2)CC1
CHEMBL5187508,8.17,CHEMBL4282,6.8,C[C@@H]1CC(=O)Nc2ncnc(N3CCN(C(=O)[C@H](CN)c4ccc(Cl)cc4)[C@@H]4C[C@@H]43)c21
CHEMBL2177390,8.42,CHEMBL4282,3.8,CC(C)NC[C@@H](C(=O)N1CCN(c2ncnc3c2[C@H](C)C[C@H]3O)CC1)c1ccc(Cl)cc1
CHEMBL4751394,9.05,CHEMBL4282,0.9,NC(=O)c1ccc2nc(-c3ccc(C4(N)CCC4)cc3)c(-c3ccccc3)n2n1
CHEMBL4795065,7.68,CHEMBL4282,21.0,C=CC(=O)Nc1ccc2[nH]c(=O)n(C3CCN(Cc4ccc(-c5nc6cc[nH]c(=O)c6cc5-c5ccccc5)cc4)CC3)c2c1
CHEMBL4758246,5.72,CHEMBL4282,1900.0,C=CC(=O)Nc1ccc2[nH]c(=O)n(C3CCN(C(=O)c4ccc(-c5nc6cc[nH]c(=O)c6cc5-c5ccccc5)cc4)CC3)c2c1
CHEMBL4751394,8.28,CHEMBL4282,5.2,NC(=O)c1ccc2nc(-c3ccc(C4(N)CCC4)cc3)c(-c3ccccc3)n2n1
CHEMBL4795065,9.1,CHEMBL4282,0.8,C=CC(=O)Nc1ccc2[nH]c(=O)n(C3CCN(Cc4ccc(-c5nc6cc[nH]c(=O)c6cc5-c5ccccc5)cc4)CC3)c2c1
CHEMBL4635254,8.1,CHEMBL4282,8.0,Cl.Cl.NC1(c2ccc(-c3nc4ccn5c(=O)[nH]nc5c4cc3-c3ccccc3)cc2)CCC1
CHEMBL4758246,5.04,CHEMBL4282,9200.0,C=CC(=O)Nc1ccc2[nH]c(=O)n(C3CCN(C(=O)c4ccc(-c5nc6cc[nH]c(=O)c6cc5-c5ccccc5)cc4)CC3)c2c1
CHEMBL4751394,7.36,CHEMBL4282,44.0,NC(=O)c1ccc2nc(-c3ccc(C4(N)CCC4)cc3)c(-c3ccccc3)n2n1
CHEMBL4297188,8.89,CHEMBL4282,1.3,Nc1ncccc1-c1nc2ccc(-c3ccccc3)nc2n1-c1ccc(C2(N)CCC2)cc1
CHEMBL5221128,6.1,CHEMBL4282,798.0,Cc1ncsc1-c1ccc([C@H](C)NC(=O)[C@@H]2C[C@@H](O)CN2C(=O)[C@@H](NC(=O)CCCCCCCCCCNC(=O)CCc2cccc(-c3ccc4nc(-c5cccnc5N)n(-c5ccc(C6(N)CCC6)cc5)c4n3)c2)C(C)(C)C)cc1
CHEMBL5220876,6.17,CHEMBL4282,684.0,Cc1ncsc1-c1ccc([C@H](C)NC(=O)[C@H]2C[C@H](O)CN2C(=O)[C@@H](NC(=O)CCCCCCCCCCNC(=O)CCc2cccc(-c3ccc4nc(-c5cccnc5N)n(-c5ccc(C6(N)CCC6)cc5)c4n3)c2)C(C)(C)C)cc1
CHEMBL5220918,5.92,CHEMBL4282,1.2,Cc1ncsc1-c1ccc([C@H](C)NC(=O)[C@H]2C[C@H](OCc3ccccc3)CN2C(=O)[C@@H](NC(=O)CCCCCCCCCCNC(=O)CCc2cccc(-c3ccc4nc(-c5cccnc5N)n(-c5ccc(C6(N)CCC6)cc5)c4n3)c2)C(C)(C)C)cc1
CHEMBL5221128,7.64,CHEMBL4282,23.0,Cc1ncsc1-c1ccc([C@H](C)NC(=O)[C@@H]2C[C@@H](O)CN2C(=O)[C@@H](NC(=O)CCCCCCCCCCNC(=O)CCc2cccc(-c3ccc4nc(-c5cccnc5N)n(-c5ccc(C6(N)CCC6)cc5)c4n3)c2)C(C)(C)C)cc1
CHEMBL5286570,8.47,CHEMBL4282,3.4,CN1CCN(C(C(=O)N2CCN(c3ncnc4[nH]cc(Br)c34)CC2)c2ccc(Cl)cc2)CC1
CHEMBL4802156,9.26,CHEMBL4282,0.55,CC(=O)N(C)C1CCN(c2cccc(-c3ccc4nc(-c5cccnc5N)n(-c5ccc(C6(N)CCC6)cc5)c4n3)c2)CC1
CHEMBL4297188,8.3,CHEMBL4282,5.0,Nc1ncccc1-c1nc2ccc(-c3ccccc3)nc2n1-c1ccc(C2(N)CCC2)cc1
CHEMBL4795065,9.0,CHEMBL4282,1.0,C=CC(=O)Nc1ccc2[nH]c(=O)n(C3CCN(Cc4ccc(-c5nc6cc[nH]c(=O)c6cc5-c5ccccc5)cc4)CC3)c2c1
CHEMBL5267341,7.42,CHEMBL4282,38.0,C=CC(=O)Nc1ccc2[nH]c(=O)n(C3CCN(Cc4ccc(-c5nc(C)c(=O)[nH]c5-c5ccccc5)cc4)CC3)c2c1
CHEMBL5282715,7.41,CHEMBL4282,39.0,C=CC(=O)Nc1ccc2[nH]c(=O)n(C3CCN(Cc4ccc(-c5[nH]c(=O)c(C)nc5-c5ccccc5)cc4)CC3)c2c1
CHEMBL4635254,8.1,CHEMBL4282,8.0,Cl.Cl.NC1(c2ccc(-c3nc4ccn5c(=O)[nH]nc5c4cc3-c3ccccc3)cc2)CCC1
CHEMBL4751394,8.28,CHEMBL4282,5.2,NC(=O)c1ccc2nc(-c3ccc(C4(N)CCC4)cc3)c(-c3ccccc3)n2n1
CHEMBL2219422,10.1,CHEMBL4282,0.08,Cn1ncc(Cl)c1-c1cc(C(=O)N[C@H](CN)Cc2cccc(F)c2)sc1Cl
CHEMBL3137336,10.18,CHEMBL4282,0.066,Cn1ncc(Cl)c1-c1cc(C(=O)N[C@H](CN)Cc2ccc(F)c(F)c2)oc1Cl
CHEMBL1079175,8.3,CHEMBL4282,5.0,NC1(c2ccc(-c3nc4ccn5c(=O)[nH]nc5c4cc3-c3ccccc3)cc2)CCC1
CHEMBL494089,8.7,CHEMBL4282,2.0,CCn1c(-c2nonc2N)nc2c(C#CC(C)(C)O)ncc(OC[C@H]3CCCNC3)c21
CHEMBL2177390,8.3,CHEMBL4282,5.0,CC(C)NC[C@@H](C(=O)N1CCN(c2ncnc3c2[C@H](C)C[C@H]3O)CC1)c1ccc(Cl)cc1
CHEMBL5288938,8.7,CHEMBL4282,2.0,C[C@@H]1C[C@@H](O)c2ncnc(N3CCN(C(=O)[C@H](CNCCCCCCCCCCCc4cccc5c4CN(C4CCC(=O)NC4=O)C5=O)c4ccc(Cl)cc4)CC3)c21
CHEMBL5278787,7.1,CHEMBL4282,7.1,NC[C@@H](NC(=O)c1ccc(-c2ccncc2)cc1)c1ccccc1
CHEMBL3544960,7.42,CHEMBL4282,38.0,NC[C@@](O)(c1ccc(Cl)cc1)c1ccc(-c2cn[nH]c2)cc1
CHEMBL5266053,4.71,CHEMBL4282,19.71,CCCCCCCCCCCCCCCCCOC(=O)O[C@H](COC(=O)CCCCCCCCCCCCCCCCC)COP(=O)(O)O[C@@H]1[C@H](O)[C@H](OP(=O)(O)O)[C@@H](O)[C@H](O)[C@H]1O
CHEMBL5280505,4.51,CHEMBL4282,30.75,CCCCCCCCCC(=O)OCC(COC(=O)CCCCCCCCC)O[C@@H]1O[C@H](C(=O)O)[C@@H](O)[C@H](O)[C@H]1O
CHEMBL5405216,5.48,CHEMBL4282,3.328,COc1cc([C@@H]2c3cc4c(cc3[C@H](OC(=O)Cc3ccc(NC(=O)COc5cccc(Cl)c5)cc3)[C@H]3COC(=O)[C@H]23)OCO4)cc(OC)c1OC
CHEMBL428462,7.5,CHEMBL4282,32.0,Clc1ccc(C2(c3ccc(-c4cn[nH]c4)cc3)CCNCC2)cc1
CHEMBL3544960,7.42,CHEMBL4282,38.0,NC[C@@](O)(c1ccc(Cl)cc1)c1ccc(-c2cn[nH]c2)cc1
CHEMBL1079175,8.1,CHEMBL4282,8.0,NC1(c2ccc(-c3nc4ccn5c(=O)[nH]nc5c4cc3-c3ccccc3)cc2)CCC1
CHEMBL5278357,8.42,CHEMBL4282,3.8,COc1ccc(-c2cc3c(C)nc(N)nc3n(C3CCC(OCCO)CC3)c2=O)cn1
CHEMBL5278435,8.42,CHEMBL4282,3.8,COc1ccc(C(=O)NNC(=O)c2cc3nc(-c4cnc(N)nc4)nc(N4CCOCC4)c3s2)cc1
CHEMBL5278357,8.42,CHEMBL4282,3.8,COc1ccc(-c2cc3c(C)nc(N)nc3n(C3CCC(OCCO)CC3)c2=O)cn1
CHEMBL5422811,9.4,CHEMBL4282,0.4,Cl.O=C(N[C@@H]1CNCC[C@H]1c1ccc(F)c(F)c1)c1ccc2c(c1)OCCn1nccc1-2
CHEMBL5405650,9.52,CHEMBL4282,0.3,Cl.O=C(N[C@@H]1CNCC[C@H]1c1cc(F)cc(F)c1)c1ccc2c(c1)OCCn1nccc1-2
CHEMBL5409113,8.55,CHEMBL4282,2.8,Cl.O=C(N[C@@H]1CNCC[C@H]1c1cc(F)cc(F)c1)c1ccc2c(c1)OCCn1ncc(Cl)c1-2
CHEMBL5414576,10.46,CHEMBL4282,0.035,Cl.O=C(N[C@@H]1CNCC[C@H]1c1cc(F)c(F)c(F)c1)c1ccc2c(c1)OCCn1nccc1-2
CHEMBL5440366,8.72,CHEMBL4282,1.9,Cl.O=C(N[C@@H]1CNCC[C@H]1c1cccc(F)c1)c1cc2c(s1)CCCn1nccc1-2
CHEMBL5407182,10.7,CHEMBL4282,0.02,Cl.O=C(N[C@@H]1CNCC[C@H]1c1cccc(F)c1)c1cc2c(s1)CCCn1ncc(Cl)c1-2
CHEMBL5398425,10.44,CHEMBL4282,0.036,Cl.O=C(N[C@@H]1CNCC[C@H]1c1cccc(F)c1)c1cc2c(s1)CCCn1ncc(Br)c1-2
CHEMBL5408482,10.04,CHEMBL4282,0.091,Cl.O=C(N[C@@H]1CNCC[C@H]1c1ccc(F)c(F)c1)c1cc2c(s1)CCCn1ncc(Br)c1-2
CHEMBL5428430,10.27,CHEMBL4282,0.054,Cl.O=C(N[C@@H]1CNCC[C@H]1c1cc(F)cc(F)c1)c1cc2c(s1)CCCn1ncc(Br)c1-2
CHEMBL5395510,8.2,CHEMBL4282,6.3,Cl.O=C(N[C@@H]1CNCC[C@H]1c1ccc(F)c(F)c1)c1cc2c(s1)OCCn1nccc1-2
CHEMBL5437264,10.28,CHEMBL4282,0.053,Cl.O=C(N[C@@H]1CNCC[C@H]1c1ccc(F)c(F)c1)c1cc2c(s1)OCCn1ncc(Cl)c1-2
CHEMBL5406146,10.64,CHEMBL4282,0.023,Cl.O=C(N[C@@H]1CNCC[C@H]1c1ccc(F)c(F)c1)c1cc2c(s1)OCCn1ncc(Br)c1-2
CHEMBL5407425,8.49,CHEMBL4282,3.2,Cl.O=C(N[C@@H]1CNCC[C@H]1c1cc(F)cc(F)c1)c1cc2c(s1)OCCn1nccc1-2
CHEMBL5425811,8.96,CHEMBL4282,1.1,Cl.O=C(N[C@H]1CNCC[C@@H]1c1ccc(F)c(F)c1)c1cc2c(s1)OCCn1ncc(Br)c1-2
CHEMBL5438374,9.92,CHEMBL4282,0.12,Cl.O=C(N[C@@H]1CNCC[C@H]1c1cc(F)c(F)c(F)c1)c1cc2c(s1)OCCn1ncc(Cl)c1-2
CHEMBL5400934,10.08,CHEMBL4282,0.083,Cl.O=C(N[C@@H]1CNCC[C@H]1c1cc(F)c(F)c(F)c1)c1cc2c(s1)OCCn1ncc(Br)c1-2
CHEMBL5399312,9.85,CHEMBL4282,0.14,Cl.O=C(N[C@@H]1CNCC[C@H]1c1ccc(Cl)c(C(F)(F)F)c1)c1cc2c(s1)OCCn1ncc(Br)c1-2
CHEMBL5404104,9.21,CHEMBL4282,0.61,Cl.O=C(N[C@@H]1CNCC[C@H]1c1ccc(C(F)(F)F)c(Cl)c1)c1cc2c(s1)OCCn1ncc(Br)c1-2
CHEMBL5405389,9.35,CHEMBL4282,0.45,Cl.O=C(N[C@@H]1CNCC[C@H]1c1ccc(Cl)cc1)c1cc2c(s1)OCCn1ncc(Br)c1-2
CHEMBL5411877,9.66,CHEMBL4282,0.22,CCc1cnn2c1-c1cc(C(=O)N[C@@H]3CNCC[C@H]3c3ccc(F)c(F)c3)sc1OCC2.Cl
CHEMBL5430096,9.38,CHEMBL4282,0.42,Cl.O=C(N[C@@H]1CNCC[C@H]1c1ccc(F)c(F)c1)c1cc2c(s1)OCCn1ncc(CCO)c1-2
CHEMBL5399565,6.04,CHEMBL4282,911.0,CC(=O)N1CC[C@@H](c2ccc(F)c(F)c2)[C@H](NC(=O)c2cc3c(s2)OCCn2ncc(Br)c2-3)C1
CHEMBL5016886,5.22,CHEMBL4282,6000.0,NC1(c2ccc(-c3nc4c(O)ccnn4c3-c3ccccc3)cc2)CCC1
CHEMBL4802051,5.72,CHEMBL4282,1900.0,C=CC(=O)Nc1ccc2[nH]c(=O)n(C3CCN(Cc4ccc(-c5ccc6c(c5)NC(=O)CO6)cc4)CC3)c2c1
CHEMBL5016886,5.43,CHEMBL4282,3740.0,NC1(c2ccc(-c3nc4c(O)ccnn4c3-c3ccccc3)cc2)CCC1
CHEMBL4802051,5.04,CHEMBL4282,9200.0,C=CC(=O)Nc1ccc2[nH]c(=O)n(C3CCN(Cc4ccc(-c5ccc6c(c5)NC(=O)CO6)cc4)CC3)c2c1
CHEMBL5558384,5.16,CHEMBL4282,6.96,CN1CCC2=C1C1C(=O)NC(c3ccccc3)=NC1S2
CHEMBL5559432,5.34,CHEMBL4282,4.6,CCOC(=O)c1c(NC(=S)Nc2cc(C)ccc2Cl)sc2c1N(C)CC2
CHEMBL1235645,6.73,CHEMBL4282,186.0,N#CCc1ccc(Nc2nccc(Nc3cc(C4CC4)[nH]n3)n2)cc1
CHEMBL1235645,7.44,CHEMBL4282,36.2,N#CCc1ccc(Nc2nccc(Nc3cc(C4CC4)[nH]n3)n2)cc1
CHEMBL5556059,6.1,CHEMBL4282,798.0,Cc1ncsc1-c1ccc(C(C)NC(=O)C2CC(O)CN2C(=O)C(NC(=O)CCCCCCCCCCNC(=O)CCc2cccc(-c3ccc4nc(-c5cccnc5N)n(-c5ccc(C6(N)CCC6)cc5)c4n3)c2)C(C)(C)C)cc1
CHEMBL494089,8.7,CHEMBL4282,2.0,CCn1c(-c2nonc2N)nc2c(C#CC(C)(C)O)ncc(OC[C@H]3CCCNC3)c21
CHEMBL2325741,8.52,CHEMBL4282,3.0,NC1(C(=O)N[C@@H](CCO)c2ccc(Cl)cc2)CCN(c2nc[nH]c3nccc2-3)CC1
CHEMBL1079175,8.1,CHEMBL4282,8.0,NC1(c2ccc(-c3nc4ccn5c(=O)[nH]nc5c4cc3-c3ccccc3)cc2)CCC1
CHEMBL2325741,8.1,CHEMBL4282,8.0,NC1(C(=O)N[C@@H](CCO)c2ccc(Cl)cc2)CCN(c2nc[nH]c3nccc2-3)CC1
CHEMBL2325741,8.52,CHEMBL4282,3.0,NC1(C(=O)N[C@@H](CCO)c2ccc(Cl)cc2)CCN(c2nc[nH]c3nccc2-3)CC1
CHEMBL5565411,7.4,CHEMBL4282,40.0,O=C1NC(=O)C(Cc2ccc3nccc(-c4ccncc4)c3c2)S1
CHEMBL1234114,7.12,CHEMBL4282,76.0,c1cc(-c2ccnc3ccc(-c4cnc5[nH]ncc5c4)cc23)ccn1
CHEMBL5571102,7.31,CHEMBL4282,49.0,Nc1ncc(-c2ccc3nccc(-c4ccncc4)c3c2)cc1S(N)(=O)=O
CHEMBL5562761,8.15,CHEMBL4282,7.0,O=S(=O)(Nc1cncc(-c2ccc3nccc(-c4ccncc4)c3c2)c1)c1ccccc1F
CHEMBL2219422,10.1,CHEMBL4282,0.08,Cn1ncc(Cl)c1-c1cc(C(=O)N[C@H](CN)Cc2cccc(F)c2)sc1Cl
CHEMBL1079175,8.1,CHEMBL4282,8.0,NC1(c2ccc(-c3nc4ccn5c(=O)[nH]nc5c4cc3-c3ccccc3)cc2)CCC1
CHEMBL2325741,9.0,CHEMBL4282,1.0,NC1(C(=O)N[C@@H](CCO)c2ccc(Cl)cc2)CCN(c2nc[nH]c3nccc2-3)CC1
CHEMBL1079175,8.0,CHEMBL4282,10.0,NC1(c2ccc(-c3nc4ccn5c(=O)[nH]nc5c4cc3-c3ccccc3)cc2)CCC1
CHEMBL4795065,9.0,CHEMBL4282,1.0,C=CC(=O)Nc1ccc2[nH]c(=O)n(C3CCN(Cc4ccc(-c5nc6cc[nH]c(=O)c6cc5-c5ccccc5)cc4)CC3)c2c1
CHEMBL5649159,6.5,CHEMBL4282,319.0,Cc1nc(-c2ccc(CN3CCC(n4c(=O)[nH]c5ccc(N)cc54)CC3)cc2)c(-c2ccccc2)[nH]c1=O
CHEMBL5267341,7.42,CHEMBL4282,38.0,C=CC(=O)Nc1ccc2[nH]c(=O)n(C3CCN(Cc4ccc(-c5nc(C)c(=O)[nH]c5-c5ccccc5)cc4)CC3)c2c1
CHEMBL5649157,5.49,CHEMBL4282,3206.0,Cc1nc(-c2ccccc2)c(-c2ccc(CN3CCC(n4c(=O)[nH]c5ccc(N)cc54)CC3)cc2)[nH]c1=O
CHEMBL5282715,7.41,CHEMBL4282,39.0,C=CC(=O)Nc1ccc2[nH]c(=O)n(C3CCN(Cc4ccc(-c5[nH]c(=O)c(C)nc5-c5ccccc5)cc4)CC3)c2c1
CHEMBL5649161,5.27,CHEMBL4282,5415.0,CC(C)Cc1nc(-c2ccc(CN3CCC(n4c(=O)[nH]c5ccc(N)cc54)CC3)cc2)c(-c2ccccc2)[nH]c1=O
CHEMBL5649160,6.31,CHEMBL4282,490.0,C=CC(=O)Nc1ccc2[nH]c(=O)n(C3CCN(Cc4ccc(-c5nc(CC(C)C)c(=O)[nH]c5-c5ccccc5)cc4)CC3)c2c1
CHEMBL5649163,5.55,CHEMBL4282,2834.0,CC(C)Cc1nc(-c2ccccc2)c(-c2ccc(CN3CCC(n4c(=O)[nH]c5ccc(N)cc54)CC3)cc2)[nH]c1=O
CHEMBL5649162,5.94,CHEMBL4282,1140.0,C=CC(=O)Nc1ccc2[nH]c(=O)n(C3CCN(Cc4ccc(-c5[nH]c(=O)c(CC(C)C)nc5-c5ccccc5)cc4)CC3)c2c1
CHEMBL5649164,5.28,CHEMBL4282,5194.0,Nc1ccc2[nH]c(=O)n(C3CCN(Cc4ccc(-c5nc(Cc6ccc(O)cc6)c(=O)[nH]c5-c5ccccc5)cc4)CC3)c2c1
CHEMBL5649154,6.42,CHEMBL4282,381.0,C=CC(=O)Nc1ccc2[nH]c(=O)n(C3CCN(Cc4ccc(-c5nc(Cc6ccc(O)cc6)c(=O)[nH]c5-c5ccccc5)cc4)CC3)c2c1
CHEMBL5649155,5.25,CHEMBL4282,5590.0,Nc1ccc2[nH]c(=O)n(C3CCN(Cc4ccc(-c5[nH]c(=O)c(Cc6ccc(O)cc6)nc5-c5ccccc5)cc4)CC3)c2c1
CHEMBL5649156,6.09,CHEMBL4282,813.0,C=CC(=O)Nc1ccc2[nH]c(=O)n(C3CCN(Cc4ccc(-c5[nH]c(=O)c(Cc6ccc(O)cc6)nc5-c5ccccc5)cc4)CC3)c2c1
CHEMBL4795065,8.52,CHEMBL4282,3.0,C=CC(=O)Nc1ccc2[nH]c(=O)n(C3CCN(Cc4ccc(-c5nc6cc[nH]c(=O)c6cc5-c5ccccc5)cc4)CC3)c2c1
CHEMBL5267341,7.15,CHEMBL4282,71.0,C=CC(=O)Nc1ccc2[nH]c(=O)n(C3CCN(Cc4ccc(-c5nc(C)c(=O)[nH]c5-c5ccccc5)cc4)CC3)c2c1
CHEMBL5282715,7.23,CHEMBL4282,59.0,C=CC(=O)Nc1ccc2[nH]c(=O)n(C3CCN(Cc4ccc(-c5[nH]c(=O)c(C)nc5-c5ccccc5)cc4)CC3)c2c1
CHEMBL5649160,5.91,CHEMBL4282,1243.0,C=CC(=O)Nc1ccc2[nH]c(=O)n(C3CCN(Cc4ccc(-c5nc(CC(C)C)c(=O)[nH]c5-c5ccccc5)cc4)CC3)c2c1
CHEMBL5649162,5.84,CHEMBL4282,1432.0,C=CC(=O)Nc1ccc2[nH]c(=O)n(C3CCN(Cc4ccc(-c5[nH]c(=O)c(CC(C)C)nc5-c5ccccc5)cc4)CC3)c2c1
CHEMBL5649156,6.12,CHEMBL4282,755.0,C=CC(=O)Nc1ccc2[nH]c(=O)n(C3CCN(Cc4ccc(-c5[nH]c(=O)c(Cc6ccc(O)cc6)nc5-c5ccccc5)cc4)CC3)c2c1
CHEMBL5653589,6.71,CHEMBL4282,194.217,Cc1ccc(C(=O)Nc2cccc(C(F)(F)F)c2)cc1Nc1nc(-c2cccnc2)nc2nn(C)cc12
CHEMBL5653589,6.67,CHEMBL4282,215.944,Cc1ccc(C(=O)Nc2cccc(C(F)(F)F)c2)cc1Nc1nc(-c2cccnc2)nc2nn(C)cc12
CHEMBL3752910,4.52,CHEMBL4282,29891.413,Cc1ccc(C(=O)Nc2cccc(C(F)(F)F)c2)cc1Nc1nc(-c2cccnc2)nc2c1cnn2C
CHEMBL3752910,4.48,CHEMBL4282,33235.359,Cc1ccc(C(=O)Nc2cccc(C(F)(F)F)c2)cc1Nc1nc(-c2cccnc2)nc2c1cnn2C
CHEMBL4795065,9.1,CHEMBL4282,0.8,C=CC(=O)Nc1ccc2[nH]c(=O)n(C3CCN(Cc4ccc(-c5nc6cc[nH]c(=O)c6cc5-c5ccccc5)cc4)CC3)c2c1
CHEMBL5712063,8.92,CHEMBL4282,1.2,C=CC(=O)Nc1cc2c(cc1Cl)[nH]c(=O)n2C1CCN(Cc2ccc(-c3nc4cc[nH]c(=O)c4cc3-c3ccccc3)cc2)CC1
CHEMBL5712048,8.52,CHEMBL4282,3.0,C=CC(=O)Nc1ccc2c(c1)n(C1CCN(Cc3ccc(-c4nc5cc[nH]c(=O)c5cc4-c4ccccc4)cc3)CC1)c(=O)n2C
CHEMBL5712061,7.74,CHEMBL4282,18.1,CN(C)C/C=C/C(=O)Nc1ccc2[nH]c(=O)n(C3CCN(Cc4ccc(-c5nc6cc[nH]c(=O)c6cc5-c5ccccc5)cc4)CC3)c2c1
CHEMBL5712049,8.04,CHEMBL4282,9.1,C=CC(=O)Nc1cc(NC(=O)NC2CCN(Cc3ccc(-c4nc5cc[nH]c(=O)c5cc4-c4ccccc4)cc3)CC2)ccc1Cl
CHEMBL5712045,7.97,CHEMBL4282,10.8,C=CC(=O)Nc1ccccc1C(=O)NC1CCN(Cc2ccc(-c3nc4cc[nH]c(=O)c4cc3-c3ccccc3)cc2)CC1
CHEMBL5712042,8.44,CHEMBL4282,3.6,C=CC(=O)Nc1cccc(C(=O)NC2CCN(Cc3ccc(-c4nc5cc[nH]c(=O)c5cc4-c4ccccc4)cc3)CC2)c1
CHEMBL5712055,6.54,CHEMBL4282,285.0,C=CC(=O)Nc1ccc(C(=O)NC2CCN(Cc3ccc(-c4nc5cc[nH]c(=O)c5cc4-c4ccccc4)cc3)CC2)cc1
CHEMBL5712044,7.28,CHEMBL4282,52.8,C=CC(=O)Nc1ccc(C(=O)NC2CCN(Cc3ccc(-c4nc5cc[nH]c(=O)c5cc4-c4ccccc4)cc3)CC2)c(F)c1
CHEMBL5712046,8.43,CHEMBL4282,3.7,C=CC(=O)Nc1cc(Br)cc(C(=O)NC2CCN(Cc3ccc(-c4nc5cc[nH]c(=O)c5cc4-c4ccccc4)cc3)CC2)c1
CHEMBL5712066,7.85,CHEMBL4282,14.0,C=CC(=O)Nc1ccc(C(=O)NC2CCN(Cc3ccc(-c4nc5cc[nH]c(=O)c5cc4-c4ccccc4)cc3)CC2)s1
CHEMBL5712058,6.9,CHEMBL4282,126.0,C=CC(=O)Nc1ccc(C2CCN(Cc3ccc(-c4nc5cc[nH]c(=O)c5cc4-c4ccccc4)cc3)CC2)cc1
CHEMBL5712059,6.72,CHEMBL4282,192.0,C=CC(=O)Nc1cccc(CNC2CCN(Cc3ccc(-c4nc5cc[nH]c(=O)c5cc4-c4ccccc4)cc3)CC2)c1
CHEMBL2325741,9.05,CHEMBL4282,0.9,NC1(C(=O)N[C@@H](CCO)c2ccc(Cl)cc2)CCN(c2nc[nH]c3nccc2-3)CC1
CHEMBL2177390,8.46,CHEMBL4282,3.5,CC(C)NC[C@@H](C(=O)N1CCN(c2ncnc3c2[C@H](C)C[C@H]3O)CC1)c1ccc(Cl)cc1
CHEMBL1079175,8.0,CHEMBL4282,10.0,NC1(c2ccc(-c3nc4ccn5c(=O)[nH]nc5c4cc3-c3ccccc3)cc2)CCC1
CHEMBL4795065,8.66,CHEMBL4282,2.2,C=CC(=O)Nc1ccc2[nH]c(=O)n(C3CCN(Cc4ccc(-c5nc6cc[nH]c(=O)c6cc5-c5ccccc5)cc4)CC3)c2c1
CHEMBL5712063,8.39,CHEMBL4282,4.1,C=CC(=O)Nc1cc2c(cc1Cl)[nH]c(=O)n2C1CCN(Cc2ccc(-c3nc4cc[nH]c(=O)c4cc3-c3ccccc3)cc2)CC1
CHEMBL5712048,7.97,CHEMBL4282,10.7,C=CC(=O)Nc1ccc2c(c1)n(C1CCN(Cc3ccc(-c4nc5cc[nH]c(=O)c5cc4-c4ccccc4)cc3)CC1)c(=O)n2C
CHEMBL5712061,7.48,CHEMBL4282,33.0,CN(C)C/C=C/C(=O)Nc1ccc2[nH]c(=O)n(C3CCN(Cc4ccc(-c5nc6cc[nH]c(=O)c6cc5-c5ccccc5)cc4)CC3)c2c1
CHEMBL5712049,7.76,CHEMBL4282,17.5,C=CC(=O)Nc1cc(NC(=O)NC2CCN(Cc3ccc(-c4nc5cc[nH]c(=O)c5cc4-c4ccccc4)cc3)CC2)ccc1Cl
CHEMBL5712045,7.57,CHEMBL4282,27.2,C=CC(=O)Nc1ccccc1C(=O)NC1CCN(Cc2ccc(-c3nc4cc[nH]c(=O)c4cc3-c3ccccc3)cc2)CC1
CHEMBL5712042,8.17,CHEMBL4282,6.8,C=CC(=O)Nc1cccc(C(=O)NC2CCN(Cc3ccc(-c4nc5cc[nH]c(=O)c5cc4-c4ccccc4)cc3)CC2)c1
CHEMBL5712055,6.44,CHEMBL4282,362.0,C=CC(=O)Nc1ccc(C(=O)NC2CCN(Cc3ccc(-c4nc5cc[nH]c(=O)c5cc4-c4ccccc4)cc3)CC2)cc1
CHEMBL5712044,7.01,CHEMBL4282,98.6,C=CC(=O)Nc1ccc(C(=O)NC2CCN(Cc3ccc(-c4nc5cc[nH]c(=O)c5cc4-c4ccccc4)cc3)CC2)c(F)c1
CHEMBL5712046,8.12,CHEMBL4282,7.6,C=CC(=O)Nc1cc(Br)cc(C(=O)NC2CCN(Cc3ccc(-c4nc5cc[nH]c(=O)c5cc4-c4ccccc4)cc3)CC2)c1
CHEMBL5712066,7.41,CHEMBL4282,39.3,C=CC(=O)Nc1ccc(C(=O)NC2CCN(Cc3ccc(-c4nc5cc[nH]c(=O)c5cc4-c4ccccc4)cc3)CC2)s1
CHEMBL5712058,7.17,CHEMBL4282,67.1,C=CC(=O)Nc1ccc(C2CCN(Cc3ccc(-c4nc5cc[nH]c(=O)c5cc4-c4ccccc4)cc3)CC2)cc1
CHEMBL5712059,6.49,CHEMBL4282,327.0,C=CC(=O)Nc1cccc(CNC2CCN(Cc3ccc(-c4nc5cc[nH]c(=O)c5cc4-c4ccccc4)cc3)CC2)c1
CHEMBL1971943,6.0,CHEMBL4282,1.0,Cc1c[nH]c2nccc(Oc3c(F)cc(Nc4cc(Cl)nc(N)n4)cc3F)c12
CHEMBL1079175,5.19,CHEMBL4282,6508.8,NC1(c2ccc(-c3nc4ccn5c(=O)[nH]nc5c4cc3-c3ccccc3)cc2)CCC1
CHEMBL1079175,5.65,CHEMBL4282,2239.7,NC1(c2ccc(-c3nc4ccn5c(=O)[nH]nc5c4cc3-c3ccccc3)cc2)CCC1
CHEMBL1079175,5.37,CHEMBL4282,4266.8,NC1(c2ccc(-c3nc4ccn5c(=O)[nH]nc5c4cc3-c3ccccc3)cc2)CCC1
CHEMBL388978,8.22,CHEMBL4282,6.05,CN[C@@H]1C[C@H]2O[C@@](C)([C@@H]1OC)n1c3ccccc3c3c4c(c5c6ccccc6n2c5c31)C(=O)NC4
CHEMBL3679635,9.15,CHEMBL4282,0.7,N[C@]1(c2ccc(-c3nc4ccc5nnc(C6NCNN6)n5c4cc3-c3ccccc3)cc2)C[C@](O)(C2CC2)C1
CHEMBL3679636,9.47,CHEMBL4282,0.34,N[C@]1(c2ccc(-c3nc4ccc5nnc(C(F)F)n5c4cc3-c3ccccc3)cc2)C[C@](O)(C2CC2)C1
CHEMBL3679634,7.41,CHEMBL4282,39.0,N=c1ccc2nc(-c3ccc(C4(NC(=O)Cc5cccnc5)CCC4)cc3)c(-c3ccccc3)cc2n1C(N)=O
CHEMBL3679633,8.64,CHEMBL4282,2.3,N=C(c1ccccc1)n1c(=N)ccc2nc(-c3ccc(C4(N)CCC4)cc3)c(-c3ccccc3)cc21
CHEMBL3679629,8.21,CHEMBL4282,6.1,N=C(N)n1c(=N)ccc2nc(-c3ccc(C4(N)CCC4)cc3)c(-c3ccccc3)cc21
CHEMBL3679630,8.09,CHEMBL4282,8.2,CC(=N)n1c(=N)ccc2nc(-c3ccc(C4(N)CCC4)cc3)c(-c3ccccc3)cc21
CHEMBL3679631,8.0,CHEMBL4282,10.0,N=C(c1ccccc1)n1c(=N)ccc2nc(-c3ccc(C4(N)CC(F)(F)C4)cc3)c(-c3ccccc3)cc21
CHEMBL3679632,9.42,CHEMBL4282,0.38,C[C@]1(O)C[C@@](N)(c2ccc(-c3nc4ccc5nnc(C(F)F)n5c4cc3-c3ccccc3)cc2)C1
CHEMBL3679710,5.55,CHEMBL4282,2800.0,c1ccc(-c2nnc3n2-c2cccnc2Nc2ccccc2-3)cc1
CHEMBL3679711,5.2,CHEMBL4282,6300.0,c1coc(-c2nnc3n2-c2cccnc2Nc2ccccc2-3)c1
CHEMBL3679712,4.89,CHEMBL4282,13000.0,Nc1cc(-c2nnc3n2-c2cccnc2Nc2ccccc2-3)ccn1
CHEMBL3679713,5.1,CHEMBL4282,7900.0,c1c[nH]c(-c2nnc3n2-c2cccnc2Nc2ccccc2-3)c1
CHEMBL3679714,5.68,CHEMBL4282,2100.0,Nc1ccc(-c2nnc3n2-c2cccnc2Nc2ccccc2-3)cn1
CHEMBL3679715,4.89,CHEMBL4282,13000.0,Cc1ccc(-c2nnc3n2-c2cccnc2Nc2ccccc2-3)cc1
CHEMBL3679716,5.33,CHEMBL4282,4700.0,CC(C)(C)c1ccc(-c2nnc3n2-c2cccnc2Nc2ccccc2-3)cc1
CHEMBL3679717,4.52,CHEMBL4282,30000.0,FC(F)(F)c1ccc(-c2nnc3n2-c2cccnc2Nc2ccccc2-3)cc1
CHEMBL3679718,5.29,CHEMBL4282,5100.0,Clc1ccc(-c2nnc3n2-c2cccnc2Nc2ccccc2-3)cc1
CHEMBL3679719,4.54,CHEMBL4282,29000.0,c1ccc2c(c1)Nc1ncccc1-n1c(-c3ccc4ccccc4c3)nnc1-2
CHEMBL3679720,6.14,CHEMBL4282,730.0,Nc1ccc(-c2nnc3n2-c2cccnc2Nc2ccccc2-3)cc1
CHEMBL3679721,5.8,CHEMBL4282,1600.0,CN(C)c1ccc(-c2nnc3n2-c2cccnc2Nc2ccccc2-3)cc1
CHEMBL3679722,5.29,CHEMBL4282,5100.0,Clc1ccc(-c2nnc3n2-c2cccnc2Nc2ccccc2-3)cc1Cl
CHEMBL3679723,4.17,CHEMBL4282,67000.0,CN1c2ccccc2-c2nnc(-c3ccc4ccccc4c3)n2-c2ccccc21
CHEMBL3679724,4.64,CHEMBL4282,23000.0,Fc1ccc(-c2nnc3n2-c2cccnc2Nc2ccccc2-3)cc1
CHEMBL3679725,4.55,CHEMBL4282,28000.0,Fc1cccc(F)c1-c1nnc2n1-c1cccnc1Nc1ccccc1-2
CHEMBL3679726,5.14,CHEMBL4282,7200.0,Fc1ccc(-c2nnc3n2-c2cccnc2Nc2ccccc2-3)c(F)c1
CHEMBL3679727,5.09,CHEMBL4282,8100.0,Nc1cccc(-c2nnc3n2-c2cccnc2Nc2ccccc2-3)c1
CHEMBL3679728,5.66,CHEMBL4282,2200.0,Oc1ccc(-c2nnc3n2-c2cccnc2Nc2ccccc2-3)cc1
CHEMBL3679729,5.72,CHEMBL4282,1900.0,c1ccc(-c2nnc3n2-c2ccccc2Nc2ccccc2-3)cc1
CHEMBL3679730,5.46,CHEMBL4282,3500.0,CN(C)c1ccc(-c2nnc3n2-c2ccccc2Nc2ccccc2-3)cc1
CHEMBL3679731,5.75,CHEMBL4282,1800.0,Nc1ccc(-c2nnc3n2-c2ccccc2Nc2ccccc2-3)cc1
CHEMBL3684334,6.0,CHEMBL4282,1000.0,OCc1ccc(-c2nnc3n2-c2cccnc2Nc2ccccc2-3)cc1
CHEMBL3684335,7.08,CHEMBL4282,83.0,O=c1[nH]c2ccccc2n1C1CCN(Cc2ccc(-c3nnc4n3-c3cccnc3Nc3ccccc3-4)cc2)CC1
CHEMBL3684336,5.58,CHEMBL4282,2600.0,COC(=O)c1ccc(-c2nnc3n2-c2cccnc2Nc2ccccc2-3)cc1
CHEMBL3684337,6.1,CHEMBL4282,800.0,O=C(c1ccc(-c2nnc3n2-c2cccnc2Nc2ccccc2-3)cc1)N1CCC(n2c(=O)[nH]c3ccccc32)CC1
CHEMBL3684338,6.8,CHEMBL4282,160.0,COc1cccc(C(=O)Nc2ccc(-c3nnc4n3-c3cccnc3Nc3ccccc3-4)cc2)c1
CHEMBL3684339,6.17,CHEMBL4282,680.0,O=C(Nc1ccc(-c2nnc3n2-c2cccnc2Nc2ccccc2-3)cc1)c1ccc2ccccc2c1
CHEMBL3684340,5.6,CHEMBL4282,2500.0,O=C(Nc1ccc(-c2nnc3n2-c2cccnc2Nc2ccccc2-3)cc1)c1cc(C(F)(F)F)cc(C(F)(F)F)c1
CHEMBL3684341,7.0,CHEMBL4282,100.0,Cc1ccc(C(=O)Nc2ccc(-c3nnc4n3-c3cccnc3Nc3ccccc3-4)cc2)cc1
CHEMBL3684342,6.8,CHEMBL4282,160.0,COc1ccc(C(=O)Nc2ccc(-c3nnc4n3-c3cccnc3Nc3ccccc3-4)cc2)cc1
CHEMBL3684343,6.14,CHEMBL4282,730.0,CCCC(=O)Nc1ccc(-c2nnc3n2-c2cccnc2Nc2ccccc2-3)cc1
CHEMBL3684344,6.16,CHEMBL4282,700.0,CC(C)CC(=O)Nc1ccc(-c2nnc3n2-c2cccnc2Nc2ccccc2-3)cc1
CHEMBL3684345,6.19,CHEMBL4282,640.0,O=C(Nc1ccc(-c2nnc3n2-c2cccnc2Nc2ccccc2-3)cc1)c1cccc2ccccc12
CHEMBL3684346,6.02,CHEMBL4282,950.0,O=C(Cc1cccc2ccccc12)Nc1ccc(-c2nnc3n2-c2cccnc2Nc2ccccc2-3)cc1
CHEMBL3684347,6.47,CHEMBL4282,340.0,CC(C)(C)CC(=O)Nc1ccc(-c2nnc3n2-c2cccnc2Nc2ccccc2-3)cc1
CHEMBL3684348,6.82,CHEMBL4282,150.0,O=C(Nc1ccc(-c2nnc3n2-c2cccnc2Nc2ccccc2-3)cc1)c1ccc(F)c(F)c1
CHEMBL3684349,6.85,CHEMBL4282,140.0,[C-]#[N+]c1ccc(C(=O)Nc2ccc(-c3nnc4n3-c3cccnc3Nc3ccccc3-4)cc2)cc1
CHEMBL3684350,5.75,CHEMBL4282,1800.0,CCC(=O)Nc1ccc(-c2nnc3n2-c2cccnc2Nc2ccccc2-3)cc1
CHEMBL3684351,6.58,CHEMBL4282,260.0,O=C(Nc1ccc(-c2nnc3n2-c2cccnc2Nc2ccccc2-3)cc1)c1cccnc1
CHEMBL3684352,6.28,CHEMBL4282,520.0,COc1ccccc1C(=O)Nc1ccc(-c2nnc3n2-c2cccnc2Nc2ccccc2-3)cc1
CHEMBL3684353,6.44,CHEMBL4282,360.0,O=C(Nc1ccc(-c2nnc3n2-c2cccnc2Nc2ccccc2-3)cc1)c1cc2ccccc2s1
CHEMBL3684354,6.38,CHEMBL4282,420.0,CC(C)(C)C(=O)Nc1ccc(-c2nnc3n2-c2cccnc2Nc2ccccc2-3)cc1
CHEMBL3684355,6.64,CHEMBL4282,230.0,CC(C)(C)c1ccc(C(=O)Nc2ccc(-c3nnc4n3-c3cccnc3Nc3ccccc3-4)cc2)cc1
CHEMBL3684356,5.72,CHEMBL4282,1900.0,CN(C)c1ccc(C(=O)Nc2ccc(-c3nnc4n3-c3cccnc3Nc3ccccc3-4)cc2)cc1
CHEMBL3684357,5.28,CHEMBL4282,5300.0,O=C(Nc1ccc(-c2nnc3n2-c2cccnc2Nc2ccccc2-3)cc1)c1ccc(F)c(C(F)(F)F)c1
CHEMBL3684358,7.28,CHEMBL4282,53.0,O=C(Nc1ccc(-c2nnc3n2-c2cccnc2Nc2ccccc2-3)cc1)c1ccc2c(c1)OCO2
CHEMBL3639832,6.92,CHEMBL4282,120.0,Cc1cc(C(=O)Nc2ccc(-c3nnc4n3-c3cccnc3Nc3ccccc3-4)cc2)no1
CHEMBL3684359,6.62,CHEMBL4282,240.0,O=C(Cc1ccccc1)Nc1ccc(-c2nnc3n2-c2cccnc2Nc2ccccc2-3)cc1
CHEMBL3684360,6.89,CHEMBL4282,130.0,O=C(Nc1ccc(-c2nnc3n2-c2cccnc2Nc2ccccc2-3)cc1)c1ccco1
CHEMBL3684361,6.96,CHEMBL4282,110.0,O=C(Nc1ccc(-c2nnc3n2-c2cccnc2Nc2ccccc2-3)cc1)c1ccccc1F
CHEMBL3684362,6.19,CHEMBL4282,650.0,O=C(Nc1ccc(-c2nnc3n2-c2cccnc2Nc2ccccc2-3)cc1)c1ccc(C(F)(F)F)cc1
CHEMBL3684363,5.82,CHEMBL4282,1500.0,COCC(=O)Nc1ccc(-c2nnc3n2-c2cccnc2Nc2ccccc2-3)cc1
CHEMBL3684364,5.75,CHEMBL4282,1800.0,O=C(CCc1ccccc1)Nc1ccc(-c2nnc3n2-c2cccnc2Nc2ccccc2-3)cc1
CHEMBL3684365,6.8,CHEMBL4282,160.0,O=C(Nc1ccc(-c2nnc3n2-c2cccnc2Nc2ccccc2-3)cc1)c1cnc2ccccc2n1
CHEMBL3684366,6.96,CHEMBL4282,110.0,O=C(Nc1ccc(-c2nnc3n2-c2cccnc2Nc2ccccc2-3)cc1)c1ccc(F)cc1
CHEMBL3684367,6.16,CHEMBL4282,700.0,O=C(Nc1ccc(-c2nnc3n2-c2cccnc2Nc2ccccc2-3)cc1)C1CCC1
CHEMBL3684368,6.46,CHEMBL4282,350.0,O=C(Nc1ccc(-c2nnc3n2-c2cccnc2Nc2ccccc2-3)cc1)c1ccncc1
CHEMBL3684369,7.16,CHEMBL4282,70.0,O=C(Nc1ccc(-c2nnc3n2-c2cccnc2Nc2ccccc2-3)cc1)c1ccccc1
CHEMBL3684370,7.12,CHEMBL4282,76.0,[C-]#[N+]c1cccc(C(=O)Nc2ccc(-c3nnc4n3-c3cccnc3Nc3ccccc3-4)cc2)c1
CHEMBL3684371,6.11,CHEMBL4282,780.0,O=C(Nc1ccc(-c2nnc3n2-c2cccnc2Nc2ccccc2-3)cc1)c1ccc(-c2ccccc2)cc1
CHEMBL3684372,6.16,CHEMBL4282,690.0,NCc1ccc(-c2nnc3n2-c2cccnc2Nc2ccccc2-3)cc1
CHEMBL3684373,7.08,CHEMBL4282,84.0,c1ccc(-c2nnc(C3CCN(Cc4ccc(-c5nnc6n5-c5cccnc5Nc5ccccc5-6)cc4)CC3)[nH]2)nc1
CHEMBL3684374,6.31,CHEMBL4282,490.0,CS(=O)(=O)OCc1ccc(-c2nnc3n2-c2cccnc2Nc2ccccc2-3)cc1
CHEMBL3684375,5.37,CHEMBL4282,4300.0,c1ccc2c(c1)Nc1ncccc1-n1c(-c3ccc(CN4CCCC4)cc3)nnc1-2
CHEMBL3684376,5.72,CHEMBL4282,1900.0,c1ccc(CNCc2ccc(-c3nnc4n3-c3cccnc3Nc3ccccc3-4)cc2)cc1
CHEMBL3684377,5.55,CHEMBL4282,2800.0,Fc1ccccc1N1CCN(Cc2ccc(-c3nnc4n3-c3cccnc3Nc3ccccc3-4)cc2)CC1
CHEMBL3684378,5.36,CHEMBL4282,4400.0,CC(C)CCNCc1ccc(-c2nnc3n2-c2cccnc2Nc2ccccc2-3)cc1
CHEMBL3684379,5.35,CHEMBL4282,4500.0,c1ccc2c(c1)Nc1ncccc1-n1c(-c3ccc(CNC4CCC4)cc3)nnc1-2
CHEMBL3684380,5.68,CHEMBL4282,2100.0,CCN(Cc1ccncc1)Cc1ccc(-c2nnc3n2-c2cccnc2Nc2ccccc2-3)cc1
CHEMBL3684381,5.19,CHEMBL4282,6400.0,CC(C)CNCc1ccc(-c2nnc3n2-c2cccnc2Nc2ccccc2-3)cc1
CHEMBL3684382,5.1,CHEMBL4282,8000.0,CN(C)C(=O)CN1CCN(Cc2ccc(-c3nnc4n3-c3cccnc3Nc3ccccc3-4)cc2)CC1
CHEMBL3684383,5.34,CHEMBL4282,4600.0,COCCNCc1ccc(-c2nnc3n2-c2cccnc2Nc2ccccc2-3)cc1
CHEMBL3684384,5.28,CHEMBL4282,5200.0,c1ccc2c(c1)Nc1ncccc1-n1c(-c3ccc(CN4CCN(Cc5ccncc5)CC4)cc3)nnc1-2
CHEMBL3684385,5.96,CHEMBL4282,1100.0,CN(CCc1ccccn1)Cc1ccc(-c2nnc3n2-c2cccnc2Nc2ccccc2-3)cc1
CHEMBL3684386,5.08,CHEMBL4282,8300.0,OCC1CCN(Cc2ccc(-c3nnc4n3-c3cccnc3Nc3ccccc3-4)cc2)CC1
CHEMBL3684387,5.33,CHEMBL4282,4700.0,COCCN(C)Cc1ccc(-c2nnc3n2-c2cccnc2Nc2ccccc2-3)cc1
CHEMBL3684388,5.36,CHEMBL4282,4400.0,O=C1CCCN1CCCNCc1ccc(-c2nnc3n2-c2cccnc2Nc2ccccc2-3)cc1
CHEMBL3684389,6.11,CHEMBL4282,780.0,CN(CCc1ccccc1)Cc1ccc(-c2nnc3n2-c2cccnc2Nc2ccccc2-3)cc1
CHEMBL3684390,5.72,CHEMBL4282,1900.0,OC1(c2ccccc2)CCN(Cc2ccc(-c3nnc4n3-c3cccnc3Nc3ccccc3-4)cc2)CC1
CHEMBL3684391,5.32,CHEMBL4282,4800.0,CCN(CC)C(=O)C1CCCN(Cc2ccc(-c3nnc4n3-c3cccnc3Nc3ccccc3-4)cc2)C1
CHEMBL3684392,5.28,CHEMBL4282,5300.0,c1ccc(CN2CCN(Cc3ccc(-c4nnc5n4-c4cccnc4Nc4ccccc4-5)cc3)CC2)cc1
CHEMBL3684393,5.24,CHEMBL4282,5700.0,OC1CCCN(Cc2ccc(-c3nnc4n3-c3cccnc3Nc3ccccc3-4)cc2)C1
CHEMBL3684394,5.8,CHEMBL4282,1600.0,c1ccc2c(c1)Nc1ncccc1-n1c(-c3ccc(CN4CCOCC4)cc3)nnc1-2
CHEMBL3684395,5.15,CHEMBL4282,7100.0,CC(C)CN(C)Cc1ccc(-c2nnc3n2-c2cccnc2Nc2ccccc2-3)cc1
CHEMBL3684396,5.47,CHEMBL4282,3400.0,CC(=O)NC1CCN(Cc2ccc(-c3nnc4n3-c3cccnc3Nc3ccccc3-4)cc2)C1
CHEMBL3684397,5.24,CHEMBL4282,5800.0,CCCNCc1ccc(-c2nnc3n2-c2cccnc2Nc2ccccc2-3)cc1
CHEMBL3684398,5.26,CHEMBL4282,5500.0,CN1CCC(N(C)Cc2ccc(-c3nnc4n3-c3cccnc3Nc3ccccc3-4)cc2)CC1
CHEMBL3684399,5.64,CHEMBL4282,2300.0,CCOC(=O)N1CCC(NCc2ccc(-c3nnc4n3-c3cccnc3Nc3ccccc3-4)cc2)CC1
CHEMBL3684400,5.6,CHEMBL4282,2500.0,CCCN(C)Cc1ccc(-c2nnc3n2-c2cccnc2Nc2ccccc2-3)cc1
CHEMBL3684401,5.55,CHEMBL4282,2800.0,Cc1ccc(CN2CCN(Cc3ccc(-c4nnc5n4-c4cccnc4Nc4ccccc4-5)cc3)CC2)cc1
CHEMBL3684402,5.85,CHEMBL4282,1400.0,O=C(c1ccco1)N1CCN(Cc2ccc(-c3nnc4n3-c3cccnc3Nc3ccccc3-4)cc2)CC1
CHEMBL3684403,5.17,CHEMBL4282,6700.0,c1ccc2c(c1)Nc1ncccc1-n1c(-c3ccc(CNCC4CC4)cc3)nnc1-2
CHEMBL3684404,5.24,CHEMBL4282,5800.0,c1ccc(CCN2CCN(Cc3ccc(-c4nnc5n4-c4cccnc4Nc4ccccc4-5)cc3)CC2)cc1
CHEMBL3684405,6.52,CHEMBL4282,300.0,O=C(NCc1ccc(-c2nnc3n2-c2cccnc2Nc2ccccc2-3)cc1)c1ccc(F)cc1
CHEMBL3684406,6.7,CHEMBL4282,200.0,O=C(NCc1ccc(-c2nnc3n2-c2cccnc2Nc2ccccc2-3)cc1)c1cccnc1
CHEMBL3684407,5.96,CHEMBL4282,1100.0,O=C(NCc1ccc(-c2nnc3n2-c2cccnc2Nc2ccccc2-3)cc1)c1ccco1
CHEMBL3684408,6.96,CHEMBL4282,110.0,CN(C)c1ccc(C(=O)NCc2ccc(-c3nnc4n3-c3cccnc3Nc3ccccc3-4)cc2)cc1
CHEMBL3684409,6.7,CHEMBL4282,200.0,O=C(NCc1ccc(-c2nnc3n2-c2cccnc2Nc2ccccc2-3)cc1)c1ccccc1
CHEMBL3684410,5.75,CHEMBL4282,1800.0,O=C(NCc1ccc(-c2nnc3n2-c2cccnc2Nc2ccccc2-3)cc1)C1CCC1
CHEMBL3684411,6.85,CHEMBL4282,140.0,O=S(=O)(NCc1ccc(-c2nnc3n2-c2cccnc2Nc2ccccc2-3)cc1)c1ccccc1
CHEMBL3684412,6.1,CHEMBL4282,800.0,COc1ccc(S(=O)(=O)NCc2ccc(-c3nnc4n3-c3cccnc3Nc3ccccc3-4)cc2)cc1
CHEMBL3684413,6.62,CHEMBL4282,240.0,Cn1cnc(S(=O)(=O)NCc2ccc(-c3nnc4n3-c3cccnc3Nc3ccccc3-4)cc2)c1
CHEMBL3684414,6.92,CHEMBL4282,120.0,Cn1ccc(S(=O)(=O)NCc2ccc(-c3nnc4n3-c3cccnc3Nc3ccccc3-4)cc2)n1
CHEMBL3684415,6.66,CHEMBL4282,220.0,O=S(=O)(NCc1ccc(-c2nnc3n2-c2cccnc2Nc2ccccc2-3)cc1)c1cccnc1
CHEMBL3684416,5.18,CHEMBL4282,6600.0,O=S(=O)(Nc1ccc(-c2nnc3n2-c2cccnc2Nc2ccccc2-3)cc1)c1ccccc1
CHEMBL3684417,5.54,CHEMBL4282,2900.0,O=C(NCc1ccc(-c2nnc3n2-c2cccnc2Nc2ccccc2-3)cc1)Nc1ccccc1
CHEMBL3684418,5.24,CHEMBL4282,5800.0,O=S(=O)(NCCc1ccc(-c2nnc3n2-c2cccnc2Nc2ccccc2-3)cc1)c1ccccc1
CHEMBL3684419,5.04,CHEMBL4282,9100.0,COc1ccc(S(=O)(=O)NCCc2ccc(-c3nnc4n3-c3cccnc3Nc3ccccc3-4)cc2)cc1
CHEMBL3684420,6.92,CHEMBL4282,120.0,O=C(NCCc1ccc(-c2nnc3n2-c2cccnc2Nc2ccccc2-3)cc1)Nc1ccccc1
CHEMBL3684421,6.2,CHEMBL4282,630.0,O=C(NCCc1ccc(-c2nnc3n2-c2cccnc2Nc2ccccc2-3)cc1)c1ccccc1
CHEMBL3684422,6.77,CHEMBL4282,170.0,O=S(=O)(NCc1ccc(-c2nnc3n2-c2cccnc2Nc2ccccc2-3)cc1)c1ccccc1F
CHEMBL3684423,6.4,CHEMBL4282,400.0,O=S(=O)(NCc1ccc(-c2nnc3n2-c2cccnc2Nc2ccccc2-3)cc1)c1cccc(F)c1
CHEMBL3684424,6.85,CHEMBL4282,140.0,COc1cccc(S(=O)(=O)NCc2ccc(-c3nnc4n3-c3cccnc3Nc3ccccc3-4)cc2)c1
CHEMBL3684425,6.96,CHEMBL4282,110.0,Cc1cccc(S(=O)(=O)NCc2ccc(-c3nnc4n3-c3cccnc3Nc3ccccc3-4)cc2)c1
CHEMBL3684426,6.82,CHEMBL4282,150.0,O=S(=O)(NCc1ccc(-c2nnc3n2-c2cccnc2Nc2ccccc2-3)cc1)c1cccc(Cl)c1
CHEMBL3684427,6.92,CHEMBL4282,120.0,O=S(=O)(NCc1ccc(-c2nnc3n2-c2cccnc2Nc2ccccc2-3)cc1)c1ccc(F)cc1
CHEMBL3684428,6.96,CHEMBL4282,110.0,Cc1ccc(S(=O)(=O)NCc2ccc(-c3nnc4n3-c3cccnc3Nc3ccccc3-4)cc2)cc1
CHEMBL3684429,6.66,CHEMBL4282,220.0,O=S(=O)(NCc1ccc(-c2nnc3n2-c2cccnc2Nc2ccccc2-3)cc1)c1ccc(Cl)cc1
CHEMBL3684430,6.85,CHEMBL4282,140.0,CC(=O)Nc1ccc(S(=O)(=O)NCc2ccc(-c3nnc4n3-c3cccnc3Nc3ccccc3-4)cc2)cc1
CHEMBL3684431,6.51,CHEMBL4282,310.0,O=C(NCc1ccc(-c2nnc3n2-c2cccnc2Nc2ccccc2-3)cc1)Nc1ccccc1F
CHEMBL3684432,5.96,CHEMBL4282,1100.0,O=C(NCc1ccc(-c2nnc3n2-c2cccnc2Nc2ccccc2-3)cc1)Nc1cccc(F)c1
CHEMBL3684433,6.89,CHEMBL4282,130.0,COc1cccc(NC(=O)NCc2ccc(-c3nnc4n3-c3cccnc3Nc3ccccc3-4)cc2)c1
CHEMBL3684434,5.92,CHEMBL4282,1200.0,O=C(NCc1ccc(-c2nnc3n2-c2cccnc2Nc2ccccc2-3)cc1)Nc1ccc(F)cc1
CHEMBL3684435,6.32,CHEMBL4282,480.0,Cc1cccc(NC(=O)NCc2ccc(-c3nnc4n3-c3cccnc3Nc3ccccc3-4)cc2)c1
CHEMBL3684436,7.0,CHEMBL4282,99.0,NC1(c2ccc(-c3nnc4n3-c3cccnc3Nc3ccccc3-4)cc2)CCC1
CHEMBL3684437,5.72,CHEMBL4282,1900.0,ClCc1ccc(-c2nnc3n2-c2cccnc2Nc2ccccc2-3)cc1
CHEMBL3684438,6.03,CHEMBL4282,940.0,O=c1[nH]c2ccccc2n1C1CCN(Cc2ccc(-c3nnc4n3-c3ccccc3Nc3ccccc3-4)cc2)CC1
CHEMBL3684439,6.6,CHEMBL4282,250.0,c1ccc(-c2nnc(C3CCN(Cc4ccc(-c5nnc6n5-c5ccccc5Nc5ccccc5-6)cc4)CC3)[nH]2)nc1
CHEMBL3684440,5.77,CHEMBL4282,1700.0,[C-]#[N+]c1ccc(C(=O)NC2CCN(Cc3ccc(-c4nnc5n4-c4cccnc4Nc4ccccc4-5)cc3)CC2)cc1
CHEMBL3684441,6.77,CHEMBL4282,170.0,c1ccc2c(c1)Nc1ncccc1-n1c(-c3ccc(CN4CCC(c5nnc(-c6ccncc6)[nH]5)CC4)cc3)nnc1-2
CHEMBL3684442,5.5,CHEMBL4282,3200.0,O=C(c1ccc(F)cc1)N1CCN(Cc2ccc(-c3nnc4n3-c3cccnc3Nc3ccccc3-4)cc2)CC1
CHEMBL3684443,5.47,CHEMBL4282,3400.0,O=C(C1CCCC1)N1CCN(Cc2ccc(-c3nnc4n3-c3cccnc3Nc3ccccc3-4)cc2)CC1
CHEMBL3684444,6.37,CHEMBL4282,430.0,COc1ccccc1C(=O)N1CCN(Cc2ccc(-c3nnc4n3-c3cccnc3Nc3ccccc3-4)cc2)CC1
CHEMBL3684445,5.47,CHEMBL4282,3400.0,O=C(CCc1ccccc1)N1CCN(Cc2ccc(-c3nnc4n3-c3cccnc3Nc3ccccc3-4)cc2)CC1
CHEMBL3684446,5.89,CHEMBL4282,1300.0,Cc1cccc(C(=O)N2CCN(Cc3ccc(-c4nnc5n4-c4cccnc4Nc4ccccc4-5)cc3)CC2)c1
CHEMBL3684447,5.85,CHEMBL4282,1400.0,COc1ccc(C(=O)N2CCN(Cc3ccc(-c4nnc5n4-c4cccnc4Nc4ccccc4-5)cc3)CC2)cc1
CHEMBL3684448,5.66,CHEMBL4282,2200.0,COc1cccc(C(=O)N2CCN(Cc3ccc(-c4nnc5n4-c4cccnc4Nc4ccccc4-5)cc3)CC2)c1
CHEMBL3684449,6.0,CHEMBL4282,990.0,[C-]#[N+]c1ccc(C(=O)N2CCN(Cc3ccc(-c4nnc5n4-c4cccnc4Nc4ccccc4-5)cc3)CC2)cc1
CHEMBL3684450,5.22,CHEMBL4282,6000.0,O=C(Cc1ccccc1)N1CCN(Cc2ccc(-c3nnc4n3-c3cccnc3Nc3ccccc3-4)cc2)CC1
CHEMBL3684451,6.35,CHEMBL4282,450.0,O=C(c1ccccc1F)N1CCN(Cc2ccc(-c3nnc4n3-c3cccnc3Nc3ccccc3-4)cc2)CC1
CHEMBL3684452,5.54,CHEMBL4282,2900.0,Cc1cc(C(=O)N2CCN(Cc3ccc(-c4nnc5n4-c4cccnc4Nc4ccccc4-5)cc3)CC2)no1
CHEMBL3684453,5.31,CHEMBL4282,4900.0,O=C(c1ccc(F)c(F)c1)N1CCN(Cc2ccc(-c3nnc4n3-c3cccnc3Nc3ccccc3-4)cc2)CC1
CHEMBL3684454,5.72,CHEMBL4282,1900.0,O=C(c1ccccc1)N1CCN(Cc2ccc(-c3nnc4n3-c3cccnc3Nc3ccccc3-4)cc2)CC1
CHEMBL3684455,6.1,CHEMBL4282,790.0,COC(=O)c1sccc1S(=O)(=O)NC1CCN(Cc2ccc(-c3nnc4n3-c3cccnc3Nc3ccccc3-4)cc2)CC1
CHEMBL3684456,5.17,CHEMBL4282,6800.0,Cc1noc(C)c1S(=O)(=O)NC1CCN(Cc2ccc(-c3nnc4n3-c3cccnc3Nc3ccccc3-4)cc2)CC1
CHEMBL3684457,5.64,CHEMBL4282,2300.0,O=S(=O)(NC1CCN(Cc2ccc(-c3nnc4n3-c3cccnc3Nc3ccccc3-4)cc2)CC1)c1ccccc1F
CHEMBL3639833,5.47,CHEMBL4282,3400.0,O=S(=O)(CC1CCCCC1)NC1CCN(Cc2ccc(-c3nnc4n3-c3cccnc3Nc3ccccc3-4)cc2)CC1
CHEMBL3684458,5.28,CHEMBL4282,5300.0,O=S(=O)(NC1CCN(Cc2ccc(-c3nnc4n3-c3cccnc3Nc3ccccc3-4)cc2)CC1)C1CC1
CHEMBL3684459,5.52,CHEMBL4282,3000.0,COc1cccc(S(=O)(=O)NC2CCN(Cc3ccc(-c4nnc5n4-c4cccnc4Nc4ccccc4-5)cc3)CC2)c1
CHEMBL3684460,5.3,CHEMBL4282,5000.0,CC(=O)Nc1ccc(S(=O)(=O)NC2CCN(Cc3ccc(-c4nnc5n4-c4cccnc4Nc4ccccc4-5)cc3)CC2)cc1
CHEMBL3684461,5.75,CHEMBL4282,1800.0,O=S(=O)(Cc1ccccc1)NC1CCN(Cc2ccc(-c3nnc4n3-c3cccnc3Nc3ccccc3-4)cc2)CC1
CHEMBL3684462,5.28,CHEMBL4282,5300.0,Cc1nc(C)c(S(=O)(=O)NC2CCN(Cc3ccc(-c4nnc5n4-c4cccnc4Nc4ccccc4-5)cc3)CC2)s1
CHEMBL3684463,5.19,CHEMBL4282,6400.0,CC(C)CS(=O)(=O)NC1CCN(Cc2ccc(-c3nnc4n3-c3cccnc3Nc3ccccc3-4)cc2)CC1
CHEMBL3684464,5.47,CHEMBL4282,3400.0,CC(=O)c1ccc(S(=O)(=O)NC2CCN(Cc3ccc(-c4nnc5n4-c4cccnc4Nc4ccccc4-5)cc3)CC2)cc1
CHEMBL3684465,5.7,CHEMBL4282,2000.0,O=S(=O)(NC1CCN(Cc2ccc(-c3nnc4n3-c3cccnc3Nc3ccccc3-4)cc2)CC1)c1ccc2c(c1)OCCO2
CHEMBL3684466,5.57,CHEMBL4282,2700.0,O=S(=O)(NC1CCN(Cc2ccc(-c3nnc4n3-c3cccnc3Nc3ccccc3-4)cc2)CC1)c1cccc(F)c1
CHEMBL3684467,5.16,CHEMBL4282,6900.0,O=C(c1ccc2c(c1)OCO2)N1CCN(Cc2ccc(-c3nnc4n3-c3cccnc3Nc3ccccc3-4)cc2)CC1
CHEMBL3684468,5.7,CHEMBL4282,2000.0,[C-]#[N+]c1cccc(C(=O)N2CCN(Cc3ccc(-c4nnc5n4-c4cccnc4Nc4ccccc4-5)cc3)CC2)c1
CHEMBL3684469,5.52,CHEMBL4282,3000.0,Cc1ccc(C(=O)N2CCN(Cc3ccc(-c4nnc5n4-c4cccnc4Nc4ccccc4-5)cc3)CC2)cc1
CHEMBL3684470,5.38,CHEMBL4282,4200.0,O=C(c1ccccn1)N1CCN(Cc2ccc(-c3nnc4n3-c3cccnc3Nc3ccccc3-4)cc2)CC1
CHEMBL3684471,6.02,CHEMBL4282,950.0,O=C1NCN(c2ccccc2)C12CCN(Cc1ccc(-c3nnc4n3-c3cccnc3Nc3ccccc3-4)cc1)CC2
CHEMBL3684472,5.14,CHEMBL4282,7300.0,[C-]#[N+]C1(c2ccccc2)CCN(Cc2ccc(-c3nnc4n3-c3cccnc3Nc3ccccc3-4)cc2)CC1
CHEMBL3684473,5.75,CHEMBL4282,1800.0,O=C(c1ccc(F)cc1)C1CCN(Cc2ccc(-c3nnc4n3-c3cccnc3Nc3ccccc3-4)cc2)CC1
CHEMBL3684474,6.48,CHEMBL4282,330.0,O=C(Nc1ccc(F)cc1)NC1CCN(Cc2ccc(-c3nnc4n3-c3cccnc3Nc3ccccc3-4)cc2)CC1
CHEMBL3684475,6.14,CHEMBL4282,720.0,COc1ccc(C)cc1NC(=O)NC1CCN(Cc2ccc(-c3nnc4n3-c3cccnc3Nc3ccccc3-4)cc2)CC1
CHEMBL3684476,6.36,CHEMBL4282,440.0,O=C(Nc1ccccc1F)NC1CCN(Cc2ccc(-c3nnc4n3-c3cccnc3Nc3ccccc3-4)cc2)CC1
CHEMBL3684477,6.36,CHEMBL4282,440.0,Cc1ccc(NC(=O)NC2CCN(Cc3ccc(-c4nnc5n4-c4cccnc4Nc4ccccc4-5)cc3)CC2)cc1
CHEMBL3684478,5.22,CHEMBL4282,6000.0,COc1ccc(CCNC(=O)NC2CCN(Cc3ccc(-c4nnc5n4-c4cccnc4Nc4ccccc4-5)cc3)CC2)cc1OC
CHEMBL3684479,6.18,CHEMBL4282,660.0,Cc1cccc(NC(=O)NC2CCN(Cc3ccc(-c4nnc5n4-c4cccnc4Nc4ccccc4-5)cc3)CC2)c1
CHEMBL3684480,6.11,CHEMBL4282,780.0,COc1cccc(CNC(=O)NC2CCN(Cc3ccc(-c4nnc5n4-c4cccnc4Nc4ccccc4-5)cc3)CC2)c1
CHEMBL3684481,5.92,CHEMBL4282,1200.0,COc1ccc(NC(=O)NC2CCN(Cc3ccc(-c4nnc5n4-c4cccnc4Nc4ccccc4-5)cc3)CC2)cc1Cl
CHEMBL3684482,6.04,CHEMBL4282,910.0,O=C(NCc1ccccc1Cl)NC1CCN(Cc2ccc(-c3nnc4n3-c3cccnc3Nc3ccccc3-4)cc2)CC1
CHEMBL3684483,6.2,CHEMBL4282,630.0,O=C(Nc1cccc(C(F)(F)F)c1)NC1CCN(Cc2ccc(-c3nnc4n3-c3cccnc3Nc3ccccc3-4)cc2)CC1
CHEMBL3684484,6.28,CHEMBL4282,530.0,O=C(Nc1ccc2c(c1)CCO2)NC1CCN(Cc2ccc(-c3nnc4n3-c3cccnc3Nc3ccccc3-4)cc2)CC1
CHEMBL3684485,5.92,CHEMBL4282,1200.0,O=C(Nc1cccc(Cl)c1)NC1CCN(Cc2ccc(-c3nnc4n3-c3cccnc3Nc3ccccc3-4)cc2)CC1
CHEMBL3684486,6.11,CHEMBL4282,770.0,CCCc1ccccc1NC(=O)NC1CCN(Cc2ccc(-c3nnc4n3-c3cccnc3Nc3ccccc3-4)cc2)CC1
CHEMBL3684487,6.1,CHEMBL4282,790.0,O=C(Nc1cccc(F)c1)NC1CCN(Cc2ccc(-c3nnc4n3-c3cccnc3Nc3ccccc3-4)cc2)CC1
CHEMBL3684488,6.16,CHEMBL4282,700.0,Cc1ccccc1NC(=O)NC1CCN(Cc2ccc(-c3nnc4n3-c3cccnc3Nc3ccccc3-4)cc2)CC1
CHEMBL3684489,6.03,CHEMBL4282,940.0,O=C(NCCc1ccc(Cl)cc1)NC1CCN(Cc2ccc(-c3nnc4n3-c3cccnc3Nc3ccccc3-4)cc2)CC1
CHEMBL3684490,5.92,CHEMBL4282,1200.0,Cc1ccccc1CNC(=O)NC1CCN(Cc2ccc(-c3nnc4n3-c3cccnc3Nc3ccccc3-4)cc2)CC1
CHEMBL3684491,6.12,CHEMBL4282,750.0,O=C(NCCc1cccs1)NC1CCN(Cc2ccc(-c3nnc4n3-c3cccnc3Nc3ccccc3-4)cc2)CC1
CHEMBL3684492,6.16,CHEMBL4282,700.0,COc1ccccc1NC(=O)NC1CCN(Cc2ccc(-c3nnc4n3-c3cccnc3Nc3ccccc3-4)cc2)CC1
CHEMBL3684493,6.08,CHEMBL4282,840.0,COc1ccc(NC(=O)NC2CCN(Cc3ccc(-c4nnc5n4-c4cccnc4Nc4ccccc4-5)cc3)CC2)c(C)c1
CHEMBL3684494,5.68,CHEMBL4282,2100.0,Cc1cc(COCc2ccc(-c3nnc4n3-c3cccnc3Nc3ccccc3-4)cc2)no1
CHEMBL3684495,6.31,CHEMBL4282,490.0,c1ccc(-n2cc(COCc3ccc(-c4nnc5n4-c4cccnc4Nc4ccccc4-5)cc3)nn2)cc1
CHEMBL3684496,6.3,CHEMBL4282,500.0,c1ccc2c(c1)Nc1ncccc1-n1c(-c3ccc(CN4CCC(c5c[nH]c6ccccc56)CC4)cc3)nnc1-2
CHEMBL3684497,6.08,CHEMBL4282,830.0,c1ccc(OC2CCN(Cc3ccc(-c4nnc5n4-c4cccnc4Nc4ccccc4-5)cc3)CC2)cc1
CHEMBL3684498,6.04,CHEMBL4282,920.0,c1ccc(OC2CCCN(Cc3ccc(-c4nnc5n4-c4cccnc4Nc4ccccc4-5)cc3)C2)cc1
CHEMBL3684499,6.39,CHEMBL4282,410.0,Cc1noc(C2CCCN(Cc3ccc(-c4nnc5n4-c4cccnc4Nc4ccccc4-5)cc3)C2)n1
CHEMBL3684500,7.32,CHEMBL4282,48.0,O=c1[nH]c(-c2ccccc2)cn1C1CCN(Cc2ccc(-c3nnc4n3-c3cccnc3Nc3ccccc3-4)cc2)CC1
CHEMBL3684501,6.47,CHEMBL4282,340.0,CC(C)(N)c1ccc(-c2nnc3n2-c2cccnc2Nc2ccccc2-3)cc1
CHEMBL3684502,7.14,CHEMBL4282,73.0,O=C(NC1(c2ccc(-c3nnc4n3-c3cccnc3Nc3ccccc3-4)cc2)CCC1)c1ccccc1
CHEMBL3684503,5.92,CHEMBL4282,1200.0,O=C(Nc1ccccc1)NC1(c2ccc(-c3nnc4n3-c3cccnc3Nc3ccccc3-4)cc2)CCC1
CHEMBL3684504,6.55,CHEMBL4282,280.0,O=S(=O)(NC1(c2ccc(-c3nnc4n3-c3cccnc3Nc3ccccc3-4)cc2)CCC1)c1ccccc1
CHEMBL3684505,5.96,CHEMBL4282,1100.0,c1ccc2c(c1)Nc1ncccc1-n1c(-c3ccc(C4CCCN4)cc3)nnc1-2
CHEMBL3684510,5.72,CHEMBL4282,1900.0,CC(C)(C)OC(=O)NC1CCN(Cc2ccc(-c3nnc4n3-c3cccnc3Nc3ccccc3-4)cc2)CC1
CHEMBL3684511,6.68,CHEMBL4282,210.0,Fc1ccc2c(CCNCc3ccc(-c4nnc5n4-c4cccnc4Nc4ccccc4-5)cc3)c[nH]c2c1
CHEMBL3684512,6.82,CHEMBL4282,150.0,Clc1ccc2nc(CCNCc3ccc(-c4nnc5n4-c4cccnc4Nc4ccccc4-5)cc3)[nH]c2c1
CHEMBL3684516,6.18,CHEMBL4282,660.0,c1ccc(-c2nnc(C3CCN(Cc4ccc(-c5nnc6n5-c5cccnc5Nc5ccccc5-6)cc4)CC3)o2)cc1
CHEMBL3684525,6.02,CHEMBL4282,960.0,Cc1ccc2c(c1)-c1nnc(-c3ccc(C4(N)CCC4)cc3)n1-c1cccnc1N2
CHEMBL3684526,6.3,CHEMBL4282,500.0,NC1(c2ccc(-c3nnc4n3-c3cccnc3Nc3ccccc3-4)cc2)CCCCC1
CHEMBL3684527,5.85,CHEMBL4282,1400.0,Cc1cccc2c1Nc1ncccc1-n1c(-c3ccc(C4(N)CCC4)cc3)nnc1-2
CHEMBL3684528,6.89,CHEMBL4282,130.0,NC1(c2ccc(-c3nnc4n3-c3cccnc3Nc3ccc(Br)cc3-4)cc2)CCC1
CHEMBL3684529,5.3,CHEMBL4282,5000.0,NC1(c2ccc(-c3nnc4n3-c3cnccc3Nc3ccccc3-4)cc2)CCC1
CHEMBL3684530,5.85,CHEMBL4282,1400.0,CC(C)(C)OC(=O)NC1(c2ccc(-c3nnc4n3-c3cccnc3Nc3ccccc3-4)cc2)CC1
CHEMBL3684531,6.85,CHEMBL4282,140.0,NC1(c2ccc(-c3nnc4n3-c3cccnc3Nc3ccccc3-4)cc2)CC1
CHEMBL3684532,6.31,CHEMBL4282,490.0,Cc1ccc2c(c1)Nc1ncccc1-n1c(-c3ccc(C4(N)CCC4)cc3)nnc1-2
CHEMBL3684533,5.92,CHEMBL4282,1200.0,NC1(c2ccc(-c3nnc4n3-c3cccnc3Nc3ccc(-c5ccccc5)cc3-4)cc2)CCC1
CHEMBL3684534,5.28,CHEMBL4282,5200.0,OCc1ccc(-c2nnc3n2-c2cccnc2Nc2ccc(Br)cc2-3)cc1
CHEMBL3684536,5.21,CHEMBL4282,6100.0,NCc1ccc(-c2nnc3n2-c2cccnc2Nc2ccc(Br)cc2-3)cc1
CHEMBL3684537,7.02,CHEMBL4282,96.0,Brc1ccc2c(c1)-c1nnc(-c3ccc(CN4CCC(c5nnc(-c6ccccn6)[nH]5)CC4)cc3)n1-c1cccnc1N2
CHEMBL3684538,5.42,CHEMBL4282,3800.0,c1ccc(CCNC2(c3ccc(-c4nnc5n4-c4cccnc4Nc4ccccc4-5)cc3)CCC2)cc1
CHEMBL3684539,5.58,CHEMBL4282,2600.0,NC1(c2ccc(-c3nnc4n3-c3cc(-c5ccccc5)cnc3Nc3ccccc3-4)cc2)CCC1
CHEMBL3684517,4.39,CHEMBL4282,41000.0,CC(C)(C)OC(=O)N1CCN(C(=O)c2ccc(-c3nnc4n3-c3cccnc3Nc3ccccc3-4)cc2)CC1
CHEMBL3684518,4.77,CHEMBL4282,17000.0,O=C(c1ccc(-c2nnc3n2-c2cccnc2Nc2ccccc2-3)cc1)N1CCNCC1
CHEMBL3684519,4.25,CHEMBL4282,56000.0,CC(C)(C)OC(=O)NC1CCN(C(=O)c2ccc(-c3nnc4n3-c3cccnc3Nc3ccccc3-4)cc2)CC1
CHEMBL3684520,4.16,CHEMBL4282,70000.0,NC1CCN(C(=O)c2ccc(-c3nnc4n3-c3cccnc3Nc3ccccc3-4)cc2)CC1
CHEMBL3684521,5.37,CHEMBL4282,4300.0,CC(C)(C)OC(=O)NCCc1ccc(-c2nnc3n2-c2cccnc2Nc2ccccc2-3)cc1
CHEMBL3684522,4.85,CHEMBL4282,14000.0,CC(C)(C)OC(=O)NCc1ccc(-c2nnc3n2-c2cccnc2Nc2ccccc2-3)cc1
CHEMBL3684523,4.85,CHEMBL4282,14000.0,NCCc1ccc(-c2nnc3n2-c2cccnc2Nc2ccccc2-3)cc1
CHEMBL3684524,5.12,CHEMBL4282,7600.0,COc1cccc(C(=O)NC2CCN(Cc3ccc(-c4nnc5n4-c4cccnc4Nc4ccccc4-5)cc3)CC2)c1
CHEMBL3640733,9.4,CHEMBL4282,0.4,CC(C)(C)C(=O)Nc1cccc(-c2ccc3nc(-c4cccnc4N)n(-c4ccc(C5(N)CCC5)cc4)c3n2)c1
CHEMBL3640734,9.15,CHEMBL4282,0.7,CC(=O)OC(C)(C)C(=O)Nc1cccc(-c2ccc3nc(-c4cccnc4N)n(-c4ccc(C5(N)CCC5)cc4)c3n2)c1
CHEMBL3640735,8.85,CHEMBL4282,1.4,CC(C)(O)C(=O)Nc1cccc(-c2ccc3nc(-c4cccnc4N)n(-c4ccc(C5(N)CCC5)cc4)c3n2)c1
CHEMBL3640736,8.15,CHEMBL4282,7.1,C[C@H](O)CNC(=O)c1cccc(-c2ccc3nc(-c4cccnc4N)n(-c4ccc(C5(N)CCC5)cc4)c3n2)c1
CHEMBL3640737,8.92,CHEMBL4282,1.2,C[C@@H](O)CNC(=O)c1cccc(-c2ccc3nc(-c4cccnc4N)n(-c4ccc(C5(N)CCC5)cc4)c3n2)c1
CHEMBL3640738,9.7,CHEMBL4282,0.2,CN(C)C(=O)C1CCN(c2cccc(-c3ccc4nc(-c5cccnc5N)n(-c5ccc(C6(N)CCC6)cc5)c4n3)c2)CC1
CHEMBL3640739,9.7,CHEMBL4282,0.2,CCN(CC)C(=O)C1CCN(c2cccc(-c3ccc4nc(-c5cccnc5N)n(-c5ccc(C6(N)CCC6)cc5)c4n3)c2)CC1
CHEMBL3640740,9.7,CHEMBL4282,0.2,Nc1ncccc1-c1nc2ccc(-c3cccc(N4CCC(C(=O)N5CCOCC5)CC4)c3)nc2n1-c1ccc(C2(N)CCC2)cc1
CHEMBL3640741,9.7,CHEMBL4282,0.2,CC(=O)NC1CCN(c2cccc(-c3ccc4nc(-c5cccnc5N)n(-c5ccc(C6(N)CCC6)cc5)c4n3)c2)CC1
CHEMBL3640742,8.85,CHEMBL4282,1.4,CCC(=O)N1CCN(c2cccc(-c3ccc4nc(-c5cccnc5N)n(-c5ccc(C6(N)CCC6)cc5)c4n3)c2)CC1
CHEMBL3640743,8.96,CHEMBL4282,1.1,Nc1ncccc1-c1nc2ccc(-c3cccc(N4CCN(C(=O)C5CC5)CC4)c3)nc2n1-c1ccc(C2(N)CCC2)cc1
CHEMBL3640744,8.96,CHEMBL4282,1.1,CC(C)C(=O)N1CCN(c2cccc(-c3ccc4nc(-c5cccnc5N)n(-c5ccc(C6(N)CCC6)cc5)c4n3)c2)CC1
CHEMBL3640745,8.77,CHEMBL4282,1.7,CC(C)(C)C(=O)N1CCN(c2cccc(-c3ccc4nc(-c5cccnc5N)n(-c5ccc(C6(N)CCC6)cc5)c4n3)c2)CC1
CHEMBL3640746,8.51,CHEMBL4282,3.1,C[C@@H]1CN(c2cccc(-c3ccc4nc(-c5cccnc5N)n(-c5ccc(C6(N)CCC6)cc5)c4n3)c2)C[C@H](C)O1
CHEMBL3640747,9.1,CHEMBL4282,0.8,Nc1ncccc1-c1nc2ccc(-c3cccc(N4CCS(=O)(=O)CC4)c3)nc2n1-c1ccc(C2(N)CCC2)cc1
CHEMBL3640749,7.24,CHEMBL4282,57.3,Nc1ncccc1-c1nc2ccc(Nc3ccc(N4CCOCC4)cc3)nc2n1-c1ccc(C2(N)CCC2)cc1
CHEMBL3640750,6.96,CHEMBL4282,109.5,Nc1ncccc1-c1nc2ccc(Sc3ccccc3)nc2n1-c1ccc(C2(N)CCC2)cc1
CHEMBL3640751,7.08,CHEMBL4282,83.1,Nc1ncccc1-c1nc2ccc(Oc3ccccc3)nc2n1-c1ccc(C2(N)CCC2)cc1
CHEMBL3640732,8.51,CHEMBL4282,3.09,Nc1ncccc1-c1nc2ccc(-c3cccc(NC(=O)C4CC4)c3)nc2n1-c1ccc(C2(N)CCC2)cc1
CHEMBL3640733,8.77,CHEMBL4282,1.7,CC(C)(C)C(=O)Nc1cccc(-c2ccc3nc(-c4cccnc4N)n(-c4ccc(C5(N)CCC5)cc4)c3n2)c1
CHEMBL3640734,8.35,CHEMBL4282,4.46,CC(=O)OC(C)(C)C(=O)Nc1cccc(-c2ccc3nc(-c4cccnc4N)n(-c4ccc(C5(N)CCC5)cc4)c3n2)c1
CHEMBL3640735,8.79,CHEMBL4282,1.63,CC(C)(O)C(=O)Nc1cccc(-c2ccc3nc(-c4cccnc4N)n(-c4ccc(C5(N)CCC5)cc4)c3n2)c1
CHEMBL3640736,8.61,CHEMBL4282,2.45,C[C@H](O)CNC(=O)c1cccc(-c2ccc3nc(-c4cccnc4N)n(-c4ccc(C5(N)CCC5)cc4)c3n2)c1
CHEMBL3640737,8.82,CHEMBL4282,1.5,C[C@@H](O)CNC(=O)c1cccc(-c2ccc3nc(-c4cccnc4N)n(-c4ccc(C5(N)CCC5)cc4)c3n2)c1
CHEMBL3640738,8.6,CHEMBL4282,2.51,CN(C)C(=O)C1CCN(c2cccc(-c3ccc4nc(-c5cccnc5N)n(-c5ccc(C6(N)CCC6)cc5)c4n3)c2)CC1
CHEMBL3640739,8.38,CHEMBL4282,4.15,CCN(CC)C(=O)C1CCN(c2cccc(-c3ccc4nc(-c5cccnc5N)n(-c5ccc(C6(N)CCC6)cc5)c4n3)c2)CC1
CHEMBL3640740,8.47,CHEMBL4282,3.36,Nc1ncccc1-c1nc2ccc(-c3cccc(N4CCC(C(=O)N5CCOCC5)CC4)c3)nc2n1-c1ccc(C2(N)CCC2)cc1
CHEMBL3640741,8.84,CHEMBL4282,1.44,CC(=O)NC1CCN(c2cccc(-c3ccc4nc(-c5cccnc5N)n(-c5ccc(C6(N)CCC6)cc5)c4n3)c2)CC1
CHEMBL3640742,8.67,CHEMBL4282,2.15,CCC(=O)N1CCN(c2cccc(-c3ccc4nc(-c5cccnc5N)n(-c5ccc(C6(N)CCC6)cc5)c4n3)c2)CC1
CHEMBL3640743,8.73,CHEMBL4282,1.84,Nc1ncccc1-c1nc2ccc(-c3cccc(N4CCN(C(=O)C5CC5)CC4)c3)nc2n1-c1ccc(C2(N)CCC2)cc1
CHEMBL3640745,8.47,CHEMBL4282,3.42,CC(C)(C)C(=O)N1CCN(c2cccc(-c3ccc4nc(-c5cccnc5N)n(-c5ccc(C6(N)CCC6)cc5)c4n3)c2)CC1
CHEMBL3640746,8.36,CHEMBL4282,4.36,C[C@@H]1CN(c2cccc(-c3ccc4nc(-c5cccnc5N)n(-c5ccc(C6(N)CCC6)cc5)c4n3)c2)C[C@H](C)O1
CHEMBL3640747,8.75,CHEMBL4282,1.79,Nc1ncccc1-c1nc2ccc(-c3cccc(N4CCS(=O)(=O)CC4)c3)nc2n1-c1ccc(C2(N)CCC2)cc1
CHEMBL3640748,8.42,CHEMBL4282,3.77,Nc1ncccc1-c1nc2ccc(Nc3ccccc3)nc2n1-c1ccc(C2(N)CCC2)cc1
CHEMBL3640749,8.06,CHEMBL4282,8.72,Nc1ncccc1-c1nc2ccc(Nc3ccc(N4CCOCC4)cc3)nc2n1-c1ccc(C2(N)CCC2)cc1
CHEMBL3640732,8.15,CHEMBL4282,7.0,Nc1ncccc1-c1nc2ccc(-c3cccc(NC(=O)C4CC4)c3)nc2n1-c1ccc(C2(N)CCC2)cc1
CHEMBL3596523,4.51,CHEMBL4282,31000.0,O=C(NC(=S)Nc1cc([N+](=O)[O-])cc(Cl)c1O)c1ccccc1
CHEMBL3596524,4.57,CHEMBL4282,27100.0,Cc1cc(C)cc(C(=O)NC(=S)Nc2cc([N+](=O)[O-])ccc2O)c1
CHEMBL3693945,4.76,CHEMBL4282,17500.0,Cc1cc(C)cc(C(=O)NC(=S)Nc2c(O)cc(C)c(Cl)c2C)c1
CHEMBL3693946,4.65,CHEMBL4282,22600.0,Cc1cc(C)cc(C(=O)NC(=S)Nc2cc(C(F)(F)F)ccc2O)c1
CHEMBL3693947,4.68,CHEMBL4282,20800.0,Cc1cc(C)cc(C(=O)NC(=S)Nc2c(O)cc(C(F)(F)F)cc2C(F)(F)F)c1
CHEMBL3693948,4.74,CHEMBL4282,18100.0,Cc1cc(C)cc(C(=O)NC(=S)Nc2c(O)cc(C)c(Br)c2C)c1
CHEMBL3693949,4.87,CHEMBL4282,13400.0,Cc1cc(C)cc(C(=O)NC(=S)Nc2cc(-c3ccccc3)ccc2O)c1
CHEMBL3701717,8.43,CHEMBL4282,3.7,NC1(c2ccc(-c3nc4n(c3-c3ccccc3)COc3cccc(F)c3-4)cc2)CC(O)(C2CC2)C1
CHEMBL3701718,8.34,CHEMBL4282,4.6,CC1(O)CC(N)(c2ccc(-c3nc4n(c3-c3ccccc3)COc3cccc(F)c3-4)cc2)C1
CHEMBL3701719,7.8,CHEMBL4282,16.0,NC1(c2ccc(-c3nc4n(c3-c3ccccc3)COc3cccc(F)c3-4)cc2)CCC1
CHEMBL3701720,8.15,CHEMBL4282,7.1,NC1(c2ccc(-c3nc4n(c3-c3ccsc3)COc3cccc(F)c3-4)cc2)CC(O)(C2CC2)C1
CHEMBL3701721,7.66,CHEMBL4282,22.0,NC1(c2ccc(-c3nc4n(c3-c3ccncc3)COc3cccc(F)c3-4)cc2)CC(O)(C2CC2)C1
CHEMBL3701722,8.01,CHEMBL4282,9.8,CC1(O)CC(N)(c2ccc(-c3nc4n(c3-c3ccsc3)COc3cccc(F)c3-4)cc2)C1
CHEMBL3701723,7.6,CHEMBL4282,25.0,CC1(O)CC(N)(c2ccc(-c3nc4n(c3-c3ccncc3)COc3cccc(F)c3-4)cc2)C1
CHEMBL3701724,8.19,CHEMBL4282,6.4,CC1(O)CC(N)(c2ccc(-c3nc4n(c3-c3ccccc3)COc3ccc(F)cc3-4)cc2)C1
CHEMBL3701725,8.07,CHEMBL4282,8.5,CC1(O)CC(N)(c2ccc(-c3nc4n(c3-c3ccccc3)COc3cc(F)ccc3-4)cc2)C1
CHEMBL3701726,8.64,CHEMBL4282,2.3,NC1(c2ccc(-c3nc4n(c3-c3ccccc3)COc3c(F)cccc3-4)cc2)CC(O)(C2CC2)C1
CHEMBL3701727,8.41,CHEMBL4282,3.9,NC1(c2ccc(-c3nc4n(c3-c3ccccc3)COc3ccccc3-4)cc2)CC(O)(C2CC2)C1
CHEMBL3701728,8.28,CHEMBL4282,5.3,CC1(O)CC(N)(c2ccc(-c3nc4n(c3-c3ccccc3)COc3ccccc3-4)cc2)C1
CHEMBL3701729,7.89,CHEMBL4282,13.0,NC1(c2ccc(-c3nc4n(c3-c3ccccc3)COc3ccccc3-4)cc2)CCC1
CHEMBL3701730,7.57,CHEMBL4282,27.0,NC1(c2ccc(-c3nc4n(c3-c3ccsc3)COc3ccccc3-4)cc2)CCC1
CHEMBL3701731,7.29,CHEMBL4282,51.0,NC1(c2ccc(-c3nc4n(c3-c3ccncc3)COc3ccccc3-4)cc2)CCC1
CHEMBL3701732,8.32,CHEMBL4282,4.8,COc1cccc2c1-c1nc(-c3ccc(C4(N)CC(O)(C5CC5)C4)cc3)c(-c3ccccc3)n1CO2
CHEMBL3701733,8.74,CHEMBL4282,1.8,COc1ccc2c(c1)-c1nc(-c3ccc(C4(N)CC(O)(C5CC5)C4)cc3)c(-c3ccccc3)n1CO2
CHEMBL3701734,8.43,CHEMBL4282,3.7,COc1ccc2c(c1)OCn1c-2nc(-c2ccc(C3(N)CC(O)(C4CC4)C3)cc2)c1-c1ccccc1
CHEMBL5316196,7.8,CHEMBL4282,16.0,COc1cccc2c1OCn1c-2nc(-c2ccc(C3(N)CC(O)(C4CC4)C3)cc2)c1-c1ccccc1
CHEMBL3701735,8.54,CHEMBL4282,2.9,COc1ccc2c(c1)-c1nc(-c3ccc(C4(N)CC(C)(O)C4)cc3)c(-c3ccccc3)n1CO2
CHEMBL3701736,8.22,CHEMBL4282,6.0,COc1ccc2c(c1)OCn1c-2nc(-c2ccc(C3(N)CC(C)(O)C3)cc2)c1-c1ccccc1
CHEMBL3701737,8.09,CHEMBL4282,8.2,NC1(c2ccc(-c3nc4n(c3-c3ccccc3)COc3cccc(Cl)c3-4)cc2)CC(O)(C2CC2)C1
CHEMBL3701738,7.55,CHEMBL4282,28.0,CCOc1cccc2c1-c1nc(-c3ccc(C4(N)CC(O)(C5CC5)C4)cc3)c(-c3ccccc3)n1CO2
CHEMBL3701739,7.52,CHEMBL4282,30.0,CCOc1cccc2c1-c1nc(-c3ccc(C4(N)CC(C)(O)C4)cc3)c(-c3ccccc3)n1CO2
CHEMBL3701740,7.92,CHEMBL4282,12.0,COc1cc(OC)c2c(c1)OCn1c-2nc(-c2ccc(C3(N)CC(O)(C4CC4)C3)cc2)c1-c1ccccc1
CHEMBL5316197,7.58,CHEMBL4282,26.0,Cc1cccc2c1OCn1c-2nc(-c2ccc(C3(N)CC(O)(C4CC4)C3)cc2)c1-c1ccccc1
CHEMBL3701742,7.96,CHEMBL4282,11.0,NC1(c2ccc(-c3nc4n(c3-c3ccccc3)COc3cccnc3-4)cc2)CC(O)(C2CC2)C1
CHEMBL3701743,7.96,CHEMBL4282,11.0,CC1(O)CC(N)(c2ccc(-c3nc4n(c3-c3ccccc3)COc3cccnc3-4)cc2)C1
CHEMBL3701744,7.46,CHEMBL4282,35.0,NC1(c2ccc(-c3nc4n(c3-c3ccccc3)COc3cccnc3-4)cc2)CCC1
CHEMBL3701745,7.48,CHEMBL4282,33.0,CCC1(O)CC(N)(c2ccc(-c3nc4n(c3-c3ccccc3)COc3cccnc3-4)cc2)C1
CHEMBL5316198,8.38,CHEMBL4282,4.2,NC1(c2ccc(-c3nc4n(c3-c3ccccc3)COc3ccncc3-4)cc2)CC(O)(C2CC2)C1
CHEMBL3701747,8.18,CHEMBL4282,6.6,CC1(O)CC(N)(c2ccc(-c3nc4n(c3-c3ccccc3)COc3ccncc3-4)cc2)C1
CHEMBL3701748,7.85,CHEMBL4282,14.0,NC1(c2ccc(-c3nc4n(c3-c3ccccc3)COc3ccncc3-4)cc2)CCC1
CHEMBL3701746,7.92,CHEMBL4282,12.0,CCC1(O)CC(N)(c2ccc(-c3nc4n(c3-c3ccccc3)COc3ccncc3-4)cc2)C1
CHEMBL3701749,8.8,CHEMBL4282,1.6,NC1(c2ccc(-c3nc4n(c3-c3ccccc3)COc3cnccc3-4)cc2)CC(O)(C2CC2)C1
CHEMBL3701750,8.7,CHEMBL4282,2.0,CC1(O)CC(N)(c2ccc(-c3nc4n(c3-c3ccccc3)COc3cnccc3-4)cc2)C1
CHEMBL3701751,8.26,CHEMBL4282,5.5,NC1(c2ccc(-c3nc4n(c3-c3ccccc3)COc3cnccc3-4)cc2)CCC1
CHEMBL3701752,8.85,CHEMBL4282,1.4,NC1(c2ccc(-c3nc4n(c3-c3ccccc3)COc3ncccc3-4)cc2)CC(O)(C2CC2)C1
CHEMBL3701753,8.85,CHEMBL4282,1.4,CC1(O)CC(N)(c2ccc(-c3nc4n(c3-c3ccccc3)COc3ncccc3-4)cc2)C1
CHEMBL3701754,8.41,CHEMBL4282,3.9,NC1(c2ccc(-c3nc4n(c3-c3ccccc3)COc3ncccc3-4)cc2)CCC1
CHEMBL3701755,8.27,CHEMBL4282,5.4,NC1(c2ccc(-c3nc4n(c3-c3ccccc3)COc3nccnc3-4)cc2)CC(O)(C2CC2)C1
CHEMBL3701756,8.19,CHEMBL4282,6.4,CC1(O)CC(N)(c2ccc(-c3nc4n(c3-c3ccccc3)COc3nccnc3-4)cc2)C1
CHEMBL3701757,8.1,CHEMBL4282,8.0,CCC1(O)CC(N)(c2ccc(-c3nc4n(c3-c3ccccc3)COc3nccnc3-4)cc2)C1
CHEMBL3701758,8.66,CHEMBL4282,2.2,CC1(O)CC(N)(c2ccc(-c3nc4n(c3-c3ccccc3)COc3ccc(CO)cc3-4)cc2)C1
CHEMBL3701759,8.07,CHEMBL4282,8.6,CC1(O)CC(N)(c2ccc(-c3nc4n(c3-c3ccccc3)COc3cc(CO)ccc3-4)cc2)C1
CHEMBL3701760,8.21,CHEMBL4282,6.2,CC1(O)CC(N)(c2ccc(-c3nc4n(c3-c3ccccc3)COc3cc(C#N)ccc3-4)cc2)C1
CHEMBL3701761,8.36,CHEMBL4282,4.4,CC1(O)CC(N)(c2ccc(-c3nc4n(c3-c3ccccc3)COc3ccc(C#N)cc3-4)cc2)C1
CHEMBL3701762,9.1,CHEMBL4282,0.8,CC1(O)CC(N)(c2ccc(-c3nc4n(c3-c3ccccc3)COc3ccc(-c5ccn[nH]5)cc3-4)cc2)C1
CHEMBL3701763,8.89,CHEMBL4282,1.3,CC1(O)CC(N)(c2ccc(-c3nc4n(c3-c3ccccc3)COc3ccc(-c5cn[nH]c5)cc3-4)cc2)C1
CHEMBL5316199,7.96,CHEMBL4282,11.0,Cc1ccc2c(n1)-c1nc(-c3ccc(C4(N)CC(C)(O)C4)cc3)c(-c3ccccc3)n1CO2
CHEMBL3701765,8.26,CHEMBL4282,5.5,COc1ccc2c(n1)-c1nc(-c3ccc(C4(N)CC(C)(O)C4)cc3)c(-c3ccccc3)n1CO2
CHEMBL3701766,8.82,CHEMBL4282,1.5,CNC(=O)c1ccc2c(c1)-c1nc(-c3ccc(C4(N)CC(C)(O)C4)cc3)c(-c3ccccc3)n1CO2
CHEMBL3701767,8.8,CHEMBL4282,1.6,CC1(O)CC(N)(c2ccc(-c3nc4n(c3-c3ccccc3)COc3ccc(C(N)=O)cc3-4)cc2)C1
CHEMBL3701768,8.36,CHEMBL4282,4.4,CN(C)C(=O)c1ccc2c(c1)-c1nc(-c3ccc(C4(N)CC(C)(O)C4)cc3)c(-c3ccccc3)n1CO2
CHEMBL3701769,8.74,CHEMBL4282,1.8,CCNC(=O)c1ccc2c(c1)-c1nc(-c3ccc(C4(N)CC(C)(O)C4)cc3)c(-c3ccccc3)n1CO2
CHEMBL3701770,8.74,CHEMBL4282,1.8,CNC(=O)c1ccc2c(c1)OCn1c-2nc(-c2ccc(C3(N)CC(C)(O)C3)cc2)c1-c1ccccc1
CHEMBL3701771,7.82,CHEMBL4282,15.0,CN(C)C(=O)c1ccc2c(c1)OCn1c-2nc(-c2ccc(C3(N)CC(C)(O)C3)cc2)c1-c1ccccc1
CHEMBL3701772,8.51,CHEMBL4282,3.1,CC1(O)CC(N)(c2ccc(-c3nc4n(c3-c3ccccc3)COc3cc(C(=O)NCCO)ccc3-4)cc2)C1
CHEMBL3701773,8.68,CHEMBL4282,2.1,CCONC(=O)c1ccc2c(c1)OCn1c-2nc(-c2ccc(C3(N)CC(C)(O)C3)cc2)c1-c1ccccc1
CHEMBL3701774,8.62,CHEMBL4282,2.4,CC1(O)CC(N)(c2ccc(-c3nc4n(c3-c3ccccc3)COc3ccc(C(=O)NCCO)cc3-4)cc2)C1
CHEMBL3701775,8.74,CHEMBL4282,1.8,CCONC(=O)c1ccc2c(c1)-c1nc(-c3ccc(C4(N)CC(C)(O)C4)cc3)c(-c3ccccc3)n1CO2
CHEMBL3701776,8.89,CHEMBL4282,1.3,CC1(O)CC(N)(c2ccc(-c3nc4n(c3-c3ccccc3)COc3cc(C(N)=O)ccc3-4)cc2)C1
CHEMBL3701777,8.3,CHEMBL4282,5.0,CC1(O)CC(O)(c2ccc(-c3nc4n(c3-c3ccccc3)COc3ccc(C(=O)O)cc3-4)cc2)C1
CHEMBL3701778,8.51,CHEMBL4282,3.1,CC1(O)CC(O)(c2ccc(-c3nc4n(c3-c3ccccc3)COc3cc(C(=O)O)ccc3-4)cc2)C1
CHEMBL3649665,7.9,CHEMBL4282,12.6,COC(=O)c1ccccc1-c1nc2ccc(-c3cccc(N4CCOCC4)c3)nc2n1-c1ccc(C2(N)CCC2)cc1
CHEMBL3649666,7.94,CHEMBL4282,11.5,Cc1ccccc1-c1nc2ccc(-c3cccc(N4CCOCC4)c3)nc2n1-c1ccc(C2(N)CCC2)cc1
CHEMBL3649667,8.46,CHEMBL4282,3.47,NC1(c2ccc(-n3c(C4CCCCC4)nc4ccc(-c5cccc(N6CCOCC6)c5)nc43)cc2)CCC1
CHEMBL3649668,8.7,CHEMBL4282,1.99,NC1(c2ccc(-n3c(C4CC4)nc4ccc(-c5cccc(N6CCOCC6)c5)nc43)cc2)CCC1
CHEMBL3649669,8.14,CHEMBL4282,7.17,Nc1ncnc(Cl)c1-c1nc2ccc(-c3ccccc3)nc2n1-c1ccc(C2(N)CCC2)cc1
CHEMBL3649670,8.24,CHEMBL4282,5.78,Cn1cc(-c2nc3ccc(-c4ccccc4)nc3n2-c2ccc(C3(N)CCC3)cc2)c(N)n1
CHEMBL3649671,8.77,CHEMBL4282,1.69,Nc1nccnc1-c1nc2ccc(-c3ccccc3)nc2n1-c1ccc(C2(N)CCC2)cc1
CHEMBL3649672,8.37,CHEMBL4282,4.3,NC1(c2ccc(-n3c(-c4cccnc4)nc4ccc(-c5ccccc5)nc43)cc2)CCC1
CHEMBL3649673,8.11,CHEMBL4282,7.75,NC1(c2ccc(-n3c(-c4ccccc4)nc4ccc(-c5ccccc5)nc43)cc2)CCC1
CHEMBL3649674,8.32,CHEMBL4282,4.74,NC1(c2ccc(-n3c(-c4ccccc4O)nc4ccc(-c5ccccc5)nc43)cc2)CCC1
CHEMBL3649675,8.14,CHEMBL4282,7.27,NC1(c2ccc(-n3c(-c4cccnc4F)nc4ccc(-c5ccccc5)nc43)cc2)CCC1
CHEMBL3649676,8.25,CHEMBL4282,5.67,Nc1ccccc1-c1nc2ccc(-c3ccccc3)nc2n1-c1ccc(C2(N)CCC2)cc1
CHEMBL3649677,5.28,CHEMBL4282,5260.0,NC1(c2ccc(-n3c(-c4ccccn4)nc4ccc(-c5cccc(N6CCOCC6)c5)nc43)cc2)CCC1
CHEMBL3649678,5.94,CHEMBL4282,1160.0,NC1(c2ccc(-n3c(-c4cc[nH]n4)nc4ccc(-c5cccc(N6CCOCC6)c5)nc43)cc2)CCC1
CHEMBL3649679,8.36,CHEMBL4282,4.42,NC1(c2ccc(-n3c(-c4cccc(O)c4)nc4ccc(-c5cccc(N6CCOCC6)c5)nc43)cc2)CCC1
CHEMBL3649680,8.32,CHEMBL4282,4.78,COc1ccc(-c2nc3ccc(-c4cccc(N5CCOCC5)c4)nc3n2-c2ccc(C3(N)CCC3)cc2)cc1
CHEMBL3649681,7.45,CHEMBL4282,35.5,NC1(c2ccc(-n3c(-c4cccc(F)c4)nc4ccc(-c5cccc(N6CCOCC6)c5)nc43)cc2)CCC1
CHEMBL3649682,8.23,CHEMBL4282,5.9,NC1(c2ccc(-n3c(-c4cccc(Cl)c4)nc4ccc(-c5cccc(N6CCOCC6)c5)nc43)cc2)CCC1
CHEMBL3649683,8.2,CHEMBL4282,6.27,NC1(c2ccc(-n3c(-c4ccc(Cl)cc4)nc4ccc(-c5cccc(N6CCOCC6)c5)nc43)cc2)CCC1
CHEMBL3649684,8.24,CHEMBL4282,5.71,NC1(c2ccc(-n3c(-c4ncccn4)nc4ccc(-c5cccc(N6CCOCC6)c5)nc43)cc2)CCC1
CHEMBL3649685,8.3,CHEMBL4282,4.96,NC1(c2ccc(-n3c(-c4ccnnc4)nc4ccc(-c5cccc(N6CCOCC6)c5)nc43)cc2)CCC1
CHEMBL3649686,8.37,CHEMBL4282,4.27,CN(C)C(=O)c1cccc(-c2ccc3nc(-c4ccccc4)n(-c4ccc(C5(N)CCC5)cc4)c3n2)c1
CHEMBL3649687,6.06,CHEMBL4282,871.0,NC1(c2ccc(-n3c(-c4ccccc4)nc4ccc(NCc5ccccc5)nc43)cc2)CCC1
CHEMBL3649688,8.38,CHEMBL4282,4.13,NC1(c2ccc(-n3c(-c4ccccc4)nc4ccc(Nc5ccccc5)nc43)cc2)CCC1
CHEMBL3112848,7.75,CHEMBL4282,18.0,O=C(Cc1nc(N2CCOCC2)cc(=O)[nH]1)N1CCc2c(F)cccc21
CHEMBL3112848,7.92,CHEMBL4282,12.0,O=C(Cc1nc(N2CCOCC2)cc(=O)[nH]1)N1CCc2c(F)cccc21
CHEMBL3112865,7.68,CHEMBL4282,21.0,CC1(C)CN(C(=O)Cc2nc(N3CCOCC3)cc(=O)[nH]2)c2ccccc21
CHEMBL3112866,7.8,CHEMBL4282,16.0,C[C@H]1Cc2ccccc2N1C(=O)Cc1nc(N2CCOCC2)cc(=O)[nH]1
CHEMBL3112867,8.3,CHEMBL4282,5.0,C[C@@H]1Cc2ccccc2N1C(=O)Cc1nc(N2CCOCC2)cc(=O)[nH]1
CHEMBL3112866,7.57,CHEMBL4282,27.0,C[C@H]1Cc2ccccc2N1C(=O)Cc1nc(N2CCOCC2)cc(=O)[nH]1
CHEMBL3112867,8.05,CHEMBL4282,9.0,C[C@@H]1Cc2ccccc2N1C(=O)Cc1nc(N2CCOCC2)cc(=O)[nH]1
CHEMBL3939475,4.64,CHEMBL4282,23000.0,NC(=O)c1ccc(N2CCN(c3cccc(C(F)(F)F)c3)CC2)c2cncnc12
CHEMBL3667042,7.64,CHEMBL4282,23.0,Cc1nc2nc(-c3ccc(CN4CC(c5nnc(-c6ccccn6)[nH]5)C4)cc3)c(-c3ccccc3)cn2n1
CHEMBL3667044,8.22,CHEMBL4282,6.0,Clc1cnc2nc(-c3ccc(CN4CC(c5nnc(-c6ccccn6)[nH]5)C4)cc3)c(-c3ccccc3)cn12
CHEMBL3667045,6.8,CHEMBL4282,157.0,c1ccc(-c2cn3ccnc3nc2-c2ccc(CN3CCC(c4nc5ccncc5[nH]4)CC3)cc2)cc1
CHEMBL3672010,7.25,CHEMBL4282,56.0,c1ccc(-c2cn3ccnc3nc2-c2ccc(CN3CCC(c4nc5cccnc5[nH]4)CC3)cc2)cc1
CHEMBL3672011,7.08,CHEMBL4282,83.0,N#Cc1ccc2nc(C3CCN(Cc4ccc(-c5nc6nccn6cc5-c5ccccc5)cc4)CC3)[nH]c2c1
CHEMBL3672012,8.4,CHEMBL4282,4.0,c1ccc(-c2cn3ccnc3nc2-c2ccc(CN3CCC(c4cnc5ccccc5n4)CC3)cc2)cc1
CHEMBL3672013,7.41,CHEMBL4282,39.0,N#Cc1ccc2nc(C3CCN(Cc4ccc(-c5nc6ccnn6cc5-c5ccccc5)cc4)CC3)[nH]c2c1
CHEMBL3672014,6.95,CHEMBL4282,112.0,Cc1nc2nc(-c3ccc(CN4CCC(c5nc6ccc(F)cc6[nH]5)CC4)cc3)c(-c3ccccc3)cn2n1
CHEMBL3672015,5.52,CHEMBL4282,3000.0,Cc1nc2nc(-c3ccc(CN4CCC(c5nc6ccncc6[nH]5)CC4)cc3)c(-c3ccccc3)cn2n1
CHEMBL3672016,7.38,CHEMBL4282,42.0,c1ccc(-c2cn3nccc3nc2-c2ccc(CN3CCC(c4nc5cccnc5[nH]4)CC3)cc2)cc1
CHEMBL3672017,6.47,CHEMBL4282,338.0,FC(F)(F)c1ccc2nc(C3CCN(Cc4ccc(-c5nc6ccnn6cc5-c5ccccc5)cc4)CC3)[nH]c2c1
CHEMBL3672018,7.38,CHEMBL4282,42.0,Fc1ccc2nc(C3CCN(Cc4ccc(-c5nc6ccnn6cc5-c5ccccc5)cc4)CC3)[nH]c2c1
CHEMBL3672019,7.6,CHEMBL4282,25.0,Nc1ncnc2c1cnn2C1CCN(Cc2ccc(-c3nc4ccnn4cc3-c3ccccc3)cc2)CC1
CHEMBL3672020,6.28,CHEMBL4282,525.0,Cc1nc2nc(-c3ccc(CN4CCC(c5nc6ccc(C#N)cc6[nH]5)CC4)cc3)c(-c3ccccc3)cn2n1
CHEMBL3672021,5.84,CHEMBL4282,1450.0,Cc1nc2nc(-c3ccc(CN4CCC(c5nc6ccc(C(F)(F)F)cc6[nH]5)CC4)cc3)c(-c3ccccc3)cn2n1
CHEMBL3672022,6.54,CHEMBL4282,288.0,Cc1nc2nc(-c3ccc(CN4CCC(n5ncc6c(N)ncnc65)CC4)cc3)c(-c3ccccc3)cn2n1
CHEMBL3672023,6.5,CHEMBL4282,315.0,Cc1nc2nc(-c3ccc(CN4CCC(c5nc6cccnc6[nH]5)CC4)cc3)c(-c3ccccc3)cn2n1
CHEMBL3672024,7.36,CHEMBL4282,44.0,Cc1nc2nc(-c3ccc(CN4CCC(c5n[nH]c(-c6ccccn6)n5)C4)cc3)c(-c3ccccc3)cn2n1
CHEMBL3672025,5.36,CHEMBL4282,4370.0,Cc1nc2nc(-c3ccc(CN4CCC(c5cnc6ccccc6n5)CC4)cc3)c(-c3ccccc3)cn2n1
CHEMBL3672026,8.15,CHEMBL4282,7.0,Cc1cccc(-c2nc(C3CN(Cc4ccc(-c5nc6ncc(C)n6cc5-c5ccccc5)cc4)C3)n[nH]2)n1
CHEMBL3672027,8.4,CHEMBL4282,4.0,Cc1nc2nc(-c3ccc(CN4CC(c5n[nH]c(-c6ccccn6)n5)C4)cc3)c(-c3ccccc3)cn2c1Br
CHEMBL3672028,7.92,CHEMBL4282,12.0,COC(=O)c1cnn2cc(-c3c(F)cccc3F)c(-c3ccc(CN4CC(c5n[nH]c(-c6cccc(C)n6)n5)C4)cc3)nc12
CHEMBL3672029,7.85,CHEMBL4282,14.0,COC(=O)c1cnn2cc(-c3c(F)cccc3F)c(-c3ccc(CN4CC(c5n[nH]c(-c6ccccn6)n5)C4)cc3)nc12
CHEMBL3672030,7.08,CHEMBL4282,84.0,CC(C)c1nc2nc(-c3ccc(CN4CC(c5n[nH]c(-c6ccccn6)n5)C4)cc3)c(-c3ccccc3)cn2n1
CHEMBL3672031,5.17,CHEMBL4282,6700.0,CC(C)c1nc2nc(-c3ccc(CN4CCC(c5cnc6ccccc6n5)CC4)cc3)c(-c3ccccc3)cn2n1
CHEMBL3672032,7.16,CHEMBL4282,70.0,Cc1cccc(-c2nc(C3CN(Cc4ccc(-c5nc6nc(C(C)C)nn6cc5-c5ccccc5)cc4)C3)n[nH]2)n1
CHEMBL3672033,8.15,CHEMBL4282,7.0,COC(=O)c1cnn2cc(-c3ccc(F)cc3F)c(-c3ccc(CN4CC(c5n[nH]c(-c6ccccn6)n5)C4)cc3)nc12
CHEMBL3672034,7.58,CHEMBL4282,26.0,Fc1ccc(-c2cn3ccnc3nc2-c2ccc(CN3CC(c4n[nH]c(-c5ccccn5)n4)C3)cc2)cc1
CHEMBL3672035,6.44,CHEMBL4282,365.0,Fc1ccc(-c2cn3ccnc3nc2-c2ccc(CN3CCC(c4cnc5ccccc5n4)CC3)cc2)cc1
CHEMBL3672036,7.54,CHEMBL4282,29.0,Cc1cccc(-c2nc(C3CN(Cc4ccc(-c5nc6nc(C)nn6cc5-c5ccc(F)cc5F)cc4)C3)n[nH]2)n1
CHEMBL3672012,7.16,CHEMBL4282,70.0,c1ccc(-c2cn3ccnc3nc2-c2ccc(CN3CCC(c4cnc5ccccc5n4)CC3)cc2)cc1
CHEMBL3672037,7.11,CHEMBL4282,77.0,Cc1cn2cc(-c3ccccc3)c(-c3ccc(CN4CCC(c5cnc6ccccc6n5)CC4)cc3)nc2n1
CHEMBL3672038,7.89,CHEMBL4282,13.0,Cc1cccc(-c2nc(C3CN(Cc4ccc(-c5nc6nc(C)cn6cc5-c5ccccc5)cc4)C3)n[nH]2)n1
CHEMBL3672039,7.54,CHEMBL4282,29.0,Cc1cccc(-c2nc(C3CN(Cc4ccc(-c5nc6nc(C7CC7)nn6cc5-c5ccc(F)cc5)cc4)C3)n[nH]2)n1
CHEMBL3672040,6.61,CHEMBL4282,247.0,c1ccc(-c2cn3nc(C4CC4)nc3nc2-c2ccc(CN3CCC(c4cnc5ccccc5n4)CC3)cc2)cc1
CHEMBL3672041,8.0,CHEMBL4282,10.0,Cc1cccc(-c2nc(C3CN(Cc4ccc(-c5nc6nc(C7CC7)nn6cc5-c5ccccc5)cc4)C3)n[nH]2)n1
CHEMBL3672042,8.3,CHEMBL4282,5.0,CCc1cnn2cc(-c3ccccc3)c(-c3ccc(CN4CC(c5n[nH]c(-c6cccc(C)n6)n5)C4)cc3)nc12
CHEMBL3672043,7.2,CHEMBL4282,63.0,CNc1nc2nc(-c3ccc(CN4CC(c5n[nH]c(-c6ccccn6)n5)C4)cc3)c(-c3ccccc3)cn2n1
CHEMBL3672044,7.66,CHEMBL4282,22.0,CC(C)Nc1nc2nc(-c3ccc(CN4CC(c5n[nH]c(-c6ccccn6)n5)C4)cc3)c(-c3ccccc3)cn2n1
CHEMBL3672045,8.15,CHEMBL4282,7.0,Cc1nc2nc(-c3ccc(CN4CC(c5n[nH]c(-c6ccccn6)n5)C4)cc3)c(-c3ccccc3)c(C)n2n1
CHEMBL3672046,8.0,CHEMBL4282,10.0,Cc1cccc(-c2nc(C3CN(Cc4ccc(-c5nc6nc(C)nn6c(C)c5-c5ccccc5)cc4)C3)n[nH]2)n1
CHEMBL3672047,7.5,CHEMBL4282,32.0,Cc1nc2nc(-c3ccc(CN4CC(c5n[nH]c(-c6ccccn6)n5)C4)cc3)c(-c3ccccc3)c(NC3CCC3)n2n1
CHEMBL3672048,7.96,CHEMBL4282,11.0,CNc1c(-c2ccccc2)c(-c2ccc(CN3CC(c4n[nH]c(-c5cccc(C)n5)n4)C3)cc2)nc2nc(C)nn12
CHEMBL3672049,7.82,CHEMBL4282,15.0,Cc1nc2nc(-c3ccc(CN4CC(c5n[nH]c(-c6ccccn6)n5)C4)cc3)c(-c3ccccc3)c(NC(C)C)n2n1
CHEMBL3672049,8.05,CHEMBL4282,9.0,Cc1nc2nc(-c3ccc(CN4CC(c5n[nH]c(-c6ccccn6)n5)C4)cc3)c(-c3ccccc3)c(NC(C)C)n2n1
CHEMBL3672050,8.15,CHEMBL4282,7.0,COC(=O)c1cnn2cc(-c3c(F)cccc3F)c(-c3ccc(CN4CCC(c5n[nH]c(-c6cccc(C)n6)n5)CC4)cc3)nc12
CHEMBL3672051,8.3,CHEMBL4282,5.0,COC(=O)c1cnn2cc(-c3c(F)cccc3F)c(-c3ccc(CN4CCC(c5n[nH]c(-c6ccccn6)n5)CC4)cc3)nc12
CHEMBL3672052,7.89,CHEMBL4282,13.0,Cc1cccc(-c2nc(C3CCN(Cc4ccc(-c5nc6nc(C)nn6cc5-c5cccc(F)c5)cc4)CC3)n[nH]2)n1
CHEMBL3672053,7.55,CHEMBL4282,28.0,Cc1nc2nc(-c3ccc(CN4CCC(c5n[nH]c(-c6ccccn6)n5)CC4)cc3)c(-c3cccc(F)c3)cn2n1
CHEMBL3672054,7.66,CHEMBL4282,22.0,Cc1nc2nc(-c3ccc(CN4CCC(c5n[nH]c(-c6cc(Cl)ccn6)n5)CC4)cc3)c(-c3ccc(F)cc3F)cn2n1
CHEMBL3672055,7.21,CHEMBL4282,62.0,Cc1cccc(-c2nc(C3CCN(Cc4ccc(-c5nc6nc(C)nn6cc5-c5ccc(F)cc5F)cc4)CC3)n[nH]2)n1
CHEMBL3672056,6.45,CHEMBL4282,355.0,Cc1nc2nc(-c3ccc(CN4CCC(c5n[nH]c(-c6cnccn6)n5)CC4)cc3)c(-c3ccc(F)cc3F)cn2n1
CHEMBL3672057,7.39,CHEMBL4282,41.0,Cc1cccc(-c2nc(C3CCN(Cc4ccc(-c5nc6nc(C7CC7)nn6cc5-c5ccc(F)cc5)cc4)CC3)n[nH]2)n1
CHEMBL3672058,7.5,CHEMBL4282,32.0,Fc1ccc(-c2cn3nc(C4CC4)nc3nc2-c2ccc(CN3CCC(c4n[nH]c(-c5ccccn5)n4)CC3)cc2)cc1
CHEMBL3672059,7.25,CHEMBL4282,56.0,Fc1ccc(-c2cn3nc(C4CC4)nc3nc2-c2ccc(CN3CCC(c4n[nH]c(-c5cc(Cl)ccn5)n4)CC3)cc2)cc1
CHEMBL3672060,8.05,CHEMBL4282,9.0,Cc1cccc(-c2nc(C3CCN(Cc4ccc(-c5nc6nccn6cc5-c5ccc(F)cc5)cc4)CC3)n[nH]2)n1
CHEMBL3672061,8.1,CHEMBL4282,8.0,Fc1ccc(-c2cn3ccnc3nc2-c2ccc(CN3CCC(c4n[nH]c(-c5ccccn5)n4)CC3)cc2)cc1
CHEMBL3672062,6.73,CHEMBL4282,186.0,Fc1ccc(-c2cn3ccnc3nc2-c2ccc(CN3CCC(c4n[nH]c(-c5cnccn5)n4)CC3)cc2)cc1
CHEMBL3672063,7.96,CHEMBL4282,11.0,Cc1cccc(-c2nc(C3CCN(Cc4ccc(-c5nc6ncc(Br)n6cc5-c5ccc(F)cc5)cc4)CC3)n[nH]2)n1
CHEMBL3672064,7.6,CHEMBL4282,25.0,Fc1ccc(-c2cn3c(Cl)cnc3nc2-c2ccc(CN3CCC(c4n[nH]c(-c5ccccn5)n4)CC3)cc2)cc1
CHEMBL3672065,8.52,CHEMBL4282,3.0,Cc1cccc(-c2nc(C3CCN(Cc4ccc(-c5nc6nccn6cc5-c5ccccc5F)cc4)CC3)n[nH]2)n1
CHEMBL3672066,8.22,CHEMBL4282,6.0,Brc1cnc2nc(-c3ccc(CN4CC(c5n[nH]c(-c6ccccn6)n5)C4)cc3)c(-c3ccccc3)cn12
CHEMBL3672067,8.0,CHEMBL4282,10.0,Cc1cn2cc(-c3ccccc3)c(-c3ccc(CN4CC(c5n[nH]c(-c6ccccn6)n5)C4)cc3)nc2n1
CHEMBL3672068,8.22,CHEMBL4282,6.0,Cc1cccc(-c2nc(C3CN(Cc4ccc(-c5nc6nc(C)c(Br)n6cc5-c5ccccc5)cc4)C3)n[nH]2)n1
CHEMBL3672069,7.52,CHEMBL4282,30.0,CNc1c(-c2ccccc2)c(-c2ccc(CN3CC(c4n[nH]c(-c5ccccn5)n4)C3)cc2)nc2nccn12
CHEMBL3672070,7.38,CHEMBL4282,42.0,CNc1c(-c2ccccc2)c(-c2ccc(CN3CC(c4n[nH]c(-c5ccccn5)n4)C3)cc2)nc2ncc(Br)n12
CHEMBL3672071,7.8,CHEMBL4282,16.0,CNc1c(-c2ccccc2)c(-c2ccc(CN3CC(c4n[nH]c(-c5ccccn5)n4)C3)cc2)nc2nc(C)cn12
CHEMBL3672072,7.96,CHEMBL4282,11.0,CNc1c(-c2ccccc2)c(-c2ccc(CN3CC(c4n[nH]c(-c5cccc(C)n5)n4)C3)cc2)nc2nc(C)cn12
CHEMBL3672094,7.26,CHEMBL4282,55.0,OCc1cnn2cc(-c3c(F)cccc3F)c(-c3ccc(CN4CC(c5n[nH]c(-c6ccccn6)n5)C4)cc3)nc12
CHEMBL3672073,7.85,CHEMBL4282,14.0,COc1nn2cc(-c3c(F)cccc3F)c(-c3ccc(CN4CC(c5n[nH]c(-c6ccccn6)n5)C4)cc3)nc2c1CO
CHEMBL3672074,8.1,CHEMBL4282,8.0,COc1nn2cc(-c3c(F)cccc3F)c(-c3ccc(CN4CC(c5n[nH]c(-c6cccc(C)n6)n5)C4)cc3)nc2c1CO
CHEMBL3672075,7.75,CHEMBL4282,18.0,COc1nn2cc(-c3c(F)cccc3F)c(-c3ccc(CN4CCC(c5n[nH]c(-c6cccc(C)n6)n5)CC4)cc3)nc2c1CO
CHEMBL3672076,8.0,CHEMBL4282,10.0,COc1nn2cc(-c3c(F)cccc3F)c(-c3ccc(CN4CCC(c5n[nH]c(-c6ccccn6)n5)CC4)cc3)nc2c1CO
CHEMBL3672077,7.52,CHEMBL4282,30.0,Cc1cn2c(NC(C)C)c(-c3ccccc3)c(-c3ccc(CN4CC(c5n[nH]c(-c6ccccn6)n5)C4)cc3)nc2n1
CHEMBL3672078,7.48,CHEMBL4282,33.0,Cc1cccc(-c2nc(C3CN(Cc4ccc(-c5nc6nc(C)cn6c(NC(C)C)c5-c5ccccc5)cc4)C3)n[nH]2)n1
CHEMBL3672079,7.6,CHEMBL4282,25.0,CC(C)Nc1c(-c2ccccc2)c(-c2ccc(CN3CC(c4n[nH]c(-c5ccccn5)n4)C3)cc2)nc2nccn12
CHEMBL3672080,7.54,CHEMBL4282,29.0,CNc1c(-c2ccccc2)c(-c2ccc(CN3CC(c4n[nH]c(-c5ccccn5)n4)C3)cc2)nc2nc(-c3ccccn3)nn12
CHEMBL3672081,7.62,CHEMBL4282,24.0,CC(C)Nc1c(-c2ccccc2)c(-c2ccc(CN3CC(c4n[nH]c(-c5ccccn5)n4)C3)cc2)nc2nc(-c3ccccn3)nn12
CHEMBL3672082,7.85,CHEMBL4282,14.0,Cc1cccc(-c2nc(C3CN(Cc4ccc(-c5nc6nc(-c7ccccn7)nn6c(NC(C)C)c5-c5ccccc5)cc4)C3)n[nH]2)n1
CHEMBL3639709,8.15,CHEMBL4282,7.0,c1ccc(-c2cn3nc(C4CC4)nc3nc2-c2ccc(CN3CC(c4n[nH]c(-c5ccccn5)n4)C3)cc2)cc1
CHEMBL3672083,8.3,CHEMBL4282,5.0,CSc1nc2nc(-c3ccc(CN4CC(c5n[nH]c(-c6cccc(C)n6)n5)C4)cc3)c(-c3ccccc3)cn2n1
CHEMBL3672084,8.3,CHEMBL4282,5.0,CSc1nc2nc(-c3ccc(CN4CC(c5n[nH]c(-c6ccccn6)n5)C4)cc3)c(-c3ccccc3)cn2n1
CHEMBL3672085,8.15,CHEMBL4282,7.0,CSc1nc2nc(-c3ccc(CN4CCC(c5n[nH]c(-c6ccccn6)n5)CC4)cc3)c(-c3ccccc3)cn2n1
CHEMBL3672086,7.11,CHEMBL4282,77.0,CSc1nc2nc(-c3ccc(CN4CCC(c5n[nH]c(-c6ncccn6)n5)CC4)cc3)c(-c3ccccc3)cn2n1
CHEMBL3672087,7.58,CHEMBL4282,26.0,CSc1nc2nc(-c3ccc(CN4CCC(c5n[nH]c(-c6cnccn6)n5)CC4)cc3)c(-c3ccccc3)cn2n1
CHEMBL3672088,8.3,CHEMBL4282,5.0,CSc1nc2nc(-c3ccc(CN4CCC(c5n[nH]c(-c6cccc(C)n6)n5)CC4)cc3)c(-c3ccccc3)cn2n1
CHEMBL3672089,7.27,CHEMBL4282,54.0,CS(=O)(=O)c1nc2nc(-c3ccc(CN4CCC(c5n[nH]c(-c6ccccn6)n5)CC4)cc3)c(-c3ccccc3)cn2n1
CHEMBL3672090,7.92,CHEMBL4282,12.0,COC(=O)c1cn2cc(-c3ccccc3)c(-c3ccc(CN4CC(c5n[nH]c(-c6cccc(C)n6)n5)C4)cc3)nc2n1
CHEMBL3672091,8.0,CHEMBL4282,10.0,COC(=O)c1cn2cc(-c3ccccc3)c(-c3ccc(CN4CC(c5n[nH]c(-c6ccccn6)n5)C4)cc3)nc2n1
CHEMBL3672092,7.14,CHEMBL4282,72.0,OCc1cn2cc(-c3ccccc3)c(-c3ccc(CN4CC(c5n[nH]c(-c6ccccn6)n5)C4)cc3)nc2n1
CHEMBL3672093,7.22,CHEMBL4282,60.0,Cc1nc2nc(-c3ccc(CN4CCC(c5n[nH]c(-c6ccccn6)n5)CC4)cc3)c(-c3cc(F)ccc3F)cn2n1
CHEMBL3640732,8.15,CHEMBL4282,7.0,Nc1ncccc1-c1nc2ccc(-c3cccc(NC(=O)C4CC4)c3)nc2n1-c1ccc(C2(N)CCC2)cc1
CHEMBL3640733,9.4,CHEMBL4282,0.4,CC(C)(C)C(=O)Nc1cccc(-c2ccc3nc(-c4cccnc4N)n(-c4ccc(C5(N)CCC5)cc4)c3n2)c1
CHEMBL3640734,9.15,CHEMBL4282,0.7,CC(=O)OC(C)(C)C(=O)Nc1cccc(-c2ccc3nc(-c4cccnc4N)n(-c4ccc(C5(N)CCC5)cc4)c3n2)c1
CHEMBL3640735,8.85,CHEMBL4282,1.4,CC(C)(O)C(=O)Nc1cccc(-c2ccc3nc(-c4cccnc4N)n(-c4ccc(C5(N)CCC5)cc4)c3n2)c1
CHEMBL3640736,8.15,CHEMBL4282,7.1,C[C@H](O)CNC(=O)c1cccc(-c2ccc3nc(-c4cccnc4N)n(-c4ccc(C5(N)CCC5)cc4)c3n2)c1
CHEMBL3640737,8.92,CHEMBL4282,1.2,C[C@@H](O)CNC(=O)c1cccc(-c2ccc3nc(-c4cccnc4N)n(-c4ccc(C5(N)CCC5)cc4)c3n2)c1
CHEMBL3640738,9.7,CHEMBL4282,0.2,CN(C)C(=O)C1CCN(c2cccc(-c3ccc4nc(-c5cccnc5N)n(-c5ccc(C6(N)CCC6)cc5)c4n3)c2)CC1
CHEMBL3640739,9.7,CHEMBL4282,0.2,CCN(CC)C(=O)C1CCN(c2cccc(-c3ccc4nc(-c5cccnc5N)n(-c5ccc(C6(N)CCC6)cc5)c4n3)c2)CC1
CHEMBL3640740,9.7,CHEMBL4282,0.2,Nc1ncccc1-c1nc2ccc(-c3cccc(N4CCC(C(=O)N5CCOCC5)CC4)c3)nc2n1-c1ccc(C2(N)CCC2)cc1
CHEMBL3640741,9.7,CHEMBL4282,0.2,CC(=O)NC1CCN(c2cccc(-c3ccc4nc(-c5cccnc5N)n(-c5ccc(C6(N)CCC6)cc5)c4n3)c2)CC1
CHEMBL3640742,8.85,CHEMBL4282,1.4,CCC(=O)N1CCN(c2cccc(-c3ccc4nc(-c5cccnc5N)n(-c5ccc(C6(N)CCC6)cc5)c4n3)c2)CC1
CHEMBL3640743,8.96,CHEMBL4282,1.1,Nc1ncccc1-c1nc2ccc(-c3cccc(N4CCN(C(=O)C5CC5)CC4)c3)nc2n1-c1ccc(C2(N)CCC2)cc1
CHEMBL3640744,8.96,CHEMBL4282,1.1,CC(C)C(=O)N1CCN(c2cccc(-c3ccc4nc(-c5cccnc5N)n(-c5ccc(C6(N)CCC6)cc5)c4n3)c2)CC1
CHEMBL3640745,8.77,CHEMBL4282,1.7,CC(C)(C)C(=O)N1CCN(c2cccc(-c3ccc4nc(-c5cccnc5N)n(-c5ccc(C6(N)CCC6)cc5)c4n3)c2)CC1
CHEMBL3640746,8.51,CHEMBL4282,3.1,C[C@@H]1CN(c2cccc(-c3ccc4nc(-c5cccnc5N)n(-c5ccc(C6(N)CCC6)cc5)c4n3)c2)C[C@H](C)O1
CHEMBL3640747,9.1,CHEMBL4282,0.8,Nc1ncccc1-c1nc2ccc(-c3cccc(N4CCS(=O)(=O)CC4)c3)nc2n1-c1ccc(C2(N)CCC2)cc1
CHEMBL3640749,7.24,CHEMBL4282,57.3,Nc1ncccc1-c1nc2ccc(Nc3ccc(N4CCOCC4)cc3)nc2n1-c1ccc(C2(N)CCC2)cc1
CHEMBL3640750,6.96,CHEMBL4282,109.5,Nc1ncccc1-c1nc2ccc(Sc3ccccc3)nc2n1-c1ccc(C2(N)CCC2)cc1
CHEMBL3640751,7.08,CHEMBL4282,83.1,Nc1ncccc1-c1nc2ccc(Oc3ccccc3)nc2n1-c1ccc(C2(N)CCC2)cc1
CHEMBL3640732,8.51,CHEMBL4282,3.09,Nc1ncccc1-c1nc2ccc(-c3cccc(NC(=O)C4CC4)c3)nc2n1-c1ccc(C2(N)CCC2)cc1
CHEMBL3640733,8.77,CHEMBL4282,1.7,CC(C)(C)C(=O)Nc1cccc(-c2ccc3nc(-c4cccnc4N)n(-c4ccc(C5(N)CCC5)cc4)c3n2)c1
CHEMBL3640734,8.35,CHEMBL4282,4.46,CC(=O)OC(C)(C)C(=O)Nc1cccc(-c2ccc3nc(-c4cccnc4N)n(-c4ccc(C5(N)CCC5)cc4)c3n2)c1
CHEMBL3640735,8.79,CHEMBL4282,1.63,CC(C)(O)C(=O)Nc1cccc(-c2ccc3nc(-c4cccnc4N)n(-c4ccc(C5(N)CCC5)cc4)c3n2)c1
CHEMBL3640736,8.61,CHEMBL4282,2.45,C[C@H](O)CNC(=O)c1cccc(-c2ccc3nc(-c4cccnc4N)n(-c4ccc(C5(N)CCC5)cc4)c3n2)c1
CHEMBL3640737,8.82,CHEMBL4282,1.5,C[C@@H](O)CNC(=O)c1cccc(-c2ccc3nc(-c4cccnc4N)n(-c4ccc(C5(N)CCC5)cc4)c3n2)c1
CHEMBL3640738,8.6,CHEMBL4282,2.51,CN(C)C(=O)C1CCN(c2cccc(-c3ccc4nc(-c5cccnc5N)n(-c5ccc(C6(N)CCC6)cc5)c4n3)c2)CC1
CHEMBL3640739,8.38,CHEMBL4282,4.15,CCN(CC)C(=O)C1CCN(c2cccc(-c3ccc4nc(-c5cccnc5N)n(-c5ccc(C6(N)CCC6)cc5)c4n3)c2)CC1
CHEMBL3640740,8.47,CHEMBL4282,3.36,Nc1ncccc1-c1nc2ccc(-c3cccc(N4CCC(C(=O)N5CCOCC5)CC4)c3)nc2n1-c1ccc(C2(N)CCC2)cc1
CHEMBL3640741,8.84,CHEMBL4282,1.44,CC(=O)NC1CCN(c2cccc(-c3ccc4nc(-c5cccnc5N)n(-c5ccc(C6(N)CCC6)cc5)c4n3)c2)CC1
CHEMBL3640742,8.67,CHEMBL4282,2.15,CCC(=O)N1CCN(c2cccc(-c3ccc4nc(-c5cccnc5N)n(-c5ccc(C6(N)CCC6)cc5)c4n3)c2)CC1
CHEMBL3640743,8.73,CHEMBL4282,1.84,Nc1ncccc1-c1nc2ccc(-c3cccc(N4CCN(C(=O)C5CC5)CC4)c3)nc2n1-c1ccc(C2(N)CCC2)cc1
CHEMBL3640745,8.47,CHEMBL4282,3.42,CC(C)(C)C(=O)N1CCN(c2cccc(-c3ccc4nc(-c5cccnc5N)n(-c5ccc(C6(N)CCC6)cc5)c4n3)c2)CC1
CHEMBL3640746,8.36,CHEMBL4282,4.36,C[C@@H]1CN(c2cccc(-c3ccc4nc(-c5cccnc5N)n(-c5ccc(C6(N)CCC6)cc5)c4n3)c2)C[C@H](C)O1
CHEMBL3640747,8.75,CHEMBL4282,1.79,Nc1ncccc1-c1nc2ccc(-c3cccc(N4CCS(=O)(=O)CC4)c3)nc2n1-c1ccc(C2(N)CCC2)cc1
CHEMBL3640748,8.42,CHEMBL4282,3.77,Nc1ncccc1-c1nc2ccc(Nc3ccccc3)nc2n1-c1ccc(C2(N)CCC2)cc1
CHEMBL3640749,8.06,CHEMBL4282,8.72,Nc1ncccc1-c1nc2ccc(Nc3ccc(N4CCOCC4)cc3)nc2n1-c1ccc(C2(N)CCC2)cc1
CHEMBL3699664,6.46,CHEMBL4282,348.0,NC1(c2ccc(-c3nc4ncccn4c3-c3ccccc3)cc2)CCC1
CHEMBL3699665,5.94,CHEMBL4282,1157.0,Cc1ccn2c(-c3ccccc3)c(-c3ccc(C4(N)CCC4)cc3)nc2n1
CHEMBL3699666,6.0,CHEMBL4282,1009.0,NC1(c2ccc(-c3nc4nc(C5CC5)ccn4c3-c3ccccc3)cc2)CCC1
CHEMBL3699667,6.75,CHEMBL4282,176.0,NC1(c2ccc(-c3nc4nc(-c5ccccc5)ccn4c3-c3ccccc3)cc2)CCC1
CHEMBL3699668,5.33,CHEMBL4282,4695.0,Cc1ccccc1-c1ccn2c(-c3ccccc3)c(-c3ccc(C4(N)CCC4)cc3)nc2n1
CHEMBL3699669,6.41,CHEMBL4282,388.0,Cc1cnc2nc(-c3ccc(C4(N)CCC4)cc3)c(-c3ccccc3)n2c1
CHEMBL3699670,6.96,CHEMBL4282,109.0,COc1cnc2nc(-c3ccc(C4(N)CCC4)cc3)c(-c3ccccc3)n2c1
CHEMBL3699671,6.63,CHEMBL4282,233.0,CCOc1cnc2nc(-c3ccc(C4(N)CCC4)cc3)c(-c3ccccc3)n2c1
CHEMBL3699672,6.16,CHEMBL4282,685.0,NC1(c2ccc(-c3nc4ncc(-c5ccccc5)cn4c3-c3ccccc3)cc2)CCC1
CHEMBL3699673,6.54,CHEMBL4282,287.0,N#Cc1ccc2nc(-c3ccc(C4(N)CCC4)cc3)c(-c3ccccc3)n2c1
CHEMBL3699674,6.99,CHEMBL4282,102.0,NC1(c2ccc(-c3nc4cc(-n5cccn5)ccn4c3-c3ccccc3)cc2)CCC1
CHEMBL3699675,7.28,CHEMBL4282,53.0,COC(=O)c1cc(OC)c2nc(-c3ccc(C4(N)CCC4)cc3)c(-c3ccccc3)n2c1
CHEMBL3699676,7.62,CHEMBL4282,24.0,COc1cc(C(N)=O)cn2c(-c3ccccc3)c(-c3ccc(C4(N)CCC4)cc3)nc12
CHEMBL3699677,6.23,CHEMBL4282,588.0,CNC(=O)Nc1ccn2c(-c3ccccc3)c(-c3ccc(C4(N)CCC4)cc3)nc2c1
CHEMBL3699678,5.64,CHEMBL4282,2268.0,NC1(c2ccc(-c3nc4nc(-n5ccccc5=O)ccn4c3-c3ccccc3)cc2)CCC1
CHEMBL3699679,6.64,CHEMBL4282,228.0,NC1(c2ccc(-c3nc4ccc(-n5cccn5)cn4c3-c3ccccc3)cc2)CCC1
CHEMBL3699680,6.85,CHEMBL4282,142.0,COc1ccn2c(-c3ccccc3)c(-c3ccc(C4(N)CCC4)cc3)nc2n1
CHEMBL3699681,6.26,CHEMBL4282,544.0,NC1(c2ccc(-c3nc4nc(O)ccn4c3-c3ccccc3)cc2)CCC1
CHEMBL3699682,6.64,CHEMBL4282,230.0,CCCOc1ccn2c(-c3ccccc3)c(-c3ccc(C4(N)CCC4)cc3)nc2n1
CHEMBL3699683,7.19,CHEMBL4282,64.0,N#Cc1cccn2c(-c3ccccc3)c(-c3ccc(C4(N)CCC4)cc3)nc12
CHEMBL3699684,6.08,CHEMBL4282,829.0,Cc1ccn2c(-c3ccccc3)c(-c3ccc(C4(N)CCC4)cc3)nc2c1
CHEMBL3699685,7.0,CHEMBL4282,100.0,Cc1cccn2c(-c3ccccc3)c(-c3ccc(C4(N)CCC4)cc3)nc12
CHEMBL3699686,6.84,CHEMBL4282,145.0,N#Cc1ccn2c(-c3ccccc3)c(-c3ccc(C4(N)CCC4)cc3)nc2c1
CHEMBL3699687,6.69,CHEMBL4282,203.0,Cc1ccc2nc(-c3ccc(C4(N)CCC4)cc3)c(-c3ccccc3)n2c1
CHEMBL3699688,7.02,CHEMBL4282,96.0,COc1ccn2c(-c3ccccc3)c(-c3ccc(C4(N)CCC4)cc3)nc2c1
CHEMBL3699689,6.84,CHEMBL4282,144.0,CNC(=O)c1ccc2nc(-c3ccc(C4(N)CCC4)cc3)c(-c3ccccc3)n2c1
CHEMBL3699690,6.14,CHEMBL4282,723.0,COCc1ccc2nc(-c3ccc(C4(N)CCC4)cc3)c(-c3ccccc3)n2c1
CHEMBL3699691,6.76,CHEMBL4282,173.0,COc1cccn2c(-c3ccccc3)c(-c3ccc(C4(N)CCC4)cc3)nc12
CHEMBL3699692,6.77,CHEMBL4282,171.0,CC(O)c1ccc2nc(-c3ccc(C4(N)CCC4)cc3)c(-c3ccccc3)n2c1
CHEMBL3699693,5.75,CHEMBL4282,1771.0,NC1(c2ccc(-c3nc4cc(CO)ccn4c3-c3ccccc3)cc2)CCC1
CHEMBL3699694,6.78,CHEMBL4282,168.0,NC1(c2ccc(-c3nc4c(CO)cccn4c3-c3ccccc3)cc2)CCC1
CHEMBL3699696,7.44,CHEMBL4282,36.0,COc1ccc2nc(-c3ccc(C4(N)CCC4)cc3)c(-c3ccccc3)n2c1
CHEMBL3699697,7.17,CHEMBL4282,67.0,NC(=O)c1ccc2nc(-c3ccc(C4(N)CCC4)cc3)c(-c3ccccc3)n2c1
CHEMBL3699698,6.89,CHEMBL4282,130.0,CCOc1cccn2c(-c3ccccc3)c(-c3ccc(C4(N)CCC4)cc3)nc12
CHEMBL3699699,5.78,CHEMBL4282,1657.0,CCc1ccn2c(-c3ccccc3)c(-c3ccc(C4(N)CCC4)cc3)nc2c1
CHEMBL3699700,6.73,CHEMBL4282,188.0,NC1(c2ccc(-c3nc4cc(-c5cn[nH]c5)ccn4c3-c3ccccc3)cc2)CCC1
CHEMBL3699701,7.33,CHEMBL4282,47.0,COC(=O)c1cccn2c(-c3ccccc3)c(-c3ccc(C4(N)CCC4)cc3)nc12
CHEMBL3699702,5.25,CHEMBL4282,5643.0,COCCNCc1ccc2nc(-c3ccc(C4(N)CCC4)cc3)c(-c3ccccc3)n2c1
CHEMBL3699703,6.3,CHEMBL4282,504.0,NC1(c2ccc(-c3nc4ccc(CO)cn4c3-c3ccccc3)cc2)CCC1
CHEMBL3639985,6.66,CHEMBL4282,221.0,COc1ccc(COc2ccn3c(-c4ccccc4)c(-c4ccc(C5(N)CCC5)cc4)nc3n2)cn1
CHEMBL3699704,5.93,CHEMBL4282,1186.0,COCCOc1ccn2c(-c3ccccc3)c(-c3ccc(C4(N)CCC4)cc3)nc2n1
CHEMBL3699705,6.75,CHEMBL4282,179.0,COc1cc(COc2ccn3c(-c4ccccc4)c(-c4ccc(C5(N)CCC5)cc4)nc3n2)ccn1
CHEMBL3699706,6.72,CHEMBL4282,190.0,CCOc1ccn2c(-c3ccccc3)c(-c3ccc(C4(N)CCC4)cc3)nc2n1
CHEMBL3699707,5.91,CHEMBL4282,1225.0,CC(C)Oc1ccn2c(-c3ccccc3)c(-c3ccc(C4(N)CCC4)cc3)nc2n1
CHEMBL3699708,5.88,CHEMBL4282,1315.0,NC1(c2ccc(-c3nc4nc(OC5CCCCC5)ccn4c3-c3ccccc3)cc2)CCC1
CHEMBL3699709,5.86,CHEMBL4282,1385.0,NC1(c2ccc(-c3nc4nc(Oc5ccccc5)ccn4c3-c3ccccc3)cc2)CCC1
CHEMBL3699710,6.42,CHEMBL4282,379.0,CCc1cnc2nc(-c3ccc(C4(N)CCC4)cc3)c(-c3ccccc3)n2c1
CHEMBL3699711,6.0,CHEMBL4282,989.0,NC1(c2ccc(-c3nc4cc(-c5ccc(F)cc5)ccn4c3-c3ccccc3)cc2)CCC1
CHEMBL3699712,6.65,CHEMBL4282,226.0,COC(=O)c1ccn2c(-c3ccccc3)c(-c3ccc(C4(N)CCC4)cc3)nc2c1
CHEMBL3699713,7.21,CHEMBL4282,61.0,COC(=O)c1ccc2nc(-c3ccc(C4(N)CCC4)cc3)c(-c3ccccc3)n2c1
CHEMBL3699714,5.79,CHEMBL4282,1636.0,NC1(c2ccc(-c3nc4cc(C5CC5)ccn4c3-c3ccccc3)cc2)CCC1
CHEMBL3699715,6.58,CHEMBL4282,260.0,CCc1ccc2nc(-c3ccc(C4(N)CCC4)cc3)c(-c3ccccc3)n2c1
CHEMBL3699716,7.48,CHEMBL4282,33.0,NC1(c2ccc(-c3nc4c(Br)cccn4c3-c3ccccc3)cc2)CCC1
CHEMBL2035022,6.69,CHEMBL4282,204.0,NC(=O)c1ccn2c(-c3ccccc3)c(-c3ccc(C4(N)CCC4)cc3)nc2c1
CHEMBL3699718,4.71,CHEMBL4282,19417.0,NC1(c2ccc(-c3nc4cc(C(=O)N5CCCC5)ccn4c3-c3ccccc3)cc2)CCC1
CHEMBL3699719,7.21,CHEMBL4282,62.0,CCOC(=O)c1cccn2c(-c3ccccc3)c(-c3ccc(C4(N)CCC4)cc3)nc12
CHEMBL3699720,6.85,CHEMBL4282,142.0,NC1(c2ccc(-c3nc4c(F)cccn4c3-c3ccccc3)cc2)CCC1
CHEMBL3699721,7.37,CHEMBL4282,43.0,NC1(c2ccc(-c3nc4c(Cl)cccn4c3-c3ccccc3)cc2)CCC1
CHEMBL3699722,7.0,CHEMBL4282,101.0,NC1(c2ccc(-c3nc4ccc(F)cn4c3-c3ccccc3)cc2)CCC1
CHEMBL3699723,6.85,CHEMBL4282,140.0,NC1(c2ccc(-c3nc4c(C5CC5)cccn4c3-c3ccccc3)cc2)CCC1
CHEMBL3699724,6.52,CHEMBL4282,300.0,C=Cc1ccc2nc(-c3ccc(C4(N)CCC4)cc3)c(-c3ccccc3)n2c1
CHEMBL3699725,6.75,CHEMBL4282,180.0,C=Cc1cccn2c(-c3ccccc3)c(-c3ccc(C4(N)CCC4)cc3)nc12
CHEMBL3699726,7.0,CHEMBL4282,99.0,NC1(c2ccc(-c3nc4c(-c5cn[nH]c5)cccn4c3-c3ccccc3)cc2)CCC1
CHEMBL3699727,7.04,CHEMBL4282,91.0,NC1(c2ccc(-c3nc4ccc(C(=O)O)cn4c3-c3ccccc3)cc2)CCC1
CHEMBL3699728,7.72,CHEMBL4282,19.0,COc1cc(Br)cn2c(-c3ccccc3)c(-c3ccc(C4(N)CCC4)cc3)nc12
CHEMBL3699729,5.77,CHEMBL4282,1708.0,CC(C)NC(=O)c1ccc2nc(-c3ccc(C4(N)CCC4)cc3)c(-c3ccccc3)n2c1
CHEMBL3699730,6.37,CHEMBL4282,423.0,NC1(c2ccc(-c3nc4ccc(C(=O)NCCF)cn4c3-c3ccccc3)cc2)CCC1
CHEMBL3699731,5.95,CHEMBL4282,1136.0,NC1(c2ccc(-c3nc4ccc(C(=O)NCCO)cn4c3-c3ccccc3)cc2)CCC1
CHEMBL3699732,6.34,CHEMBL4282,452.0,COCCNC(=O)c1ccc2nc(-c3ccc(C4(N)CCC4)cc3)c(-c3ccccc3)n2c1
CHEMBL3699733,6.31,CHEMBL4282,493.0,NC1(c2ccc(-c3nc4ccc(C(=O)NC5CC5)cn4c3-c3ccccc3)cc2)CCC1
CHEMBL3699734,6.47,CHEMBL4282,342.0,NC1(c2ccc(-c3nc4ccc(C(=O)NCC5CC5)cn4c3-c3ccccc3)cc2)CCC1
CHEMBL3699735,6.59,CHEMBL4282,257.0,NC1(c2ccc(-c3nc4ccc(C(=O)NO)cn4c3-c3ccccc3)cc2)CCC1
CHEMBL3699736,7.51,CHEMBL4282,31.0,COC(=O)c1cc(Cl)c2nc(-c3ccc(C4(N)CCC4)cc3)c(-c3ccccc3)n2c1
CHEMBL3699737,5.72,CHEMBL4282,1904.0,CN(C)C(=O)c1ccc2nc(-c3ccc(C4(N)CCC4)cc3)c(-c3ccccc3)n2c1
CHEMBL3699738,6.42,CHEMBL4282,376.0,CCNC(=O)c1ccc2nc(-c3ccc(C4(N)CCC4)cc3)c(-c3ccccc3)n2c1
CHEMBL3699739,6.13,CHEMBL4282,734.0,NC1(c2ccc(-c3nc4ccc(C5CC5)cn4c3-c3ccccc3)cc2)CCC1
CHEMBL3699740,5.78,CHEMBL4282,1659.0,NC1(c2ccc(-c3nc4nc(OCCN5CCCC5=O)ccn4c3-c3ccccc3)cc2)CCC1
CHEMBL3699741,5.97,CHEMBL4282,1066.0,NC(=O)C1(COc2ccn3c(-c4ccccc4)c(-c4ccc(C5(N)CCC5)cc4)nc3n2)CC1
CHEMBL3699742,6.95,CHEMBL4282,113.0,NC1(c2ccc(-c3nc4cc(Cl)ccn4c3-c3ccccc3)cc2)CCC1
CHEMBL3699743,7.19,CHEMBL4282,64.0,NC1(c2ccc(-c3nc4cc(F)ccn4c3-c3ccccc3)cc2)CCC1
CHEMBL3699744,6.51,CHEMBL4282,308.0,NC1(c2ccc(-c3nc4c(-c5ccc(F)cc5)cccn4c3-c3ccccc3)cc2)CCC1
CHEMBL3699745,6.68,CHEMBL4282,208.0,NC1(c2ccc(-c3nc4c(-c5cccc(F)c5)cccn4c3-c3ccccc3)cc2)CCC1
CHEMBL3699746,6.97,CHEMBL4282,106.0,COc1cncc(-c2cccn3c(-c4ccccc4)c(-c4ccc(C5(N)CCC5)cc4)nc23)c1
CHEMBL3699747,7.19,CHEMBL4282,64.0,NC1(c2ccc(-c3nc4c(-c5ccn[nH]5)cccn4c3-c3ccccc3)cc2)CCC1
CHEMBL3699748,6.41,CHEMBL4282,390.0,NC1(c2ccc(-c3nc4c(-c5ccc6cn[nH]c6c5)cccn4c3-c3ccccc3)cc2)CCC1
CHEMBL3699749,7.24,CHEMBL4282,58.0,Cc1cc(C)c2nc(-c3ccc(C4(N)CCC4)cc3)c(-c3ccccc3)n2c1
CHEMBL3699750,6.77,CHEMBL4282,170.0,Cc1ccn2c(-c3ccccc3)c(-c3ccc(C4(N)CCC4)cc3)nc2c1Cl
CHEMBL3699751,7.28,CHEMBL4282,52.0,NC1(c2ccc(-c3nc4c(F)cc(F)cn4c3-c3ccccc3)cc2)CCC1
CHEMBL3699752,7.6,CHEMBL4282,25.0,Cc1cc(Cl)cn2c(-c3ccccc3)c(-c3ccc(C4(N)CCC4)cc3)nc12
CHEMBL3699753,7.77,CHEMBL4282,17.0,CCOC(=O)c1cc(Br)c2nc(-c3ccc(C4(N)CCC4)cc3)c(-c3ccccc3)n2c1
CHEMBL3699754,8.15,CHEMBL4282,7.0,NC1(c2ccc(-c3nc4c(Cl)cc(Cl)cn4c3-c3ccccc3)cc2)CCC1
CHEMBL3699755,6.61,CHEMBL4282,247.0,COc1ccn2c(-c3ccccc3)c(-c3ccc(C4(N)CCC4)cc3)nc2c1C#N
CHEMBL3699756,6.82,CHEMBL4282,150.0,NC1(c2ccc(-c3nc4cc(Cl)c(Cl)cn4c3-c3ccccc3)cc2)CCC1
CHEMBL3699757,7.75,CHEMBL4282,18.0,Cc1c(Cl)cn2c(-c3ccccc3)c(-c3ccc(C4(N)CCC4)cc3)nc2c1Br
CHEMBL3699758,7.77,CHEMBL4282,17.0,Cc1cc(Br)c2nc(-c3ccc(C4(N)CCC4)cc3)c(-c3ccccc3)n2c1
CHEMBL3699759,8.3,CHEMBL4282,5.0,NC1(c2ccc(-c3nc4c(Br)cc(Cl)cn4c3-c3ccccc3)cc2)CCC1
CHEMBL3699760,5.86,CHEMBL4282,1368.0,Cc1c(Cl)cn2c(-c3ccccc3)c(-c3ccc(C4(N)CCC4)cc3)nc2c1-c1ccc(F)cc1
CHEMBL3699761,6.73,CHEMBL4282,187.0,Cc1c(Cl)cn2c(-c3ccccc3)c(-c3ccc(C4(N)CCC4)cc3)nc2c1-c1ccn[nH]1
CHEMBL3699762,6.48,CHEMBL4282,330.0,Cc1c(-c2ccn[nH]2)cn2c(-c3ccccc3)c(-c3ccc(C4(N)CCC4)cc3)nc2c1C
CHEMBL3699763,6.82,CHEMBL4282,150.0,Cc1cc(-c2cccnc2)c2nc(-c3ccc(C4(N)CCC4)cc3)c(-c3ccccc3)n2c1
CHEMBL3699764,6.43,CHEMBL4282,371.0,COc1cncc(-c2cc(C)cn3c(-c4ccccc4)c(-c4ccc(C5(N)CCC5)cc4)nc23)c1
CHEMBL3699765,6.64,CHEMBL4282,229.0,Cc1cc(-c2ccn[nH]2)c2nc(-c3ccc(C4(N)CCC4)cc3)c(-c3ccccc3)n2c1
CHEMBL3699766,7.09,CHEMBL4282,81.0,Cc1cc(-c2cn[nH]c2)c2nc(-c3ccc(C4(N)CCC4)cc3)c(-c3ccccc3)n2c1
CHEMBL3699768,7.96,CHEMBL4282,11.0,NC(=O)c1cc(Br)c2nc(-c3ccc(C4(N)CCC4)cc3)c(-c3ccccc3)n2c1
CHEMBL3699769,6.05,CHEMBL4282,893.0,Cc1cc(C(N)=O)c2nc(-c3ccc(C4(N)CCC4)cc3)c(-c3ccccc3)n2c1
CHEMBL3699770,7.17,CHEMBL4282,67.0,NC(=O)c1cc(-c2cn[nH]c2)cn2c(-c3ccccc3)c(-c3ccc(C4(N)CCC4)cc3)nc12
CHEMBL3699771,7.16,CHEMBL4282,69.0,NC(=O)c1cc(-c2ccn[nH]2)cn2c(-c3ccccc3)c(-c3ccc(C4(N)CCC4)cc3)nc12
CHEMBL3699772,6.75,CHEMBL4282,177.0,NC(=O)c1cc(-c2cccnc2)cn2c(-c3ccccc3)c(-c3ccc(C4(N)CCC4)cc3)nc12
CHEMBL3699773,6.7,CHEMBL4282,201.0,Cc1c(C(N)=O)cn2c(-c3ccccc3)c(-c3ccc(C4(N)CCC4)cc3)nc2c1C
CHEMBL3699774,7.85,CHEMBL4282,14.0,Cc1cc(C(N)=O)cn2c(-c3ccccc3)c(-c3ccc(C4(N)CCC4)cc3)nc12
CHEMBL3699775,6.97,CHEMBL4282,106.0,Cc1cc(-c2cn[nH]c2)cn2c(-c3ccccc3)c(-c3ccc(C4(N)CCC4)cc3)nc12
CHEMBL3699776,7.0,CHEMBL4282,99.0,Cc1cc(-c2ccn[nH]2)cn2c(-c3ccccc3)c(-c3ccc(C4(N)CCC4)cc3)nc12
CHEMBL3699777,6.76,CHEMBL4282,175.0,Cc1cc(-c2cccnc2)cn2c(-c3ccccc3)c(-c3ccc(C4(N)CCC4)cc3)nc12
CHEMBL3699778,6.66,CHEMBL4282,217.0,Cc1cc(-c2cc(C)c3nc(-c4ccc(C5(N)CCC5)cc4)c(-c4ccccc4)n3c2)[nH]n1
CHEMBL2035021,6.82,CHEMBL4282,151.0,NC1(c2ccc(-c3nc4ccccn4c3-c3ccccc3)cc2)CCC1
CHEMBL3703102,6.69,CHEMBL4282,204.0,CCOc1ccc2nc(-c3ccc(C4(N)CCC4)cc3)c(-c3ccccc3)n2c1
CHEMBL3703103,5.71,CHEMBL4282,1951.0,C=Cc1ccn2c(-c3ccccc3)c(-c3ccc(C4(N)CCC4)cc3)nc2c1
CHEMBL3703104,6.74,CHEMBL4282,181.0,NC1(c2ccc(-c3nc4cc(-c5ccncc5)ccn4c3-c3ccccc3)cc2)CCC1
CHEMBL3703105,6.89,CHEMBL4282,129.0,NC1(c2ccc(-c3nc4cc(-c5cccnc5)ccn4c3-c3ccccc3)cc2)CCC1
CHEMBL3703106,6.69,CHEMBL4282,204.0,NC1(c2ccc(-c3nc4cc(-c5ccccn5)ccn4c3-c3ccccc3)cc2)CCC1
CHEMBL3703107,6.82,CHEMBL4282,153.0,NC1(c2ccc(-c3nc4cc(-c5cc[nH]n5)ccn4c3-c3ccccc3)cc2)CCC1
CHEMBL3703108,7.15,CHEMBL4282,71.0,NC1(c2ccc(-c3nc4cc(-c5ncc[nH]5)ccn4c3-c3ccccc3)cc2)CCC1
CHEMBL3703109,6.67,CHEMBL4282,212.0,NC1(c2ccc(-c3nc4cc(-c5cnc[nH]5)ccn4c3-c3ccccc3)cc2)CCC1
CHEMBL3703110,6.63,CHEMBL4282,236.0,Cn1cncc1-c1ccn2c(-c3ccccc3)c(-c3ccc(C4(N)CCC4)cc3)nc2c1
CHEMBL3703111,7.58,CHEMBL4282,26.0,NC1(c2ccc(-c3nc4cc(-c5nn[nH]n5)ccn4c3-c3ccccc3)cc2)CCC1
CHEMBL3703112,7.07,CHEMBL4282,86.0,CCOC(=O)c1ccn2c(-c3ccccc3)c(-c3ccc(C4(N)CCC4)cc3)nc2c1
CHEMBL3703113,6.26,CHEMBL4282,550.0,NC1(c2ccc(-c3nc4cc(C(=O)O)ccn4c3-c3ccccc3)cc2)CCC1
CHEMBL3703114,6.39,CHEMBL4282,409.0,CNC(=O)c1ccn2c(-c3ccccc3)c(-c3ccc(C4(N)CCC4)cc3)nc2c1
CHEMBL3703115,6.46,CHEMBL4282,345.0,COC(=O)/C=C/c1ccn2c(-c3ccccc3)c(-c3ccc(C4(N)CCC4)cc3)nc2c1
CHEMBL3703116,6.76,CHEMBL4282,174.0,NC(=O)/C=C/c1ccn2c(-c3ccccc3)c(-c3ccc(C4(N)CCC4)cc3)nc2c1
CHEMBL3703117,5.46,CHEMBL4282,3436.0,COC(=O)CCc1ccn2c(-c3ccccc3)c(-c3ccc(C4(N)CCC4)cc3)nc2c1
CHEMBL3703118,6.22,CHEMBL4282,601.0,CCNC(=O)c1ccn2c(-c3ccccc3)c(-c3ccc(C4(N)CCC4)cc3)nc2c1
CHEMBL3703119,6.88,CHEMBL4282,132.0,NC1(c2ccc(-c3nc4cc(C(=O)NO)ccn4c3-c3ccccc3)cc2)CCC1
CHEMBL3703120,6.76,CHEMBL4282,175.0,CC(=O)c1ccn2c(-c3ccccc3)c(-c3ccc(C4(N)CCC4)cc3)nc2c1
CHEMBL3703121,6.71,CHEMBL4282,195.0,NC1(c2ccc(-c3nc4ccc(-c5cnc[nH]5)cn4c3-c3ccccc3)cc2)CCC1
CHEMBL3703122,6.49,CHEMBL4282,321.0,NC1(c2ccc(-c3nc4ccc(-c5ncc[nH]5)cn4c3-c3ccccc3)cc2)CCC1
CHEMBL3703123,6.77,CHEMBL4282,171.0,NC1(c2ccc(-c3nc4ccc(-c5cc[nH]n5)cn4c3-c3ccccc3)cc2)CCC1
CHEMBL3703124,6.66,CHEMBL4282,219.0,NC1(c2ccc(-c3nc4ccc(-c5cn[nH]c5)cn4c3-c3ccccc3)cc2)CCC1
CHEMBL3703125,5.63,CHEMBL4282,2320.0,Cn1cncc1-c1ccc2nc(-c3ccc(C4(N)CCC4)cc3)c(-c3ccccc3)n2c1
CHEMBL3703126,6.16,CHEMBL4282,691.0,Cn1cc(-c2ccc3nc(-c4ccc(C5(N)CCC5)cc4)c(-c4ccccc4)n3c2)cn1
CHEMBL3703127,7.13,CHEMBL4282,74.0,NC1(c2ccc(-c3nc4ccc(-c5nn[nH]n5)cn4c3-c3ccccc3)cc2)CCC1
CHEMBL3703128,6.27,CHEMBL4282,533.0,NC1(c2ccc(-c3nc4ccc(-c5ccncc5)cn4c3-c3ccccc3)cc2)CCC1
CHEMBL3703129,6.27,CHEMBL4282,541.0,NC1(c2ccc(-c3nc4ccc(-c5cccnc5)cn4c3-c3ccccc3)cc2)CCC1
CHEMBL3703130,6.28,CHEMBL4282,530.0,NC1(c2ccc(-c3nc4ccc(-c5ccccn5)cn4c3-c3ccccc3)cc2)CCC1
CHEMBL3699695,7.36,CHEMBL4282,44.0,NC1(c2ccc(-c3nc4ccc(Br)cn4c3-c3ccccc3)cc2)CCC1
CHEMBL3703131,7.44,CHEMBL4282,36.0,NC1(c2ccc(-c3nc4ccc(Cl)cn4c3-c3ccccc3)cc2)CCC1
CHEMBL3703132,6.71,CHEMBL4282,196.0,COC(=O)/C=C/c1ccc2nc(-c3ccc(C4(N)CCC4)cc3)c(-c3ccccc3)n2c1
CHEMBL3703133,6.46,CHEMBL4282,347.0,NC(=O)/C=C/c1ccc2nc(-c3ccc(C4(N)CCC4)cc3)c(-c3ccccc3)n2c1
CHEMBL3703134,7.03,CHEMBL4282,93.0,CCOC(=O)c1ccc2nc(-c3ccc(C4(N)CCC4)cc3)c(-c3ccccc3)n2c1
CHEMBL3703135,7.26,CHEMBL4282,55.0,CC(=O)c1ccc2nc(-c3ccc(C4(N)CCC4)cc3)c(-c3ccccc3)n2c1
CHEMBL3703136,7.62,CHEMBL4282,24.0,COc1cc(Cl)cn2c(-c3ccccc3)c(-c3ccc(C4(N)CCC4)cc3)nc12
CHEMBL3703137,7.64,CHEMBL4282,23.0,COc1cc(OC)c2nc(-c3ccc(C4(N)CCC4)cc3)c(-c3ccccc3)n2c1
CHEMBL3703138,6.83,CHEMBL4282,148.0,CCc1cc(OC)c2nc(-c3ccc(C4(N)CCC4)cc3)c(-c3ccccc3)n2c1
CHEMBL3703139,6.86,CHEMBL4282,139.0,COc1cc(-c2cnc[nH]2)cn2c(-c3ccccc3)c(-c3ccc(C4(N)CCC4)cc3)nc12
CHEMBL3703140,6.7,CHEMBL4282,198.0,COc1cc(-c2ncc[nH]2)cn2c(-c3ccccc3)c(-c3ccc(C4(N)CCC4)cc3)nc12
CHEMBL3703141,6.25,CHEMBL4282,558.0,Cn1cc(-c2ccn3c(-c4ccccc4)c(-c4ccc(C5(N)CCC5)cc4)nc3c2)cn1
CHEMBL3703142,6.29,CHEMBL4282,514.0,Nc1ccn2c(-c3ccccc3)c(-c3ccc(C4(N)CCC4)cc3)nc2c1
CHEMBL3703143,6.26,CHEMBL4282,554.0,CC(=O)Nc1ccn2c(-c3ccccc3)c(-c3ccc(C4(N)CCC4)cc3)nc2c1
CHEMBL3703144,6.34,CHEMBL4282,457.0,NC(=O)Nc1ccn2c(-c3ccccc3)c(-c3ccc(C4(N)CCC4)cc3)nc2c1
CHEMBL3703145,5.67,CHEMBL4282,2145.0,CON(C)C(=O)c1ccn2c(-c3ccccc3)c(-c3ccc(C4(N)CCC4)cc3)nc2c1
CHEMBL3703146,6.07,CHEMBL4282,854.0,Nc1ccc2nc(-c3ccc(C4(N)CCC4)cc3)c(-c3ccccc3)n2c1
CHEMBL3703147,7.21,CHEMBL4282,62.0,CC(=O)Nc1ccc2nc(-c3ccc(C4(N)CCC4)cc3)c(-c3ccccc3)n2c1
CHEMBL3703148,6.59,CHEMBL4282,256.0,NC(=O)Nc1ccc2nc(-c3ccc(C4(N)CCC4)cc3)c(-c3ccccc3)n2c1
CHEMBL3703149,6.49,CHEMBL4282,327.0,CNC(=O)Nc1ccc2nc(-c3ccc(C4(N)CCC4)cc3)c(-c3ccccc3)n2c1
CHEMBL3703150,5.53,CHEMBL4282,2988.0,CS(=O)(=O)Nc1ccc2nc(-c3ccc(C4(N)CCC4)cc3)c(-c3ccccc3)n2c1
CHEMBL3703151,6.72,CHEMBL4282,191.0,C=Cc1cc(OC)c2nc(-c3ccc(C4(N)CCC4)cc3)c(-c3ccccc3)n2c1
CHEMBL3703152,6.42,CHEMBL4282,384.0,N[C@]1(c2ccc(-c3nc4nc(O)ccn4c3-c3ccccc3)cc2)C[C@H](O)C1
CHEMBL3703153,6.26,CHEMBL4282,548.0,NC1(c2ccc(-c3nc4nc(OCCN5C(=O)c6ccccc6C5=O)ccn4c3-c3ccccc3)cc2)CCC1
CHEMBL3703154,6.52,CHEMBL4282,303.0,NC1(c2ccc(-c3nc4ccc(O)cn4c3-c3ccccc3)cc2)CCC1
CHEMBL3703155,6.23,CHEMBL4282,590.0,NC1(c2ccc(-c3nc4c(O)cccn4c3-c3ccccc3)cc2)CCC1
CHEMBL3703156,7.24,CHEMBL4282,58.0,NC(=O)c1cccn2c(-c3ccccc3)c(-c3ccc(C4(N)CCC4)cc3)nc12
CHEMBL3703157,7.92,CHEMBL4282,12.0,NC(=O)c1cc(Cl)c2nc(-c3ccc(C4(N)CCC4)cc3)c(-c3ccccc3)n2c1
CHEMBL3703158,5.78,CHEMBL4282,1658.0,C#Cc1ccn2c(-c3ccccc3)c(-c3ccc(C4(N)CCC4)cc3)nc2c1
CHEMBL3703159,4.9,CHEMBL4282,12688.0,NC(=O)CCc1ccn2c(-c3ccccc3)c(-c3ccc(C4(N)CCC4)cc3)nc2c1
CHEMBL3703161,6.8,CHEMBL4282,158.0,COC(=O)COc1ccn2c(-c3ccccc3)c(-c3ccc(C4(N)CCC4)cc3)nc2c1
CHEMBL3703162,6.4,CHEMBL4282,397.0,NC(=O)COc1ccn2c(-c3ccccc3)c(-c3ccc(C4(N)CCC4)cc3)nc2c1
CHEMBL3703163,6.59,CHEMBL4282,258.0,CN(C)C(=O)COc1ccn2c(-c3ccccc3)c(-c3ccc(C4(N)CCC4)cc3)nc2c1
CHEMBL3703164,6.18,CHEMBL4282,655.0,[C-]#[N+]COc1ccn2c(-c3ccccc3)c(-c3ccc(C4(N)CCC4)cc3)nc2c1
CHEMBL3703165,6.75,CHEMBL4282,179.0,COC(=O)COc1ccc2nc(-c3ccc(C4(N)CCC4)cc3)c(-c3ccccc3)n2c1
CHEMBL3703166,7.02,CHEMBL4282,96.0,[C-]#[N+]COc1ccc2nc(-c3ccc(C4(N)CCC4)cc3)c(-c3ccccc3)n2c1
CHEMBL3703167,5.89,CHEMBL4282,1273.0,NC1(c2ccc(-c3nc4cc(O)ccn4c3-c3ccccc3)cc2)CCC1
CHEMBL3703168,5.82,CHEMBL4282,1510.0,NC1(c2ccc(-c3nc4ccc(-c5cccnc5O)cn4c3-c3ccccc3)cc2)CCC1
CHEMBL3640020,6.16,CHEMBL4282,688.0,Cc1cc(-c2ccc3nc(-c4ccc(C5(N)CCC5)cc4)c(-c4ccccc4)n3c2)[nH]n1
CHEMBL3703169,7.09,CHEMBL4282,81.0,COc1cc(-c2cn[nH]c2)cn2c(-c3ccccc3)c(-c3ccc(C4(N)CCC4)cc3)nc12
CHEMBL3703170,5.82,CHEMBL4282,1505.0,Cc1cccc2nc(-c3ccc(C4(N)CCC4)cc3)c(-c3ccccc3)n12
CHEMBL3703171,6.85,CHEMBL4282,141.0,N#Cc1cc(Cl)c2nc(-c3ccc(C4(N)CCC4)cc3)c(-c3ccccc3)n2c1
CHEMBL2035019,6.61,CHEMBL4282,246.0,NC1(c2ccc(-c3nn4ccnc4cc3-c3ccccc3)cc2)CCC1
CHEMBL3639713,4.76,CHEMBL4282,17257.0,Cc1cn2nc(-c3ccc(C4(N)CCC4)cc3)c(-c3ccccc3)cc2n1
CHEMBL3672479,6.36,CHEMBL4282,441.0,Cc1cnc2cc(-c3ccccc3)c(-c3ccc(C4(N)CCC4)cc3)nn12
CHEMBL3672480,8.3,CHEMBL4282,5.0,N#Cc1cccc(-c2cnc3cc(-c4ccccc4)c(-c4ccc(C5(N)CCC5)cc4)nn23)c1
CHEMBL3672481,6.96,CHEMBL4282,110.0,CS(=O)(=O)c1ccc(-c2cnc3cc(-c4ccccc4)c(-c4ccc(C5(N)CCC5)cc4)nn23)cc1
CHEMBL3672482,6.89,CHEMBL4282,129.0,N#Cc1ccc(-c2cnc3cc(-c4ccccc4)c(-c4ccc(C5(N)CCC5)cc4)nn23)cc1
CHEMBL3672483,8.4,CHEMBL4282,4.0,COC(=O)c1cccc(-c2cnc3cc(-c4ccccc4)c(-c4ccc(C5(N)CCC5)cc4)nn23)c1
CHEMBL3672484,7.44,CHEMBL4282,36.0,NC1(c2ccc(-c3nn4c(-c5ccc(F)cc5)cnc4cc3-c3ccccc3)cc2)CCC1
CHEMBL3672485,7.36,CHEMBL4282,44.0,Cc1ccc(-c2cnc3cc(-c4ccccc4)c(-c4ccc(C5(N)CCC5)cc4)nn23)cc1
CHEMBL3672486,8.22,CHEMBL4282,6.0,NC1(c2ccc(-c3nn4c(-c5cccc(CO)c5)cnc4cc3-c3ccccc3)cc2)CCC1
CHEMBL3672487,7.72,CHEMBL4282,19.0,NC1(c2ccc(-c3nn4c(-c5ccc(CO)cc5)cnc4cc3-c3ccccc3)cc2)CCC1
CHEMBL3672488,7.33,CHEMBL4282,47.0,NC1(c2ccc(-c3nn4c(-c5ccc(S(N)(=O)=O)cc5)cnc4cc3-c3ccccc3)cc2)CCC1
CHEMBL3672489,7.13,CHEMBL4282,74.0,NC1(c2ccc(-c3nn4c(Br)cnc4cc3-c3ccccc3)cc2)CCC1
CHEMBL3672490,8.05,CHEMBL4282,9.0,NC1(c2ccc(-c3nn4c(-c5ccc(F)c(CO)c5)cnc4cc3-c3ccccc3)cc2)CCC1
CHEMBL3672491,7.57,CHEMBL4282,27.0,NC(=O)c1ccc(-c2cnc3cc(-c4ccccc4)c(-c4ccc(C5(N)CCC5)cc4)nn23)cc1
CHEMBL3672492,7.89,CHEMBL4282,13.0,NC(=O)c1cccc(-c2cnc3cc(-c4ccccc4)c(-c4ccc(C5(N)CCC5)cc4)nn23)c1
CHEMBL3672493,8.05,CHEMBL4282,9.0,NC1(c2ccc(-c3nn4c(-c5cn[nH]c5)cnc4cc3-c3ccccc3)cc2)CCC1
CHEMBL3672494,6.84,CHEMBL4282,146.0,NC1(c2ccc(-c3nn4c(-c5ccc(O)nc5)cnc4cc3-c3ccccc3)cc2)CCC1
CHEMBL3672495,7.72,CHEMBL4282,19.0,COC(=O)c1ccc(-c2cnc3cc(-c4ccccc4)c(-c4ccc(C5(N)CCC5)cc4)nn23)cn1
CHEMBL3672496,7.96,CHEMBL4282,11.0,NC1(c2ccc(-c3nn4c(-c5ccn[nH]5)cnc4cc3-c3ccccc3)cc2)CCC1
CHEMBL3672497,7.96,CHEMBL4282,11.0,NC1(c2ccc(-c3nn4c(-c5ccc6cn[nH]c6c5)cnc4cc3-c3ccccc3)cc2)CCC1
CHEMBL3672498,8.15,CHEMBL4282,7.0,CCOC(=O)c1cncc(-c2cnc3cc(-c4ccccc4)c(-c4ccc(C5(N)CCC5)cc4)nn23)c1
CHEMBL3672499,8.3,CHEMBL4282,5.0,COc1cncc(-c2cnc3cc(-c4ccccc4)c(-c4ccc(C5(N)CCC5)cc4)nn23)c1
CHEMBL3672500,4.82,CHEMBL4282,15038.0,Cc1nc2cc(-c3ccccc3)c(-c3ccc(C4(N)CCC4)cc3)nn2c1-c1cccc(C(N)=O)c1
CHEMBL3672501,5.0,CHEMBL4282,10115.0,Cc1nc2cc(-c3ccccc3)c(-c3ccc(C4(N)CCC4)cc3)nn2c1-c1ccc(F)c(CO)c1
CHEMBL3672502,5.32,CHEMBL4282,4780.0,Cc1nc2cc(-c3ccccc3)c(-c3ccc(C4(N)CCC4)cc3)nn2c1-c1cn[nH]c1
CHEMBL3672503,5.35,CHEMBL4282,4428.0,Cc1nc2cc(-c3ccccc3)c(-c3ccc(C4(N)CCC4)cc3)nn2c1-c1ccc(F)cc1
CHEMBL3672504,4.92,CHEMBL4282,12083.0,Cc1nc2cc(-c3ccccc3)c(-c3ccc(C4(N)CCC4)cc3)nn2c1-c1ccc(C(N)=O)cc1
CHEMBL3672505,5.56,CHEMBL4282,2732.0,Cc1nc2cc(-c3ccccc3)c(-c3ccc(C4(N)CCC4)cc3)nn2c1-c1ccn[nH]1
CHEMBL3672506,4.83,CHEMBL4282,14853.0,Cc1cc(-c2c(C)nc3cc(-c4ccccc4)c(-c4ccc(C5(N)CCC5)cc4)nn23)[nH]n1
CHEMBL3672507,7.17,CHEMBL4282,68.0,NC1(c2ccc(-c3nn4c(-c5ccc(F)cc5)c(Br)nc4cc3-c3ccccc3)cc2)CCC1
CHEMBL3672508,7.0,CHEMBL4282,99.0,NC1(c2ccc(-c3nn4c(-c5ccc(F)cc5)c(Cl)nc4cc3-c3ccccc3)cc2)CCC1
CHEMBL3672509,7.42,CHEMBL4282,38.0,NC(=O)/C=C/c1cnc2cc(-c3ccccc3)c(-c3ccc(C4(N)CCC4)cc3)nn12
CHEMBL3672510,7.36,CHEMBL4282,44.0,C=Cc1cnc2cc(-c3ccccc3)c(-c3ccc(C4(N)CCC4)cc3)nn12
CHEMBL3672511,4.74,CHEMBL4282,18031.0,Cc1nc2cc(-c3ccccc3)c(-c3ccc(C4(N)CCC4)cc3)nn2c1/C=C/C(N)=O
CHEMBL3672512,5.22,CHEMBL4282,5966.0,COC(=O)/C=C/c1c(C)nc2cc(-c3ccccc3)c(-c3ccc(C4(N)CCC4)cc3)nn12
CHEMBL3672513,5.05,CHEMBL4282,8937.0,C=Cc1c(C)nc2cc(-c3ccccc3)c(-c3ccc(C4(N)CCC4)cc3)nn12
CHEMBL3672514,4.7,CHEMBL4282,20000.0,CCc1c(C)nc2cc(-c3ccccc3)c(-c3ccc(C4(N)CCC4)cc3)nn12
CHEMBL3672515,7.03,CHEMBL4282,93.0,NC1(c2ccc(-c3nc4c5cc(F)ccc5nn4cc3-c3ccccc3)cc2)CCC1
CHEMBL3672516,6.28,CHEMBL4282,528.0,NC1(c2ccc(-c3nc4c5cc(F)ccc5nn4c(NC4CC4)c3-c3ccccc3)cc2)CCC1
CHEMBL3672517,5.58,CHEMBL4282,2630.0,CNc1c(-c2ccccc2)c(-c2ccc(C3(N)CCC3)cc2)nc2c3cc(F)ccc3nn12
CHEMBL3672518,6.85,CHEMBL4282,140.0,N#Cc1cccc(-c2ccc3c(c2)nn2cc(-c4ccccc4)c(-c4ccc(C5(N)CCC5)cc4)nc32)c1
CHEMBL3672519,7.23,CHEMBL4282,59.0,CS(=O)(=O)c1ccc(-c2ccc3c(c2)nn2cc(-c4ccccc4)c(-c4ccc(C5(N)CCC5)cc4)nc32)cc1
CHEMBL3672520,6.64,CHEMBL4282,229.0,NC1(c2ccc(-c3nc4c5ccc(-c6ccc(F)cc6)cc5nn4cc3-c3ccccc3)cc2)CCC1
CHEMBL3672521,7.06,CHEMBL4282,87.0,NC1(c2ccc(-c3nc4c5ccc(Br)cc5nn4cc3-c3ccccc3)cc2)CCC1
CHEMBL3672522,7.37,CHEMBL4282,43.0,NC1(c2ccc(-c3nc4c5ccc(-c6ccc(F)c(CO)c6)cc5nn4cc3-c3ccccc3)cc2)CCC1
CHEMBL3672523,7.46,CHEMBL4282,35.0,NC1(c2ccc(-c3nc4c5ccc(-c6ccc(F)c(O)c6)cc5nn4cc3-c3ccccc3)cc2)CCC1
CHEMBL3672524,6.34,CHEMBL4282,458.0,COc1cc(-c2ccc3c(c2)nn2cc(-c4ccccc4)c(-c4ccc(C5(N)CCC5)cc4)nc32)ccc1F
CHEMBL3672525,7.6,CHEMBL4282,25.0,CS(=O)(=O)c1cccc(-c2ccc3c(c2)nn2cc(-c4ccccc4)c(-c4ccc(C5(N)CCC5)cc4)nc32)c1
CHEMBL3672526,6.96,CHEMBL4282,111.0,COC(=O)c1ccc2c(c1)nn1cc(-c3ccccc3)c(-c3ccc(C4(N)CCC4)cc3)nc21
CHEMBL3672527,7.8,CHEMBL4282,16.0,NC(=O)c1cccc(-c2ccc3c(c2)nn2cc(-c4ccccc4)c(-c4ccc(C5(N)CCC5)cc4)nc32)c1
CHEMBL3672528,7.68,CHEMBL4282,21.0,NC(=O)c1ccc(-c2ccc3c(c2)nn2cc(-c4ccccc4)c(-c4ccc(C5(N)CCC5)cc4)nc32)cc1
CHEMBL3672529,7.77,CHEMBL4282,17.0,NC1(c2ccc(-c3nc4c5ccc(-c6cn[nH]c6)cc5nn4cc3-c3ccccc3)cc2)CCC1
CHEMBL3672530,7.85,CHEMBL4282,14.0,NC1(c2ccc(-c3nc4c5ccc(-c6ccc(O)nc6)cc5nn4cc3-c3ccccc3)cc2)CCC1
CHEMBL3672531,7.64,CHEMBL4282,23.0,COC(=O)c1ccc(-c2ccc3c(c2)nn2cc(-c4ccccc4)c(-c4ccc(C5(N)CCC5)cc4)nc32)cn1
CHEMBL3672532,6.96,CHEMBL4282,110.0,NC1(c2ccc(-c3nc4c5cc(-c6ccc(F)cc6)ccc5nn4cc3-c3ccccc3)cc2)CCC1
CHEMBL3672533,6.92,CHEMBL4282,120.0,Cc1ccc(-c2ccc3nn4cc(-c5ccccc5)c(-c5ccc(C6(N)CCC6)cc5)nc4c3c2)cc1
CHEMBL3672534,6.89,CHEMBL4282,130.0,COC(=O)c1cccc(-c2ccc3nn4cc(-c5ccccc5)c(-c5ccc(C6(N)CCC6)cc5)nc4c3c2)c1
CHEMBL3672535,7.17,CHEMBL4282,67.0,N#Cc1cccc(-c2ccc3nn4cc(-c5ccccc5)c(-c5ccc(C6(N)CCC6)cc5)nc4c3c2)c1
CHEMBL3672536,7.39,CHEMBL4282,41.0,NC1(c2ccc(-c3nc4c5cc(Br)ccc5nn4cc3-c3ccccc3)cc2)CCC1
CHEMBL3672537,7.01,CHEMBL4282,97.0,N#Cc1ccc(-c2ccc3nn4cc(-c5ccccc5)c(-c5ccc(C6(N)CCC6)cc5)nc4c3c2)cc1
CHEMBL3672538,7.8,CHEMBL4282,16.0,NC1(c2ccc(-c3nc4c5cc(-c6cccc(CO)c6)ccc5nn4cc3-c3ccccc3)cc2)CCC1
CHEMBL3672539,7.75,CHEMBL4282,18.0,NC1(c2ccc(-c3nc4c5cc(-c6ccc(CO)cc6)ccc5nn4cc3-c3ccccc3)cc2)CCC1
CHEMBL3672540,7.51,CHEMBL4282,31.0,NC1(c2ccc(-c3nc4c5cc(-c6ccc(S(N)(=O)=O)cc6)ccc5nn4cc3-c3ccccc3)cc2)CCC1
CHEMBL3672541,8.0,CHEMBL4282,10.0,NC1(c2ccc(-c3nc4c5cc(-c6ccc(F)c(CO)c6)ccc5nn4cc3-c3ccccc3)cc2)CCC1
CHEMBL3672542,7.72,CHEMBL4282,19.0,NC1(c2ccc(-c3nc4c5cc(-c6cn[nH]c6)ccc5nn4cc3-c3ccccc3)cc2)CCC1
CHEMBL3672543,6.5,CHEMBL4282,320.0,N#Cc1ccc(-c2cccc3nn4cc(-c5ccccc5)c(-c5ccc(C6(N)CCC6)cc5)nc4c23)cc1
CHEMBL3672544,5.0,CHEMBL4282,10000.0,N#Cc1cccc(-c2cccc3c2nn2cc(-c4ccccc4)c(-c4ccc(C5(N)CCC5)cc4)nc32)c1
CHEMBL3672545,6.77,CHEMBL4282,170.0,NC1(c2ccc(-c3nc4c5cccc(Br)c5nn4cc3-c3ccccc3)cc2)CCC1
CHEMBL3672546,5.25,CHEMBL4282,5600.0,NC1(c2ccc(-c3nc4c5cccc(-c6ccc(F)cc6)c5nn4cc3-c3ccccc3)cc2)CCC1
CHEMBL3672547,6.14,CHEMBL4282,720.0,NC1(c2ccc(-c3nc4c5cccc(-c6ccc(CO)cc6)c5nn4cc3-c3ccccc3)cc2)CCC1
CHEMBL3672548,4.77,CHEMBL4282,17000.0,CS(=O)(=O)c1cccc(-c2cccc3c2nn2cc(-c4ccccc4)c(-c4ccc(C5(N)CCC5)cc4)nc32)c1
CHEMBL3672549,6.8,CHEMBL4282,160.0,NC1(c2ccc(-c3nc4c5cccc(-c6cn[nH]c6)c5nn4cc3-c3ccccc3)cc2)CCC1
CHEMBL3672550,7.31,CHEMBL4282,49.0,N#Cc1cccc2c1nn1cc(-c3ccccc3)c(-c3ccc(C4(N)CCC4)cc3)nc21
CHEMBL3672551,6.13,CHEMBL4282,740.0,COC(=O)c1cccc2c1nn1cc(-c3ccccc3)c(-c3ccc(C4(N)CCC4)cc3)nc21
CHEMBL3672552,7.0,CHEMBL4282,100.0,NC1(c2ccc(-c3nc4c5cccc(O)c5nn4cc3-c3ccccc3)cc2)CCC1
CHEMBL3672553,6.24,CHEMBL4282,580.0,NC(=O)/C=C/c1cccc2c1nn1cc(-c3ccccc3)c(-c3ccc(C4(N)CCC4)cc3)nc21
CHEMBL3672554,7.82,CHEMBL4282,15.0,NC1(c2ccc(-c3nc4c5ccc(-c6ccn[nH]6)cc5nn4cc3-c3ccccc3)cc2)CCC1
CHEMBL3672555,8.0,CHEMBL4282,10.0,Cc1cc(-c2ccc3c(c2)nn2cc(-c4ccccc4)c(-c4ccc(C5(N)CCC5)cc4)nc32)[nH]n1
CHEMBL3672556,8.0,CHEMBL4282,10.0,NC1(c2ccc(-c3nc4c5cc(-c6ccn[nH]6)ccc5nn4cc3-c3ccccc3)cc2)CCC1
CHEMBL3672557,8.22,CHEMBL4282,6.0,Cc1cc(-c2ccc3nn4cc(-c5ccccc5)c(-c5ccc(C6(N)CCC6)cc5)nc4c3c2)[nH]n1
CHEMBL3672558,8.0,CHEMBL4282,10.0,COC(=O)/C=C/c1ccc2nn3cc(-c4ccccc4)c(-c4ccc(C5(N)CCC5)cc4)nc3c2c1
CHEMBL3672559,7.52,CHEMBL4282,30.0,NC(=O)/C=C/c1ccc2nn3cc(-c4ccccc4)c(-c4ccc(C5(N)CCC5)cc4)nc3c2c1
CHEMBL3696234,6.99,CHEMBL4282,102.0,CCOC(=O)Cc1nc(N2CCOCC2)cc(=O)[nH]1
CHEMBL2151821,6.49,CHEMBL4282,321.0,O=C(Cc1nc(N2CCOCC2)cc(=O)[nH]1)Nc1ccc(F)cc1
CHEMBL2151921,7.0,CHEMBL4282,100.0,O=C(Cc1nc(N2CCOCC2)cc(=O)[nH]1)Nc1cccc(Cl)c1
CHEMBL2151924,7.64,CHEMBL4282,23.0,O=C(Cc1nc(N2CCOCC2)cc(=O)[nH]1)Nc1ccc(F)c(F)c1
CHEMBL2151927,6.5,CHEMBL4282,318.0,COc1cc(NC(=O)Cc2nc(N3CCOCC3)cc(=O)[nH]2)ccc1F
CHEMBL2151819,6.14,CHEMBL4282,727.0,O=C(Cc1nc(N2CCOCC2)cc(=O)[nH]1)Nc1ccccc1F
CHEMBL2151822,5.46,CHEMBL4282,3498.0,Cc1ccccc1NC(=O)Cc1nc(N2CCOCC2)cc(=O)[nH]1
CHEMBL3696238,6.2,CHEMBL4282,632.0,COc1ccccc1NC(=O)Cc1nc(N2CCOCC2)cc(=O)[nH]1
CHEMBL3639951,6.13,CHEMBL4282,737.0,O=C(Cc1nc(N2CCOCC2)cc(=O)[nH]1)Nc1cccc(F)c1F
CHEMBL2151820,6.24,CHEMBL4282,570.0,O=C(Cc1nc(N2CCOCC2)cc(=O)[nH]1)Nc1cccc(F)c1
CHEMBL2151920,5.85,CHEMBL4282,1420.0,O=C(Cc1nc(N2CCOCC2)cc(=O)[nH]1)Nc1ccc(Cl)cc1
CHEMBL2151922,6.07,CHEMBL4282,850.0,COc1cccc(NC(=O)Cc2nc(N3CCOCC3)cc(=O)[nH]2)c1
CHEMBL3696240,5.83,CHEMBL4282,1481.0,O=C(Cc1nc(N2CCOCC2)cc(=O)[nH]1)Nc1cccc(C(F)(F)F)c1
CHEMBL2151923,7.64,CHEMBL4282,23.0,O=C(Cc1nc(N2CCOCC2)cc(=O)[nH]1)Nc1cccc(Br)c1
CHEMBL3696242,5.88,CHEMBL4282,1314.0,COC(=O)c1cccc(NC(=O)Cc2nc(N3CCOCC3)cc(=O)[nH]2)c1
CHEMBL3696243,5.0,CHEMBL4282,10000.0,O=C(Cc1nc(N2CCOCC2)cc(=O)[nH]1)Nc1cccc(C(=O)O)c1
CHEMBL3696244,6.46,CHEMBL4282,350.0,CC(C)c1cccc(NC(=O)Cc2nc(N3CCOCC3)cc(=O)[nH]2)c1
CHEMBL2151919,7.41,CHEMBL4282,39.0,Cc1cccc(NC(=O)Cc2nc(N3CCOCC3)cc(=O)[nH]2)c1
CHEMBL3696246,5.64,CHEMBL4282,2287.0,N#Cc1cccc(NC(=O)Cc2nc(N3CCOCC3)cc(=O)[nH]2)c1
CHEMBL2151925,6.77,CHEMBL4282,171.0,Cc1cc(NC(=O)Cc2nc(N3CCOCC3)cc(=O)[nH]2)ccc1F
CHEMBL2151926,6.94,CHEMBL4282,116.0,O=C(Cc1nc(N2CCOCC2)cc(=O)[nH]1)Nc1ccc(F)c(Cl)c1
CHEMBL3696250,5.44,CHEMBL4282,3635.0,O=C(Cc1nc(N2CCOCC2)cc(=O)[nH]1)Nc1cccc(O)c1
CHEMBL2151048,7.03,CHEMBL4282,93.0,O=C(Cc1nc(N2CCOCC2)cc(=O)[nH]1)Nc1ccc(F)c(Br)c1
CHEMBL3696251,6.21,CHEMBL4282,609.0,O=C(Cc1nc(N2CCOCC2)cc(=O)[nH]1)Nc1cc(F)c(F)c(F)c1
CHEMBL3696252,5.0,CHEMBL4282,10000.0,O=C(Cc1nc(N2CCOCC2)cc(=O)[nH]1)Nc1ccc(F)c(CO)c1
CHEMBL3696253,6.7,CHEMBL4282,200.0,O=C(Cc1nc(N2CCOCC2)cc(=O)[nH]1)Nc1cccc(C2CC2)c1
CHEMBL3696254,5.0,CHEMBL4282,10000.0,O=C(Cc1nc(N2CCOCC2)cc(=O)[nH]1)Nc1ccccc1O
CHEMBL3696255,6.32,CHEMBL4282,480.0,O=C(Cc1nc(N2CCOCC2)cc(=O)[nH]1)Nc1cccc(OC(F)F)c1
CHEMBL3696256,5.75,CHEMBL4282,1763.0,COc1cc(NC(=O)C(C)c2nc(N3CCOCC3)cc(=O)[nH]2)ccc1F
CHEMBL3696257,5.83,CHEMBL4282,1494.0,Cc1cccc(NC(=O)Cc2nc(N3CCOCC3)cc(=O)[nH]2)c1C
CHEMBL3696258,6.54,CHEMBL4282,290.0,Cc1cccc(NC(=O)Cc2nc(N3CCOCC3)cc(=O)[nH]2)c1F
CHEMBL3696259,6.4,CHEMBL4282,400.0,O=C(Cc1nc(N2CCOCC2)cc(=O)[nH]1)Nc1cccc2ocnc12
CHEMBL3696260,6.26,CHEMBL4282,549.0,O=C(Cc1nc(N2CCOCC2)cc(=O)[nH]1)Nc1cccc(OC(F)(F)F)c1
CHEMBL3696261,6.51,CHEMBL4282,308.0,CC(C)Oc1cccc(NC(=O)Cc2nc(N3CCOCC3)cc(=O)[nH]2)c1
CHEMBL3696262,6.58,CHEMBL4282,261.0,COc1cc(F)ccc1NC(=O)Cc1nc(N2CCOCC2)cc(=O)[nH]1
CHEMBL3696263,5.6,CHEMBL4282,2498.0,CC(C)(C)OC(=O)NCCc1cccc(NC(=O)Cc2nc(N3CCOCC3)cc(=O)[nH]2)c1
CHEMBL3696264,6.46,CHEMBL4282,346.0,O=C(Cc1nc(N2CCOCC2)cc(=O)[nH]1)Nc1ccc(F)c(C(F)(F)F)c1
CHEMBL3696265,6.74,CHEMBL4282,184.0,C#Cc1cccc(NC(=O)Cc2nc(N3CCOCC3)cc(=O)[nH]2)c1
CHEMBL3696267,5.17,CHEMBL4282,6721.0,O=C(Cc1nc(N2CCOCC2)cc(=O)[nH]1)Nc1ccc(F)cc1O
CHEMBL3112690,6.88,CHEMBL4282,133.0,O=C(Cc1nc(N2CCOCC2)cc(=O)[nH]1)N1CCc2ccccc21
CHEMBL3696268,6.64,CHEMBL4282,227.0,O=C(Cc1nc(N2CCOCC2)cc(=O)[nH]1)Nc1ccc(F)c(C2CC2)c1
CHEMBL3696270,6.09,CHEMBL4282,807.0,O=C(Cc1nc(N2CCOCC2)cc(=O)[nH]1)Nc1ccc(F)c(OC(F)(F)F)c1
CHEMBL3696271,5.0,CHEMBL4282,10000.0,O=C(Cc1nc(N2CCOCC2)cc(=O)[nH]1)Nc1cccc(OCCO)c1
CHEMBL3696272,6.86,CHEMBL4282,137.0,O=C(Cc1nc(N2CCOCC2)cc(=O)[nH]1)Nc1cccc(I)c1
CHEMBL2151928,5.23,CHEMBL4282,5865.0,COC(=O)c1cc(NC(=O)Cc2nc(N3CCOCC3)cc(=O)[nH]2)ccc1F
CHEMBL3696273,6.12,CHEMBL4282,760.0,CCOc1cccc(NC(=O)Cc2nc(N3CCOCC3)cc(=O)[nH]2)c1
CHEMBL3696274,6.38,CHEMBL4282,417.0,COc1c(F)ccc(NC(=O)Cc2nc(N3CCOCC3)cc(=O)[nH]2)c1F
CHEMBL3696277,6.28,CHEMBL4282,530.0,O=C(Cc1nc(N2CCOCC2)cc(=O)[nH]1)N1CCOc2ccccc21
CHEMBL2151929,5.21,CHEMBL4282,6155.0,O=C(Cc1nc(N2CCOCC2)cc(=O)[nH]1)Nc1ccc(F)c([N+](=O)[O-])c1
CHEMBL3696279,5.19,CHEMBL4282,6460.0,O=C(Cc1nc(N2CCOCC2)cc(=O)[nH]1)Nc1cc(F)ccc1O
CHEMBL3696281,5.66,CHEMBL4282,2207.0,CCOC(=O)Cc1nc(N2CCOCC2)cc(=O)n1C
CHEMBL2151935,6.7,CHEMBL4282,202.0,Cn1c(CC(=O)Nc2ccc(F)c(Cl)c2)nc(N2CCOCC2)cc1=O
CHEMBL3696282,6.6,CHEMBL4282,250.0,Cn1c(CC(=O)Nc2cccc(Br)c2)nc(N2CCOCC2)cc1=O
CHEMBL3696284,5.27,CHEMBL4282,5375.0,CC(C)(C)OC(=O)n1ccc2c(NC(=O)Cc3nc(N4CCOCC4)cc(=O)[nH]3)cccc21
CHEMBL3696286,6.19,CHEMBL4282,650.0,COCc1cc(NC(=O)Cc2nc(N3CCOCC3)cc(=O)[nH]2)ccc1F
CHEMBL3696235,6.84,CHEMBL4282,145.0,CN(C)c1cccc(NC(=O)Cc2nc(N3CCOCC3)cc(=O)[nH]2)c1
CHEMBL3696236,7.29,CHEMBL4282,51.0,O=C(Cc1nc(N2CCOCC2)cc(=O)[nH]1)Nc1ccc(F)cc1F
CHEMBL3696237,7.64,CHEMBL4282,23.0,O=C(Cc1nc(N2CCOCC2)cc(=O)[nH]1)Nc1ccsc1
CHEMBL3696239,7.15,CHEMBL4282,71.0,O=C(Cc1nc(N2CCOCC2)cc(=O)[nH]1)Nc1cc(F)cc(F)c1
CHEMBL2151820,7.13,CHEMBL4282,74.0,O=C(Cc1nc(N2CCOCC2)cc(=O)[nH]1)Nc1cccc(F)c1
CHEMBL3696241,7.38,CHEMBL4282,42.0,CC(C)(C)c1cccc(NC(=O)Cc2nc(N3CCOCC3)cc(=O)[nH]2)c1
CHEMBL3696245,6.61,CHEMBL4282,247.0,N#Cc1cc(NC(=O)Cc2nc(N3CCOCC3)cc(=O)[nH]2)ccc1F
CHEMBL3696247,7.15,CHEMBL4282,71.0,O=C(Cc1nc(N2CCOCC2)cc(=O)[nH]1)Nc1ccc(F)cn1
CHEMBL3696248,5.99,CHEMBL4282,1030.0,O=C(Cc1nc(N2CCOCC2)cc(=O)[nH]1)Nc1cccnc1
CHEMBL3696249,7.24,CHEMBL4282,58.0,Cc1cc(F)ccc1NC(=O)Cc1nc(N2CCOCC2)cc(=O)[nH]1
CHEMBL3696258,7.22,CHEMBL4282,60.0,Cc1cccc(NC(=O)Cc2nc(N3CCOCC3)cc(=O)[nH]2)c1F
CHEMBL3696259,6.83,CHEMBL4282,148.0,O=C(Cc1nc(N2CCOCC2)cc(=O)[nH]1)Nc1cccc2ocnc12
CHEMBL3696266,6.84,CHEMBL4282,146.0,O=C(Cc1nc(N2CCOCC2)cc(=O)[nH]1)Nc1cccc(OC2CCCC2)c1
CHEMBL3696269,7.18,CHEMBL4282,66.0,O=C(Cc1nc(N2CCOCC2)cc(=O)[nH]1)Nc1ccc(F)c(F)c1F
CHEMBL3696270,7.17,CHEMBL4282,67.0,O=C(Cc1nc(N2CCOCC2)cc(=O)[nH]1)Nc1ccc(F)c(OC(F)(F)F)c1
CHEMBL3696273,7.15,CHEMBL4282,71.0,CCOc1cccc(NC(=O)Cc2nc(N3CCOCC3)cc(=O)[nH]2)c1
CHEMBL3696274,7.3,CHEMBL4282,50.0,COc1c(F)ccc(NC(=O)Cc2nc(N3CCOCC3)cc(=O)[nH]2)c1F
CHEMBL3696275,6.54,CHEMBL4282,290.0,O=C(Cc1nc(N2CCOCC2)cc(=O)[nH]1)Nc1cc(F)c(F)cc1F
CHEMBL3696276,7.11,CHEMBL4282,77.0,O=C(Cc1nc(N2CCOCC2)cc(=O)[nH]1)Nc1cc(Cl)c(F)c(Cl)c1
CHEMBL3696278,5.0,CHEMBL4282,10000.0,O=C(Cc1nc(N2CCOCC2)cc(=O)[nH]1)Nc1ccc(F)c(C(=O)O)c1
CHEMBL3696280,6.88,CHEMBL4282,131.0,O=C(Cc1nc(N2CCOCC2)cc(=O)[nH]1)Nc1ccc(F)cc1Br
CHEMBL2151935,7.1,CHEMBL4282,79.0,Cn1c(CC(=O)Nc2ccc(F)c(Cl)c2)nc(N2CCOCC2)cc1=O
CHEMBL3696283,6.71,CHEMBL4282,195.0,CCn1c(CC(=O)Nc2ccc(F)cc2)nc(N2CCOCC2)cc1=O
CHEMBL3696284,6.92,CHEMBL4282,120.0,CC(C)(C)OC(=O)n1ccc2c(NC(=O)Cc3nc(N4CCOCC4)cc(=O)[nH]3)cccc21
CHEMBL3696285,7.05,CHEMBL4282,89.0,CC(C)C(C(=O)Nc1ccc(F)cc1)c1nc(N2CCOCC2)cc(=O)[nH]1
CHEMBL3696287,8.0,CHEMBL4282,10.0,O=C(Cc1nc(N2CCOCC2)cc(=O)[nH]1)Nc1ccc(F)c(I)c1
CHEMBL3696288,7.16,CHEMBL4282,69.0,O=C(Cc1nc(N2CCOCC2)cc(=O)[nH]1)Nc1cccc(OC(F)(F)C(F)F)c1
CHEMBL3696289,7.11,CHEMBL4282,77.0,O=C(Cc1nc(N2CCOCC2)cc(=O)[nH]1)Nc1ccc(F)c(C(F)F)c1
CHEMBL3696290,6.16,CHEMBL4282,698.0,O=C(Nc1ccc(F)cc1)C(F)(F)c1nc(N2CCOCC2)cc(=O)[nH]1
CHEMBL2151932,6.89,CHEMBL4282,129.0,Cn1c(CC(=O)Nc2ccc(F)c(F)c2)nc(N2CCOCC2)cc1=O
CHEMBL3112861,7.7,CHEMBL4282,20.0,Cn1c(CC(=O)N2CCc3ccccc32)nc(N2CCOCC2)cc1=O
CHEMBL2151933,7.03,CHEMBL4282,94.0,Cn1c(CC(=O)Nc2ccc(F)c(Br)c2)nc(N2CCOCC2)cc1=O
CHEMBL3696291,5.71,CHEMBL4282,1940.0,Cn1c(CC(=O)Nc2ccc(F)c(CO)c2)nc(N2CCOCC2)cc1=O
CHEMBL3696292,6.88,CHEMBL4282,133.0,Cn1c(CC(=O)Nc2cccc(C3CC3)c2)nc(N2CCOCC2)cc1=O
CHEMBL2151934,6.94,CHEMBL4282,115.0,COc1cc(NC(=O)Cc2nc(N3CCOCC3)cc(=O)n2C)ccc1F
CHEMBL3696293,7.77,CHEMBL4282,17.0,O=C(Cc1nc(N2CCOCC2)cc(=O)[nH]1)Nc1cccc2occc12
CHEMBL2151930,6.47,CHEMBL4282,340.0,Cn1c(CC(=O)Nc2ccccc2)nc(N2CCOCC2)cc1=O
CHEMBL3696294,7.58,CHEMBL4282,26.0,Cn1c(CC(=O)Nc2ccc(F)c(C3CC3)c2)nc(N2CCOCC2)cc1=O
CHEMBL3696295,7.12,CHEMBL4282,75.0,O=C(Cc1nc(N2CCOCC2)cc(=O)[nH]1)Nc1cccc(F)c1O
CHEMBL3112848,8.3,CHEMBL4282,5.0,O=C(Cc1nc(N2CCOCC2)cc(=O)[nH]1)N1CCc2c(F)cccc21
CHEMBL3112849,8.52,CHEMBL4282,3.0,O=C(Cc1nc(N2CCOCC2)cc(=O)[nH]1)N1CCc2c(Cl)cccc21
CHEMBL3696296,7.85,CHEMBL4282,14.0,C#Cc1cc(NC(=O)Cc2nc(N3CCOCC3)cc(=O)[nH]2)ccc1F
CHEMBL3696297,7.15,CHEMBL4282,71.0,O=C(Cc1nc(N2CCOCC2)cc(=O)[nH]1)N1CCc2c(O)cccc21
CHEMBL3696298,7.24,CHEMBL4282,57.0,O=C(Cc1nc(N2CCOCC2)cc(=O)[nH]1)N1CCc2c(F)cc(F)cc21
CHEMBL3696299,7.2,CHEMBL4282,63.0,Cn1c(CC(=O)Nc2ccc(F)c(I)c2)nc(N2CCOCC2)cc1=O
CHEMBL3696300,7.96,CHEMBL4282,11.0,O=C(Cc1nc(N2CCOCC2)cc(=O)[nH]1)N1CCc2c1ccc(F)c2F
CHEMBL3696301,7.46,CHEMBL4282,35.0,O=C(Cc1nc(N2CCOCC2)cc(=O)[nH]1)N1CCc2ccc(F)cc21
CHEMBL3112862,8.22,CHEMBL4282,6.0,CC1Cc2ccccc2N1C(=O)Cc1nc(N2CCOCC2)cc(=O)[nH]1
CHEMBL3696302,6.58,CHEMBL4282,260.0,Cn1c(CC(=O)Nc2ccc(F)c(C(F)F)c2)nc(N2CCOCC2)cc1=O
CHEMBL3696303,6.66,CHEMBL4282,219.0,Cn1c(CC(=O)Nc2cc(F)c(F)c(F)c2)nc(N2CCOCC2)cc1=O
CHEMBL3696304,6.18,CHEMBL4282,666.0,Cn1ccc2c(NC(=O)Cc3nc(N4CCOCC4)cc(=O)[nH]3)cccc21
CHEMBL3112851,8.52,CHEMBL4282,3.0,Cc1cccc2c1CCN2C(=O)Cc1nc(N2CCOCC2)cc(=O)[nH]1
CHEMBL3112864,7.89,CHEMBL4282,13.0,CC1CN(C(=O)Cc2nc(N3CCOCC3)cc(=O)[nH]2)c2ccccc21
CHEMBL3696305,7.37,CHEMBL4282,43.0,Cn1c(CC(=O)N2CCc3c(F)cccc32)nc(N2CCOCC2)cc1=O
CHEMBL3112847,8.15,CHEMBL4282,7.0,O=C(Cc1nc(N2CCOCC2)cc(=O)[nH]1)N1CCc2cc(F)ccc21
CHEMBL3696306,7.38,CHEMBL4282,42.0,Cn1c(CC(=O)N2CCc3c(Cl)cccc32)nc(N2CCOCC2)cc1=O
CHEMBL3696307,7.82,CHEMBL4282,15.0,O=C(Cc1nc(N2CCOCC2)cc(=O)[nH]1)Nc1cccc2sccc12
CHEMBL3696308,7.57,CHEMBL4282,27.0,O=C(Cc1nc(N2CCOCC2)cc(=O)[nH]1)N1c2ccccc2CC1CO
CHEMBL3696309,7.62,CHEMBL4282,24.0,O=C(Cc1nc(N2CCOCC2)cc(=O)[nH]1)Nc1ccccc1OCCN1CCCCC1
CHEMBL3696310,7.25,CHEMBL4282,56.0,COCCOc1ccccc1NC(=O)Cc1nc(N2CCOCC2)cc(=O)[nH]1
CHEMBL3696311,7.37,CHEMBL4282,43.0,Cn1c(CC(=O)N2CCc3c(O)cccc32)nc(N2CCOCC2)cc1=O
CHEMBL3696312,6.56,CHEMBL4282,278.0,COc1cccc2c1CCN2C(=O)Cc1nc(N2CCOCC2)cc(=O)n1C
CHEMBL3696313,6.52,CHEMBL4282,301.0,O=C(Cc1nc(N2CCOCC2)cc(=O)[nH]1)N1CCc2ccccc2C1
CHEMBL3696314,7.64,CHEMBL4282,23.0,O=C(Cc1nc(N2CCOCC2)cc(=O)[nH]1)Nc1ccccc1OCCN1CCCC1
CHEMBL3696315,6.18,CHEMBL4282,664.0,O=C(Cc1nc(N2CCOCC2)cc(=O)[nH]1)Nc1ccccc1OCc1cccnc1
CHEMBL3699779,7.58,CHEMBL4282,26.0,Cc1cccc2c1CCN2C(=O)Cc1nc(N2CCOCC2)cc(=O)n1C
CHEMBL3699780,8.0,CHEMBL4282,10.0,CN(C)CC1CN(C(=O)Cc2nc(N3CCOCC3)cc(=O)[nH]2)c2ccccc21
CHEMBL3699781,7.29,CHEMBL4282,51.0,Cn1c(CC(=O)N2CCc3c(Br)cccc32)nc(N2CCOCC2)cc1=O
CHEMBL3112866,7.72,CHEMBL4282,19.0,C[C@H]1Cc2ccccc2N1C(=O)Cc1nc(N2CCOCC2)cc(=O)[nH]1
CHEMBL3112867,7.92,CHEMBL4282,12.0,C[C@@H]1Cc2ccccc2N1C(=O)Cc1nc(N2CCOCC2)cc(=O)[nH]1
CHEMBL3699782,6.71,CHEMBL4282,194.0,CC1CN(C(=O)Cc2nc(N3CCOCC3)cc(=O)n2C)c2ccccc21
CHEMBL3699783,7.96,CHEMBL4282,11.0,COCC1Cc2ccccc2N1C(=O)Cc1nc(N2CCOCC2)cc(=O)[nH]1
CHEMBL3699784,7.36,CHEMBL4282,44.0,CCOc1cccc2c1CCN2C(=O)Cc1nc(N2CCOCC2)cc(=O)[nH]1
CHEMBL3699785,6.3,CHEMBL4282,503.0,NC(=O)C1Cc2ccccc2N1C(=O)Cc1nc(N2CCOCC2)cc(=O)[nH]1
CHEMBL3699786,7.11,CHEMBL4282,77.0,CC1Cc2ccccc2N1C(=O)Cc1nc(N2CCOCC2)cc(=O)n1C
CHEMBL3699787,6.91,CHEMBL4282,124.0,Cn1c(CC(=O)N2CCc3ccc(F)cc32)nc(N2CCOCC2)cc1=O
CHEMBL3699788,7.8,CHEMBL4282,16.0,C[C@@H]1CN(C(=O)Cc2nc(N3CCOCC3)cc(=O)[nH]2)c2ccccc21
CHEMBL3699811,7.24,CHEMBL4282,57.0,C[C@H]1CN(C(=O)Cc2nc(N3CCOCC3)cc(=O)[nH]2)c2ccccc21
CHEMBL3699789,7.21,CHEMBL4282,61.0,Cn1c(CC(=O)N2CCc3cc(F)c(F)cc32)nc(N2CCOCC2)cc1=O
CHEMBL3699790,7.16,CHEMBL4282,69.0,Cn1c(CC(=O)N2CCc3c2ccc(F)c3F)nc(N2CCOCC2)cc1=O
CHEMBL3699791,6.0,CHEMBL4282,1000.0,O=C(Cc1nc(N2CCOCC2)cc(=O)[nH]1)N1Cc2ccccc2C1
CHEMBL3699792,7.16,CHEMBL4282,70.0,Cn1c(CC(=O)Nc2cccc3sccc23)nc(N2CCOCC2)cc1=O
CHEMBL3699793,7.39,CHEMBL4282,41.0,O=C(Cc1nc(N2CCOCC2)cc(=O)[nH]1)N1CCCc2c(Cl)cccc21
CHEMBL3699794,6.27,CHEMBL4282,533.0,O=C(Cc1nc(N2CCOCC2)cc(=O)[nH]1)N1CCc2c(CO)cccc21
CHEMBL3699795,6.76,CHEMBL4282,174.0,O=C(Cc1nc(N2CCOCC2)cc(=O)[nH]1)Nc1ccc(F)cc1OCC1CCNCC1
CHEMBL3112592,6.91,CHEMBL4282,124.0,O=C(Cc1nc(N2CCOCC2)cc(=O)[nH]1)N1CCc2cc(Cl)ccc21
CHEMBL3112850,9.0,CHEMBL4282,1.0,O=C(Cc1nc(N2CCOCC2)cc(=O)[nH]1)N1CCc2c(Br)cccc21
CHEMBL3699796,7.58,CHEMBL4282,26.0,CN(C)C[C@H]1CN(C(=O)Cc2nc(N3CCOCC3)cc(=O)[nH]2)c2ccccc21
CHEMBL3699812,7.17,CHEMBL4282,68.0,CN(C)C[C@@H]1CN(C(=O)Cc2nc(N3CCOCC3)cc(=O)[nH]2)c2ccccc21
CHEMBL3699797,7.46,CHEMBL4282,35.0,COCCOc1cc(F)ccc1NC(=O)Cc1nc(N2CCOCC2)cc(=O)[nH]1
CHEMBL3699798,5.52,CHEMBL4282,3000.0,O=C(Cc1nc(N2CCOCC2)cc(=O)[nH]1)Nc1cccc2[nH]cnc12
CHEMBL3699799,6.52,CHEMBL4282,302.0,COC(=O)c1cccc(NC(=O)Cc2nc(N3CCOCC3)cc(=O)[nH]2)c1O
CHEMBL3112852,7.22,CHEMBL4282,60.0,COc1cccc2c1CCN2C(=O)Cc1nc(N2CCOCC2)cc(=O)[nH]1
CHEMBL3699800,7.66,CHEMBL4282,22.0,O=C(Cc1nc(N2CCOCC2)cc(=O)[nH]1)Nc1cccc(Br)c1O
CHEMBL3699801,6.33,CHEMBL4282,473.0,O=C(Cc1nc(N2CCOCC2)cc(=O)[nH]1)Nc1cccc2c1OCCN2
CHEMBL3699802,6.37,CHEMBL4282,432.0,COC(=O)c1cc(F)ccc1NC(=O)Cc1nc(N2CCOCC2)cc(=O)[nH]1
CHEMBL3639986,7.42,CHEMBL4282,38.0,CCN(CC)CC1CN(C(=O)Cc2nc(N3CCOCC3)cc(=O)[nH]2)c2ccccc21
CHEMBL3699803,6.75,CHEMBL4282,180.0,O=C(Cc1nc(N2CCOCC2)cc(=O)[nH]1)N1CCc2ncccc21
CHEMBL3699804,8.4,CHEMBL4282,4.0,O=C(Cc1nc(N2CCOCC2)cc(=O)[nH]1)N1CCc2cc(F)c(F)cc21
CHEMBL3699805,6.63,CHEMBL4282,234.0,O=C(Cc1nc(N2CCOCC2)cc(=O)[nH]1)Nc1cccc2c1NCCC2
CHEMBL3699806,7.37,CHEMBL4282,43.0,O=C(Cc1nc(N2CCOCC2)cc(=O)[nH]1)N1CCOc2c(Cl)cccc21
CHEMBL3699807,6.72,CHEMBL4282,189.0,Cc1cccc(NC(=O)Cc2nc(N3CCOCC3)cc(=O)[nH]2)c1O
CHEMBL3699808,7.54,CHEMBL4282,29.0,O=C(Cc1nc(N2CCOCC2)cc(=O)[nH]1)Nc1cccc([N+](=O)[O-])c1O
CHEMBL3699809,6.03,CHEMBL4282,938.0,N#Cc1cccc(NC(=O)Cc2nc(N3CCOCC3)cc(=O)[nH]2)c1O
CHEMBL3699810,7.31,CHEMBL4282,49.0,O=C(Cc1nc(N2CCOCC2)cc(=O)[nH]1)Nc1cccc(C(F)(F)F)c1O
CHEMBL3112865,7.55,CHEMBL4282,28.0,CC1(C)CN(C(=O)Cc2nc(N3CCOCC3)cc(=O)[nH]2)c2ccccc21
CHEMBL3693591,6.42,CHEMBL4282,381.3,C[C@H]1COCCN1c1nc(N2CCOC[C@@H]2C)c2ccc(-c3ccc4c(c3)C(=O)NCCN4)nc2n1
CHEMBL3688934,7.85,CHEMBL4282,14.15,C[C@H]1COCCN1c1nc(N2CCOC[C@@H]2C)c2ccc(-c3cccc(N)c3)nc2n1
CHEMBL3688935,7.22,CHEMBL4282,60.66,C[C@H]1COCCN1c1nc(N2CCOC[C@@H]2C)c2ccc(-c3ccc4[nH]nc(N)c4c3)nc2n1
CHEMBL3693446,6.3,CHEMBL4282,505.1,CC(C)S(=O)(=O)Nc1cccc(-c2ccc3c(N4CCOC[C@@H]4C)nc(N4CCOC[C@@H]4C)nc3n2)c1
CHEMBL3693558,6.17,CHEMBL4282,682.1,CNC(=O)C1CCN(c2nc(N3CCOC[C@@H]3C)c3ccc(-c4ccc(N)nc4)nc3n2)CC1
CHEMBL3693559,6.53,CHEMBL4282,295.1,C[C@H]1COCCN1c1nc(N2CCOCC2)nc2nc(-c3ccc(N)nc3)ccc12
CHEMBL3961677,7.66,CHEMBL4282,22.0,O=C(Cc1nc(N2CCOCC2)c(F)c(=O)[nH]1)N1CCc2c(F)cccc21
CHEMBL3896167,6.03,CHEMBL4282,938.0,CC(C(=O)N1CCc2c(F)cccc21)c1nc(N2CCOCC2)c(F)c(=O)n1C
CHEMBL3956312,6.8,CHEMBL4282,158.0,Cn1c(CC(=O)N2CCc3c(F)cccc32)nc(N2CCOCC2)c(F)c1=O
CHEMBL3974788,6.3,CHEMBL4282,503.0,C[C@@H]1Cc2ccccc2N1C(=O)Cc1nc(N2CCOCC2)c(F)c(=O)[nH]1
CHEMBL3893935,7.82,CHEMBL4282,15.0,C[C@H]1Cc2ccccc2N1C(=O)Cc1nc(N2CCOCC2)c(F)c(=O)[nH]1
CHEMBL3918391,8.0,CHEMBL4282,10.0,CC1Cc2cc(F)ccc2N1C(=O)Cc1nc(N2CCOCC2)c(F)c(=O)[nH]1
CHEMBL3918391,8.52,CHEMBL4282,3.0,CC1Cc2cc(F)ccc2N1C(=O)Cc1nc(N2CCOCC2)c(F)c(=O)[nH]1
CHEMBL3905243,6.97,CHEMBL4282,107.0,C[C@H]1Cc2ccccc2N1C(=O)Cc1nc(N2CCOCC2)c(F)c(=O)n1C
CHEMBL3942235,6.92,CHEMBL4282,120.0,C[C@@H]1Cc2ccccc2N1C(=O)Cc1nc(N2CCOCC2)c(F)c(=O)n1C
CHEMBL3917798,6.94,CHEMBL4282,116.0,CC1Cc2c(F)cccc2N1C(=O)Cc1nc(N2CCOCC2)c(F)c(=O)[nH]1
CHEMBL3917798,7.62,CHEMBL4282,24.0,CC1Cc2c(F)cccc2N1C(=O)Cc1nc(N2CCOCC2)c(F)c(=O)[nH]1
CHEMBL3890826,7.8,CHEMBL4282,16.0,CC1Cc2cc(F)c(F)cc2N1C(=O)Cc1nc(N2CCOCC2)c(F)c(=O)[nH]1
CHEMBL3890826,6.79,CHEMBL4282,162.0,CC1Cc2cc(F)c(F)cc2N1C(=O)Cc1nc(N2CCOCC2)c(F)c(=O)[nH]1
CHEMBL3896311,7.26,CHEMBL4282,55.0,CC1Cc2cc(F)ccc2N1C(=O)Cc1nc(N2CCOCC2)c(F)c(=O)n1C
CHEMBL3896311,7.19,CHEMBL4282,65.0,CC1Cc2cc(F)ccc2N1C(=O)Cc1nc(N2CCOCC2)c(F)c(=O)n1C
CHEMBL3913066,6.32,CHEMBL4282,483.0,CC1Cc2c(Br)cccc2N1C(=O)Cc1nc(N2CCOCC2)c(F)c(=O)[nH]1
CHEMBL3913066,7.35,CHEMBL4282,45.0,CC1Cc2c(Br)cccc2N1C(=O)Cc1nc(N2CCOCC2)c(F)c(=O)[nH]1
CHEMBL3916280,7.42,CHEMBL4282,38.0,CC1Cc2c(Cl)cccc2N1C(=O)Cc1nc(N2CCOCC2)c(F)c(=O)[nH]1
CHEMBL3916280,7.72,CHEMBL4282,19.0,CC1Cc2c(Cl)cccc2N1C(=O)Cc1nc(N2CCOCC2)c(F)c(=O)[nH]1
CHEMBL3931890,8.7,CHEMBL4282,2.0,CC1Cc2c(ccc(F)c2F)N1C(=O)Cc1nc(N2CCOCC2)c(F)c(=O)[nH]1
CHEMBL3931890,7.82,CHEMBL4282,15.0,CC1Cc2c(ccc(F)c2F)N1C(=O)Cc1nc(N2CCOCC2)c(F)c(=O)[nH]1
CHEMBL3922944,7.01,CHEMBL4282,98.0,CC1Cc2c(F)cccc2N1C(=O)Cc1nc(N2CCOCC2)c(F)c(=O)n1C
CHEMBL3922944,6.69,CHEMBL4282,203.0,CC1Cc2c(F)cccc2N1C(=O)Cc1nc(N2CCOCC2)c(F)c(=O)n1C
CHEMBL3917496,6.51,CHEMBL4282,310.0,CC1Cc2c(ccc(F)c2F)N1C(=O)Cc1nc(N2CCOCC2)c(F)c(=O)n1C
CHEMBL3917496,7.01,CHEMBL4282,98.0,CC1Cc2c(ccc(F)c2F)N1C(=O)Cc1nc(N2CCOCC2)c(F)c(=O)n1C
CHEMBL3951881,6.68,CHEMBL4282,211.0,CC1Cc2cc(F)c(F)cc2N1C(=O)Cc1nc(N2CCOCC2)c(F)c(=O)n1C
CHEMBL3951881,6.57,CHEMBL4282,270.0,CC1Cc2cc(F)c(F)cc2N1C(=O)Cc1nc(N2CCOCC2)c(F)c(=O)n1C
CHEMBL3974610,6.32,CHEMBL4282,476.0,CC1Cc2c(Cl)cccc2N1C(=O)Cc1nc(N2CCOCC2)c(F)c(=O)n1C
CHEMBL3974610,7.7,CHEMBL4282,20.0,CC1Cc2c(Cl)cccc2N1C(=O)Cc1nc(N2CCOCC2)c(F)c(=O)n1C
CHEMBL3982597,7.8,CHEMBL4282,16.0,CC1Cc2c(Br)cccc2N1C(=O)Cc1nc(N2CCOCC2)c(F)c(=O)n1C
CHEMBL3982597,7.82,CHEMBL4282,15.0,CC1Cc2c(Br)cccc2N1C(=O)Cc1nc(N2CCOCC2)c(F)c(=O)n1C
CHEMBL3890103,7.4,CHEMBL4282,40.0,CC1Cc2ccc(F)cc2N1C(=O)Cc1nc(N2CCOCC2)c(F)c(=O)[nH]1
CHEMBL3890103,7.11,CHEMBL4282,77.0,CC1Cc2ccc(F)cc2N1C(=O)Cc1nc(N2CCOCC2)c(F)c(=O)[nH]1
CHEMBL3970127,8.7,CHEMBL4282,2.0,CC1Cc2c(ccc(F)c2Cl)N1C(=O)Cc1nc(N2CCOCC2)c(F)c(=O)[nH]1
CHEMBL3952768,6.85,CHEMBL4282,140.0,C[C@H]1Cc2ccccc2N1C(=O)Cc1nc(N2CCOCC2)c(Cl)c(=O)[nH]1
CHEMBL3981502,7.26,CHEMBL4282,55.0,C[C@@H]1Cc2ccccc2N1C(=O)Cc1nc(N2CCOCC2)c(Cl)c(=O)[nH]1
CHEMBL3950856,7.25,CHEMBL4282,56.0,C[C@H]1Cc2ccccc2N1C(=O)Cc1nc(N2CCOCC2)c(Br)c(=O)[nH]1
CHEMBL3923121,5.94,CHEMBL4282,1138.0,O=C(Cc1nc(N2CCOCC2)c(F)c(=O)[nH]1)N1c2ccccc2CC1CO
CHEMBL3923121,6.25,CHEMBL4282,568.0,O=C(Cc1nc(N2CCOCC2)c(F)c(=O)[nH]1)N1c2ccccc2CC1CO
CHEMBL3935564,7.58,CHEMBL4282,26.0,CC1CN(c2cc(=O)[nH]c(CC(=O)Nc3ccc(F)cc3)n2)CCO1
CHEMBL3935564,8.22,CHEMBL4282,6.0,CC1CN(c2cc(=O)[nH]c(CC(=O)Nc3ccc(F)cc3)n2)CCO1
CHEMBL3978959,6.57,CHEMBL4282,271.0,O=C(Cc1nc(N2CCOC(CF)C2)cc(=O)[nH]1)Nc1ccc(F)cc1
CHEMBL3978959,6.93,CHEMBL4282,118.0,O=C(Cc1nc(N2CCOC(CF)C2)cc(=O)[nH]1)Nc1ccc(F)cc1
CHEMBL3983824,6.9,CHEMBL4282,127.0,Cn1c(CC(=O)Nc2ccc(F)c(Cl)c2)nc(N2CCOC(CF)C2)cc1=O
CHEMBL3984868,7.24,CHEMBL4282,58.0,O=C(Cc1nc(N2CCOC(CF)C2)cc(=O)[nH]1)N1CCc2c(F)cccc21
CHEMBL3984868,7.68,CHEMBL4282,21.0,O=C(Cc1nc(N2CCOC(CF)C2)cc(=O)[nH]1)N1CCc2c(F)cccc21
CHEMBL3928308,7.75,CHEMBL4282,18.0,CC1CN(c2cc(=O)[nH]c(CC(=O)N3CCc4c(F)cccc43)n2)CCO1
CHEMBL3928308,6.81,CHEMBL4282,156.0,CC1CN(c2cc(=O)[nH]c(CC(=O)N3CCc4c(F)cccc43)n2)CCO1
CHEMBL3928308,8.1,CHEMBL4282,8.0,CC1CN(c2cc(=O)[nH]c(CC(=O)N3CCc4c(F)cccc43)n2)CCO1
CHEMBL3943810,7.92,CHEMBL4282,12.0,O=C(Cc1nc(N2CCOC3CCCC32)cc(=O)[nH]1)N1CCc2c(F)cccc21
CHEMBL3977387,6.43,CHEMBL4282,370.0,O=C(Cc1nc(-c2ccncc2)cc(=O)[nH]1)N1CCc2c(F)cccc21
CHEMBL3938410,5.52,CHEMBL4282,3000.0,COc1cc(-c2cc(=O)[nH]c(CC(=O)N3CCc4c(F)cccc43)n2)ccn1
CHEMBL3972428,6.55,CHEMBL4282,280.0,CCC1CN(c2cc(=O)[nH]c(CC(=O)Nc3ccc(F)cc3)n2)CCO1
CHEMBL3972428,6.98,CHEMBL4282,105.0,CCC1CN(c2cc(=O)[nH]c(CC(=O)Nc3ccc(F)cc3)n2)CCO1
CHEMBL3961321,6.61,CHEMBL4282,244.0,Cc1cc(-c2cc(=O)[nH]c(CC(=O)N3CCc4c(F)cccc43)n2)ccn1
CHEMBL3986565,5.54,CHEMBL4282,2855.0,O=C(Cc1nc(-c2ccnc(F)c2)cc(=O)[nH]1)N1CCc2c(F)cccc21
CHEMBL3893924,7.57,CHEMBL4282,27.0,O=C(Cc1nc(N2CCOC(CO)C2)cc(=O)[nH]1)N1CCc2c(Cl)cccc21
CHEMBL3893924,6.62,CHEMBL4282,240.0,O=C(Cc1nc(N2CCOC(CO)C2)cc(=O)[nH]1)N1CCc2c(Cl)cccc21
CHEMBL3954012,5.88,CHEMBL4282,1332.0,O=C(Cc1nc(N2CCOC(CO)C2)cc(=O)[nH]1)N1CCc2c(F)cccc21
CHEMBL3926375,7.92,CHEMBL4282,12.0,CC1CN(c2cc(=O)[nH]c(CC(=O)N3CCc4c(Cl)cccc43)n2)CCO1
CHEMBL3908338,7.62,CHEMBL4282,24.0,CC1CN(c2cc(=O)[nH]c(CC(=O)N3c4ccccc4C[C@@H]3C)n2)CCO1
CHEMBL3981833,7.36,CHEMBL4282,44.0,C[C@H]1Cc2ccccc2N1C(=O)Cc1nc(N2CCOC(CF)C2)cc(=O)[nH]1
CHEMBL3899292,6.81,CHEMBL4282,156.0,C[C@H]1Cc2ccccc2N1C(=O)Cc1nc(N2CCOC(CO)C2)cc(=O)[nH]1
CHEMBL3970476,8.3,CHEMBL4282,5.0,CC1Cc2c(Cl)cccc2N1C(=O)Cc1nc(N2CCOCC2)cc(=O)[nH]1
CHEMBL3970476,8.3,CHEMBL4282,5.0,CC1Cc2c(Cl)cccc2N1C(=O)Cc1nc(N2CCOCC2)cc(=O)[nH]1
CHEMBL3970476,9.0,CHEMBL4282,1.0,CC1Cc2c(Cl)cccc2N1C(=O)Cc1nc(N2CCOCC2)cc(=O)[nH]1
CHEMBL3897578,7.46,CHEMBL4282,35.0,Cn1c(CC(=O)N2CC(C)(C)c3c(Cl)cccc32)nc(N2CCOCC2)cc1=O
CHEMBL3911266,7.85,CHEMBL4282,14.0,CC1(C)CN(C(=O)Cc2nc(N3CCOCC3)cc(=O)[nH]2)c2cccc(Cl)c21
CHEMBL3910203,7.62,CHEMBL4282,24.0,CC1Cc2c(O)cccc2N1C(=O)Cc1nc(N2CCOCC2)cc(=O)[nH]1
CHEMBL3934544,7.35,CHEMBL4282,45.0,Cn1c(CC(=O)N2CC(C)(C)c3c(F)cccc32)nc(N2CCOCC2)cc1=O
CHEMBL3981254,7.28,CHEMBL4282,52.0,CC1(C)CN(C(=O)Cc2nc(N3CCOCC3)cc(=O)[nH]2)c2cccc(F)c21
CHEMBL3910203,6.94,CHEMBL4282,115.0,CC1Cc2c(O)cccc2N1C(=O)Cc1nc(N2CCOCC2)cc(=O)[nH]1
CHEMBL3910203,7.66,CHEMBL4282,22.0,CC1Cc2c(O)cccc2N1C(=O)Cc1nc(N2CCOCC2)cc(=O)[nH]1
CHEMBL3970508,7.24,CHEMBL4282,57.0,CC1CN(C(=O)Cc2nc(N3CCOCC3)cc(=O)[nH]2)c2cccc(O)c21
CHEMBL3932198,8.3,CHEMBL4282,5.0,CC1Cc2cc(F)ccc2N1C(=O)Cc1nc(N2CCOCC2)cc(=O)[nH]1
CHEMBL3932198,8.7,CHEMBL4282,2.0,CC1Cc2cc(F)ccc2N1C(=O)Cc1nc(N2CCOCC2)cc(=O)[nH]1
CHEMBL3901730,7.55,CHEMBL4282,28.0,CC1Cc2cc(F)ccc2N1C(=O)Cc1nc(N2CCOCC2)cc(=O)n1C
CHEMBL3901730,7.89,CHEMBL4282,13.0,CC1Cc2cc(F)ccc2N1C(=O)Cc1nc(N2CCOCC2)cc(=O)n1C
CHEMBL3910755,8.4,CHEMBL4282,4.0,CC1Cc2c(ccc(F)c2F)N1C(=O)Cc1nc(N2CCOCC2)cc(=O)[nH]1
CHEMBL3910755,9.0,CHEMBL4282,1.0,CC1Cc2c(ccc(F)c2F)N1C(=O)Cc1nc(N2CCOCC2)cc(=O)[nH]1
CHEMBL3916147,7.72,CHEMBL4282,19.0,CC1Cc2c(ccc(F)c2F)N1C(=O)Cc1nc(N2CCOCC2)cc(=O)n1C
CHEMBL3916147,7.89,CHEMBL4282,13.0,CC1Cc2c(ccc(F)c2F)N1C(=O)Cc1nc(N2CCOCC2)cc(=O)n1C
CHEMBL3925163,7.77,CHEMBL4282,17.0,CC1Cc2cc(F)c(F)cc2N1C(=O)Cc1nc(N2CCOCC2)cc(=O)[nH]1
CHEMBL3925163,8.7,CHEMBL4282,2.0,CC1Cc2cc(F)c(F)cc2N1C(=O)Cc1nc(N2CCOCC2)cc(=O)[nH]1
CHEMBL3937641,7.5,CHEMBL4282,32.0,CC1Cc2cc(F)c(F)cc2N1C(=O)Cc1nc(N2CCOCC2)cc(=O)n1C
CHEMBL3937641,6.94,CHEMBL4282,114.0,CC1Cc2cc(F)c(F)cc2N1C(=O)Cc1nc(N2CCOCC2)cc(=O)n1C
CHEMBL3971065,7.41,CHEMBL4282,39.0,CC1Cc2c(Br)cccc2N1C(=O)Cc1nc(N2CCOCC2)cc(=O)[nH]1
CHEMBL3971065,8.52,CHEMBL4282,3.0,CC1Cc2c(Br)cccc2N1C(=O)Cc1nc(N2CCOCC2)cc(=O)[nH]1
CHEMBL3965878,8.4,CHEMBL4282,4.0,CC1Cc2c(F)cccc2N1C(=O)Cc1nc(N2CCOCC2)cc(=O)[nH]1
CHEMBL3965878,7.01,CHEMBL4282,98.0,CC1Cc2c(F)cccc2N1C(=O)Cc1nc(N2CCOCC2)cc(=O)[nH]1
CHEMBL3893392,7.28,CHEMBL4282,53.0,CC1Cc2c(F)cccc2N1C(=O)Cc1nc(N2CCOCC2)cc(=O)n1C
CHEMBL3893392,7.14,CHEMBL4282,73.0,CC1Cc2c(F)cccc2N1C(=O)Cc1nc(N2CCOCC2)cc(=O)n1C
CHEMBL3917877,7.44,CHEMBL4282,36.0,CC1Cc2c(Br)cccc2N1C(=O)Cc1nc(N2CCOCC2)cc(=O)n1C
CHEMBL3917877,7.85,CHEMBL4282,14.0,CC1Cc2c(Br)cccc2N1C(=O)Cc1nc(N2CCOCC2)cc(=O)n1C
CHEMBL3908482,7.26,CHEMBL4282,55.0,CC1Cc2c(Cl)cccc2N1C(=O)Cc1nc(N2CCOCC2)cc(=O)n1C
CHEMBL3908482,6.62,CHEMBL4282,242.0,CC1Cc2c(Cl)cccc2N1C(=O)Cc1nc(N2CCOCC2)cc(=O)n1C
CHEMBL3896158,7.57,CHEMBL4282,27.0,CC1Cc2ccc(F)cc2N1C(=O)Cc1nc(N2CCOCC2)cc(=O)[nH]1
CHEMBL3896158,8.05,CHEMBL4282,9.0,CC1Cc2ccc(F)cc2N1C(=O)Cc1nc(N2CCOCC2)cc(=O)[nH]1
CHEMBL3930708,8.15,CHEMBL4282,7.0,CC1Cc2c(ccc(F)c2Cl)N1C(=O)Cc1nc(N2CCOCC2)cc(=O)[nH]1
CHEMBL3930708,9.0,CHEMBL4282,1.0,CC1Cc2c(ccc(F)c2Cl)N1C(=O)Cc1nc(N2CCOCC2)cc(=O)[nH]1
CHEMBL3918242,8.4,CHEMBL4282,4.0,CC(C)C1Cc2ccccc2N1C(=O)Cc1nc(N2CCOCC2)cc(=O)[nH]1
CHEMBL3918242,6.61,CHEMBL4282,243.0,CC(C)C1Cc2ccccc2N1C(=O)Cc1nc(N2CCOCC2)cc(=O)[nH]1
CHEMBL3937375,7.54,CHEMBL4282,29.0,CC(C(=O)N1CCc2c(F)cccc21)c1nc(N2CCOCC2)cc(=O)[nH]1
CHEMBL3959404,6.42,CHEMBL4282,380.0,CCC1Cc2ccccc2N1C(=O)Cc1nc(N2CCOCC2)cc(=O)[nH]1
CHEMBL3959404,7.85,CHEMBL4282,14.0,CCC1Cc2ccccc2N1C(=O)Cc1nc(N2CCOCC2)cc(=O)[nH]1
CHEMBL3947247,6.85,CHEMBL4282,140.0,CC(F)(C(=O)N1CCc2c(F)cccc21)c1nc(N2CCOCC2)cc(=O)[nH]1
CHEMBL3947247,6.58,CHEMBL4282,260.0,CC(F)(C(=O)N1CCc2c(F)cccc21)c1nc(N2CCOCC2)cc(=O)[nH]1
CHEMBL3922497,7.0,CHEMBL4282,101.0,N#Cc1cccc2c1CCN2C(=O)Cc1nc(N2CCOCC2)cc(=O)[nH]1
CHEMBL3950222,7.58,CHEMBL4282,26.0,O=C(Cc1nc(N2CCOCC2)cc(=O)[nH]1)N1CC2(CC2)c2ccccc21
CHEMBL3112855,7.62,CHEMBL4282,24.0,O=C(Cc1nc(N2CCOCC2)cc(=O)[nH]1)N1CCc2c(-c3ccccc3)cccc21
CHEMBL3112854,7.27,CHEMBL4282,54.0,O=C(Cc1nc(N2CCOCC2)cc(=O)[nH]1)N1CCc2c(OC(F)(F)F)cccc21
CHEMBL3927896,7.2,CHEMBL4282,63.0,Cn1c(CC(=O)N2CCc3c2cccc3C(F)(F)F)nc(N2CCOCC2)cc1=O
CHEMBL3112853,8.05,CHEMBL4282,9.0,O=C(Cc1nc(N2CCOCC2)cc(=O)[nH]1)N1CCc2c1cccc2C(F)(F)F
CHEMBL3931282,7.5,CHEMBL4282,32.0,COc1ccccc1-c1cccc2c1CCN2C(=O)Cc1nc(N2CCOCC2)cc(=O)[nH]1
CHEMBL3908806,6.99,CHEMBL4282,102.0,CCCN1CCCCC1c1cccc2c1CCN2C(=O)Cc1nc(N2CCOCC2)cc(=O)[nH]1
CHEMBL3936766,7.22,CHEMBL4282,60.0,Cn1c(CC(=O)N2CCc3c(OC(F)F)cccc32)nc(N2CCOCC2)cc1=O
CHEMBL3921269,7.36,CHEMBL4282,44.0,O=C(Cc1nc(N2CCOCC2)cc(=O)[nH]1)N1CCc2c(OC(F)F)cccc21
CHEMBL3112858,7.03,CHEMBL4282,94.0,O=C(Cc1nc(N2CCOCC2)cc(=O)[nH]1)N1CCc2c(-c3ccncc3)cccc21
CHEMBL3945651,7.58,CHEMBL4282,26.0,CN1CCC2(CC1)CN(C(=O)Cc1nc(N3CCOCC3)cc(=O)[nH]1)c1ccccc12
CHEMBL3112856,7.18,CHEMBL4282,66.0,O=C(Cc1nc(N2CCOCC2)cc(=O)[nH]1)N1CCc2c(-c3ccccn3)cccc21
CHEMBL3112857,7.28,CHEMBL4282,53.0,O=C(Cc1nc(N2CCOCC2)cc(=O)[nH]1)N1CCc2c(-c3cccnc3)cccc21
CHEMBL3971261,7.38,CHEMBL4282,42.0,O=C(Cc1nc(N2CCOCC2)cc(=O)[nH]1)N1CCc2c(-c3ccccc3Cl)cccc21
CHEMBL3914529,7.43,CHEMBL4282,37.0,O=C(Cc1nc(N2CCOCC2)cc(=O)n1C1CC1)N1CCc2c(Cl)cccc21
CHEMBL3893813,7.52,CHEMBL4282,30.0,O=C(Cc1nc(N2CCOCC2)cc(=O)[nH]1)N1c2ccccc2C2CCCC21
CHEMBL3985936,6.59,CHEMBL4282,259.0,CS(=O)(=O)N1CCN(Cc2cccc3c2CCN3C(=O)Cc2nc(N3CCOCC3)cc(=O)[nH]2)CC1
CHEMBL3112860,6.57,CHEMBL4282,272.0,CN1CCN(Cc2cccc3c2CCN3C(=O)Cc2nc(N3CCOCC3)cc(=O)[nH]2)CC1
CHEMBL3953697,7.64,CHEMBL4282,23.0,O=C(Cc1nc(N2CCOCC2)cc(=O)[nH]1)N1CCc2c(-c3ccccc3F)cccc21
CHEMBL3930747,6.28,CHEMBL4282,520.0,CN1CCN(Cc2cccc3c2CCN3C(=O)Cc2nc(N3CCOCC3)cc(=O)n2C)CC1
CHEMBL3904288,6.81,CHEMBL4282,155.0,O=C(Cc1nc(N2CCOCC2)cc(=O)[nH]1)N1CC2(CCOCC2)c2ccccc21
CHEMBL3936162,6.97,CHEMBL4282,106.0,Cn1c(CC(=O)N2CC3(CCOCC3)c3ccccc32)nc(N2CCOCC2)cc1=O
CHEMBL3893381,6.71,CHEMBL4282,196.0,Cn1c(CC(=O)N2CC3(CCNCC3)c3ccccc32)nc(N2CCOCC2)cc1=O
CHEMBL3945090,6.69,CHEMBL4282,205.0,O=C(Cc1nc(N2CCOCC2)cc(=O)[nH]1)N1c2ccccc2CC1c1ccccc1
CHEMBL3945090,8.3,CHEMBL4282,5.0,O=C(Cc1nc(N2CCOCC2)cc(=O)[nH]1)N1c2ccccc2CC1c1ccccc1
CHEMBL3112859,6.78,CHEMBL4282,167.0,CN1CCN(c2cccc3c2CCN3C(=O)Cc2nc(N3CCOCC3)cc(=O)[nH]2)CC1
CHEMBL3914007,6.36,CHEMBL4282,435.0,O=C(Cc1nc(N2CCOCC2)cc(=O)[nH]1)N1c2ccccc2CC1c1ccc(F)cc1
CHEMBL3914007,8.7,CHEMBL4282,2.0,O=C(Cc1nc(N2CCOCC2)cc(=O)[nH]1)N1c2ccccc2CC1c1ccc(F)cc1
CHEMBL3964324,7.48,CHEMBL4282,33.0,CC1Cc2c(OC(F)F)cccc2N1C(=O)Cc1nc(N2CCOCC2)cc(=O)[nH]1
CHEMBL3964324,8.1,CHEMBL4282,8.0,CC1Cc2c(OC(F)F)cccc2N1C(=O)Cc1nc(N2CCOCC2)cc(=O)[nH]1
CHEMBL3939903,6.78,CHEMBL4282,167.0,CC1Cc2c(OC(F)F)cccc2N1C(=O)Cc1nc(N2CCOCC2)cc(=O)n1C
CHEMBL3939903,7.22,CHEMBL4282,60.0,CC1Cc2c(OC(F)F)cccc2N1C(=O)Cc1nc(N2CCOCC2)cc(=O)n1C
CHEMBL3930892,6.96,CHEMBL4282,111.0,O=C(Cc1nc(N2CCOCC2)cc(=O)[nH]1)N1CCc2c(N3CCOCC3)cccc21
CHEMBL3964685,7.32,CHEMBL4282,48.0,O=C(Cc1nc(N2CCOCC2)cc(=O)[nH]1)N1c2ccccc2CC1C1CC1
CHEMBL3964685,8.3,CHEMBL4282,5.0,O=C(Cc1nc(N2CCOCC2)cc(=O)[nH]1)N1c2ccccc2CC1C1CC1
CHEMBL3940961,8.3,CHEMBL4282,5.0,CC1Cc2c(cccc2C(F)(F)F)N1C(=O)Cc1nc(N2CCOCC2)cc(=O)[nH]1
CHEMBL3940961,8.7,CHEMBL4282,2.0,CC1Cc2c(cccc2C(F)(F)F)N1C(=O)Cc1nc(N2CCOCC2)cc(=O)[nH]1
CHEMBL3968336,7.82,CHEMBL4282,15.0,O=C(Cc1nc(N2CCOCC2)cc(=O)[nH]1)N1c2ccccc2CC1CF
CHEMBL3943531,7.29,CHEMBL4282,51.0,O=C(Cc1nc(N2CCOCC2)cc(=O)n1-c1ccccc1)N1CCc2ccccc21
CHEMBL3968336,7.89,CHEMBL4282,13.0,O=C(Cc1nc(N2CCOCC2)cc(=O)[nH]1)N1c2ccccc2CC1CF
CHEMBL3932244,6.88,CHEMBL4282,131.0,Nn1c(CC(=O)N2CCc3ccccc32)nc(N2CCOCC2)cc1=O
CHEMBL3974771,7.62,CHEMBL4282,24.0,N#Cn1c(CC(=O)N2CCc3ccccc32)nc(N2CCOCC2)cc1=O
CHEMBL3907424,7.66,CHEMBL4282,22.0,C[C@H]1Cc2ccccc2N1C(=O)Cc1nc(N2CCOCC2)cc(=S)[nH]1
CHEMBL3971967,8.4,CHEMBL4282,4.0,C[C@H]1Cc2ccccc2N1C(=S)Cc1nc(N2CCOCC2)cc(=S)[nH]1
CHEMBL3898401,8.1,CHEMBL4282,8.0,C[C@@H]1Cc2ccccc2N1C(=O)Cc1nc(N2CCOCC2)cc(=S)[nH]1
CHEMBL3964814,7.39,CHEMBL4282,41.0,C[C@H]1Cc2ccccc2N1C(=O)Cc1nc(N2CCOCC2)cc(=S)n1C
CHEMBL3929547,7.15,CHEMBL4282,71.0,C[C@@H]1Cc2ccccc2N1C(=O)Cc1nc(N2CCOCC2)cc(=S)n1C
CHEMBL3944470,7.51,CHEMBL4282,31.0,Cn1c(CC(=O)N2CCc3c(F)cccc32)nc(N2CCOCC2)cc1=S
CHEMBL3916531,7.48,CHEMBL4282,33.0,Cn1c(CC(=O)N2CCc3c(Cl)cccc32)nc(N2CCOCC2)cc1=S
CHEMBL3925391,7.96,CHEMBL4282,11.0,CC1Cc2c(ccc(F)c2F)N1C(=O)Cc1nc(N2CCOCC2)c(F)c(=S)[nH]1
CHEMBL3900870,9.0,CHEMBL4282,1.0,CC1Cc2c(ccc(F)c2F)N1C(=S)Cc1nc(N2CCOCC2)c(F)c(=S)[nH]1
CHEMBL3930072,6.66,CHEMBL4282,221.0,C[C@H]1Cc2ccccc2N1C(=O)Cc1nc(N2CCOCC2)c(F)c(=S)[nH]1
CHEMBL3902097,7.21,CHEMBL4282,61.0,C[C@@H]1Cc2ccccc2N1C(=O)Cc1nc(N2CCOCC2)c(F)c(=S)[nH]1
CHEMBL3933454,4.75,CHEMBL4282,18000.0,CNCC1CCCN(c2ccc(C(N)=O)c3ncncc23)C1
CHEMBL3972029,4.16,CHEMBL4282,70000.0,NC(=O)c1ccc(NCc2cccnc2)c2cncnc12
CHEMBL3954224,4.92,CHEMBL4282,12000.0,NC(=O)c1ccc(NCc2cccc(Cl)c2)c2cncnc12
CHEMBL3930070,5.51,CHEMBL4282,3100.0,NC(=O)c1ccc(N2CCC(CCc3ccccc3)C2)c2cncnc12
CHEMBL3940185,5.09,CHEMBL4282,8200.0,Cc1cccc([C@@H]2CN(c3ccc(C(N)=O)c4ncncc34)C[C@H]2CO)c1
CHEMBL3903158,5.6,CHEMBL4282,2500.0,NC(=O)c1ccc(NC2CCNCC2c2ccc(F)cc2)c2cncnc12
CHEMBL3921054,5.35,CHEMBL4282,4500.0,NC(=O)c1ccc(NC2CNCC2c2cccc(C(F)(F)F)c2)c2cncnc12
CHEMBL3909073,5.05,CHEMBL4282,9000.0,Cc1cccc(C2CCNCC2Nc2ccc(C(N)=O)c3ncncc23)c1
CHEMBL3933453,5.68,CHEMBL4282,2100.0,NC(=O)c1ccc(NC2CNCCC2c2cccc(C(F)(F)F)c2)c2cncnc12
CHEMBL3896518,6.89,CHEMBL4282,130.0,NC(=O)c1ccc(NC2CNCCC2c2ccc(Cl)c(F)c2)c2cncnc12
CHEMBL3924538,6.24,CHEMBL4282,570.0,NC(=O)c1ccc(NC2CNCCC2c2ccc(F)c(Cl)c2)c2cncnc12
CHEMBL4109551,6.07,CHEMBL4282,850.0,NC(=O)c1ccc(N[C@H]2CNCC[C@@H]2c2ccc(F)c(Cl)c2)c2cncnc12
CHEMBL3919102,5.24,CHEMBL4282,5700.0,NC(=O)c1ccc(N[C@@H]2CNCC[C@H]2c2ccc(F)c(Cl)c2)c2cncnc12
CHEMBL3980317,5.7,CHEMBL4282,2000.0,NC(=O)c1ccc(NC2CNCCC2c2ccc(F)cc2)c2cncnc12
CHEMBL4106661,5.66,CHEMBL4282,2200.0,NC(=O)c1ccc(N[C@H]2CNCC[C@@H]2c2ccc(F)cc2)c2cncnc12
CHEMBL3910187,6.05,CHEMBL4282,900.0,NC(=O)c1ccc(N[C@@H]2CNCC[C@H]2c2ccc(F)cc2)c2cncnc12
CHEMBL3905526,4.82,CHEMBL4282,15000.0,NC(=O)c1ccc(N2CCN(c3ccccc3)CC2)c2cncnc12
CHEMBL3918934,5.19,CHEMBL4282,6400.0,NC(=O)c1ccc(N2CCN(c3cccc(F)c3)CC2)c2cncnc12
CHEMBL3960835,4.24,CHEMBL4282,57000.0,NC(=O)c1ccc(NCc2ccccc2)c2cncnc12
CHEMBL3891824,5.25,CHEMBL4282,5600.0,NC(=O)c1ccc(NCCc2ccccc2)c2cncnc12
CHEMBL3968412,5.62,CHEMBL4282,2400.0,NC(=O)c1ccc(NCCc2cccc(F)c2)c2cncnc12
CHEMBL3949722,5.32,CHEMBL4282,4800.0,NC(=O)c1ccc(NCCc2ccc(F)cc2)c2cncnc12
CHEMBL3942274,4.39,CHEMBL4282,41000.0,NC(=O)c1ccc(NCCc2ccc(F)c(F)c2)c2cncnc12
CHEMBL3933947,4.85,CHEMBL4282,14000.0,CN(CCc1ccccc1)c1ccc(C(N)=O)c2ncncc12
CHEMBL3948252,5.09,CHEMBL4282,8100.0,NC(=O)c1ccc(N2CCC(c3cccc(C(F)(F)F)c3)C(N)C2)c2cncnc12
CHEMBL3917944,7.18,CHEMBL4282,66.0,Cn1cc(-c2ccc(F)c(C(F)(F)F)c2)nc1C1CCN(c2ncnc(N)c2Br)CC1
CHEMBL3926903,5.77,CHEMBL4282,1700.0,Nc1ncnc(N2CCC(c3nc(-c4cccc(C(F)(F)F)c4)c[nH]3)CC2)c1Br
CHEMBL3895400,5.21,CHEMBL4282,6100.0,FC(F)(F)c1cccc(-c2c[nH]c(C3CCN(c4ncncc4Br)CC3)n2)c1
CHEMBL3904322,6.8,CHEMBL4282,160.0,Cn1cc(-c2ccc(F)c(C(F)(F)F)c2)nc1C1CCN(c2ncnc(N)c2C=O)CC1
CHEMBL3941307,6.96,CHEMBL4282,110.0,Cn1cc(-c2ccc(F)c(C(F)(F)F)c2)nc1C1CCN(c2ncnc(N)c2C#N)CC1
CHEMBL3916864,8.04,CHEMBL4282,9.1,CN(C)CCn1cc(-c2ccc(F)c(C(F)(F)F)c2)nc1C1CCN(c2ncnc(N)c2C#N)CC1
CHEMBL3964789,6.36,CHEMBL4282,440.0,COc1c(N)ncnc1N1CCC(c2nc(-c3ccc(F)c(C(F)(F)F)c3)cn2C)CC1
CHEMBL3925871,5.66,CHEMBL4282,2200.0,Cn1cc(-c2ccc(F)c(C(F)(F)F)c2)nc1C1CCN(c2ncnc(N)c2-c2ccc(F)cc2)CC1
CHEMBL3985874,6.28,CHEMBL4282,520.0,COc1ccc(-c2c(N)ncnc2N2CCC(c3nc(-c4ccc(F)c(C(F)(F)F)c4)cn3C)CC2)cc1
CHEMBL3980785,5.08,CHEMBL4282,8300.0,Cc1ccc(-c2c(N)ncnc2N2CCC(c3nc(-c4ccc(F)c(C(F)(F)F)c4)cn3C)CC2)cc1
CHEMBL3910716,6.6,CHEMBL4282,250.0,Cn1cc(-c2ccc(F)c(C(F)(F)F)c2)nc1C1CCN(c2ncnc(N)c2-c2ccc(CO)cc2)CC1
CHEMBL3909655,6.82,CHEMBL4282,150.0,Cn1cc(-c2ccc(F)c(C(F)(F)F)c2)nc1C1CCN(c2ncnc(N)c2-c2cccc(C#N)c2)CC1
CHEMBL3897066,8.57,CHEMBL4282,2.7,Cn1cc(-c2ccc(F)c(C(F)(F)F)c2)nc1C1CCN(c2ncnc(N)c2-c2ccc(C#N)cc2)CC1
CHEMBL3901580,5.77,CHEMBL4282,1700.0,Cc1ccc(-c2c(N)ncnc2N2CCC(c3nc(-c4ccc(F)c(C(F)(F)F)c4)cn3C)CC2)cn1
CHEMBL3940535,5.57,CHEMBL4282,2700.0,Cc1ccc(-c2c(N)ncnc2N2CCC(c3nc(-c4ccc(F)c(C(F)(F)F)c4)cn3C)CC2)s1
CHEMBL3927385,5.96,CHEMBL4282,1100.0,Cn1cc(-c2ccc(F)c(C(F)(F)F)c2)nc1C1CCN(c2ncnc(N)c2CO)CC1
CHEMBL3964726,5.8,CHEMBL4282,1600.0,Cn1cc(-c2ccc(F)c(C(F)(F)F)c2)nc1C1CCN(c2ncnc(N)c2C(N)=O)CC1
CHEMBL3936329,7.08,CHEMBL4282,84.0,CN(C)CCn1cc(-c2ccc(F)c(C(F)(F)F)c2)nc1C1CCN(c2ncnc(N)c2C(N)=O)CC1
CHEMBL3978717,6.07,CHEMBL4282,860.0,Cn1cc(-c2ccc(F)c(C(F)(F)F)c2)nc1C1CCN(c2ncnc(N)c2-c2ccncc2)CC1
CHEMBL3904694,5.57,CHEMBL4282,2700.0,Cn1cc(-c2ccc(F)c(C(F)(F)F)c2)nc1C1CCN(c2ncnc(N)c2-c2ccc(N)nc2)CC1
CHEMBL3892829,5.85,CHEMBL4282,1400.0,Cn1cc(-c2ccc(F)c(C(F)(F)F)c2)nc1C1CCN(c2ncncc2Br)CC1
CHEMBL3906130,6.22,CHEMBL4282,600.0,Nc1ncnc(N2CCC(c3nc(-c4ccc(F)c(C(F)(F)F)c4)c[nH]3)CC2)c1Br
CHEMBL3979925,5.02,CHEMBL4282,9500.0,Nc1ncnc(N2CCC(c3nc(-c4ccc(F)c(C(F)(F)F)c4)c[nH]3)CC2)c1-c1ccc(F)cc1
CHEMBL3929608,6.36,CHEMBL4282,440.0,Cn1cc(-c2ccc(F)c(C(F)(F)F)c2)nc1C1CCN(c2ncnc(N)c2-c2cncnc2)CC1
CHEMBL3958964,6.06,CHEMBL4282,880.0,Cn1cc(-c2ccc(F)c(C(F)(F)F)c2)nc1C1CCN(c2ncnc(N)c2-c2cccnc2)CC1
CHEMBL3889930,6.13,CHEMBL4282,740.0,COC/C=C/c1c(N)ncnc1N1CCC(c2nc(-c3ccc(F)c(C(F)(F)F)c3)cn2C)CC1
CHEMBL3922417,6.07,CHEMBL4282,850.0,Cc1ncc(-c2c(N)ncnc2N2CCC(c3nc(-c4ccc(F)c(C(F)(F)F)c4)cn3C)CC2)s1
CHEMBL3982415,7.85,CHEMBL4282,14.0,Nc1ncnc(N2CCC(c3nc(-c4ccc(F)c(C(F)(F)F)c4)cn3CCN3CCCC3)CC2)c1Br
CHEMBL3916957,6.85,CHEMBL4282,140.0,Nc1ncnc(N2CCC(c3nc(-c4ccc(F)c(C(F)(F)F)c4)cn3CCN3CCCC3)CC2)c1-c1ccc(F)cc1
CHEMBL3944868,7.12,CHEMBL4282,75.0,Nc1ncnc(N2CCC(c3nc(-c4ccc(F)c(C(F)(F)F)c4)cn3CCN3CCCC3)CC2)c1-c1ccccc1F
CHEMBL3907965,6.96,CHEMBL4282,110.0,Nc1ncnc(N2CCC(c3nc(-c4ccc(F)c(C(F)(F)F)c4)cn3CCN3CCCC3)CC2)c1-c1ccc(F)c(F)c1
CHEMBL3932421,8.17,CHEMBL4282,6.8,C=Cc1c(N)ncnc1N1CCC(c2nc(-c3ccc(F)c(C(F)(F)F)c3)cn2CCN2CCCC2)CC1
CHEMBL3956468,8.05,CHEMBL4282,9.0,Nc1ncnc(N2CCC(c3nc(-c4ccc(F)c(C(F)(F)F)c4)cn3CCN3CCCCC3)CC2)c1Br
CHEMBL3932445,6.46,CHEMBL4282,350.0,Nc1ncnc(N2CCC(c3nc(-c4ccc(F)c(C(F)(F)F)c4)cn3CCN3CCCCC3)CC2)c1-c1ccc(F)cc1
CHEMBL3977191,6.89,CHEMBL4282,130.0,Nc1ncnc(N2CCC(c3nc(-c4ccc(F)c(C(F)(F)F)c4)cn3CCN3CCCCC3)CC2)c1-c1ccccc1F
CHEMBL3947929,7.07,CHEMBL4282,85.0,Nc1ncnc(N2CCC(c3nc(-c4ccc(F)c(C(F)(F)F)c4)cn3CCN3CCCCC3)CC2)c1-c1cccc(F)c1
CHEMBL3972216,7.92,CHEMBL4282,12.0,C=Cc1c(N)ncnc1N1CCC(c2nc(-c3ccc(F)c(C(F)(F)F)c3)cn2CCN2CCCCC2)CC1
CHEMBL3939144,6.39,CHEMBL4282,410.0,Nc1cc(N2CCC(c3nc(-c4ccc(F)c(C(F)(F)F)c4)cn3CCN3CCCCC3)CC2)ncn1
CHEMBL3961106,8.03,CHEMBL4282,9.3,CN(C)CCn1cc(-c2ccc(F)c(C(F)(F)F)c2)nc1C1CCN(c2ncnc(N)c2Br)CC1
CHEMBL3933645,6.64,CHEMBL4282,230.0,CN(C)CCn1cc(-c2ccc(F)c(C(F)(F)F)c2)nc1C1CCN(c2ncnc(N)c2-c2ccc(F)cc2)CC1
CHEMBL3895298,7.37,CHEMBL4282,43.0,CN(C)CCn1cc(-c2ccc(F)c(C(F)(F)F)c2)nc1C1CCN(c2ncnc(N)c2-c2ccncc2)CC1
CHEMBL3973946,6.75,CHEMBL4282,180.0,CN(C)CCn1cc(-c2ccc(F)c(C(F)(F)F)c2)nc1C1CCN(c2ncnc(N)c2-c2ccc(N)nc2)CC1
CHEMBL3922652,6.35,CHEMBL4282,450.0,CN(C)CCn1cc(-c2ccc(F)c(C(F)(F)F)c2)nc1C1CCN(c2ncnc(N)c2-c2cnc(N)nc2)CC1
CHEMBL3954073,7.82,CHEMBL4282,15.0,C=C(C)c1c(N)ncnc1N1CCC(c2nc(-c3ccc(F)c(C(F)(F)F)c3)cn2CCN(C)C)CC1
CHEMBL3931848,8.1,CHEMBL4282,7.9,C=Cc1c(N)ncnc1N1CCC(c2nc(-c3ccc(F)c(C(F)(F)F)c3)cn2CCN(C)C)CC1
CHEMBL3962807,8.59,CHEMBL4282,2.6,N#Cc1c(N)ncnc1N1CCC(c2nc(-c3ccc(F)c(C(F)(F)F)c3)cn2CCN2CCC2)CC1
CHEMBL3940867,8.72,CHEMBL4282,1.9,N#Cc1c(N)ncnc1N1CCC(c2nc(-c3ccc(F)c(Cl)c3)cn2CCN2CCC2)CC1
CHEMBL3970397,6.32,CHEMBL4282,479.0,N#Cc1c(N)ncnc1N1CCC(c2nc(-c3ccc(OC(F)F)cc3)cn2CCN2CCC2)CC1
CHEMBL3925234,7.12,CHEMBL4282,76.0,N#Cc1c(N)ncnc1N1CCC(c2nc(C3CCCCC3)cn2CCN2CCC2)CC1
CHEMBL3949501,7.85,CHEMBL4282,14.0,NC(=O)c1c(N)ncnc1N1CCC(c2nc(-c3ccc(F)c(C(F)(F)F)c3)cn2CCN2CCC2)CC1
CHEMBL3962020,8.12,CHEMBL4282,7.5,NC(=O)c1c(N)ncnc1N1CCC(c2nc(-c3ccc(F)c(Cl)c3)cn2CCN2CCC2)CC1
CHEMBL3961623,5.85,CHEMBL4282,1400.0,NC(=O)c1c(N)ncnc1N1CCC(c2nc(C3CCCCC3)cn2CCN2CCC2)CC1
CHEMBL3972226,4.82,CHEMBL4282,15000.0,NC(=O)c1c(N)ncnc1N1CCC(c2nc(-c3ccc(OC(F)F)cc3)cn2CCN2CCC2)CC1
CHEMBL3911401,7.92,CHEMBL4282,12.0,CCc1c(N)ncnc1N1CCC(c2nc(-c3ccc(F)c(C(F)(F)F)c3)cn2CCN(C)C)CC1
CHEMBL3897534,6.72,CHEMBL4282,190.0,CN(C)CCn1cc(-c2ccc(F)c(C(F)(F)F)c2)nc1C1CCN(c2ncnc(N)c2CCC2CC2)CC1
CHEMBL3901997,6.47,CHEMBL4282,340.0,CCOCCc1c(N)ncnc1N1CCC(c2nc(-c3ccc(F)c(C(F)(F)F)c3)cn2CCN(C)C)CC1
CHEMBL3903026,7.37,CHEMBL4282,43.0,CN(C)CCn1cc(-c2ccc(F)c(C(F)(F)F)c2)nc1C1CCN(c2ncnc(N)c2/C=C/C2CC2)CC1
CHEMBL3973987,8.4,CHEMBL4282,4.0,CCO/C=C/c1c(N)ncnc1N1CCC(c2nc(-c3ccc(F)c(C(F)(F)F)c3)cn2CCN(C)C)CC1
CHEMBL3904383,6.72,CHEMBL4282,190.0,CN(C)CCn1cc(-c2ccc(F)c(C(F)(F)F)c2)nc1C1CCN(c2ncnc(N)c2-c2ccc(C(C)(C)O)cc2)CC1
CHEMBL3937511,7.02,CHEMBL4282,95.0,COC(=O)c1ccc(-c2c(N)ncnc2N2CCC(c3nc(-c4ccc(F)c(C(F)(F)F)c4)cn3CCN(C)C)CC2)cc1
CHEMBL3979190,7.48,CHEMBL4282,33.0,CN(C)CCn1cc(-c2ccc(F)c(C(F)(F)F)c2)nc1C1CCN(c2ncnc(N)c2-c2ccc(C(=O)O)cc2)CC1
CHEMBL3950150,7.51,CHEMBL4282,31.0,CN(C)CCn1cc(-c2ccc(F)c(C(F)(F)F)c2)nc1C1CCN(c2ncnc(N)c2C2=CCCC2)CC1
CHEMBL3900512,8.32,CHEMBL4282,4.8,CN(C)CCn1cc(-c2ccc(F)c(C(F)(F)F)c2)nc1C1CCN(c2ncnc(N)c2C2CC2)CC1
CHEMBL3890270,7.15,CHEMBL4282,71.0,CCc1c(N)ncnc1N1CCC(c2nc(-c3ccc(F)c(C(F)(F)F)c3)cn2CCN2CC(F)C2)CC1
CHEMBL3963881,8.11,CHEMBL4282,7.7,CCc1c(N)ncnc1N1CCC(c2nc(-c3ccc(F)c(C(F)(F)F)c3)cn2CCN2CC(C)C2)CC1
CHEMBL3934633,5.8,CHEMBL4282,1600.0,CCc1c(N)ncnc1N1CCC(c2nc(-c3ccc(F)c(C(F)(F)F)c3)cn2CCN2CC(F)(F)C2)CC1
CHEMBL3931709,6.28,CHEMBL4282,520.0,CCN(C)Cc1c(N)ncnc1N1CCC(c2nc(-c3ccc(F)c(C(F)(F)F)c3)cn2CCN(C)C)CC1
CHEMBL3904712,8.1,CHEMBL4282,7.9,CC(C)Oc1c(N)ncnc1N1CCC(c2nc(-c3ccc(F)c(C(F)(F)F)c3)cn2CCN2CCC2)CC1
CHEMBL3954017,8.21,CHEMBL4282,6.1,COc1c(N)ncnc1N1CCC(c2nc(-c3ccc(F)c(C(F)(F)F)c3)cn2CCN2CCC2)CC1
CHEMBL3927188,8.16,CHEMBL4282,6.9,Nc1ncnc(N2CCC(c3nc(-c4ccc(F)c(C(F)(F)F)c4)cn3CCN3CCC3)CC2)c1-c1cn[nH]c1
CHEMBL3951221,7.75,CHEMBL4282,18.0,CCc1c(N)ncnc1N1CCC(c2nc(-c3cncc(C(F)(F)F)c3)cn2CCN2CCC2)CC1
CHEMBL3980688,7.8,CHEMBL4282,16.0,CCc1c(N)ncnc1N1CCC(c2nc(-c3cccc(OC(F)(F)F)c3)cn2CCN2CCC2)CC1
CHEMBL3907940,7.51,CHEMBL4282,31.0,CCc1c(N)ncnc1N1CCC(c2nc(-c3cncc(Cl)c3)cn2CCN2CCC2)CC1
CHEMBL3932390,8.39,CHEMBL4282,4.1,CCOc1c(N)ncnc1N1CCC(c2nc(-c3ccc(F)c(C(F)(F)F)c3)cn2CCN2CCC2)CC1
CHEMBL3895450,8.18,CHEMBL4282,6.6,Nc1ncnc(N2CCC(c3nc(-c4ccc(F)c(C(F)(F)F)c4)cn3CCN3CCC3)CC2)c1OCC(F)(F)F
CHEMBL3923440,7.78,CHEMBL4282,16.5,CCc1c(N)ncnc1N1CCC(c2nc(-c3ccnc(Cl)c3)cn2CCN2CCC2)CC1
CHEMBL3920419,7.89,CHEMBL4282,13.0,CCc1c(N)ncnc1N1CCC(c2nc(-c3ccnc(C(F)(F)F)c3)cn2CCN2CCC2)CC1
CHEMBL3962465,7.31,CHEMBL4282,49.0,CCc1c(N)ncnc1N1CCC(c2nc(-c3ccc(F)c(C(N)=O)c3)cn2CCN2CCC2)CC1
CHEMBL3950201,6.8,CHEMBL4282,160.0,CCc1c(N)ncnc1N1CCC(c2nc(-c3ccc(OC)c(C(N)=O)c3)cn2CCN2CCC2)CC1
CHEMBL3935483,8.32,CHEMBL4282,4.8,CCc1c(N)ncnc1N1CCC(c2nc(-c3ccc(F)c(OC)c3)cn2CCN2CCC2)CC1
CHEMBL3941451,8.8,CHEMBL4282,1.6,Nc1ncnc(N2CCC(c3nc(-c4ccc(F)c(C(F)(F)F)c4)cn3CCN3CCC3)CC2)c1-c1cnoc1
CHEMBL3965271,8.72,CHEMBL4282,1.9,Nc1ncnc(N2CCC(c3nc(-c4ccc(F)c(C(F)(F)F)c4)cn3CCN3CCC3)CC2)c1-c1cc[nH]c1
CHEMBL3965063,6.97,CHEMBL4282,106.0,CCc1c(N)ncnc1N1CCC(c2nc(-c3ccnc(C)c3)cn2CCN2CCC2)CC1
CHEMBL3904876,6.03,CHEMBL4282,940.0,CCc1c(N)ncnc1N1CCC(c2nc(-c3ccnc(OC)c3)cn2CCN2CCC2)CC1
CHEMBL3941855,6.33,CHEMBL4282,465.0,CCc1c(N)ncnc1N1CCC(c2nc(-c3cncc(C)c3)cn2CCN2CCC2)CC1
CHEMBL3917410,8.18,CHEMBL4282,6.6,CC(C)c1c(N)ncnc1N1CCC(c2nc(-c3ccc(F)c(C(F)(F)F)c3)cn2CCN2CCC2)CC1
CHEMBL3890310,7.68,CHEMBL4282,21.0,COc1c(N)ncnc1N1CCC(c2nc(-c3ccnc(C(F)(F)F)c3)cn2CCN2CCC2)CC1
CHEMBL3959379,8.09,CHEMBL4282,8.2,CCOc1c(N)ncnc1N1CCC(c2nc(-c3ccnc(C(F)(F)F)c3)cn2CCN2CCC2)CC1
CHEMBL3927446,8.04,CHEMBL4282,9.1,CC(C)Oc1c(N)ncnc1N1CCC(c2nc(-c3ccnc(C(F)(F)F)c3)cn2CCN2CCC2)CC1
CHEMBL3965033,7.68,CHEMBL4282,21.0,Nc1ncnc(N2CCC(c3nc(-c4ccnc(C(F)(F)F)c4)cn3CCN3CCC3)CC2)c1OCC(F)(F)F
CHEMBL3968002,6.38,CHEMBL4282,420.0,CCc1c(N)ncnc1N1CCC(c2nc(-c3cccc(C(F)(F)F)n3)cn2CCN2CCC2)CC1
CHEMBL3938454,8.62,CHEMBL4282,2.4,COc1cc(-c2cn(CCN3CCC3)c(C3CCN(c4ncnc(N)c4C#N)CC3)n2)ccc1F
CHEMBL3933597,8.62,CHEMBL4282,2.4,COc1cc(-c2cn(CCN3CCC3)c(C3CCN(c4ncnc(N)c4C(N)=O)CC3)n2)ccc1F
CHEMBL3961056,8.7,CHEMBL4282,2.0,Cc1cc(-c2cn(CCN3CCC3)c(C3CCN(c4ncnc(N)c4C#N)CC3)n2)ccc1F
CHEMBL3905865,6.11,CHEMBL4282,780.0,CCc1c(N)ncnc1N1CCC(c2nc(-c3cccc(Cl)n3)cn2CCN2CCC2)CC1
CHEMBL3972162,7.85,CHEMBL4282,14.0,Cc1cc(-c2cn(CCN3CCC3)c(C3CCN(c4ncnc(N)c4C(N)=O)CC3)n2)ccc1F
CHEMBL3947888,8.01,CHEMBL4282,9.7,N#Cc1c(N)ncnc1N1CCC(c2nc(-c3ccnc(C(F)(F)F)c3)cn2CCN2CCC2)CC1
CHEMBL3977147,8.66,CHEMBL4282,2.2,Nc1ncnc(N2CCC(c3nc(-c4ccnc(C(F)(F)F)c4)cn3CCN3CCC3)CC2)c1Br
CHEMBL3951747,8.55,CHEMBL4282,2.8,Nc1ncnc(N2CCC(c3nc(-c4ccnc(C(F)(F)F)c4)cn3CCNCCCCl)CC2)c1Br
CHEMBL3956421,7.05,CHEMBL4282,90.0,NC(=O)c1c(N)ncnc1N1CCC(c2nc(-c3ccnc(C(F)(F)F)c3)cn2CCN2CCC2)CC1
CHEMBL3908333,6.6,CHEMBL4282,250.0,N#Cc1c(N)ncnc1N1CCC(c2nc(-c3ccoc3)cn2CCN2CCC2)CC1
CHEMBL3970947,7.04,CHEMBL4282,91.0,N#Cc1c(N)ncnc1N1CCC(c2nc(-c3ccsc3)cn2CCN2CCC2)CC1
CHEMBL3931262,6.78,CHEMBL4282,165.0,N#Cc1c(N)ncnc1N1CCC(c2nc(-c3ccccc3)cn2CCN2CCC2)CC1
CHEMBL3906804,6.66,CHEMBL4282,220.0,N#Cc1c(N)ncnc1N1CCC(c2nc(-c3cnoc3)cn2CCN2CCC2)CC1
CHEMBL3962137,5.44,CHEMBL4282,3600.0,NC(=O)c1c(N)ncnc1N1CCC(c2nc(-c3ccoc3)cn2CCN2CCC2)CC1
CHEMBL3922482,5.72,CHEMBL4282,1900.0,NC(=O)c1c(N)ncnc1N1CCC(c2nc(-c3ccsc3)cn2CCN2CCC2)CC1
CHEMBL3929885,6.12,CHEMBL4282,760.0,NC(=O)c1c(N)ncnc1N1CCC(c2nc(-c3cnoc3)cn2CCN2CCC2)CC1
CHEMBL3913487,5.72,CHEMBL4282,1900.0,NC(=O)c1c(N)ncnc1N1CCC(c2nc(-c3ccccc3)cn2CCN2CCC2)CC1
CHEMBL3935986,7.96,CHEMBL4282,11.0,N#Cc1c(N)ncnc1N1CCC(c2nc(-c3ccc(F)c(C(F)(F)F)c3)cn2C2CCNC2)CC1
CHEMBL3908032,7.0,CHEMBL4282,100.0,NC(=O)c1c(N)ncnc1N1CCC(c2nc(-c3ccc(F)c(C(F)(F)F)c3)cn2C2CCNC2)CC1
CHEMBL3968744,8.18,CHEMBL4282,6.6,CCc1c(N)ncnc1N1CCC(c2nc(-c3ccc(F)c(C(F)(F)F)c3)cn2CCN)CC1
CHEMBL3942663,7.57,CHEMBL4282,27.0,NC(=O)c1c(N)ncnc1N1CCC(c2nc(-c3ccc(F)c(C(F)(F)F)c3)cn2CC2CNC2)CC1
CHEMBL3957354,7.19,CHEMBL4282,64.5,N#Cc1c(N)ncnc1N1CCC(c2nc(-c3ccc(F)c(C(F)(F)F)c3)cn2CC2CNC2)CC1
CHEMBL3891763,6.62,CHEMBL4282,240.0,N#Cc1c(N)ncnc1N1CCC(c2nc(-c3ccc(F)c(C(F)(F)F)c3)cn2C2CNC2)CC1
CHEMBL3952076,6.17,CHEMBL4282,670.0,NC(=O)c1c(N)ncnc1N1CCC(c2nc(-c3ccc(F)c(C(F)(F)F)c3)cn2C2CNC2)CC1
CHEMBL3980922,8.6,CHEMBL4282,2.5,Nc1ncnc(N2CCC(c3nc(-c4ccnc(C(F)(F)F)c4)cn3CCN3CCC3)CC2)c1Cl
CHEMBL3963232,5.66,CHEMBL4282,2200.0,NC(=O)c1c(N)ncnc1N1CCC(c2nc(-c3cn[nH]c3)cn2CCN2CCC2)CC1
CHEMBL3906193,7.51,CHEMBL4282,31.0,N#Cc1c(N)ncnc1N1CCC(c2nc(-c3ccc(F)c(C(F)(F)F)c3)cn2CC2CCN2)CC1
CHEMBL3968352,8.54,CHEMBL4282,2.9,N#Cc1c(N)ncnc1N1CCC(c2nc(-c3ccc(F)c(C(F)(F)F)c3)cn2CC2CCCN2)CC1
CHEMBL3897233,7.78,CHEMBL4282,16.5,Nc1ncnc(N2CCC(c3nc(-c4ccc(F)c(C(F)(F)F)c4)cn3CC3CNC3)CC2)c1Cl
CHEMBL3896152,7.42,CHEMBL4282,38.0,Nc1ncnc(N2CCC(c3nc(-c4ccc(F)c(C(F)(F)F)c4)cn3CC3CCN3)CC2)c1Cl
CHEMBL3955405,6.66,CHEMBL4282,220.0,NC(=O)c1c(N)ncnc1N1CCC(c2nc(-c3ccc(F)c(C(F)(F)F)c3)cn2CC2CCN2)CC1
CHEMBL3892286,7.72,CHEMBL4282,19.0,CCc1c(N)ncnc1N1CCC(c2nc(-c3ccc(F)c(C(F)(F)F)c3)cn2CC2CNC2)CC1
CHEMBL3961268,6.55,CHEMBL4282,280.0,CCc1c(N)ncnc1N1CCC(c2nc(-c3ccc(F)c(C(F)(F)F)c3)cn2CC2CCN2)CC1
CHEMBL3901251,6.66,CHEMBL4282,220.0,NC(=O)c1c(N)ncnc1N1CCC(c2nc(-c3ccc(F)c(C(F)(F)F)c3)cn2CC2CCCN2)CC1
CHEMBL3968856,6.32,CHEMBL4282,480.0,NC(=O)c1c(N)ncnc1N1CCC(c2nc(-c3ccc(F)c(C(F)(F)F)c3)cn2C2CCNCC2)CC1
CHEMBL3906695,6.8,CHEMBL4282,160.0,N#Cc1c(N)ncnc1N1CCC(c2nc(-c3ccc(F)c(C(F)(F)F)c3)cn2C2CCNCC2)CC1
CHEMBL3977344,7.09,CHEMBL4282,81.0,CN1CC(Cn2cc(-c3ccc(F)c(C(F)(F)F)c3)nc2C2CCN(c3ncnc(N)c3C(N)=O)CC2)C1
CHEMBL3915684,6.72,CHEMBL4282,190.0,CCc1c(N)ncnc1N1CCC(c2nc(-c3ccc(F)c(C(F)(F)F)c3)cn2C2CCNCC2)CC1
CHEMBL3899777,8.44,CHEMBL4282,3.6,N#Cc1c(N)ncnc1N1CCC(c2nc(-c3ccc(F)c(C(F)(F)F)c3)cn2CCN)CC1
CHEMBL3926535,7.82,CHEMBL4282,15.0,NCCn1cc(-c2ccc(F)c(C(F)(F)F)c2)nc1C1CCN(c2ncnc(N)c2C(N)=O)CC1
CHEMBL3900157,6.17,CHEMBL4282,670.0,Cc1cc(-c2cn(CCO)c(C3CCN(c4ncnc(N)c4-c4cn[nH]c4)CC3)n2)ccc1F
CHEMBL3983786,6.82,CHEMBL4282,150.0,Cc1cc(-c2cn(CCNC3CC3)c(C3CCN(c4ncnc(N)c4-c4cn[nH]c4)CC3)n2)ccc1F
CHEMBL3913969,7.68,CHEMBL4282,21.0,CNCCn1cc(-c2ccc(F)c(C)c2)nc1C1CCN(c2ncnc(N)c2-c2cn[nH]c2)CC1
CHEMBL3957657,8.32,CHEMBL4282,4.8,Cc1cc(-c2cn(CCN(C)C)c(C3CCN(c4ncnc(N)c4-c4cn[nH]c4)CC3)n2)ccc1F
CHEMBL3922949,8.26,CHEMBL4282,5.5,Cc1cc(-c2cn(CCN3CCC3)c(C3CCN(c4ncnc(N)c4-c4cn[nH]c4)CC3)n2)ccc1F
CHEMBL3970663,8.26,CHEMBL4282,5.5,Cc1cc(-c2cn(CCNC(C)(C)C)c(C3CCN(c4ncnc(N)c4-c4cn[nH]c4)CC3)n2)ccc1F
CHEMBL3899490,8.82,CHEMBL4282,1.5,CNCCn1cc(-c2ccnc(C(F)(F)F)c2)nc1C1CCN(c2ncnc(N)c2Br)CC1
CHEMBL3908552,8.57,CHEMBL4282,2.7,Nc1ncnc(N2CCC(c3nc(-c4ccnc(C(F)(F)F)c4)cn3CCN3CCC3)CC2)c1-c1cnoc1
CHEMBL3949795,8.77,CHEMBL4282,1.7,CNCCn1cc(-c2ccnc(C(F)(F)F)c2)nc1C1CCN(c2ncnc(N)c2C#N)CC1
CHEMBL3978853,6.92,CHEMBL4282,120.0,CNCCn1cc(-c2ccnc(C(F)(F)F)c2)nc1C1CCN(c2ncnc(N)c2C2C=NOC2)CC1
CHEMBL3910789,8.68,CHEMBL4282,2.1,CCc1c(N)ncnc1N1CCC(c2nc(-c3ccnc(C(F)(F)F)c3)cn2CCNC)CC1
CHEMBL3948454,8.85,CHEMBL4282,1.4,CNCCn1cc(-c2ccnc(C(F)(F)F)c2)nc1C1CCN(c2ncnc(N)c2Cl)CC1
CHEMBL3931731,8.44,CHEMBL4282,3.6,Nc1ncnc(N2CCC(c3nc(-c4ccnc(C(F)(F)F)c4)cn3CCNC3CC3)CC2)c1Cl
CHEMBL3943127,9.28,CHEMBL4282,0.52,CCNCCn1cc(-c2ccc(F)c(C(F)(F)F)c2)nc1C1CCN(c2ncnc(N)c2OC(C)C)CC1
CHEMBL3925183,8.35,CHEMBL4282,4.5,CC(C)Oc1c(N)ncnc1N1CCC(c2nc(-c3ccc(F)c(C(F)(F)F)c3)cn2CC2CNC2)CC1
CHEMBL3900660,8.3,CHEMBL4282,5.0,CCOc1c(N)ncnc1N1CCC(c2nc(-c3ccc(F)c(C(F)(F)F)c3)cn2CC2CNC2)CC1
CHEMBL3916178,8.68,CHEMBL4282,2.1,CCOc1c(N)ncnc1N1CCC(c2nc(-c3ccc(F)c(C)c3)cn2CCN2CCC2)CC1
CHEMBL3985943,8.57,CHEMBL4282,2.7,Cc1cc(-c2cn(CCN3CCC3)c(C3CCN(c4ncnc(N)c4OC(C)C)CC3)n2)ccc1F
CHEMBL3944209,8.38,CHEMBL4282,4.2,CCc1c(N)ncnc1N1CCC(c2nc(-c3ccnc(C(C)C)c3)cn2CCN2CCC2)CC1
CHEMBL3912769,8.62,CHEMBL4282,2.4,CC(C)c1cc(-c2cn(CCN3CCC3)c(C3CCN(c4ncnc(N)c4Cl)CC3)n2)ccn1
CHEMBL3966806,9.82,CHEMBL4282,0.15,CC(C)c1cc(-c2cn(CCN3CCC3)c(C3CCN(c4ncnc(N)c4Br)CC3)n2)ccn1
CHEMBL3891980,8.66,CHEMBL4282,2.2,C=Cc1c(N)ncnc1N1CCC(c2nc(-c3ccnc(C(C)C)c3)cn2CCN2CCC2)CC1
CHEMBL3952282,7.13,CHEMBL4282,74.0,C=Cc1c(N)ncnc1N1CCC(c2nc(-c3ccc(F)c(C(F)(F)F)c3)cn2CC2CNC2)CC1
CHEMBL3981085,8.64,CHEMBL4282,2.3,COc1c(N)ncnc1N1CCC(c2nc(-c3ccc(F)c(C)c3)cn2CC2CNC2)CC1
CHEMBL3943569,8.18,CHEMBL4282,6.6,CCOc1c(N)ncnc1N1CCC(c2nc(-c3ccc(F)c(C)c3)cn2CC2CNC2)CC1
CHEMBL3976254,8.15,CHEMBL4282,7.1,Cc1cc(-c2cn(CC3CNC3)c(C3CCN(c4ncnc(N)c4OCC(F)(F)F)CC3)n2)ccc1F
CHEMBL3987123,8.19,CHEMBL4282,6.4,Cc1cc(-c2cn(CC3CNC3)c(C3CCN(c4ncnc(N)c4OC(C)C)CC3)n2)ccc1F
CHEMBL3967750,8.64,CHEMBL4282,2.3,CCc1c(N)ncnc1N1CCC(c2nc(-c3ccc(F)c(C)c3)cn2CC2CNC2)CC1
CHEMBL3974201,8.35,CHEMBL4282,4.5,Cc1cc(-c2cn(CC3CNC3)c(C3CCN(c4ncnc(N)c4C(C)C)CC3)n2)ccc1F
CHEMBL3899716,10.0,CHEMBL4282,0.1,Cc1cc(-c2cn(CCN3CCC3)c(C3CCN(c4ncnc(N)c4Br)CC3)n2)ccc1F
CHEMBL3943038,7.82,CHEMBL4282,15.0,Cc1cc(-c2cn(CC3CNC3)c(C3CCN(c4ncnc(N)c4C#N)CC3)n2)ccc1F
CHEMBL3984446,5.14,CHEMBL4282,7200.0,CNc1ncnc(N2CCC(c3nc(-c4ccnc(C(F)(F)F)c4)cn3CCN3CCC3)CC2)c1Cl
CHEMBL3923651,5.24,CHEMBL4282,5700.0,CNc1ncnc(N2CCC(c3nc(-c4ccc(F)c(C)c4)cn3CC3CNC3)CC2)c1Cl
CHEMBL3899097,7.8,CHEMBL4282,16.0,Cc1cc(-c2cn(CC3CNC3)c(C3CCC(c4ncnc(N)c4C(C)C)CC3)n2)ccc1F
CHEMBL3971381,6.43,CHEMBL4282,370.0,CCc1c(N)ncnc1N1CCC(c2nc(-c3ccc(F)c(F)c3)cn2CCN2CCOCC2)CC1
CHEMBL3909262,6.89,CHEMBL4282,130.0,CCc1c(N)ncnc1N1CCC(c2nc(-c3ccc(F)cc3)cn2CCN2CC3(COC3)C2)CC1
CHEMBL3976391,6.59,CHEMBL4282,255.0,CCc1c(N)ncnc1N1CCC(c2nc(-c3ccc(F)c(F)c3)cn2CCN2CC3(COC3)C2)CC1
CHEMBL3922457,6.42,CHEMBL4282,385.0,CCc1c(N)ncnc1N1CCC(c2nc(-c3ccc(F)c(F)c3)cn2CCN2CC(F)C2)CC1
CHEMBL3894443,6.19,CHEMBL4282,640.0,CCc1c(N)ncnc1N1CCC(c2nc(-c3ccc(F)cc3)cn2CCN2CC(F)C2)CC1
CHEMBL3926249,7.05,CHEMBL4282,89.0,CCc1c(N)ncnc1N1CCC(c2nc(-c3ccc(F)c(F)c3)cn2CCN2CCC3(COC3)C2)CC1
CHEMBL3971435,5.6,CHEMBL4282,2500.0,CCc1c(N)ncnc1N1CCC(c2nc(-c3ccc(F)c(F)c3)cn2CCN2CCC23COC3)CC1
CHEMBL3941846,5.44,CHEMBL4282,3600.0,CCc1c(N)ncnc1N1CCC(c2nc(-c3ccc(F)cc3)cn2CCN2CCC23COC3)CC1
CHEMBL3966203,8.89,CHEMBL4282,1.3,N#Cc1c(N)ncnc1N1CCC(c2nc(-c3cnc(F)c(Cl)c3)cn2CCN2CCC2)CC1
CHEMBL3932866,7.89,CHEMBL4282,13.0,N#Cc1c(N)ncnc1N1CCC(c2nc(-c3ccnc(F)c3)cn2CCN2CCC2)CC1
CHEMBL3955055,6.98,CHEMBL4282,105.0,N#Cc1c(N)ncnc1N1CCC(c2nc(-c3ccc4[nH]ncc4c3)cn2CCN2CCC2)CC1
CHEMBL3927440,8.12,CHEMBL4282,7.6,CCc1c(N)ncnc1N1CCC(c2nc(-c3ccc(F)c(C(F)(F)F)c3)cn2CCN2CCCC2)CC1
CHEMBL3986793,8.66,CHEMBL4282,2.2,Nc1ncnc(N2CCC(c3nc(-c4ccc(F)c(C(F)(F)F)c4)cn3CCN3CCCC3)CC2)c1Cl
CHEMBL3961556,8.52,CHEMBL4282,3.0,Nc1ncnc(N2CCC(c3nc(-c4ccc(O)c(C(F)(F)F)c4)cn3CCN3CCCC3)CC2)c1Cl
CHEMBL3895789,7.64,CHEMBL4282,23.0,Nc1ncnc(N2CCC(c3nc(-c4ccc(F)c(C(F)(F)F)c4)cn3CCN3CCCC3)CC2)c1F
CHEMBL3923786,7.8,CHEMBL4282,16.0,C=C(C)c1c(N)ncnc1N1CCC(c2nc(-c3ccc(F)c(C(F)(F)F)c3)cn2CCN2CCCCC2)CC1
CHEMBL3901242,7.7,CHEMBL4282,20.0,C=C(C)c1c(N)ncnc1N1CCC(c2nc(-c3ccc(F)c(C(F)(F)F)c3)cn2CCN2CCCC2)CC1
CHEMBL3932730,6.75,CHEMBL4282,180.0,Nc1cc(N2CCC(c3nc(-c4ccc(F)c(C(F)(F)F)c4)cn3CCN3CCCC3)CC2)ncn1
CHEMBL3910308,8.0,CHEMBL4282,10.0,Cc1c(N)ncnc1N1CCC(c2nc(-c3ccc(F)c(C(F)(F)F)c3)cn2CCN2CCCC2)CC1
CHEMBL3938237,8.05,CHEMBL4282,9.0,Nc1ncnc(N2CCC(c3nc(-c4ccc(F)c(C(F)(F)F)c4)cn3CCN3CCCCC3)CC2)c1Cl
CHEMBL3894578,8.64,CHEMBL4282,2.3,Nc1ncnc(N2CCC(c3nc(-c4ccc(F)c(C(F)(F)F)c4)cn3CCN3CCC3)CC2)c1Br
CHEMBL3919089,9.0,CHEMBL4282,1.0,Nc1ncnc(N2CCC(c3nc(-c4ccc(F)c(C(F)(F)F)c4)cn3CCN3CCC3)CC2)c1Cl
CHEMBL3903522,8.64,CHEMBL4282,2.3,Nc1ncnc(N2CCC(c3nc(-c4ccc(F)c(C(F)(F)F)c4)cn3CCN3CCC3)CC2)c1-c1ccc(F)cc1
CHEMBL3931504,8.38,CHEMBL4282,4.2,C=Cc1c(N)ncnc1N1CCC(c2nc(-c3ccc(F)c(C(F)(F)F)c3)cn2CCN2CCC2)CC1
CHEMBL3917257,7.15,CHEMBL4282,71.0,Nc1cc(N2CCC(c3nc(-c4ccc(F)c(C(F)(F)F)c4)cn3CCN3CCC3)CC2)ncn1
CHEMBL3987000,7.37,CHEMBL4282,43.0,COC(=O)c1ccc(-c2c(N)ncnc2N2CCC(c3nc(-c4ccc(F)c(C(F)(F)F)c4)cn3CCN3CCC3)CC2)cc1
CHEMBL3926246,7.11,CHEMBL4282,78.0,COC(=O)c1ccc(-c2c(N)ncnc2N2CCC(c3nc(-c4ccc(F)c(C(F)(F)F)c4)cn3CCN3CCCC3)CC2)cc1
CHEMBL3901741,7.92,CHEMBL4282,12.0,Nc1ncnc(N2CCC(c3nc(-c4ccc(F)c(C(F)(F)F)c4)cn3CCN3CCC3)CC2)c1-c1ccc(C(=O)O)cc1
CHEMBL3960331,7.92,CHEMBL4282,12.0,Nc1ncnc(N2CCC(c3nc(-c4ccc(F)c(C(F)(F)F)c4)cn3CCN3CCCC3)CC2)c1-c1ccc(C(=O)O)cc1
CHEMBL3944201,8.77,CHEMBL4282,1.7,Nc1ncnc(N2CCC(c3nc(-c4ccc(F)c(F)c4)cn3CCN3CCCC3)CC2)c1Br
CHEMBL3911853,8.54,CHEMBL4282,2.9,Nc1ncnc(N2CCC(c3nc(-c4ccc(F)cc4)cn3CCN3CCCC3)CC2)c1Br
CHEMBL3949523,8.23,CHEMBL4282,5.9,Nc1ncnc(N2CCC(c3nc(-c4cccc(F)c4)cn3CCN3CCCC3)CC2)c1Br
CHEMBL3950518,7.15,CHEMBL4282,71.0,Nc1ncnc(N2CCC(c3nc(-c4ccc(C(F)(F)F)c(F)c4)cn3CCN3CCCC3)CC2)c1Br
CHEMBL3922798,8.39,CHEMBL4282,4.1,CCc1c(N)ncnc1N1CCC(c2nc(-c3ccc(F)c(C(F)(F)F)c3)cn2CCN2CCC2)CC1
CHEMBL3969229,7.34,CHEMBL4282,46.0,CCc1c(N)ncnc1N1CCC(c2nc(-c3cccc(F)c3)cn2CCN2CCCC2)CC1
CHEMBL3894577,7.7,CHEMBL4282,20.0,CCc1c(N)ncnc1N1CCC(c2nc(-c3ccc(F)cc3)cn2CCN2CCCC2)CC1
CHEMBL3954781,8.09,CHEMBL4282,8.2,CCc1c(N)ncnc1N1CCC(c2nc(-c3ccc(F)c(F)c3)cn2CCN2CCCC2)CC1
CHEMBL3983416,6.33,CHEMBL4282,470.0,CCc1c(N)ncnc1N1CCC(c2nc(-c3ccc(C(F)(F)F)c(F)c3)cn2CCN2CCCC2)CC1
CHEMBL3929830,6.0,CHEMBL4282,1000.0,Nc1ncnc(N2CCC(c3nc(-c4ccc(C(F)(F)F)c(F)c4)cn3CCN3CCCC3)CC2)c1Cl
CHEMBL3978595,8.09,CHEMBL4282,8.1,Nc1ncnc(N2CCC(c3nc(-c4cccc(F)c4)cn3CCN3CCCC3)CC2)c1Cl
CHEMBL3912632,8.48,CHEMBL4282,3.3,Nc1ncnc(N2CCC(c3nc(-c4ccc(F)cc4)cn3CCN3CCCC3)CC2)c1Cl
CHEMBL3940627,8.49,CHEMBL4282,3.2,Nc1ncnc(N2CCC(c3nc(-c4ccc(F)c(F)c4)cn3CCN3CCCC3)CC2)c1Cl
CHEMBL3964344,6.68,CHEMBL4282,210.0,C=Cc1c(N)ncnc1N1CCC(c2nc(-c3ccc(C(F)(F)F)c(F)c3)cn2CCN2CCCC2)CC1
CHEMBL3928074,7.68,CHEMBL4282,21.0,C=Cc1c(N)ncnc1N1CCC(c2nc(-c3cccc(F)c3)cn2CCN2CCCC2)CC1
CHEMBL3974191,7.8,CHEMBL4282,16.0,C=Cc1c(N)ncnc1N1CCC(c2nc(-c3ccc(F)cc3)cn2CCN2CCCC2)CC1
CHEMBL3913177,8.01,CHEMBL4282,9.7,C=Cc1c(N)ncnc1N1CCC(c2nc(-c3ccc(F)c(F)c3)cn2CCN2CCCC2)CC1
CHEMBL3973291,7.2,CHEMBL4282,63.0,Nc1cc(N2CCC(c3nc(-c4ccc(F)c(F)c4)cn3CCN3CCCC3)CC2)ncn1
CHEMBL3907714,6.68,CHEMBL4282,210.0,Nc1cc(N2CCC(c3nc(-c4cccc(F)c4)cn3CCN3CCCC3)CC2)ncn1
CHEMBL3889695,7.19,CHEMBL4282,64.0,CCc1c(N)ncnc1N1CCC(c2nc(-c3ccc(C(F)(F)F)c(F)c3)cn2CCN2CC[C@H](F)C2)CC1
CHEMBL4108380,7.6,CHEMBL4282,25.0,CCc1c(N)ncnc1N1CCC(c2nc(-c3ccc(C(F)(F)F)c(F)c3)cn2CCN2CC[C@@H](F)C2)CC1
CHEMBL3913067,6.28,CHEMBL4282,520.0,CCc1c(N)ncnc1N1CCC(c2nc(-c3ccc(C(F)(F)F)c(F)c3)cn2CCN2CCC(F)(F)CC2)CC1
CHEMBL3950042,6.0,CHEMBL4282,1000.0,CCc1c(N)ncnc1N1CCC(c2nc(-c3ccc(C(F)(F)F)c(F)c3)cn2CCN2CCCC(F)(F)C2)CC1
CHEMBL3908831,7.07,CHEMBL4282,86.0,CCc1c(N)ncnc1N1CCC(c2nc(-c3ccc(C(F)(F)F)c(F)c3)cn2CCN2CCC(F)CC2)CC1
CHEMBL3976022,6.68,CHEMBL4282,210.0,CCc1c(N)ncnc1N1CCC(c2nc(-c3ccc(C(F)(F)F)c(F)c3)cn2CCN2CCCC(F)C2)CC1
CHEMBL3977596,7.12,CHEMBL4282,76.0,CCc1c(N)ncnc1N1CCC(c2nc(-c3ccc(Cl)c(F)c3)cn2CCN2CCCC2)CC1
CHEMBL3906990,9.4,CHEMBL4282,0.4,CCc1c(N)ncnc1N1CCC(c2nc(-c3ccc(F)c(Cl)c3)cn2CCN2CCCC2)CC1
CHEMBL3891427,7.55,CHEMBL4282,28.0,Nc1ncnc(N2CCC(c3nc(-c4ccc(C(F)(F)F)c(F)c4)cn3CCN3CCCCC3)CC2)c1C1CCC1
CHEMBL3915954,8.04,CHEMBL4282,9.1,Nc1ncnc(N2CCC(c3nc(-c4ccc(C(F)(F)F)c(F)c4)cn3CCN3CCCC3)CC2)c1C1CCC1
CHEMBL3961562,8.03,CHEMBL4282,9.4,Nc1ncnc(N2CCC(c3nc(-c4ccc(F)c(F)c4)cn3CCN3CCCC3)CC2)c1C1CCC1
CHEMBL3892575,7.96,CHEMBL4282,11.0,Nc1ncnc(N2CCC(c3nc(-c4ccc(F)cc4)cn3CCN3CCCC3)CC2)c1C1CCC1
CHEMBL3969159,7.7,CHEMBL4282,20.0,Nc1ncnc(N2CCC(c3nc(-c4cccc(F)c4)cn3CCN3CCCC3)CC2)c1C1CCC1
CHEMBL3915954,6.42,CHEMBL4282,380.0,Nc1ncnc(N2CCC(c3nc(-c4ccc(C(F)(F)F)c(F)c4)cn3CCN3CCCC3)CC2)c1C1CCC1
CHEMBL3942949,6.37,CHEMBL4282,430.0,Nc1ncnc(N2CCC(c3nc(-c4ccc(C(F)(F)F)cc4)cn3CCN3CCCC3)CC2)c1C1CCC1
CHEMBL3972543,7.17,CHEMBL4282,67.0,Nc1ncnc(N2CCC(c3nc(-c4ccc(Cl)c(F)c4)cn3CCN3CCCC3)CC2)c1C1CCC1
CHEMBL3981168,8.09,CHEMBL4282,8.1,Nc1ncnc(N2CCC(c3nc(-c4cccc(C(F)(F)F)c4)cn3CCN3CCCC3)CC2)c1C1CCC1
CHEMBL3952378,8.31,CHEMBL4282,4.9,Nc1ncnc(N2CCC(c3nc(-c4ccc(F)c(Cl)c4)cn3CCN3CCCC3)CC2)c1C1CCC1
CHEMBL3892087,7.1,CHEMBL4282,79.0,Nc1ncnc(N2CCC(c3nc(-c4ccc(Cl)cc4)cn3CCN3CCCC3)CC2)c1C1CCC1
CHEMBL3957616,8.21,CHEMBL4282,6.2,Nc1ncnc(N2CCC(c3nc(-c4cccc(Cl)c4)cn3CCN3CCCC3)CC2)c1C1CCC1
CHEMBL3897494,6.96,CHEMBL4282,110.0,Nc1ncnc(N2CCC(c3nc(-c4ccc(C(F)(F)F)cc4)cn3CCN3CCCC3)CC2)c1Br
CHEMBL3968655,7.8,CHEMBL4282,16.0,Nc1ncnc(N2CCC(c3nc(-c4ccc(Cl)c(F)c4)cn3CCN3CCCC3)CC2)c1Br
CHEMBL3906488,8.38,CHEMBL4282,4.2,Nc1ncnc(N2CCC(c3nc(-c4cccc(C(F)(F)F)c4)cn3CCN3CCCC3)CC2)c1Br
CHEMBL3980219,8.74,CHEMBL4282,1.8,Nc1ncnc(N2CCC(c3nc(-c4ccc(F)c(Cl)c4)cn3CCN3CCCC3)CC2)c1Br
CHEMBL3919026,6.72,CHEMBL4282,190.0,C=Cc1c(N)ncnc1N1CCC(c2nc(-c3ccc(C(F)(F)F)cc3)cn2CCN2CCCC2)CC1
CHEMBL3890965,6.0,CHEMBL4282,1000.0,Nc1cc(N2CCC(c3nc(-c4ccc(C(F)(F)F)cc4)cn3CCN3CCCC3)CC2)ncn1
CHEMBL3950595,6.75,CHEMBL4282,180.0,CCc1c(N)ncnc1N1CCC(c2nc(-c3ccc(C(F)(F)F)cc3)cn2CCN2CCCC2)CC1
CHEMBL3982706,8.02,CHEMBL4282,9.6,CCc1c(N)ncnc1N1CCC(c2nc(-c3cccc(C(F)(F)F)c3)cn2CCN2CCCC2)CC1
CHEMBL3945304,6.72,CHEMBL4282,190.0,CCc1c(N)ncnc1N1CCC(c2nc(-c3ccc(Cl)cc3)cn2CCN2CCCC2)CC1
CHEMBL3905187,7.92,CHEMBL4282,12.0,CCc1c(N)ncnc1N1CCC(c2nc(-c3cccc(Cl)c3)cn2CCN2CCCC2)CC1
CHEMBL3973744,6.37,CHEMBL4282,430.0,CCc1c(N)ncnc1N1CCC(c2nc(-c3ccc(F)c(C(F)(F)F)c3)cn2CCN2CCC(F)(F)C2)CC1
CHEMBL3899177,8.03,CHEMBL4282,9.3,CCc1c(N)ncnc1N1CCC(c2nc(-c3ccc(F)c(C(F)(F)F)c3)cn2CCN2CCCCC2)CC1
CHEMBL3921412,7.75,CHEMBL4282,18.0,CCc1c(N)ncnc1N1CCC(c2nc(-c3cccc(C(F)(F)F)c3)cn2CCN2CCC2)CC1
CHEMBL3894252,7.1,CHEMBL4282,79.5,CCc1c(N)ncnc1N1CCC(c2nc(-c3cccc(F)c3)cn2CCN2CCC2)CC1
CHEMBL3939097,7.8,CHEMBL4282,16.0,CCc1c(N)ncnc1N1CCC(c2nc(-c3cccc(Cl)c3)cn2CCN2CCC2)CC1
CHEMBL3948660,8.14,CHEMBL4282,7.3,Nc1ncnc(N2CCC(c3nc(-c4ccc(C(F)(F)F)c(F)c4)cn3CCN3CCC3)CC2)c1C1CCC1
CHEMBL3985540,8.04,CHEMBL4282,9.2,CCc1c(N)ncnc1N1CCC(c2nc(-c3ccc(F)c(Cl)c3)cn2CCN2CCC2)CC1
CHEMBL3912123,7.62,CHEMBL4282,24.0,CCc1c(N)ncnc1N1CCC(c2nc(-c3ccc(F)c(F)c3)cn2CCN2CCC2)CC1
CHEMBL3927590,8.57,CHEMBL4282,2.7,Nc1ncnc(N2CCC(c3nc(-c4ccc(F)c(C(F)(F)F)c4)cn3CCN3CCC3)CC2)c1[N+](=O)[O-]
CHEMBL3899565,7.29,CHEMBL4282,51.5,Nc1ncnc(N2CCC(c3nc(-c4ccc(F)c(C(F)(F)F)c4)cn3CCN3CCC3)CC2)c1N
CHEMBL3890352,8.85,CHEMBL4282,1.4,Nc1ncnc(N2CCC(c3nc(-c4ccc(F)c(C(F)(F)F)c4)cn3CCN3CCC3)CC2)c1C=O
CHEMBL3918796,6.14,CHEMBL4282,730.0,Nc1ncnc(N2CCC(c3nc(-c4ccc(F)c(C(F)(F)F)c4)cn3CCN3CCCC3)CC2)c1C(=O)O
CHEMBL3941283,9.0,CHEMBL4282,1.0,Nc1ncnc(N2CCC(c3nc(-c4ccc(F)c(C(F)(F)F)c4)cn3CCN3CCCC3)CC2)c1C=O
CHEMBL3913301,6.72,CHEMBL4282,190.0,CC(=O)Nc1c(N)ncnc1N1CCC(c2nc(-c3ccc(F)c(C(F)(F)F)c3)cn2CCN2CCC2)CC1
CHEMBL3928772,8.68,CHEMBL4282,2.1,CCOc1c(N)ncnc1N1CCC(c2nc(-c3ccc(F)c(Cl)c3)cn2CCN2CCCC2)CC1
CHEMBL3904291,8.7,CHEMBL4282,2.0,CC(C)Oc1c(N)ncnc1N1CCC(c2nc(-c3ccc(F)c(Cl)c3)cn2CCN2CCCC2)CC1
CHEMBL3976247,8.1,CHEMBL4282,8.0,CCOc1c(N)ncnc1N1CCC(c2nc(-c3ccc(F)c(C(F)(F)F)c3)cn2CCN(C)C)CC1
CHEMBL3905494,8.12,CHEMBL4282,7.6,CC(C)Oc1c(N)ncnc1N1CCC(c2nc(-c3ccc(F)c(C(F)(F)F)c3)cn2CCN(C)C)CC1
CHEMBL3948085,8.77,CHEMBL4282,1.7,CCOc1c(N)ncnc1N1CCC(c2nc(-c3ccc(F)c(C)c3)cn2CCN(C)C)CC1
CHEMBL3984164,8.72,CHEMBL4282,1.9,Cc1cc(-c2cn(CCN(C)C)c(C3CCN(c4ncnc(N)c4OC(C)C)CC3)n2)ccc1F
CHEMBL3960833,7.64,CHEMBL4282,23.0,CCc1c(N)ncnc1N1CCC(c2nc(-c3ccc(F)c(C)c3)cn2CCN(C)C)CC1
CHEMBL3891820,8.59,CHEMBL4282,2.6,CCc1c(N)ncnc1N1CCC(c2nc(-c3ccc(F)c(C)c3)cn2CCN(CC)CC)CC1
CHEMBL3975180,8.18,CHEMBL4282,6.6,CCc1c(N)ncnc1N1CCC(c2nc(-c3ccc(F)c(C)c3)cn2CCN2CCCC2)CC1
CHEMBL3900809,8.18,CHEMBL4282,6.6,CCOc1c(N)ncnc1N1CCC(c2nc(-c3ccc(F)c(C)c3)cn2CCN2CCCC2)CC1
CHEMBL3939239,8.05,CHEMBL4282,8.9,Cc1cc(-c2cn(CCN3CCCC3)c(C3CCN(c4ncnc(N)c4OC(C)C)CC3)n2)ccc1F
CHEMBL3968774,8.05,CHEMBL4282,8.9,CCc1c(N)ncnc1N1CCC(c2nc(-c3ccc(F)c(C)c3)cn2CCN(CC)C(C)C)CC1
CHEMBL3975500,8.14,CHEMBL4282,7.3,CCOC1CN(c2cc(N)ncn2)CCC1c1nc(-c2ccc(F)c(C)c2)cn1CCN(CC)C(C)C
CHEMBL3904672,8.2,CHEMBL4282,6.3,CCN(CCn1cc(-c2ccc(F)c(C)c2)nc1C1CCN(c2ncnc(N)c2OC(C)C)CC1)C(C)C
CHEMBL3986943,9.1,CHEMBL4282,0.8,CCOc1c(N)ncnc1N1CCC(c2nc(-c3ccc(F)c(C)c3)cn2CCN(CC)CC)CC1
CHEMBL3913659,8.59,CHEMBL4282,2.6,CCN(CC)CCn1cc(-c2ccc(F)c(C)c2)nc1C1CCN(c2ncnc(N)c2OC(C)C)CC1
CHEMBL3959291,8.49,CHEMBL4282,3.2,N#Cc1c(N)ncnc1N1CCC(c2nc(-c3ccc(F)c(C(F)(F)F)c3)cn2CCN2CCCC2)CC1
CHEMBL3890225,8.12,CHEMBL4282,7.6,N#Cc1c(N)ncnc1N1CCC(c2nc(-c3ccc(F)c(F)c3)cn2CCN2CCCC2)CC1
CHEMBL3967010,8.82,CHEMBL4282,1.5,N#Cc1c(N)ncnc1N1CCC(c2nc(-c3ccc(F)c(Cl)c3)cn2CCN2CCCC2)CC1
CHEMBL3899172,7.89,CHEMBL4282,13.0,N#Cc1c(N)ncnc1N1CCC(c2nc(-c3ccc(F)cc3)cn2CCN2CCCC2)CC1
CHEMBL3968052,7.68,CHEMBL4282,21.0,N#Cc1c(N)ncnc1N1CCC(c2nc(-c3cccc(F)c3)cn2CCN2CCCC2)CC1
CHEMBL3896892,8.12,CHEMBL4282,7.6,N#Cc1c(N)ncnc1N1CCC(c2nc(-c3cccc(C(F)(F)F)c3)cn2CCN2CCCC2)CC1
CHEMBL3918965,8.08,CHEMBL4282,8.4,N#Cc1c(N)ncnc1N1CCC(c2nc(-c3cccc(Cl)c3)cn2CCN2CCCC2)CC1
CHEMBL3927877,8.64,CHEMBL4282,2.3,N#Cc1c(N)ncnc1N1CCC(c2nc(-c3ccc(F)c(C(F)(F)F)c3)cn2CCN2CCCCC2)CC1
CHEMBL3950203,8.03,CHEMBL4282,9.3,N#Cc1c(N)ncnc1N1CCC(c2nc(-c3ccc(F)c(F)c3)cn2CCN2CCC2)CC1
CHEMBL3972741,8.39,CHEMBL4282,4.1,N#Cc1c(N)ncnc1N1CCC(c2nc(-c3ccc(OC(F)F)c(F)c3)cn2CCN2CCC2)CC1
CHEMBL3975126,6.3,CHEMBL4282,500.0,N#Cc1c(N)ncnc1N1CCC(c2nc(-c3cc[nH]c(=O)c3)cn2CCN2CCC2)CC1
CHEMBL3949201,7.62,CHEMBL4282,24.0,Cc1ccc(-c2cn(CCN3CCC3)c(C3CCN(c4ncnc(N)c4C#N)CC3)n2)cc1C(F)(F)F
CHEMBL3966620,7.96,CHEMBL4282,11.0,CC(C)c1cc(-c2cn(CCN3CCC3)c(C3CCN(c4ncnc(N)c4C#N)CC3)n2)ccn1
CHEMBL3936879,7.82,CHEMBL4282,15.0,CCc1cc(-c2cn(CCN3CCC3)c(C3CCN(c4ncnc(N)c4C#N)CC3)n2)ccn1
CHEMBL3968742,7.64,CHEMBL4282,23.0,N#Cc1c(N)ncnc1N1CCC(c2nc(-c3ccnc(C4CC4)c3)cn2CCN2CCC2)CC1
CHEMBL3965676,7.32,CHEMBL4282,48.0,Cc1ccc(-c2cn(CCN3CCC3)c(C3CCN(c4ncnc(N)c4C#N)CC3)n2)cc1F
CHEMBL3948379,7.23,CHEMBL4282,59.0,COc1ccc(-c2cn(CCN3CCC3)c(C3CCN(c4ncnc(N)c4C#N)CC3)n2)cc1F
CHEMBL3980667,7.89,CHEMBL4282,13.0,Cc1ccc(-c2cn(CCN3CCC3)c(C3CCN(c4ncnc(N)c4C#N)CC3)n2)cc1Cl
CHEMBL3943041,7.51,CHEMBL4282,31.0,COc1ccc(-c2cn(CCN3CCC3)c(C3CCN(c4ncnc(N)c4C#N)CC3)n2)cc1Cl
CHEMBL3972635,8.46,CHEMBL4282,3.5,Cc1cc(-c2cn(CCN3CCCC3)c(C3CCN(c4ncnc(N)c4C#N)CC3)n2)ccc1F
CHEMBL3971598,9.05,CHEMBL4282,0.9,Cc1cc(-c2cn(CCN(C)C)c(C3CCN(c4ncnc(N)c4C#N)CC3)n2)ccc1F
CHEMBL3896910,8.6,CHEMBL4282,2.5,CCN(CC)CCn1cc(-c2ccc(F)c(C)c2)nc1C1CCN(c2ncnc(N)c2C#N)CC1
CHEMBL3957053,8.55,CHEMBL4282,2.8,CCN(CCn1cc(-c2ccc(F)c(C)c2)nc1C1CCN(c2ncnc(N)c2C#N)CC1)C(C)C
CHEMBL3985709,6.85,CHEMBL4282,140.0,NC(=O)c1c(N)ncnc1N1CCC(c2nc(-c3ccc(F)c(F)c3)cn2CCN2CCC2)CC1
CHEMBL3940823,6.92,CHEMBL4282,120.0,NC(=O)c1c(N)ncnc1N1CCC(c2nc(-c3ccc(F)c(F)c3)cn2CCN2CCCC2)CC1
CHEMBL3973734,7.85,CHEMBL4282,14.0,NC(=O)c1c(N)ncnc1N1CCC(c2nc(-c3ccc(F)c(Cl)c3)cn2CCN2CCCC2)CC1
CHEMBL3955767,7.82,CHEMBL4282,15.0,NC(=O)c1c(N)ncnc1N1CCC(c2nc(-c3ccc(F)c(C(F)(F)F)c3)cn2CCN2CCCC2)CC1
CHEMBL3928144,7.43,CHEMBL4282,37.0,CC(C)c1cc(-c2cn(CCN3CCC3)c(C3CCN(c4ncnc(N)c4C(N)=O)CC3)n2)ccn1
CHEMBL3966878,6.42,CHEMBL4282,380.0,NC(=O)c1c(N)ncnc1N1CCC(c2nc(-c3ccc(F)cc3)cn2CCN2CCCC2)CC1
CHEMBL3933596,6.21,CHEMBL4282,620.0,NC(=O)c1c(N)ncnc1N1CCC(c2nc(-c3cccc(F)c3)cn2CCN2CCCC2)CC1
CHEMBL3972161,7.04,CHEMBL4282,92.0,NC(=O)c1c(N)ncnc1N1CCC(c2nc(-c3cccc(C(F)(F)F)c3)cn2CCN2CCCC2)CC1
CHEMBL3942559,7.12,CHEMBL4282,76.0,NC(=O)c1c(N)ncnc1N1CCC(c2nc(-c3cccc(Cl)c3)cn2CCN2CCCC2)CC1
CHEMBL3980207,7.96,CHEMBL4282,11.0,NC(=O)c1c(N)ncnc1N1CCC(c2nc(-c3ccc(F)c(C(F)(F)F)c3)cn2CCN2CCCCC2)CC1
CHEMBL3954717,7.54,CHEMBL4282,29.0,NC(=O)c1c(N)ncnc1N1CCC(c2nc(-c3ccc(F)c(OC(F)F)c3)cn2CCN2CCC2)CC1
CHEMBL3948232,5.24,CHEMBL4282,5800.0,NC(=O)c1c(N)ncnc1N1CCC(c2nc(-c3cc[nH]c(=O)c3)cn2CCN2CCC2)CC1
CHEMBL3920410,6.38,CHEMBL4282,420.0,Cc1ccc(-c2cn(CCN3CCC3)c(C3CCN(c4ncnc(N)c4C(N)=O)CC3)n2)cc1C(F)(F)F
CHEMBL3913252,6.35,CHEMBL4282,450.0,CCc1cc(-c2cn(CCN3CCC3)c(C3CCN(c4ncnc(N)c4C(N)=O)CC3)n2)ccn1
CHEMBL3941240,7.21,CHEMBL4282,61.0,NC(=O)c1c(N)ncnc1N1CCC(c2nc(-c3ccnc(C4CC4)c3)cn2CCN2CCC2)CC1
CHEMBL3918747,6.77,CHEMBL4282,170.0,CC(C)(C)c1cc(-c2cn(CCN3CCC3)c(C3CCN(c4ncnc(N)c4C(N)=O)CC3)n2)ccn1
CHEMBL3922125,5.62,CHEMBL4282,2400.0,Cc1ccc(-c2cn(CCN3CCC3)c(C3CCN(c4ncnc(N)c4C(N)=O)CC3)n2)cc1F
CHEMBL3899515,4.89,CHEMBL4282,13000.0,COc1ccc(-c2cn(CCN3CCC3)c(C3CCN(c4ncnc(N)c4C(N)=O)CC3)n2)cc1F
CHEMBL3927542,6.66,CHEMBL4282,220.0,Cc1ccc(-c2cn(CCN3CCC3)c(C3CCN(c4ncnc(N)c4C(N)=O)CC3)n2)cc1Cl
CHEMBL3912088,6.0,CHEMBL4282,990.0,COc1ccc(-c2cn(CCN3CCC3)c(C3CCN(c4ncnc(N)c4C(N)=O)CC3)n2)cc1Cl
CHEMBL3977710,7.5,CHEMBL4282,32.0,Cc1cc(-c2cn(CCN(C)C)c(C3CCN(c4ncnc(N)c4C(N)=O)CC3)n2)ccc1F
CHEMBL3976090,7.26,CHEMBL4282,55.0,CCN(CC)CCn1cc(-c2ccc(F)c(C)c2)nc1C1CCN(c2ncnc(N)c2C(N)=O)CC1
CHEMBL3905309,8.0,CHEMBL4282,10.0,Cc1cc(-c2cn(CCN3CCCC3)c(C3CCN(c4ncnc(N)c4C(N)=O)CC3)n2)ccc1F
CHEMBL3908761,7.32,CHEMBL4282,48.0,CCN(CCn1cc(-c2ccc(F)c(C)c2)nc1C1CCN(c2ncnc(N)c2C(N)=O)CC1)C(C)C
CHEMBL3982217,5.24,CHEMBL4282,5700.0,CCc1c(N)ncnc1N1CCC(c2nc(-c3cnc(N(C)C)nc3)cn2CCN2CCC2)CC1
CHEMBL3905622,6.85,CHEMBL4282,140.0,N#Cc1c(N)ncnc1N1CCC(c2nc(-c3ccccc3F)cn2CCN2CCC2)CC1
CHEMBL3894291,7.1,CHEMBL4282,80.0,CS(=O)(=O)c1cccc(-c2cn(CCN3CCC3)c(C3CCN(c4ncnc(N)c4C#N)CC3)n2)c1
CHEMBL3890873,6.25,CHEMBL4282,560.0,CS(=O)(=O)c1cccc(-c2cn(CCN3CCC3)c(C3CCN(c4ncnc(N)c4C(N)=O)CC3)n2)c1
CHEMBL3913464,6.89,CHEMBL4282,130.0,N#Cc1c(N)ncnc1N1CCC(c2nc(-c3ccc(F)c(C(F)(F)F)c3)cn2CCO)CC1
CHEMBL3983282,8.8,CHEMBL4282,1.6,N#Cc1c(N)ncnc1N1CCC(c2nc(-c3ccc(F)c(C(F)(F)F)c3)cn2CCNCC2CC2)CC1
CHEMBL3900963,7.92,CHEMBL4282,12.0,NC(=O)c1c(N)ncnc1N1CCC(c2nc(-c3ccc(F)c(C(F)(F)F)c3)cn2CCNCC2CC2)CC1
CHEMBL3909180,8.57,CHEMBL4282,2.7,CC(C)N(C)CCn1cc(-c2ccc(F)c(C(F)(F)F)c2)nc1C1CCN(c2ncnc(N)c2C#N)CC1
CHEMBL3976678,7.96,CHEMBL4282,11.0,CC(C)N(C)CCn1cc(-c2ccc(F)c(C(F)(F)F)c2)nc1C1CCN(c2ncnc(N)c2C(N)=O)CC1
CHEMBL3912087,7.12,CHEMBL4282,76.0,CN(C)CCN(C)CCn1cc(-c2ccc(F)c(C(F)(F)F)c2)nc1C1CCN(c2ncnc(N)c2C#N)CC1
CHEMBL3974022,7.58,CHEMBL4282,26.0,COCCN(C)CCn1cc(-c2ccc(F)c(C(F)(F)F)c2)nc1C1CCN(c2ncnc(N)c2C#N)CC1
CHEMBL3903066,8.6,CHEMBL4282,2.5,COCCNCCn1cc(-c2ccc(F)c(C(F)(F)F)c2)nc1C1CCN(c2ncnc(N)c2C#N)CC1
CHEMBL3963052,6.14,CHEMBL4282,730.0,CN(C)CCN(C)CCn1cc(-c2ccc(F)c(C(F)(F)F)c2)nc1C1CCN(c2ncnc(N)c2C(N)=O)CC1
CHEMBL3897576,6.36,CHEMBL4282,440.0,COCCN(C)CCn1cc(-c2ccc(F)c(C(F)(F)F)c2)nc1C1CCN(c2ncnc(N)c2C(N)=O)CC1
CHEMBL3957688,7.17,CHEMBL4282,67.0,COCCNCCn1cc(-c2ccc(F)c(C(F)(F)F)c2)nc1C1CCN(c2ncnc(N)c2C(N)=O)CC1
CHEMBL3986416,6.12,CHEMBL4282,760.0,CN(CCn1cc(-c2ccc(F)c(C(F)(F)F)c2)nc1C1CCN(c2ncnc(N)c2C(N)=O)CC1)Cc1ccccc1
CHEMBL3924599,8.27,CHEMBL4282,5.4,CC(C)NCCn1cc(-c2ccc(F)c(C(F)(F)F)c2)nc1C1CCN(c2ncnc(N)c2C#N)CC1
CHEMBL3919834,8.6,CHEMBL4282,2.5,CC(C)NCCn1cc(-c2ccc(F)c(C(F)(F)F)c2)nc1C1CCN(c2ncnc(N)c2C(N)=O)CC1
CHEMBL3917106,7.07,CHEMBL4282,85.0,COCC(C)NCCn1cc(-c2ccc(F)c(C(F)(F)F)c2)nc1C1CCN(c2ncnc(N)c2C(N)=O)CC1
CHEMBL3980521,9.15,CHEMBL4282,0.7,CC(C)CNCCn1cc(-c2ccc(F)c(C(F)(F)F)c2)nc1C1CCN(c2ncnc(N)c2C#N)CC1
CHEMBL3919344,7.92,CHEMBL4282,12.0,CC(C)CNCCn1cc(-c2ccc(F)c(C(F)(F)F)c2)nc1C1CCN(c2ncnc(N)c2C(N)=O)CC1
CHEMBL3894849,8.82,CHEMBL4282,1.5,CNCCn1cc(-c2ccc(F)c(C(F)(F)F)c2)nc1C1CCN(c2ncnc(N)c2C#N)CC1
CHEMBL3895898,8.72,CHEMBL4282,1.9,CC(C)(C)NCCn1cc(-c2ccc(F)c(C(F)(F)F)c2)nc1C1CCN(c2ncnc(N)c2C#N)CC1
CHEMBL3967166,7.48,CHEMBL4282,33.0,CNCCn1cc(-c2ccc(F)c(C(F)(F)F)c2)nc1C1CCN(c2ncnc(N)c2C(N)=O)CC1
CHEMBL3904852,8.01,CHEMBL4282,9.7,CC(C)(C)NCCn1cc(-c2ccc(F)c(C(F)(F)F)c2)nc1C1CCN(c2ncnc(N)c2C(N)=O)CC1
CHEMBL3972479,8.64,CHEMBL4282,2.3,Cc1cc(-c2cn(CCNCC3CC3)c(C3CCN(c4ncnc(N)c4C#N)CC3)n2)ccc1F
CHEMBL3963056,8.57,CHEMBL4282,2.7,Cc1cc(-c2cn(CCN(C)C(C)C)c(C3CCN(c4ncnc(N)c4C#N)CC3)n2)ccc1F
CHEMBL3890076,8.54,CHEMBL4282,2.9,Cc1cc(-c2cn(CCNC(C)C)c(C3CCN(c4ncnc(N)c4C#N)CC3)n2)ccc1F
CHEMBL3960355,9.1,CHEMBL4282,0.8,N#Cc1c(N)ncnc1N1CCC(c2nc(-c3ccc(F)c(C(F)(F)F)c3)cn2CCNC2CCCC2)CC1
CHEMBL3891300,8.37,CHEMBL4282,4.3,CCC(C)(C)NCCn1cc(-c2ccc(F)c(C(F)(F)F)c2)nc1C1CCN(c2ncnc(N)c2C#N)CC1
CHEMBL3974713,8.08,CHEMBL4282,8.4,Cc1cc(-c2cn(CCNCC3CC3)c(C3CCN(c4ncnc(N)c4C(N)=O)CC3)n2)ccc1F
CHEMBL3900331,6.36,CHEMBL4282,440.0,Cc1cc(-c2cn(CCO)c(C3CCN(c4ncnc(N)c4C#N)CC3)n2)ccc1F
CHEMBL3946371,7.38,CHEMBL4282,42.0,Cc1cc(-c2cn(CCN(C)C(C)C)c(C3CCN(c4ncnc(N)c4C(N)=O)CC3)n2)ccc1F
CHEMBL3975681,7.82,CHEMBL4282,15.0,Cc1cc(-c2cn(CCNC(C)C)c(C3CCN(c4ncnc(N)c4C(N)=O)CC3)n2)ccc1F
CHEMBL3951639,8.08,CHEMBL4282,8.4,NC(=O)c1c(N)ncnc1N1CCC(c2nc(-c3ccc(F)c(C(F)(F)F)c3)cn2CCNC2CCCC2)CC1
CHEMBL3983708,7.89,CHEMBL4282,13.0,CCC(C)(C)NCCn1cc(-c2ccc(F)c(C(F)(F)F)c2)nc1C1CCN(c2ncnc(N)c2C(N)=O)CC1
CHEMBL3927358,9.15,CHEMBL4282,0.7,Cc1cc(-c2cn(CCNC3CCCC3)c(C3CCN(c4ncnc(N)c4C#N)CC3)n2)ccc1F
CHEMBL3954981,8.85,CHEMBL4282,1.4,Cc1cc(-c2cn(CCNCC(C)C)c(C3CCN(c4ncnc(N)c4C#N)CC3)n2)ccc1F
CHEMBL3934916,8.25,CHEMBL4282,5.6,Cc1cc(-c2cn(CCNC3CCCC3)c(C3CCN(c4ncnc(N)c4C(N)=O)CC3)n2)ccc1F
CHEMBL3974261,7.89,CHEMBL4282,13.0,Cc1cc(-c2cn(CCNCC(C)C)c(C3CCN(c4ncnc(N)c4C(N)=O)CC3)n2)ccc1F
CHEMBL3897830,7.33,CHEMBL4282,47.0,Cc1cc(-c2cn(CCO)c(C3CCN(c4ncnc(N)c4C(N)=O)CC3)n2)ccc1F
CHEMBL3969016,8.77,CHEMBL4282,1.7,CNCCn1cc(-c2ccc(F)c(C)c2)nc1C1CCN(c2ncnc(N)c2C#N)CC1
CHEMBL3949232,6.75,CHEMBL4282,180.0,NC(=O)c1c(N)ncnc1N1CCC(c2nc(-c3ccc(F)c(C(F)(F)F)c3)cn2CCO)CC1
CHEMBL3924930,6.47,CHEMBL4282,340.0,CCOc1c(N)ncnc1N1CCC(c2nc(-c3ccc(F)c(C)c3)cn2CCO)CC1
CHEMBL3940462,7.8,CHEMBL4282,16.0,CNCCn1cc(-c2ccc(F)c(C)c2)nc1C1CCN(c2ncnc(N)c2C(N)=O)CC1
CHEMBL3912471,8.82,CHEMBL4282,1.5,CCOc1c(N)ncnc1N1CCC(c2nc(-c3ccc(F)c(C(F)(F)F)c3)cn2CCNC(C)C)CC1
CHEMBL3974777,7.25,CHEMBL4282,56.0,Cc1cc(-c2cn(CC3CN(CO)C3)c(C3CCN(c4ncnc(N)c4C(C)C)CC3)n2)ccc1F
CHEMBL3936990,9.52,CHEMBL4282,0.3,CCc1c(N)ncnc1N1CCC(c2nc(-c3ccc(F)c(C)c3)cn2CC2CN(C)C2)CC1
CHEMBL3908126,8.66,CHEMBL4282,2.2,O=C(Nc1csc(-c2nncn2C2CC2)n1)c1cc(-n2cnc(C3CC3)c2)c(N2CC(C(F)F)C2)cn1
CHEMBL3975211,9.05,CHEMBL4282,0.9,N#CC1CN(c2cnc(C(=O)Nc3csc(-c4nncn4C4CC4)n3)cc2-n2cnc(C3CC3)c2)C1
CHEMBL3935565,8.72,CHEMBL4282,1.9,CC1(C#N)CN(c2cnc(C(=O)Nc3csc(-c4nncn4C4CC4)n3)cc2-n2cnc(C3CC3)c2)C1
CHEMBL3905950,8.74,CHEMBL4282,1.8,COC1(C)CN(c2cnc(C(=O)Nc3csc(-c4nncn4C4CC4)n3)cc2-n2cnc(C3CC3)c2)C1
CHEMBL3957940,8.55,CHEMBL4282,2.8,O=C(Nc1csc(-c2nncn2C2CC2)n1)c1cc(-n2cnc(C3CC3)c2)c(N2CC(F)(F)C2)cn1
CHEMBL3895494,8.55,CHEMBL4282,2.8,COC1CCN(c2cnc(C(=O)Nc3csc(-c4nncn4C4CC4)n3)cc2-n2cnc(C3CC3)c2)C1
CHEMBL3924518,8.49,CHEMBL4282,3.2,O=C(Nc1csc(-c2nncn2C2CC2)n1)c1cc(-n2cnc(C3CC3)c2)c(N2CCC(C(F)(F)F)CC2)cn1
CHEMBL3920406,8.6,CHEMBL4282,2.5,O=C(Nc1csc(-c2nncn2C2CC2)n1)c1cc(-n2cnc(C3CC3)c2)c(N2CCC(F)CC2)cn1
CHEMBL3898363,8.66,CHEMBL4282,2.2,N#CC1CCN(c2cnc(C(=O)Nc3csc(-c4nncn4C4CC4)n3)cc2-n2cnc(C3CC3)c2)CC1
CHEMBL3943452,8.49,CHEMBL4282,3.2,COC1CCN(c2cnc(C(=O)Nc3csc(-c4nncn4C4CC4)n3)cc2-n2cnc(C3CC3)c2)CC1
CHEMBL3969572,9.4,CHEMBL4282,0.4,CNC(=O)C1CCN(c2cnc(C(=O)Nc3csc(-c4nncn4C4CC4)n3)cc2-n2cnc(C3CC3)c2)CC1
CHEMBL3981380,7.85,CHEMBL4282,14.2,COC1(C)CCN(c2cnc(C(=O)Nc3csc(-c4nncn4C4CC4)n3)cc2-n2cnc(C3CC3)c2)CC1
CHEMBL3953443,8.54,CHEMBL4282,2.9,O=C(Nc1csc(-c2nncn2C2CC2)n1)c1cc(-n2cnc(C3CC3)c2)c(N2CCN(CC(F)(F)F)CC2)cn1
CHEMBL3893943,8.42,CHEMBL4282,3.8,O=C(Nc1csc(-c2nncn2C2CC2)n1)c1cc(-n2cnc(C3CC3)c2)c(N2CCCOCC2)cn1
CHEMBL3964706,8.57,CHEMBL4282,2.7,O=C(Nc1csc(-c2nncn2C2CC2)n1)c1cc(-n2cnc(C3CC3)c2)c(N2CCN3CCCC3C2)cn1
CHEMBL3963748,8.57,CHEMBL4282,2.7,O=C(Nc1csc(-c2nncn2C2CC2)n1)c1cc(-n2cnc(C3CC3)c2)c(N2CCN3C(=O)OCC3C2)cn1
CHEMBL3922577,8.96,CHEMBL4282,1.1,O=C(Nc1csc(-c2nncn2C2CC2)n1)c1cc(-n2cnc(C3CC3)c2)c(N2CC3CC3C2)cn1
CHEMBL3986247,8.64,CHEMBL4282,2.3,O=C(Nc1csc(-c2nncn2C2CC2)n1)c1cc(-n2cnc(C3CC3)c2)c(N2CC(N3CCOCC3)C2)cn1
CHEMBL3954180,8.55,CHEMBL4282,2.8,O=C(Nc1csc(-c2nncn2C2CC2)n1)c1cc(-n2cnc(C3CC3)c2)c(N2CCN(C3CC3)CC2)cn1
CHEMBL3978053,8.6,CHEMBL4282,2.5,O=C(Nc1csc(-c2nncn2C2CC2)n1)c1cc(-n2cnc(C3CC3)c2)c(N2CCN(CC3CC3)CC2)cn1
CHEMBL3948895,8.72,CHEMBL4282,1.9,O=C(Nc1csc(-c2nncn2C2CC2)n1)c1cc(-n2cnc(C3CC3)c2)c(N2CCC3(CC2)COC3)cn1
CHEMBL3973753,8.35,CHEMBL4282,4.5,O=C(Nc1csc(-c2nncn2C2CC2)n1)c1cc(-n2cnc(C3CC3)c2)c(N2CC3(CCOCC3)C2)cn1
CHEMBL3946920,8.7,CHEMBL4282,2.0,COCC1CN(c2cnc(C(=O)Nc3csc(-c4nncn4[C@@H](C)C(F)(F)F)n3)cc2-n2cnc(C3CC3)c2)C1
CHEMBL3893968,8.85,CHEMBL4282,1.4,C[C@H](n1cnnc1-c1nc(NC(=O)c2cc(-n3cnc(C4CC4)c3)c(N3CC(C)(C#N)C3)cn2)cs1)C(F)(F)F
CHEMBL3953748,8.7,CHEMBL4282,2.0,COC1(C)CN(c2cnc(C(=O)Nc3csc(-c4nncn4[C@@H](C)C(F)(F)F)n3)cc2-n2cnc(C3CC3)c2)C1
CHEMBL3930015,8.77,CHEMBL4282,1.7,C[C@H](n1cnnc1-c1nc(NC(=O)c2cc(-n3cnc(C4CC4)c3)c(N3CC(C(F)F)C3)cn2)cs1)C(F)(F)F
CHEMBL3961734,8.68,CHEMBL4282,2.1,C[C@H](n1cnnc1-c1nc(NC(=O)c2cc(-n3cnc(C4CC4)c3)c(N3CCC(F)(F)C3)cn2)cs1)C(F)(F)F
CHEMBL3909615,8.72,CHEMBL4282,1.9,COC1CCN(c2cnc(C(=O)Nc3csc(-c4nncn4[C@@H](C)C(F)(F)F)n3)cc2-n2cnc(C3CC3)c2)C1
CHEMBL3917308,8.77,CHEMBL4282,1.7,C[C@H](n1cnnc1-c1nc(NC(=O)c2cc(-n3cnc(C4CC4)c3)c(N3CCC(C#N)CC3)cn2)cs1)C(F)(F)F
CHEMBL3904498,8.64,CHEMBL4282,2.3,COC1CCN(c2cnc(C(=O)Nc3csc(-c4nncn4[C@@H](C)C(F)(F)F)n3)cc2-n2cnc(C3CC3)c2)CC1
CHEMBL3908356,8.64,CHEMBL4282,2.3,CNC(=O)C1CCN(c2cnc(C(=O)Nc3csc(-c4nncn4[C@@H](C)C(F)(F)F)n3)cc2-n2cnc(C3CC3)c2)CC1
CHEMBL3976987,8.82,CHEMBL4282,1.5,C[C@H](n1cnnc1-c1nc(NC(=O)c2cc(-n3cnc(C4CC4)c3)c(N3CCC(C(F)(F)F)CC3)cn2)cs1)C(F)(F)F
CHEMBL3902880,8.92,CHEMBL4282,1.2,C[C@H](n1cnnc1-c1nc(NC(=O)c2cc(-n3cnc(C4CC4)c3)c(N3CCN(CC(F)(F)F)CC3)cn2)cs1)C(F)(F)F
CHEMBL3962884,8.77,CHEMBL4282,1.7,C[C@H](n1cnnc1-c1nc(NC(=O)c2cc(-n3cnc(C4CC4)c3)c(N3CCC(F)CC3)cn2)cs1)C(F)(F)F
CHEMBL3893936,8.66,CHEMBL4282,2.2,COC1(C)CCN(c2cnc(C(=O)Nc3csc(-c4nncn4[C@@H](C)C(F)(F)F)n3)cc2-n2cnc(C3CC3)c2)CC1
CHEMBL3954144,8.72,CHEMBL4282,1.9,C[C@H](n1cnnc1-c1nc(NC(=O)c2cc(-n3cnc(C4CC4)c3)c(N3CCCOCC3)cn2)cs1)C(F)(F)F
CHEMBL3979677,8.74,CHEMBL4282,1.8,C[C@H](n1cnnc1-c1nc(NC(=O)c2cc(-n3cnc(C4CC4)c3)c(N3CCN4CCCC4C3)cn2)cs1)C(F)(F)F
CHEMBL3899813,8.62,CHEMBL4282,2.4,C[C@H](n1cnnc1-c1nc(NC(=O)c2cc(-n3cnc(C4CC4)c3)c(N3CC4CN(C)CC4C3)cn2)cs1)C(F)(F)F
CHEMBL3926976,8.64,CHEMBL4282,2.3,C[C@H](n1cnnc1-c1nc(NC(=O)c2cc(-n3cnc(C4CC4)c3)c(N3CCN4C(=O)OCC4C3)cn2)cs1)C(F)(F)F
CHEMBL3953359,8.66,CHEMBL4282,2.2,C[C@H](n1cnnc1-c1nc(NC(=O)c2cc(-n3cnc(C4CC4)c3)c(N3CC4CC4C3)cn2)cs1)C(F)(F)F
CHEMBL3924482,8.72,CHEMBL4282,1.9,C[C@H](n1cnnc1-c1nc(NC(=O)c2cc(-n3cnc(C4CC4)c3)c(N3CC(N4CCOCC4)C3)cn2)cs1)C(F)(F)F
CHEMBL3925596,8.74,CHEMBL4282,1.8,C[C@H](n1cnnc1-c1nc(NC(=O)c2cc(-n3cnc(C4CC4)c3)c(N3CCN(C4CC4)CC3)cn2)cs1)C(F)(F)F
CHEMBL3897512,8.74,CHEMBL4282,1.8,C[C@H](n1cnnc1-c1nc(NC(=O)c2cc(-n3cnc(C4CC4)c3)c(N3CCN(CC4CC4)CC3)cn2)cs1)C(F)(F)F
CHEMBL3961404,8.68,CHEMBL4282,2.1,C[C@H](n1cnnc1-c1nc(NC(=O)c2cc(-n3cnc(C4CC4)c3)c(N3CCC4(CC3)COC4)cn2)cs1)C(F)(F)F
CHEMBL3903012,8.59,CHEMBL4282,2.6,C[C@H](n1cnnc1-c1nc(NC(=O)c2cc(-n3cnc(C4CC4)c3)c(N3CC4(CCOCC4)C3)cn2)cs1)C(F)(F)F
CHEMBL3982161,5.8,CHEMBL4282,1600.0,NC1(c2ccc(-c3nc4c(O)nccn4c3-c3ccccc3)cc2)CCC1
CHEMBL3944710,7.21,CHEMBL4282,61.0,Cc1cn2c(-c3ccccc3)c(-c3ccc(C4(N)CCC4)cc3)nc2c(C)n1
CHEMBL3977365,7.66,CHEMBL4282,22.0,COc1nc(Br)cn2c(-c3ccccc3)c(-c3ccc(C4(N)CCC4)cc3)nc12
CHEMBL3895917,6.96,CHEMBL4282,110.0,CCc1cn2c(-c3ccccc3)c(-c3ccc(C4(N)CCC4)cc3)nc2c(OC)n1
CHEMBL3968885,7.0,CHEMBL4282,100.0,CCOC(=O)c1cn2c(-c3ccccc3)c(-c3ccc(C4(N)CCC4)cc3)nc2cn1
CHEMBL3932688,6.96,CHEMBL4282,110.0,NC(=O)c1cn2c(-c3ccccc3)c(-c3ccc(C4(N)CCC4)cc3)nc2cn1
CHEMBL3956697,7.19,CHEMBL4282,64.0,COC(=O)c1cn2c(-c3ccccc3)c(-c3ccc(C4(N)CCC4)cc3)nc2c(OC)n1
CHEMBL3931748,7.54,CHEMBL4282,29.0,COc1nc(C(N)=O)cn2c(-c3ccccc3)c(-c3ccc(C4(N)CCC4)cc3)nc12
CHEMBL2325997,8.12,CHEMBL4282,7.6,CC(NC(=O)C1(N)CCN(c2ncnc3[nH]ccc23)CC1)c1ccc(Cl)cc1
CHEMBL2325743,8.42,CHEMBL4282,3.8,C[C@H](NC(=O)C1(N)CCN(c2ncnc3[nH]ccc23)CC1)c1ccc(Cl)cc1
CHEMBL2325982,8.17,CHEMBL4282,6.7,CCC(NC(=O)C1(N)CCN(c2ncnc3[nH]ccc23)CC1)c1ccc(Cl)cc1
CHEMBL5804752,8.59,CHEMBL4282,2.6,CC[C@H](NC(=O)C1(N)CCN(c2ncnc3[nH]ccc23)CC1)c1ccc(Cl)cc1
CHEMBL5999638,6.57,CHEMBL4282,270.0,CC[C@@H](NC(=O)C1(N)CCN(c2ncnc3[nH]ccc23)CC1)c1ccc(Cl)cc1
CHEMBL2325983,8.3,CHEMBL4282,5.0,NC1(C(=O)NC(c2ccc(Cl)cc2)C2CC2)CCN(c2ncnc3[nH]ccc23)CC1
CHEMBL5758529,8.01,CHEMBL4282,9.7,NCC(NC(=O)C1(N)CCN(c2ncnc3[nH]ccc23)CC1)c1ccc(Cl)cc1
CHEMBL6061476,8.92,CHEMBL4282,1.2,C[C@H](NC(=O)C1(CN)CCN(c2ncnc3[nH]ccc23)CC1)c1ccc(Cl)cc1
CHEMBL2325739,8.21,CHEMBL4282,6.1,NC1(C(=O)NC(CCCO)c2ccc(Cl)cc2)CCN(c2ncnc3[nH]ccc23)CC1
CHEMBL5914656,8.35,CHEMBL4282,4.5,NC1(C(=O)N[C@@H](CCCO)c2ccc(Cl)cc2)CCN(c2ncnc3[nH]ccc23)CC1
CHEMBL5776584,6.62,CHEMBL4282,240.0,NC1(C(=O)N[C@H](CCCO)c2ccc(Cl)cc2)CCN(c2ncnc3[nH]ccc23)CC1
CHEMBL2325737,8.15,CHEMBL4282,7.1,NC1(C(=O)NC(CO)c2ccc(Cl)cc2)CCN(c2ncnc3[nH]ccc23)CC1
CHEMBL6010915,8.49,CHEMBL4282,3.2,NC1(C(=O)N[C@H](CCO)c2ccc(Cl)cc2)CCN(c2ncnc3[nH]ccc23)CC1
CHEMBL5849470,8.38,CHEMBL4282,4.2,CC(=O)NCCC(NC(=O)C1(N)CCN(c2ncnc3[nH]ccc23)CC1)c1ccc(Cl)cc1
CHEMBL2325992,8.7,CHEMBL4282,2.0,CN(C)CCC(NC(=O)C1(N)CCN(c2ncnc3[nH]ccc23)CC1)c1ccc(Cl)cc1
CHEMBL2325727,8.55,CHEMBL4282,2.8,CN(C)CC[C@H](NC(=O)C1(N)CCN(c2ncnc3[nH]ccc23)CC1)c1ccc(Cl)cc1
CHEMBL5782008,7.68,CHEMBL4282,21.0,CN(C)CC[C@@H](NC(=O)C1(N)CCN(c2ncnc3[nH]ccc23)CC1)c1ccc(Cl)cc1
CHEMBL5818600,8.57,CHEMBL4282,2.7,NCC1(C(=O)NC(CCO)c2ccc(Cl)cc2)CCN(c2ncnc3[nH]ccc23)CC1
CHEMBL2325738,8.38,CHEMBL4282,4.2,NC1(C(=O)NC(CCO)c2ccc(Cl)cc2)CCN(c2ncnc3[nH]ccc23)CC1
CHEMBL5762410,8.52,CHEMBL4282,3.0,NCCC(NC(=O)C1(N)CCN(c2ncnc3[nH]ccc23)CC1)c1ccc(Cl)cc1
CHEMBL6010915,7.03,CHEMBL4282,93.0,NC1(C(=O)N[C@H](CCO)c2ccc(Cl)cc2)CCN(c2ncnc3[nH]ccc23)CC1
CHEMBL2325742,6.55,CHEMBL4282,280.0,C[C@@H](NC(=O)C1(N)CCN(c2ncnc3[nH]ccc23)CC1)c1ccc(Cl)cc1
CHEMBL5967812,7.92,CHEMBL4282,12.0,C[C@@H](NC(=O)C1(CN)CCN(c2ncnc3[nH]ccc23)CC1)c1ccc(Cl)cc1
CHEMBL5996984,7.8,CHEMBL4282,16.0,N#Cc1ccc([C@H](CCO)NC(=O)C2(N)CCN(c3ncnc4[nH]ccc34)CC2)cc1
CHEMBL6032267,7.96,CHEMBL4282,11.0,NC1(C(=O)N[C@@H](CCO)c2ccc(Cl)cc2)CCN(c2ncnc3[nH]cc(Br)c23)CC1
CHEMBL5800023,7.7,CHEMBL4282,20.0,NC1(C(=O)N[C@@H](CCO)c2ccc(Cl)cc2)CCN(c2ncnc3[nH]ncc23)CC1
CHEMBL6028902,7.23,CHEMBL4282,59.0,NC1(C(=O)N[C@@H](CCO)c2ccccc2)CCN(c2ncnc3[nH]ccc23)CC1
CHEMBL5780547,8.12,CHEMBL4282,7.5,NC1(C(=O)N[C@@H](CCO)c2ccc(Cl)cc2)CCN(c2ncnc3[nH]cnc23)CC1
CHEMBL5798563,8.89,CHEMBL4282,1.3,NCC1(C(=O)N[C@@H](CCO)c2ccc(Cl)cc2)CCN(c2ncnc3[nH]ccc23)CC1
CHEMBL5948798,8.66,CHEMBL4282,2.2,NC1(C(=O)N[C@@H](CCO)c2ccc(Br)cc2)CCN(c2ncnc3[nH]ccc23)CC1
CHEMBL2325993,8.54,CHEMBL4282,2.9,CN(C)CCCC(NC(=O)C1(N)CCN(c2ncnc3[nH]ccc23)CC1)c1ccc(Cl)cc1
CHEMBL5779455,8.25,CHEMBL4282,5.6,CCN(CC)CC[C@H](NC(=O)C1(N)CCN(c2ncnc3[nH]ccc23)CC1)c1ccc(Cl)cc1
CHEMBL5832331,7.8,CHEMBL4282,16.0,NC1(C(=O)N[C@@H](CCO)c2ccc(Cl)cc2)CCN(c2ncnc3[nH]cc(C4CC4)c23)CC1
CHEMBL5998995,8.35,CHEMBL4282,4.5,CNCCC(NC(=O)C1(N)CCN(c2ncnc3[nH]ccc23)CC1)c1ccc(Cl)cc1
CHEMBL2325984,7.39,CHEMBL4282,41.0,NC1(C(=O)NC(c2ccccc2)c2ccc(Cl)cc2)CCN(c2ncnc3[nH]ccc23)CC1
CHEMBL2325730,7.52,CHEMBL4282,30.0,NC(=O)C(NC(=O)C1(N)CCN(c2ncnc3[nH]ccc23)CC1)c1ccc(Cl)cc1
CHEMBL5775086,7.62,CHEMBL4282,24.0,C[C@H](NC(=O)C1(N)CCN(c2ncnc3[nH]nc(Br)c23)CC1)c1ccc(Cl)cc1
CHEMBL6026023,7.92,CHEMBL4282,12.0,C[C@H](NC(=O)C1(N)CCN(c2ncnc3[nH]cc(Cl)c23)CC1)c1ccc(Cl)cc1
CHEMBL5849633,7.85,CHEMBL4282,14.0,NC1(C(=O)N[C@@H](CCO)c2ccc(Cl)cc2)CCN(c2ncnc3[nH]nc(Br)c23)CC1
CHEMBL5865809,8.04,CHEMBL4282,9.2,NC1(C(=O)N[C@@H](CCO)c2ccc(Cl)cc2)CCN(c2ncnc3[nH]cc(Cl)c23)CC1
CHEMBL5767632,8.4,CHEMBL4282,4.0,C[C@H](NC(=O)C1(N)CCN(c2ncnc3[nH]cc(Br)c23)CC1)c1ccc(Cl)cc1
CHEMBL5786800,7.85,CHEMBL4282,14.0,Cc1c[nH]c2ncnc(N3CCC(N)(C(=O)N[C@@H](CCO)c4ccc(Cl)cc4)CC3)c12
CHEMBL5819896,7.72,CHEMBL4282,19.0,Cc1c[nH]c2ncnc(N3CCC(N)(C(=O)N[C@@H](C)c4ccc(Cl)cc4)CC3)c12
CHEMBL5828090,8.27,CHEMBL4282,5.4,CC(C)(O)C[C@H](NC(=O)C1(N)CCN(c2ncnc3[nH]ccc23)CC1)c1ccc(Cl)cc1
CHEMBL5908589,7.3,CHEMBL4282,50.0,C[C@H](NC(=O)C1(N)CCN(c2ncnc3[nH]ccc23)CC1)c1ccc(C#N)cc1
CHEMBL5870443,7.5,CHEMBL4282,32.0,NC1(C(=O)N[C@@H](CCO)c2cccc(Cl)c2)CCN(c2ncnc3[nH]ccc23)CC1
CHEMBL5921561,7.8,CHEMBL4282,16.0,C[C@H](NC(=O)C1(N)CCN(c2ncnc3[nH]ccc23)CC1)c1ccc(C(F)(F)F)cc1
CHEMBL5982628,7.5,CHEMBL4282,32.0,C[C@@H](NC(=O)C1(N)CCN(c2ncnc3[nH]ccc23)CC1)c1ccc(Br)cc1
CHEMBL2325985,7.51,CHEMBL4282,31.0,NC1(C(=O)NC(Cc2ccccc2)c2ccc(Cl)cc2)CCN(c2ncnc3[nH]ccc23)CC1
CHEMBL2325987,8.05,CHEMBL4282,8.9,CC(NC(=O)C1(N)CCN(c2ncnc3[nH]ccc23)CC1)c1ccc(F)cc1
CHEMBL5883220,6.64,CHEMBL4282,230.0,N#CC(NC(=O)C1(N)CCN(c2ncnc3[nH]ccc23)CC1)c1ccc(Cl)cc1
CHEMBL2325986,6.82,CHEMBL4282,150.0,CC(NC(=O)C1(N)CCN(c2ncnc3[nH]ccc23)CC1)c1ccccc1
CHEMBL2325994,8.44,CHEMBL4282,3.6,NC1(C(=O)NC(CCCN2CCCC2)c2ccc(Cl)cc2)CCN(c2ncnc3[nH]ccc23)CC1
CHEMBL2325995,8.25,CHEMBL4282,5.6,NC1(C(=O)NC(CCCN2CCOCC2)c2ccc(Cl)cc2)CCN(c2ncnc3[nH]ccc23)CC1
CHEMBL2325996,8.3,CHEMBL4282,5.0,NC1(C(=O)NC(CCCN2CCCCC2)c2ccc(Cl)cc2)CCN(c2ncnc3[nH]ccc23)CC1
CHEMBL5914899,8.48,CHEMBL4282,3.3,NC1(C(=O)N[C@H](CCCN2CCCCC2)c2ccc(Cl)cc2)CCN(c2ncnc3[nH]ccc23)CC1
CHEMBL6064010,7.32,CHEMBL4282,48.0,NC1(C(=O)N[C@@H](CCCN2CCCCC2)c2ccc(Cl)cc2)CCN(c2ncnc3[nH]ccc23)CC1
CHEMBL5909930,8.37,CHEMBL4282,4.3,CN1CCN(CC[C@H](NC(=O)C2(N)CCN(c3ncnc4[nH]ccc34)CC2)c2ccc(Cl)cc2)CC1
CHEMBL5783615,8.0,CHEMBL4282,10.0,NC1(C(=O)N[C@@H](CCN2CCOCC2)c2ccc(Cl)cc2)CCN(c2ncnc3[nH]ccc23)CC1
CHEMBL2325729,8.43,CHEMBL4282,3.7,NC1(C(=O)N[C@@H](CCN2CCCCC2)c2ccc(Cl)cc2)CCN(c2ncnc3[nH]ccc23)CC1
CHEMBL6008744,8.2,CHEMBL4282,6.3,NC1(C(=O)N[C@@H](CCN2CCNCC2)c2ccc(Cl)cc2)CCN(c2ncnc3[nH]ccc23)CC1
CHEMBL5962920,8.47,CHEMBL4282,3.4,NC1(C(=O)N[C@@H](CCn2ccnc2)c2ccc(Cl)cc2)CCN(c2ncnc3[nH]ccc23)CC1
CHEMBL2325728,8.41,CHEMBL4282,3.9,NC1(C(=O)N[C@@H](CCN2CCCC2)c2ccc(Cl)cc2)CCN(c2ncnc3[nH]ccc23)CC1
CHEMBL2325735,7.8,CHEMBL4282,16.0,CS(=O)(=O)NCC(NC(=O)C1(N)CCN(c2ncnc3[nH]ccc23)CC1)c1ccc(Cl)cc1
CHEMBL2325733,7.92,CHEMBL4282,12.0,NC1(C(=O)NC(CS(N)(=O)=O)c2ccc(Cl)cc2)CCN(c2ncnc3[nH]ccc23)CC1
CHEMBL2325732,7.51,CHEMBL4282,31.0,CC(=O)NCC(NC(=O)C1(N)CCN(c2ncnc3[nH]ccc23)CC1)c1ccc(Cl)cc1
CHEMBL5788486,8.2,CHEMBL4282,6.3,NC1(C(=O)NC(Cc2ncc[nH]2)c2ccc(Cl)cc2)CCN(c2ncnc3[nH]ccc23)CC1
CHEMBL5907432,7.64,CHEMBL4282,23.0,NC1(C(=O)NC(Cn2cccn2)c2ccc(Cl)cc2)CCN(c2ncnc3[nH]ccc23)CC1
CHEMBL5842760,7.64,CHEMBL4282,23.0,Cc1cc(CC(NC(=O)C2(N)CCN(c3ncnc4[nH]ccc34)CC2)c2ccc(Cl)cc2)on1
CHEMBL5979553,7.55,CHEMBL4282,28.0,NC1(C(=O)NC(Cc2nccs2)c2ccc(Cl)cc2)CCN(c2ncnc3[nH]ccc23)CC1
CHEMBL2325731,7.38,CHEMBL4282,42.0,CN(C)C(=O)CC(NC(=O)C1(N)CCN(c2ncnc3[nH]ccc23)CC1)c1ccc(Cl)cc1
CHEMBL2325740,8.02,CHEMBL4282,9.5,COCCC(NC(=O)C1(N)CCN(c2ncnc3[nH]ccc23)CC1)c1ccc(Cl)cc1
CHEMBL2325734,8.19,CHEMBL4282,6.4,NC1(C(=O)NC(CCS(N)(=O)=O)c2ccc(Cl)cc2)CCN(c2ncnc3[nH]ccc23)CC1
CHEMBL5977643,8.18,CHEMBL4282,6.6,NC(=O)CC(NC(=O)C1(N)CCN(c2ncnc3[nH]ccc23)CC1)c1ccc(Cl)cc1
CHEMBL5804316,8.11,CHEMBL4282,7.7,NC(=O)NCCC(NC(=O)C1(N)CCN(c2ncnc3[nH]ccc23)CC1)c1ccc(Cl)cc1
CHEMBL5956984,7.92,CHEMBL4282,12.0,N#CCC(NC(=O)C1(N)CCN(c2ncnc3[nH]ccc23)CC1)c1ccc(Cl)cc1
CHEMBL2325736,8.16,CHEMBL4282,6.9,CS(=O)(=O)NCCC(NC(=O)C1(N)CCN(c2ncnc3[nH]ccc23)CC1)c1ccc(Cl)cc1
CHEMBL5290589,8.03,CHEMBL4282,9.25,Cc1c(Oc2ccc(CN)cc2F)ccc2c1B(O)OC2
CHEMBL5842711,7.67,CHEMBL4282,21.5,Cc1c(Oc2ccc(C(C)N)cc2F)ccc2c1B(O)OC2
CHEMBL5797833,7.36,CHEMBL4282,44.1,Cc1c(Oc2ccc([C@H](C)N)cc2F)ccc2c1B(O)OC2
CHEMBL6002820,7.96,CHEMBL4282,10.87,Cc1c(Oc2ccc([C@@H](C)N)cc2F)ccc2c1B(O)OC2
CHEMBL5273774,8.38,CHEMBL4282,4.22,CC(C)c1c(Oc2ccc(CN)cc2Cl)ccc2c1B(O)OC2
CHEMBL5832328,6.77,CHEMBL4282,170.0,Cc1ccc2nc(-c3ccc(C4(N)CCC4)cc3)c(-c3ccccc3)n2n1
CHEMBL5978129,7.19,CHEMBL4282,65.0,CCc1ccc2nc(-c3ccc(C4(N)CCC4)cc3)c(-c3ccccc3)n2n1
CHEMBL5917794,6.92,CHEMBL4282,120.0,NC1(c2ccc(-c3nc4ccc(C(F)(F)F)nn4c3-c3ccccc3)cc2)CCC1
CHEMBL6054995,7.07,CHEMBL4282,85.0,CCOC(=O)c1ccc2nc(-c3ccc(C4(N)CCC4)cc3)c(-c3ccccc3)n2n1
CHEMBL4751394,8.28,CHEMBL4282,5.2,NC(=O)c1ccc2nc(-c3ccc(C4(N)CCC4)cc3)c(-c3ccccc3)n2n1
CHEMBL5740367,8.38,CHEMBL4282,4.2,COc1ccc2nc(-c3ccc(C4(N)CCC4)cc3)c(-c3ccccc3)n2n1
CHEMBL5880268,8.16,CHEMBL4282,6.9,COc1cc(Br)nn2c(-c3ccccc3)c(-c3ccc(C4(N)CCC4)cc3)nc12
CHEMBL5827571,6.35,CHEMBL4282,450.0,NC1(c2ccc(-c3nc4ccc(C(=O)O)nn4c3-c3ccccc3)cc2)CCC1
CHEMBL5773950,8.41,CHEMBL4282,3.9,COc1cc(OC)c2nc(-c3ccc(C4(N)CCC4)cc3)c(-c3ccccc3)n2n1
CHEMBL5877555,8.59,CHEMBL4282,2.6,COc1cc(C(C)=O)nn2c(-c3ccccc3)c(-c3ccc(C4(N)CCC4)cc3)nc12
CHEMBL5796851,6.89,CHEMBL4282,130.0,COc1ccnn2c(-c3ccccc3)c(-c3ccc(C4(N)CCC4)cc3)nc12
CHEMBL6034065,7.68,CHEMBL4282,21.0,COC(=O)c1cc(OC)c2nc(-c3ccc(C4(N)CCC4)cc3)c(-c3ccccc3)n2n1
CHEMBL6002664,7.11,CHEMBL4282,78.0,CCc1cc(OC)c2nc(-c3ccc(C4(N)CCC4)cc3)c(-c3ccccc3)n2n1
CHEMBL6065879,8.01,CHEMBL4282,9.8,COc1cc(-c2cccnc2)c2nc(-c3ccc(C4(N)CCC4)cc3)c(-c3ccccc3)n2n1
CHEMBL5883799,8.36,CHEMBL4282,4.4,COc1cc(-c2cn[nH]c2)c2nc(-c3ccc(C4(N)CCC4)cc3)c(-c3ccccc3)n2n1
CHEMBL5862997,6.8,CHEMBL4282,160.0,CCc1cc(CC)c2nc(-c3ccc(C4(N)CCC4)cc3)c(-c3ccccc3)n2n1
CHEMBL5934039,7.37,CHEMBL4282,43.0,NC1(c2ccc(-c3nc4ccc(Cl)nn4c3-c3ccccc3)cc2)CCC1
CHEMBL5942378,7.07,CHEMBL4282,86.0,C=Cc1cc(OC)c2nc(-c3ccc(C4(N)CCC4)cc3)c(-c3ccccc3)n2n1
CHEMBL6065650,7.82,CHEMBL4282,15.0,NC1(c2ccc(-c3nc4c(-c5cc[nH]n5)cc(Cl)nn4c3-c3ccccc3)cc2)CCC1
CHEMBL5811366,6.92,CHEMBL4282,120.0,C=Cc1cc(-c2cc[nH]n2)c2nc(-c3ccc(C4(N)CCC4)cc3)c(-c3ccccc3)n2n1
CHEMBL6050107,7.14,CHEMBL4282,73.0,CCc1cc(-c2cc[nH]n2)c2nc(-c3ccc(C4(N)CCC4)cc3)c(-c3ccccc3)n2n1
CHEMBL5811000,8.1,CHEMBL4282,8.0,CCOc1cc(C(=O)NC)nn2c(-c3ccccc3)c(-c3ccc(C4(N)CCC4)cc3)nc12
CHEMBL5759291,5.92,CHEMBL4282,1200.0,Cn1nccc1-c1cc(Cl)nn2c(-c3ccccc3)c(-c3ccc(C4(N)CCC4)cc3)nc12
CHEMBL5823462,7.46,CHEMBL4282,35.0,NC1(c2ccc(-c3nc4c(-c5ncc[nH]5)cc(Cl)nn4c3-c3ccccc3)cc2)CCC1
CHEMBL6040871,6.72,CHEMBL4282,190.0,NC1(c2ccc(-c3nc4cccnn4c3-c3ccccc3)cc2)CCC1
CHEMBL5906957,8.2,CHEMBL4282,6.3,CNC(=O)c1cc(OC)c2nc(-c3ccc(C4(N)CCC4)cc3)c(-c3ccccc3)n2n1
CHEMBL6028545,7.82,CHEMBL4282,15.0,NC1(c2ccc(-c3nc4c(-c5cc[nH]n5)ccnn4c3-c3ccccc3)cc2)CCC1
CHEMBL5946028,8.3,CHEMBL4282,5.0,COCCOc1cc(C(N)=O)nn2c(-c3ccccc3)c(-c3ccc(C4(N)CCC4)cc3)nc12
CHEMBL5868360,7.25,CHEMBL4282,56.0,NC1(c2ccc(-c3nc4c(OCc5ccccc5)cc(Cl)nn4c3-c3ccccc3)cc2)CCC1
CHEMBL5864280,7.29,CHEMBL4282,51.0,CCOc1cc(Cl)nn2c(-c3ccccc3)c(-c3ccc(C4(N)CCC4)cc3)nc12
CHEMBL5807246,7.32,CHEMBL4282,48.0,COC(=O)c1ccnn2c(-c3ccccc3)c(-c3ccc(C4(N)CCC4)cc3)nc12
CHEMBL5016886,5.43,CHEMBL4282,3700.0,NC1(c2ccc(-c3nc4c(O)ccnn4c3-c3ccccc3)cc2)CCC1
CHEMBL5892469,6.16,CHEMBL4282,690.0,NC1(c2ccc(-c3nc4ccc(-c5ccc(F)cc5)nn4c3-c3ccccc3)cc2)CCC1
CHEMBL5960399,8.41,CHEMBL4282,3.9,NC(=O)c1cc(C(N)=O)c2nc(-c3ccc(C4(N)CCC4)cc3)c(-c3ccccc3)n2n1
CHEMBL5807504,6.46,CHEMBL4282,350.0,Nc1ccc2nc(-c3ccc(C4(N)CCC4)cc3)c(-c3ccccc3)n2n1
CHEMBL5814619,7.77,CHEMBL4282,17.0,CSc1ccc2nc(-c3ccc(C4(N)CCC4)cc3)c(-c3ccccc3)n2n1
CHEMBL6033047,6.24,CHEMBL4282,580.0,CC(=O)Nc1ccc2nc(-c3ccc(C4(N)CCC4)cc3)c(-c3ccccc3)n2n1
CHEMBL6005964,6.43,CHEMBL4282,370.0,CS(=O)(=O)c1ccc2nc(-c3ccc(C4(N)CCC4)cc3)c(-c3ccccc3)n2n1
CHEMBL5741832,7.42,CHEMBL4282,38.0,COC(=O)c1ccc2nc(-c3ccc(C4(N)CCC4)cc3)c(-c3ccccc3)n2n1
CHEMBL5843267,5.77,CHEMBL4282,1700.0,NC1(c2ccc(-c3nc4ccc(NC(=O)C(F)(F)F)nn4c3-c3ccccc3)cc2)CCC1
CHEMBL5971138,7.48,CHEMBL4282,33.0,NC1(c2ccc(-c3nc4ccc(Br)nn4c3-c3ccccc3)cc2)CCC1
CHEMBL5921739,4.7,CHEMBL4282,20000.0,NC1(c2ccc(-c3nc4c(-c5ccc(F)cc5)cc(-c5ccc(F)cc5)nn4c3-c3ccccc3)cc2)CCC1
CHEMBL5986276,7.44,CHEMBL4282,36.0,CC(=O)c1ccc2nc(-c3ccc(C4(N)CCC4)cc3)c(-c3ccccc3)n2n1
CHEMBL6043422,6.72,CHEMBL4282,190.0,NC1(c2ccc(-c3nc4c(-c5ccc(F)cc5)ccnn4c3-c3ccccc3)cc2)CCC1
CHEMBL6061004,5.92,CHEMBL4282,1200.0,CS(=O)(=O)Nc1ccc2nc(-c3ccc(C4(N)CCC4)cc3)c(-c3ccccc3)n2n1
CHEMBL6043770,6.96,CHEMBL4282,110.0,NC1(c2ccc(-c3nc4c(C5CC5)cc(Cl)nn4c3-c3ccccc3)cc2)CCC1
CHEMBL5957892,6.66,CHEMBL4282,220.0,CCCc1ccnn2c(-c3ccccc3)c(-c3ccc(C4(N)CCC4)cc3)nc12
CHEMBL5973860,6.75,CHEMBL4282,180.0,Nc1ccnn2c(-c3ccccc3)c(-c3ccc(C4(N)CCC4)cc3)nc12
CHEMBL5970829,7.17,CHEMBL4282,68.0,CC(=O)Nc1ccnn2c(-c3ccccc3)c(-c3ccc(C4(N)CCC4)cc3)nc12
CHEMBL6040992,7.36,CHEMBL4282,44.0,Cc1c(Cl)nn2c(-c3ccccc3)c(-c3ccc(C4(N)CCC4)cc3)nc2c1C
CHEMBL6001137,7.38,CHEMBL4282,42.0,COC(=O)c1nn2c(-c3ccccc3)c(-c3ccc(C4(N)CCC4)cc3)nc2c(C)c1C
CHEMBL6057877,7.58,CHEMBL4282,26.0,Cc1c(C(N)=O)nn2c(-c3ccccc3)c(-c3ccc(C4(N)CCC4)cc3)nc2c1C
CHEMBL5837119,8.04,CHEMBL4282,9.2,COc1nn2c(-c3ccccc3)c(-c3ccc(C4(N)CCC4)cc3)nc2c(C)c1C
CHEMBL5950067,7.92,CHEMBL4282,12.0,CSc1nn2c(-c3ccccc3)c(-c3ccc(C4(N)CCC4)cc3)nc2c(C)c1C
CHEMBL6010596,7.35,CHEMBL4282,45.0,CCOc1nn2c(-c3ccccc3)c(-c3ccc(C4(N)CCC4)cc3)nc2c(C)c1C
CHEMBL5834899,8.18,CHEMBL4282,6.6,COC(=O)c1cc(-c2cc[nH]n2)c2nc(-c3ccc(C4(N)CCC4)cc3)c(-c3ccccc3)n2n1
CHEMBL6037428,7.6,CHEMBL4282,25.0,CCOc1cc(C(=O)OC)nn2c(-c3ccccc3)c(-c3ccc(C4(N)CCC4)cc3)nc12
CHEMBL5879349,6.96,CHEMBL4282,110.0,COC(=O)c1cc(-c2ncc[nH]2)c2nc(-c3ccc(C4(N)CCC4)cc3)c(-c3ccccc3)n2n1
CHEMBL5849922,7.19,CHEMBL4282,65.0,NC(=O)c1ccnn2c(-c3ccccc3)c(-c3ccc(C4(N)CCC4)cc3)nc12
CHEMBL5873344,8.14,CHEMBL4282,7.2,NC(=O)c1cc(-c2cc[nH]n2)c2nc(-c3ccc(C4(N)CCC4)cc3)c(-c3ccccc3)n2n1
CHEMBL5778261,8.39,CHEMBL4282,4.1,CCOc1cc(C(N)=O)nn2c(-c3ccccc3)c(-c3ccc(C4(N)CCC4)cc3)nc12
CHEMBL5747730,7.8,CHEMBL4282,16.0,CNC(=O)c1cc(-c2ncc[nH]2)c2nc(-c3ccc(C4(N)CCC4)cc3)c(-c3ccccc3)n2n1
CHEMBL5950619,7.34,CHEMBL4282,46.0,CNC(=O)c1ccnn2c(-c3ccccc3)c(-c3ccc(C4(N)CCC4)cc3)nc12
CHEMBL6063748,8.32,CHEMBL4282,4.8,CNC(=O)c1cc(OCC2CC2)c2nc(-c3ccc(C4(N)CCC4)cc3)c(-c3ccccc3)n2n1
CHEMBL5869641,8.51,CHEMBL4282,3.1,CNC(=O)c1cc(-c2cc[nH]n2)c2nc(-c3ccc(C4(N)CCC4)cc3)c(-c3ccccc3)n2n1
CHEMBL5909260,7.29,CHEMBL4282,51.0,CCNC(=O)c1ccc2nc(-c3ccc(C4(N)CCC4)cc3)c(-c3ccccc3)n2n1
CHEMBL5980193,7.24,CHEMBL4282,58.0,NC1(c2ccc(-c3nc4c(-c5cc[nH]n5)cc(C(=O)O)nn4c3-c3ccccc3)cc2)CCC1
CHEMBL5865881,7.68,CHEMBL4282,21.0,CNC(=O)c1ccc2nc(-c3ccc(C4(N)CCC4)cc3)c(-c3ccccc3)n2n1
CHEMBL5932276,6.51,CHEMBL4282,310.0,CN(C)C(=O)c1ccc2nc(-c3ccc(C4(N)CCC4)cc3)c(-c3ccccc3)n2n1
CHEMBL5814250,6.89,CHEMBL4282,130.0,NC1(c2ccc(-c3nc4ccc(C(=O)NCCO)nn4c3-c3ccccc3)cc2)CCC1
CHEMBL5968260,7.96,CHEMBL4282,11.0,NC1(c2ccc(-c3nc4c(-c5cc[nH]n5)cc(C(=O)NCCO)nn4c3-c3ccccc3)cc2)CCC1
CHEMBL5920953,6.51,CHEMBL4282,310.0,COC(=O)/C=C/c1cc(Br)nn2c(-c3ccccc3)c(-c3ccc(C4(NC(=O)OC(C)(C)C)CCC4)cc3)nc12
CHEMBL5912239,8.37,CHEMBL4282,4.3,COc1cc(-c2cc[nH]n2)c2nc(-c3ccc(C4(N)CCC4)cc3)c(-c3ccccc3)n2n1
CHEMBL6014407,7.02,CHEMBL4282,96.0,COc1cc(-c2ccnn2C)c2nc(-c3ccc(C4(N)CCC4)cc3)c(-c3ccccc3)n2n1
CHEMBL5865607,7.68,CHEMBL4282,21.0,COc1cc(-c2ccncc2)c2nc(-c3ccc(C4(N)CCC4)cc3)c(-c3ccccc3)n2n1
CHEMBL5830195,7.96,CHEMBL4282,11.0,CCOc1cc(OCC)c2nc(-c3ccc(C4(N)CCC4)cc3)c(-c3ccccc3)n2n1
CHEMBL5978634,8.0,CHEMBL4282,10.0,CCCCOc1cc(OCC)nn2c(-c3ccccc3)c(-c3ccc(C4(N)CCC4)cc3)nc12
CHEMBL5752200,7.5,CHEMBL4282,32.0,CCOc1ccc2nc(-c3ccc(C4(N)CCC4)cc3)c(-c3ccccc3)n2n1
CHEMBL5896561,5.7,CHEMBL4282,2000.0,NC1(c2ccc(-c3nc4ccc(O)nn4c3-c3ccccc3)cc2)CCC1
CHEMBL5893877,7.02,CHEMBL4282,96.0,COC(=O)COc1ccc2nc(-c3ccc(C4(N)CCC4)cc3)c(-c3ccccc3)n2n1
CHEMBL5743486,8.26,CHEMBL4282,5.5,NC(=O)c1c(N)ncnc1N1CC[C@@H](c2nc(-c3ccc(F)c(C(F)(F)F)c3)cn2CCN2CCC2)[C@@H](F)C1
CHEMBL5911309,8.26,CHEMBL4282,5.5,Cc1cc(-c2cn(CCN(C)C)c([C@@H]3CCN(c4ncnc(N)c4C#N)C[C@@H]3F)n2)ccc1F
CHEMBL5744233,8.26,CHEMBL4282,5.5,Nc1ncnc(N2CC[C@@H](c3nc(-c4ccc(F)c(C(F)(F)F)c4)cn3CCN3CCC3)[C@H](F)C2)c1Cl
CHEMBL5980065,8.26,CHEMBL4282,5.5,Cc1cc(-c2cn(CCN(C)C)c([C@H]3CCN(c4ncnc(N)c4Cl)C[C@H]3F)n2)ccc1F
CHEMBL5994474,8.26,CHEMBL4282,5.5,CCc1c(N)ncnc1N1CC[C@@H](c2nc(-c3ccc(F)c(C(F)(F)F)c3)cn2CCN2CCC2)[C@@H](F)C1
CHEMBL5779819,8.26,CHEMBL4282,5.5,CN(C)CCn1cc(-c2ccc(F)c(C(F)(F)F)c2)nc1[C@@H]1CCN(c2ncnc(N)c2C#N)C[C@@H]1F
CHEMBL6012581,8.26,CHEMBL4282,5.5,CCOc1c(N)ncnc1N1CC[C@@H](c2nc(-c3ccc(F)c(C(F)(F)F)c3)cn2CCN2CCC2)[C@@H](F)C1
CHEMBL5904510,8.26,CHEMBL4282,5.5,Cc1cc(-c2cn(CCN3CCC3)c([C@@H]3CCN(c4ncnc(N)c4C#N)C[C@@H]3F)n2)ccc1F
CHEMBL5761334,8.26,CHEMBL4282,5.5,Cc1cc(-c2cn(CCN3CCC3)c([C@@H]3CCN(c4ncnc(N)c4C(N)=O)C[C@@H]3F)n2)ccc1F
CHEMBL5996297,8.26,CHEMBL4282,5.5,CN(C)CCn1cc(-c2ccc(F)c(C(F)(F)F)c2)nc1[C@H]1CCN(c2ncnc(N)c2C(N)=O)C[C@H]1F
CHEMBL6012581,8.26,CHEMBL4282,5.5,CCOc1c(N)ncnc1N1CC[C@@H](c2nc(-c3ccc(F)c(C(F)(F)F)c3)cn2CCN2CCC2)[C@@H](F)C1
CHEMBL6002524,8.26,CHEMBL4282,5.5,CCOc1c(N)ncnc1N1CC[C@H](c2nc(-c3ccc(F)c(C(F)(F)F)c3)cn2CCN2CCC2)[C@H](F)C1
CHEMBL5834891,8.26,CHEMBL4282,5.5,Cc1cc(-c2cn(CCN3CCC3)c([C@@H]3CCN(c4ncnc(N)c4C(C)C)C[C@@H]3F)n2)ccc1F
CHEMBL5829074,8.26,CHEMBL4282,5.5,CN(C)CCn1cc(-c2ccc(F)c(C(F)(F)F)c2)nc1[C@@H]1CCN(c2ncnc(N)c2Cl)C[C@@H]1F
CHEMBL5761334,8.26,CHEMBL4282,5.5,Cc1cc(-c2cn(CCN3CCC3)c([C@@H]3CCN(c4ncnc(N)c4C(N)=O)C[C@@H]3F)n2)ccc1F
CHEMBL5829074,8.26,CHEMBL4282,5.5,CN(C)CCn1cc(-c2ccc(F)c(C(F)(F)F)c2)nc1[C@@H]1CCN(c2ncnc(N)c2Cl)C[C@@H]1F
CHEMBL5764623,8.26,CHEMBL4282,5.5,CC(C)c1c(N)ncnc1N1CC[C@@H](c2nc(-c3ccc(F)c(C(F)(F)F)c3)cn2CCN(C)C)[C@@H](F)C1
CHEMBL5742125,8.26,CHEMBL4282,5.5,CC(C)c1c(N)ncnc1N1CC[C@@H](c2nc(-c3ccc(F)c(C(F)(F)F)c3)cn2CCN)[C@@H](F)C1
CHEMBL5834891,8.26,CHEMBL4282,5.5,Cc1cc(-c2cn(CCN3CCC3)c([C@@H]3CCN(c4ncnc(N)c4C(C)C)C[C@@H]3F)n2)ccc1F
CHEMBL5944492,8.26,CHEMBL4282,5.5,NCCn1cc(-c2ccc(F)c(C(F)(F)F)c2)nc1[C@@H]1CCN(c2ncnc(N)c2Cl)C[C@@H]1F
CHEMBL5865583,8.26,CHEMBL4282,5.5,Cc1cc(-c2cn(CCNC(C)C)c([C@@H]3CCN(c4ncnc(N)c4C(C)C)C[C@@H]3F)n2)ccc1F
CHEMBL5758647,8.26,CHEMBL4282,5.5,CNCCn1cc(-c2ccc(F)c(C)c2)nc1[C@@H]1CCN(c2ncnc(N)c2C(C)C)C[C@@H]1F
CHEMBL5824895,8.26,CHEMBL4282,5.5,Cc1cc(-c2cn(CCN3CCC3)c([C@@H]3CCN(c4ncnc(N)c4OC(C)C)C[C@@H]3F)n2)ccc1F
CHEMBL5778528,8.26,CHEMBL4282,5.5,N#Cc1c(N)ncnc1N1CC[C@@H](c2nc(-c3ccc(F)c(C(F)(F)F)c3)cn2CCN2CCC2)[C@@H](F)C1
CHEMBL5828780,8.26,CHEMBL4282,5.5,Cc1cc(-c2cn(CC3CNC3)c([C@@H]3CCN(c4ncnc(N)c4C(C)C)C[C@@H]3F)n2)ccc1F
CHEMBL5947732,8.26,CHEMBL4282,5.5,N#Cc1c[nH]c2ncnc(N3CC[C@@H](c4nc(-c5ccc(F)c(C(F)(F)F)c5)cn4CCN4CCC4)[C@@H](F)C3)c12
CHEMBL5757773,8.26,CHEMBL4282,5.5,N#Cc1c[nH]c2ncnc(N3CC[C@@H](c4nc(-c5ccnc(C(F)(F)F)c5)cn4CCN4CCC4)[C@@H](F)C3)c12
CHEMBL5808434,8.26,CHEMBL4282,5.5,Cc1cc(-c2cn(CCN3CCC3)c(C3(O)CCN(c4ncnc(N)c4C#N)CC3)n2)ccc1F
CHEMBL5898103,8.26,CHEMBL4282,5.5,Cc1cc(-c2cn(CCN3CCC3)c(C3(O)CCN(c4ncnc(N)c4C(C)C)CC3)n2)ccc1F
CHEMBL5842501,8.26,CHEMBL4282,5.5,CCc1c(N)ncnc1N1CCC(O)(c2nc(-c3ccc(F)c(C)c3)cn2CCN2CCC2)CC1
CHEMBL6039001,8.26,CHEMBL4282,5.5,Cc1cc(-c2cn(CCN3CCC3)c(C3(O)CCN(c4ncnc(N)c4Cl)CC3)n2)ccc1F
CHEMBL5913723,8.26,CHEMBL4282,5.5,Cc1cc(-c2cn(CCN3CCC3)c(C3CCN(c4ncnc(N)c4C#N)CC3(F)F)n2)ccc1F
CHEMBL5854125,8.26,CHEMBL4282,5.5,Cc1cc(-c2cn(CCN3CCC3)c(C3CCN(c4ncnc(N)c4C(C)C)CC3(F)F)n2)ccc1F
CHEMBL4243808,6.52,CHEMBL4282,300.0,COc1cc([C@@H](CN2CCC2)Nc2nnnc3c(C(N)=O)cccc23)ccc1Cl
CHEMBL4246697,6.52,CHEMBL4282,300.0,COc1cc([C@@H](CN(C)C)Nc2nnnc3c(C(N)=O)cccc23)ccc1Cl
CHEMBL4247161,6.52,CHEMBL4282,300.0,CN(C)C[C@@H](Nc1nnnc2c(C(N)=O)cccc12)c1ccc(Cl)c(C#N)c1
CHEMBL4251455,6.52,CHEMBL4282,300.0,N#Cc1cc([C@@H](CN2CCC2)Nc2nnnc3c(C(N)=O)cccc23)ccc1Cl
CHEMBL5925008,7.21,CHEMBL4282,62.0,NC(=O)c1cncc2c(N[C@H](CN3CCC3)c3ccc(Cl)c(C(F)(F)F)c3)ncnc12
CHEMBL5806058,6.52,CHEMBL4282,300.0,NC(=O)c1cccc2c(NC3CNCCC3c3ccc(C(F)(F)F)cc3)nnnc12
CHEMBL6019379,6.52,CHEMBL4282,300.0,NC(=O)c1ccnc2c(NC3CNCCC3c3ccc(F)c(Cl)c3)ncnc12
CHEMBL5981176,6.12,CHEMBL4282,750.0,NC(=O)c1ccnc2c(NC3CNCCC3c3ccc(C(F)(F)F)cc3)ncnc12
CHEMBL5879158,6.52,CHEMBL4282,300.0,NC(=O)c1ccnc2c(N[C@H](CN3CCC3)c3ccc(C(F)(F)F)cc3)ncnc12
CHEMBL5800295,7.21,CHEMBL4282,62.0,CCNC[C@@H](Nc1ncnc2c(C(N)=O)ccnc12)c1ccc(C(F)(F)F)c(F)c1
CHEMBL5923933,7.21,CHEMBL4282,62.0,CCNC[C@@H](Nc1ncnc2c(C(N)=O)ccnc12)c1ccc(F)c(Br)c1
CHEMBL5764446,6.52,CHEMBL4282,300.0,CNC[C@@H](Nc1ncnc2c(C(N)=O)ccnc12)c1cc(F)c(OC)cc1F
CHEMBL5975542,7.21,CHEMBL4282,62.0,CCNC[C@@H](Nc1ncnc2c(C(N)=O)ccnc12)c1ccc(Cl)c(C(F)(F)F)c1
CHEMBL5822704,6.52,CHEMBL4282,300.0,CCNC[C@@H](Nc1ncnc2c(C(N)=O)ccnc12)c1cc(F)cc(C(F)(F)F)c1
CHEMBL5872740,7.21,CHEMBL4282,62.0,CNC[C@@H](Nc1ncnc2c(C(N)=O)ccnc12)c1cc(F)cc(C(F)(F)F)c1
CHEMBL5817585,6.52,CHEMBL4282,300.0,NC(=O)c1ccnc2c(N[C@H](CN3CCC3)c3ccc(Cl)cc3)ncnc12
CHEMBL5934263,6.12,CHEMBL4282,750.0,CC(C)c1ccc([C@@H](CN2CCC2)Nc2ncnc3c(C(N)=O)ccnc23)cc1
CHEMBL5862934,7.21,CHEMBL4282,62.0,CNC[C@@H](Nc1ncnc2c(C(N)=O)ccnc12)c1ccc(C(F)(F)F)cc1
CHEMBL5935444,6.52,CHEMBL4282,300.0,CNC[C@@H](Nc1ncnc2c(C(N)=O)ccnc12)c1ccc(C(C)C)cc1
CHEMBL5743509,7.21,CHEMBL4282,62.0,CNC[C@@H](Nc1ncnc2c(C(N)=O)ccnc12)c1ccc(Cl)cc1
CHEMBL5966641,7.21,CHEMBL4282,62.0,CN(C)C[C@@H](Nc1ncnc2c(C(N)=O)ccnc12)c1ccc(F)c(C(F)(F)F)c1
CHEMBL5975569,6.52,CHEMBL4282,300.0,CC(C)NC[C@@H](Nc1ncnc2c(C(N)=O)ccnc12)c1ccc(F)c(C(F)(F)F)c1
CHEMBL5800405,7.21,CHEMBL4282,62.0,CN(C)C[C@@H](Nc1ncnc2c(C(N)=O)ccnc12)c1ccc(Cl)c(F)c1
CHEMBL6042207,6.52,CHEMBL4282,300.0,CC(C)NC[C@@H](Nc1ncnc2c(C(N)=O)ccnc12)c1ccc(Cl)c(F)c1
CHEMBL5954343,6.52,CHEMBL4282,300.0,CC(C)NC[C@@H](Nc1ncnc2c(C(N)=O)ccnc12)c1ccc(Cl)c(C(F)(F)F)c1
CHEMBL5951619,7.21,CHEMBL4282,62.0,CCNC[C@@H](Nc1ncnc2c(C(N)=O)ccnc12)c1ccc(F)c(C(F)(F)F)c1
CHEMBL5758047,6.52,CHEMBL4282,300.0,CCNC[C@@H](Nc1ncnc2c(C(N)=O)ccnc12)c1cc(F)c(F)cc1F
CHEMBL6030299,7.21,CHEMBL4282,62.0,CNC[C@@H](Nc1ncnc2c(C(N)=O)ccnc12)c1cc(F)c(F)cc1F
CHEMBL5871825,7.21,CHEMBL4282,62.0,CCNC[C@@H](Nc1ncnc2c(C(N)=O)ccnc12)c1ccc(F)c(Cl)c1
CHEMBL5944890,7.21,CHEMBL4282,62.0,NC(=O)c1ccnc2c(N[C@H](CN3CCC3)c3cccc(F)c3)ncnc12
CHEMBL6026067,7.21,CHEMBL4282,62.0,NC(=O)c1ccnc2c(N[C@H](CN3CC(F)C3)c3ccc(Cl)c(C(F)(F)F)c3)ncnc12
CHEMBL5802141,7.21,CHEMBL4282,62.0,NC(=O)c1ccnc2c(N[C@H](CN3CC(O)C3)c3ccc(Cl)c(C(F)(F)F)c3)ncnc12
CHEMBL5969209,7.21,CHEMBL4282,62.0,NC(=O)c1ccnc2c(N[C@H](CN3CCC3)c3ccc(OC(F)(F)F)c(Cl)c3)ncnc12
CHEMBL5766165,7.21,CHEMBL4282,62.0,CNC[C@@H](Nc1ncnc2c(C(N)=O)ccnc12)c1ccc(OC(F)(F)F)c(Cl)c1
CHEMBL4243808,6.52,CHEMBL4282,300.0,COc1cc([C@@H](CN2CCC2)Nc2nnnc3c(C(N)=O)cccc23)ccc1Cl
CHEMBL4246697,6.52,CHEMBL4282,300.0,COc1cc([C@@H](CN(C)C)Nc2nnnc3c(C(N)=O)cccc23)ccc1Cl
CHEMBL4247161,6.52,CHEMBL4282,300.0,CN(C)C[C@@H](Nc1nnnc2c(C(N)=O)cccc12)c1ccc(Cl)c(C#N)c1
CHEMBL4251455,6.52,CHEMBL4282,300.0,N#Cc1cc([C@@H](CN2CCC2)Nc2nnnc3c(C(N)=O)cccc23)ccc1Cl
CHEMBL5925008,7.2,CHEMBL4282,62.5,NC(=O)c1cncc2c(N[C@H](CN3CCC3)c3ccc(Cl)c(C(F)(F)F)c3)ncnc12
CHEMBL5806058,6.52,CHEMBL4282,300.0,NC(=O)c1cccc2c(NC3CNCCC3c3ccc(C(F)(F)F)cc3)nnnc12
CHEMBL6019379,6.52,CHEMBL4282,300.0,NC(=O)c1ccnc2c(NC3CNCCC3c3ccc(F)c(Cl)c3)ncnc12
CHEMBL5906186,6.12,CHEMBL4282,750.0,NC(=O)c1ccnc2c(NC3CNCCC3c3cccc(C(F)(F)F)c3)ncnc12
CHEMBL5871514,6.52,CHEMBL4282,300.0,CNC[C@@H](Nc1ncnc2c(C(N)=O)ccnc12)c1ccc(C(F)(F)F)c(F)c1
CHEMBL5809047,7.2,CHEMBL4282,62.5,CNC[C@@H](Nc1ncnc2c(C(N)=O)ccnc12)c1ccc(F)c(Br)c1
CHEMBL5800295,7.2,CHEMBL4282,62.5,CCNC[C@@H](Nc1ncnc2c(C(N)=O)ccnc12)c1ccc(C(F)(F)F)c(F)c1
CHEMBL5833609,6.52,CHEMBL4282,300.0,CCNC[C@@H](Nc1ncnc2c(C(N)=O)ccnc12)c1cc(F)c(OC)cc1F
CHEMBL5764446,7.2,CHEMBL4282,62.5,CNC[C@@H](Nc1ncnc2c(C(N)=O)ccnc12)c1cc(F)c(OC)cc1F
CHEMBL5975542,6.52,CHEMBL4282,300.0,CCNC[C@@H](Nc1ncnc2c(C(N)=O)ccnc12)c1ccc(Cl)c(C(F)(F)F)c1
CHEMBL5822704,7.2,CHEMBL4282,62.5,CCNC[C@@H](Nc1ncnc2c(C(N)=O)ccnc12)c1cc(F)cc(C(F)(F)F)c1
CHEMBL5872740,6.52,CHEMBL4282,300.0,CNC[C@@H](Nc1ncnc2c(C(N)=O)ccnc12)c1cc(F)cc(C(F)(F)F)c1
CHEMBL5817585,6.12,CHEMBL4282,750.0,NC(=O)c1ccnc2c(N[C@H](CN3CCC3)c3ccc(Cl)cc3)ncnc12
CHEMBL5934263,7.2,CHEMBL4282,62.5,CC(C)c1ccc([C@@H](CN2CCC2)Nc2ncnc3c(C(N)=O)ccnc23)cc1
CHEMBL5862934,6.52,CHEMBL4282,300.0,CNC[C@@H](Nc1ncnc2c(C(N)=O)ccnc12)c1ccc(C(F)(F)F)cc1
CHEMBL5765842,7.2,CHEMBL4282,62.5,CNC[C@@H](Nc1ncnc2c(C(N)=O)ccnc12)c1ccc(Cl)c(C)c1
CHEMBL5921045,7.2,CHEMBL4282,62.5,CNC[C@@H](Nc1ncnc2c(C(N)=O)ccnc12)c1ccc(F)c(C(F)(F)F)c1
CHEMBL5861815,6.52,CHEMBL4282,300.0,CNC[C@@H](Nc1ncnc2c(C(N)=O)ccnc12)c1ccc(F)c(C(F)F)c1
CHEMBL5975569,7.2,CHEMBL4282,62.5,CC(C)NC[C@@H](Nc1ncnc2c(C(N)=O)ccnc12)c1ccc(F)c(C(F)(F)F)c1
CHEMBL5800405,6.52,CHEMBL4282,300.0,CN(C)C[C@@H](Nc1ncnc2c(C(N)=O)ccnc12)c1ccc(Cl)c(F)c1
CHEMBL6042207,6.52,CHEMBL4282,300.0,CC(C)NC[C@@H](Nc1ncnc2c(C(N)=O)ccnc12)c1ccc(Cl)c(F)c1
CHEMBL5954343,7.2,CHEMBL4282,62.5,CC(C)NC[C@@H](Nc1ncnc2c(C(N)=O)ccnc12)c1ccc(Cl)c(C(F)(F)F)c1
CHEMBL5789724,6.52,CHEMBL4282,300.0,CNC[C@@H](Nc1ncnc2c(C(N)=O)ccnc12)c1ccc(F)c(Cl)c1
CHEMBL5865926,7.2,CHEMBL4282,62.5,CCNC[C@@H](Nc1ncnc2c(C(N)=O)ccnc12)c1ccc(C(F)(F)F)c(C(F)(F)F)c1
CHEMBL6030299,7.2,CHEMBL4282,62.5,CNC[C@@H](Nc1ncnc2c(C(N)=O)ccnc12)c1cc(F)c(F)cc1F
CHEMBL5946688,7.2,CHEMBL4282,62.5,CNC[C@@H](Nc1ncnc2c(C(N)=O)ccnc12)c1ccc(F)c(C)c1
CHEMBL5944890,7.2,CHEMBL4282,62.5,NC(=O)c1ccnc2c(N[C@H](CN3CCC3)c3cccc(F)c3)ncnc12
CHEMBL6026067,7.2,CHEMBL4282,62.5,NC(=O)c1ccnc2c(N[C@H](CN3CC(F)C3)c3ccc(Cl)c(C(F)(F)F)c3)ncnc12
CHEMBL6021828,7.2,CHEMBL4282,62.5,CNC[C@@H](Nc1ncnc2c(C(N)=O)ccnc12)c1ccc(Cl)c(C(F)(F)F)c1
CHEMBL5867820,7.2,CHEMBL4282,62.5,CNC[C@@H](Nc1ncnc2c(C(N)=O)ccnc12)c1ccc(Cl)c(OC(F)(F)F)c1
CHEMBL5897793,9.4,CHEMBL4282,0.4,CC(C)(C)NCCNc1ccc(-c2cncc(F)c2)nc1C1CCN(c2ncnc3c2C(C)(C)C(=O)N3)CC1
CHEMBL5748077,9.52,CHEMBL4282,0.3,CC1(C)C(=O)Nc2ncnc(N3CCC(c4nc(-c5ccc(F)nc5)ccc4NCCN4CCCC4)CC3)c21
CHEMBL5841437,9.4,CHEMBL4282,0.4,Cc1cc(-c2ccc(NCCN3CCCC3)c(C3CCN(c4ncnc5c4C(C)(C)C(=O)N5)CC3)n2)n(C)n1
CHEMBL6031186,9.4,CHEMBL4282,0.4,CC(C)(C)NCCNc1ccc(-c2cnn(C(F)F)c2)nc1C1CCN(c2ncnc3c2C(C)(C)C(=O)N3)CC1
CHEMBL5884975,9.52,CHEMBL4282,0.3,CC(C)NCCNc1ccc(-c2cnc(F)c(F)c2)nc1C1CCN(c2ncnc3c2C(C)(C)C(=O)N3)CC1
CHEMBL6062151,9.4,CHEMBL4282,0.4,Cc1nc(C)c(-c2ccc(NCCNC(C)C)c(C3CCN(c4ncnc5c4C(C)(C)C(=O)N5)CC3)n2)s1
CHEMBL5842594,9.52,CHEMBL4282,0.3,COc1cncc(-c2ccc(NCCN3CCCC3)c(C3CCN(c4ncnc5c4C(C)(C)C(=O)N5)CC3)n2)c1
CHEMBL6038712,9.52,CHEMBL4282,0.3,CC1(C)C(=O)Nc2ncnc(N3CCC(c4nc(-c5cncc(F)c5)ccc4NCCN4CCCC4)CC3)c21
CHEMBL6009143,9.52,CHEMBL4282,0.3,CN(C)CCNc1ccc(-c2cc(Cl)nn2C)nc1C1CCN(c2ncnc3c2C(C)(C)C(=O)N3)CC1
CHEMBL5805382,9.52,CHEMBL4282,0.3,CC(C)NCCNc1ccc(-c2cc(C(F)(F)F)nn2C)nc1C1CCN(c2ncnc3c2C(C)(C)C(=O)N3)CC1
CHEMBL5740682,9.52,CHEMBL4282,0.3,CC(C)NCCNc1ccc(-c2cc(Cl)nn2C)nc1C1CCN(c2ncnc3c2C(C)(C)C(=O)N3)CC1
CHEMBL5995978,9.52,CHEMBL4282,0.3,CCNCCNc1ccc(-c2cncc(F)c2)nc1C1CCN(c2ncnc3c2C(C)(C)C(=O)N3)CC1
CHEMBL6008954,9.4,CHEMBL4282,0.4,CC1C(=O)Nc2ncnc(N3CCC(c4nc(-c5ccnc(F)c5)ccc4NCCN4CCCC4)CC3)c21
CHEMBL6009652,9.05,CHEMBL4282,0.9,CC1C(=O)Nc2ncnc(N3CCC(c4nc(-c5ccoc5)ccc4NCCN4CCCC4)CC3)c21
CHEMBL5892762,9.15,CHEMBL4282,0.7,COc1cncc(-c2ccc(NCCNC(C)C)c(C3CCN(c4ncnc5c4C(C)C(=O)N5)CC3)n2)c1
CHEMBL6032470,9.15,CHEMBL4282,0.7,COc1cc(-c2ccc(NCCN3CCCC3)c(C3CCN(c4ncnc5c4C(C)C(=O)N5)CC3)n2)c(F)cn1
CHEMBL5988357,9.15,CHEMBL4282,0.7,CC1C(=O)Nc2ncnc(N3CCC(c4nc(-c5cccnc5F)ccc4NCCN4CCCC4)CC3)c21
CHEMBL5776408,9.1,CHEMBL4282,0.8,CC1C(=O)Nc2ncnc(N3CCC(c4nc(-c5ccsc5)ccc4NCCN4CCCC4)CC3)c21
CHEMBL5956719,9.3,CHEMBL4282,0.5,CC1C(=O)Nc2ncnc(N3CCC(c4nc(-c5cncc(F)c5)ccc4NCCN4CCCC4)CC3)c21
CHEMBL5994226,9.22,CHEMBL4282,0.6,CC1C(=O)Nc2ncnc(N3CCC(c4nc(-c5cc(C(F)(F)F)nn5C)ccc4NCCN4CCCC4)CC3)c21
CHEMBL5790375,9.15,CHEMBL4282,0.7,COc1cncc(-c2ccc(NCCN(C)C)c(C3CCN(c4ncnc5c4C(C)C(=O)N5)CC3)n2)c1
CHEMBL5979579,9.4,CHEMBL4282,0.4,CC1C(=O)Nc2ncnc(N3CCC(c4nc(-c5ccsc5)ccc4NCCN(C)C)CC3)c21
CHEMBL5888865,9.22,CHEMBL4282,0.6,CC1C(=O)Nc2ncnc(N3CCC(c4nc(-c5nccs5)ccc4NCCN4CCCC4)CC3)c21
CHEMBL5814683,9.22,CHEMBL4282,0.6,CC1C(=O)Nc2ncnc(N3CC=C(c4nc(-c5cncc(F)c5)ccc4NCCN4CCCC4)CC3)c21
CHEMBL5753779,9.52,CHEMBL4282,0.3,CC(C)NCCNc1cc(F)c(-c2cncc(F)c2)nc1C1CCN(c2ncnc3c2C(C)(C)C(=O)N3)CC1
CHEMBL5850573,9.1,CHEMBL4282,0.8,CC1C(=O)Nc2ncnc(N3CCN(c4nc(-c5cncc(F)c5)ccc4NCCN(C)C)CC3)c21
CHEMBL5822890,9.3,CHEMBL4282,0.5,CC1(C)C(=O)Nc2ncnc(N3CCC(c4nc(-c5nnc(C(F)F)o5)ccc4NCCN4CCCC4)CC3)c21
CHEMBL6049824,9.22,CHEMBL4282,0.6,CC(C)NCCNc1ccc(-c2nnc(C(F)F)o2)nc1C1CCN(c2ncnc3c2C(C)(C)C(=O)N3)CC1
CHEMBL5789687,9.4,CHEMBL4282,0.4,CC(C)(C)NCCNc1ccc(-c2nnc(C(F)(F)F)o2)nc1C1CCN(c2ncnc3c2C(C)(C)C(=O)N3)CC1
CHEMBL5797313,9.3,CHEMBL4282,0.5,CC(C)NCCNc1ccc(-c2nnc(C(F)(F)F)o2)nc1C1CCN(c2ncnc3c2C(C)(C)C(=O)N3)CC1
CHEMBL5767678,9.4,CHEMBL4282,0.4,CN(CCNc1ccc(-c2nnc(C(F)(F)F)o2)nc1C1CCN(c2ncnc3c2C(C)(C)C(=O)N3)CC1)C(C)(C)C
CHEMBL5833393,9.4,CHEMBL4282,0.4,CC1(C)C(=O)Nc2ncnc(N3CCC(c4nc(-c5nnc(C(F)(F)F)o5)ccc4NCC4CCCN4)CC3)c21
CHEMBL5908330,9.4,CHEMBL4282,0.4,Cc1nnc(-c2ccc(NCCN3CCCC3)c(C3CCN(c4ncnc5c4C(C)(C)C(=O)N5)CC3)n2)s1
CHEMBL5864230,9.52,CHEMBL4282,0.3,CC(C)(C)NCCNc1ccc(-c2nnc(C(F)F)s2)nc1C1CCN(c2ncnc3c2C(C)(C)C(=O)N3)CC1
CHEMBL5823407,9.52,CHEMBL4282,0.3,CN(C)CCNc1ccc(-c2nnc(C(F)F)s2)nc1C1CCN(c2ncnc3c2C(C)(C)C(=O)N3)CC1
CHEMBL5741074,9.52,CHEMBL4282,0.3,CC(C)NCCNc1ccc(-c2nnc(C(F)F)s2)nc1C1CCN(c2ncnc3c2C(C)(C)C(=O)N3)CC1
CHEMBL5866601,9.52,CHEMBL4282,0.3,CC(C)(C)NCCNc1ccc(-c2nnc(C3CC3)s2)nc1C1CCN(c2ncnc3c2C(C)(C)C(=O)N3)CC1
CHEMBL6005110,9.52,CHEMBL4282,0.3,CC(C)(C)NCCNc1ccc(-c2noc(C(F)F)n2)nc1C1CCN(c2ncnc3c2C(C)(C)C(=O)N3)CC1
CHEMBL5891816,9.3,CHEMBL4282,0.5,CC(C)NCCNc1ccc(-c2noc(C(F)(F)F)n2)nc1C1CCN(c2ncnc3c2C(C)(C)C(=O)N3)CC1
CHEMBL5749375,9.4,CHEMBL4282,0.4,CC(C)(C)NCCNc1ccc(-c2nc(C(F)(F)F)no2)nc1C1CCN(c2ncnc3c2C(C)(C)C(=O)N3)CC1
CHEMBL5890153,9.4,CHEMBL4282,0.4,CC1(C)C(=O)Nc2ncnc(N3CCC(c4nc(-c5nc(C(F)(F)F)no5)ccc4NCCN4CCCC4)CC3)c21
CHEMBL4795065,9.7,CHEMBL4282,0.2,C=CC(=O)Nc1ccc2[nH]c(=O)n(C3CCN(Cc4ccc(-c5nc6cc[nH]c(=O)c6cc5-c5ccccc5)cc4)CC3)c2c1
CHEMBL4795065,7.24,CHEMBL4282,58.0,C=CC(=O)Nc1ccc2[nH]c(=O)n(C3CCN(Cc4ccc(-c5nc6cc[nH]c(=O)c6cc5-c5ccccc5)cc4)CC3)c2c1
CHEMBL5945866,8.12,CHEMBL4282,7.5,CCC(=O)Nc1ccc2[nH]c(=O)n(C3CCN(Cc4ccc(-c5nc6cc[nH]c(=O)c6cc5-c5ccccc5)cc4)CC3)c2c1
CHEMBL5945866,7.21,CHEMBL4282,62.0,CCC(=O)Nc1ccc2[nH]c(=O)n(C3CCN(Cc4ccc(-c5nc6cc[nH]c(=O)c6cc5-c5ccccc5)cc4)CC3)c2c1
CHEMBL5920413,6.43,CHEMBL4282,372.0,C=CC(=O)Nc1cccc(-c2cn(Cc3ccc(-c4nc5ccccn5c4-c4ccccc4)cc3)nn2)c1
CHEMBL5920413,6.1,CHEMBL4282,795.0,C=CC(=O)Nc1cccc(-c2cn(Cc3ccc(-c4nc5ccccn5c4-c4ccccc4)cc3)nn2)c1
CHEMBL5764100,6.0,CHEMBL4282,992.0,CCC(=O)Nc1cccc(-c2cn(Cc3ccc(-c4nc5ccccn5c4-c4ccccc4)cc3)nn2)c1
CHEMBL5764100,6.1,CHEMBL4282,797.0,CCC(=O)Nc1cccc(-c2cn(Cc3ccc(-c4nc5ccccn5c4-c4ccccc4)cc3)nn2)c1
CHEMBL1079175,8.19,CHEMBL4282,6.5,NC1(c2ccc(-c3nc4ccn5c(=O)[nH]nc5c4cc3-c3ccccc3)cc2)CCC1
CHEMBL1079175,7.16,CHEMBL4282,69.0,NC1(c2ccc(-c3nc4ccn5c(=O)[nH]nc5c4cc3-c3ccccc3)cc2)CCC1
CHEMBL494089,8.64,CHEMBL4282,2.3,CCn1c(-c2nonc2N)nc2c(C#CC(C)(C)O)ncc(OC[C@H]3CCCNC3)c21
CHEMBL5768674,5.73,CHEMBL4282,1847.0,C=CC(=O)Nc1ccc(CN(C)C2CCN(Cc3ccc(-c4nc5cc[nH]c(=O)c5cc4-c4ccccc4)cc3)CC2)cc1
CHEMBL5768674,6.83,CHEMBL4282,147.0,C=CC(=O)Nc1ccc(CN(C)C2CCN(Cc3ccc(-c4nc5cc[nH]c(=O)c5cc4-c4ccccc4)cc3)CC2)cc1
CHEMBL5916590,6.3,CHEMBL4282,498.0,C=CC(=O)N(C)c1ccc(CCN(C)Cc2ccc(-c3nc4ccn(C)c(=O)c4cc3-c3ccccc3)cc2)cc1
CHEMBL5916590,6.6,CHEMBL4282,249.0,C=CC(=O)N(C)c1ccc(CCN(C)Cc2ccc(-c3nc4ccn(C)c(=O)c4cc3-c3ccccc3)cc2)cc1
CHEMBL5712049,6.33,CHEMBL4282,468.0,C=CC(=O)Nc1cc(NC(=O)NC2CCN(Cc3ccc(-c4nc5cc[nH]c(=O)c5cc4-c4ccccc4)cc3)CC2)ccc1Cl
CHEMBL5712049,8.22,CHEMBL4282,6.0,C=CC(=O)Nc1cc(NC(=O)NC2CCN(Cc3ccc(-c4nc5cc[nH]c(=O)c5cc4-c4ccccc4)cc3)CC2)ccc1Cl
CHEMBL6013292,6.31,CHEMBL4282,488.0,C=CC(=O)Nc1ccc(N2CCN(Cc3ccc(-c4nc5cc[nH]c(=O)c5cc4-c4ccccc4)cc3)CC2)cc1
CHEMBL6013292,6.72,CHEMBL4282,190.0,C=CC(=O)Nc1ccc(N2CCN(Cc3ccc(-c4nc5cc[nH]c(=O)c5cc4-c4ccccc4)cc3)CC2)cc1
CHEMBL5712042,6.67,CHEMBL4282,216.0,C=CC(=O)Nc1cccc(C(=O)NC2CCN(Cc3ccc(-c4nc5cc[nH]c(=O)c5cc4-c4ccccc4)cc3)CC2)c1
CHEMBL5712042,8.57,CHEMBL4282,2.7,C=CC(=O)Nc1cccc(C(=O)NC2CCN(Cc3ccc(-c4nc5cc[nH]c(=O)c5cc4-c4ccccc4)cc3)CC2)c1
CHEMBL5953513,7.1,CHEMBL4282,79.0,CCC(=O)Nc1cccc(C(=O)NC2CCN(Cc3ccc(-c4nc5cc[nH]c(=O)c5cc4-c4ccccc4)cc3)CC2)c1
CHEMBL5953513,7.74,CHEMBL4282,18.2,CCC(=O)Nc1cccc(C(=O)NC2CCN(Cc3ccc(-c4nc5cc[nH]c(=O)c5cc4-c4ccccc4)cc3)CC2)c1
CHEMBL5844502,7.05,CHEMBL4282,89.0,C=CC(=O)Nc1cc2c(cc1Cl)[nH]c(=O)n2N1CCN(Cc2ccc(-c3nc4cc[nH]c(=O)c4cc3-c3ccccc3)cc2)CC1
CHEMBL5768674,6.61,CHEMBL4282,243.0,C=CC(=O)Nc1ccc(CN(C)C2CCN(Cc3ccc(-c4nc5cc[nH]c(=O)c5cc4-c4ccccc4)cc3)CC2)cc1
CHEMBL5916590,6.41,CHEMBL4282,387.0,C=CC(=O)N(C)c1ccc(CCN(C)Cc2ccc(-c3nc4ccn(C)c(=O)c4cc3-c3ccccc3)cc2)cc1
CHEMBL5916590,4.55,CHEMBL4282,28103.0,C=CC(=O)N(C)c1ccc(CCN(C)Cc2ccc(-c3nc4ccn(C)c(=O)c4cc3-c3ccccc3)cc2)cc1
CHEMBL5712049,8.05,CHEMBL4282,8.9,C=CC(=O)Nc1cc(NC(=O)NC2CCN(Cc3ccc(-c4nc5cc[nH]c(=O)c5cc4-c4ccccc4)cc3)CC2)ccc1Cl
CHEMBL5712049,5.71,CHEMBL4282,1951.0,C=CC(=O)Nc1cc(NC(=O)NC2CCN(Cc3ccc(-c4nc5cc[nH]c(=O)c5cc4-c4ccccc4)cc3)CC2)ccc1Cl
CHEMBL6013292,7.18,CHEMBL4282,66.7,C=CC(=O)Nc1ccc(N2CCN(Cc3ccc(-c4nc5cc[nH]c(=O)c5cc4-c4ccccc4)cc3)CC2)cc1
CHEMBL6013292,5.06,CHEMBL4282,8768.0,C=CC(=O)Nc1ccc(N2CCN(Cc3ccc(-c4nc5cc[nH]c(=O)c5cc4-c4ccccc4)cc3)CC2)cc1
CHEMBL5712042,8.82,CHEMBL4282,1.5,C=CC(=O)Nc1cccc(C(=O)NC2CCN(Cc3ccc(-c4nc5cc[nH]c(=O)c5cc4-c4ccccc4)cc3)CC2)c1
CHEMBL5712042,6.28,CHEMBL4282,525.0,C=CC(=O)Nc1cccc(C(=O)NC2CCN(Cc3ccc(-c4nc5cc[nH]c(=O)c5cc4-c4ccccc4)cc3)CC2)c1
CHEMBL4795065,9.4,CHEMBL4282,0.4,C=CC(=O)Nc1ccc2[nH]c(=O)n(C3CCN(Cc4ccc(-c5nc6cc[nH]c(=O)c6cc5-c5ccccc5)cc4)CC3)c2c1
CHEMBL4795065,7.1,CHEMBL4282,80.0,C=CC(=O)Nc1ccc2[nH]c(=O)n(C3CCN(Cc4ccc(-c5nc6cc[nH]c(=O)c6cc5-c5ccccc5)cc4)CC3)c2c1
CHEMBL5844502,9.15,CHEMBL4282,0.7,C=CC(=O)Nc1cc2c(cc1Cl)[nH]c(=O)n2N1CCN(Cc2ccc(-c3nc4cc[nH]c(=O)c4cc3-c3ccccc3)cc2)CC1
CHEMBL5844502,6.94,CHEMBL4282,116.0,C=CC(=O)Nc1cc2c(cc1Cl)[nH]c(=O)n2N1CCN(Cc2ccc(-c3nc4cc[nH]c(=O)c4cc3-c3ccccc3)cc2)CC1
CHEMBL5918984,7.86,CHEMBL4282,13.7,N#C/C(=C\C1CC1)C(=O)Nc1cccc(C(=O)NC2CCN(Cc3ccc(-c4nc5cc[nH]c(=O)c5cc4-c4ccccc4)cc3)CC2)c1
CHEMBL5918984,4.63,CHEMBL4282,23678.0,N#C/C(=C\C1CC1)C(=O)Nc1cccc(C(=O)NC2CCN(Cc3ccc(-c4nc5cc[nH]c(=O)c5cc4-c4ccccc4)cc3)CC2)c1
CHEMBL5712061,7.97,CHEMBL4282,10.7,CN(C)C/C=C/C(=O)Nc1ccc2[nH]c(=O)n(C3CCN(Cc4ccc(-c5nc6cc[nH]c(=O)c6cc5-c5ccccc5)cc4)CC3)c2c1
CHEMBL5712061,5.73,CHEMBL4282,1843.0,CN(C)C/C=C/C(=O)Nc1ccc2[nH]c(=O)n(C3CCN(Cc4ccc(-c5nc6cc[nH]c(=O)c6cc5-c5ccccc5)cc4)CC3)c2c1
CHEMBL5712048,8.52,CHEMBL4282,3.0,C=CC(=O)Nc1ccc2c(c1)n(C1CCN(Cc3ccc(-c4nc5cc[nH]c(=O)c5cc4-c4ccccc4)cc3)CC1)c(=O)n2C
CHEMBL5712048,6.02,CHEMBL4282,952.0,C=CC(=O)Nc1ccc2c(c1)n(C1CCN(Cc3ccc(-c4nc5cc[nH]c(=O)c5cc4-c4ccccc4)cc3)CC1)c(=O)n2C
CHEMBL5838111,7.67,CHEMBL4282,21.3,C=CC(=C)Nc1ccc(C(=O)NC2CCN(Cc3ccc(-c4nc5cc[nH]c(=O)c5cc4-c4ccccc4)cc3)CC2)c(F)c1
CHEMBL5838111,5.54,CHEMBL4282,2895.0,C=CC(=C)Nc1ccc(C(=O)NC2CCN(Cc3ccc(-c4nc5cc[nH]c(=O)c5cc4-c4ccccc4)cc3)CC2)c(F)c1
CHEMBL6006637,8.09,CHEMBL4282,8.1,C=CC(=O)Cc1ccc(C(=O)NC2CCN(Cc3ccc(-c4nc5cc[nH]c(=O)c5cc4-c4ccccc4)cc3)CC2)s1
CHEMBL6006637,6.4,CHEMBL4282,397.0,C=CC(=O)Cc1ccc(C(=O)NC2CCN(Cc3ccc(-c4nc5cc[nH]c(=O)c5cc4-c4ccccc4)cc3)CC2)s1
CHEMBL5712045,8.39,CHEMBL4282,4.1,C=CC(=O)Nc1ccccc1C(=O)NC1CCN(Cc2ccc(-c3nc4cc[nH]c(=O)c4cc3-c3ccccc3)cc2)CC1
CHEMBL5712045,6.78,CHEMBL4282,166.0,C=CC(=O)Nc1ccccc1C(=O)NC1CCN(Cc2ccc(-c3nc4cc[nH]c(=O)c4cc3-c3ccccc3)cc2)CC1
CHEMBL5712055,7.06,CHEMBL4282,87.6,C=CC(=O)Nc1ccc(C(=O)NC2CCN(Cc3ccc(-c4nc5cc[nH]c(=O)c5cc4-c4ccccc4)cc3)CC2)cc1
CHEMBL5712055,5.54,CHEMBL4282,2872.0,C=CC(=O)Nc1ccc(C(=O)NC2CCN(Cc3ccc(-c4nc5cc[nH]c(=O)c5cc4-c4ccccc4)cc3)CC2)cc1
CHEMBL2177390,8.59,CHEMBL4282,2.6,CC(C)NC[C@@H](C(=O)N1CCN(c2ncnc3c2[C@H](C)C[C@H]3O)CC1)c1ccc(Cl)cc1
CHEMBL2177390,8.7,CHEMBL4282,2.0,CC(C)NC[C@@H](C(=O)N1CCN(c2ncnc3c2[C@H](C)C[C@H]3O)CC1)c1ccc(Cl)cc1
CHEMBL1079175,8.19,CHEMBL4282,6.5,NC1(c2ccc(-c3nc4ccn5c(=O)[nH]nc5c4cc3-c3ccccc3)cc2)CCC1
CHEMBL1079175,5.46,CHEMBL4282,3489.0,NC1(c2ccc(-c3nc4ccn5c(=O)[nH]nc5c4cc3-c3ccccc3)cc2)CCC1
CHEMBL5712049,7.72,CHEMBL4282,18.9,C=CC(=O)Nc1cc(NC(=O)NC2CCN(Cc3ccc(-c4nc5cc[nH]c(=O)c5cc4-c4ccccc4)cc3)CC2)ccc1Cl
CHEMBL6013292,7.17,CHEMBL4282,67.1,C=CC(=O)Nc1ccc(N2CCN(Cc3ccc(-c4nc5cc[nH]c(=O)c5cc4-c4ccccc4)cc3)CC2)cc1
CHEMBL5712042,8.34,CHEMBL4282,4.6,C=CC(=O)Nc1cccc(C(=O)NC2CCN(Cc3ccc(-c4nc5cc[nH]c(=O)c5cc4-c4ccccc4)cc3)CC2)c1
CHEMBL4795065,9.0,CHEMBL4282,1.0,C=CC(=O)Nc1ccc2[nH]c(=O)n(C3CCN(Cc4ccc(-c5nc6cc[nH]c(=O)c6cc5-c5ccccc5)cc4)CC3)c2c1
CHEMBL5844502,8.7,CHEMBL4282,2.0,C=CC(=O)Nc1cc2c(cc1Cl)[nH]c(=O)n2N1CCN(Cc2ccc(-c3nc4cc[nH]c(=O)c4cc3-c3ccccc3)cc2)CC1
CHEMBL5918984,7.34,CHEMBL4282,45.4,N#C/C(=C\C1CC1)C(=O)Nc1cccc(C(=O)NC2CCN(Cc3ccc(-c4nc5cc[nH]c(=O)c5cc4-c4ccccc4)cc3)CC2)c1
CHEMBL5712061,7.7,CHEMBL4282,20.2,CN(C)C/C=C/C(=O)Nc1ccc2[nH]c(=O)n(C3CCN(Cc4ccc(-c5nc6cc[nH]c(=O)c6cc5-c5ccccc5)cc4)CC3)c2c1
CHEMBL5712048,7.97,CHEMBL4282,10.7,C=CC(=O)Nc1ccc2c(c1)n(C1CCN(Cc3ccc(-c4nc5cc[nH]c(=O)c5cc4-c4ccccc4)cc3)CC1)c(=O)n2C
CHEMBL4795065,7.03,CHEMBL4282,94.0,C=CC(=O)Nc1ccc2[nH]c(=O)n(C3CCN(Cc4ccc(-c5nc6cc[nH]c(=O)c6cc5-c5ccccc5)cc4)CC3)c2c1
CHEMBL5844502,6.86,CHEMBL4282,139.0,C=CC(=O)Nc1cc2c(cc1Cl)[nH]c(=O)n2N1CCN(Cc2ccc(-c3nc4cc[nH]c(=O)c4cc3-c3ccccc3)cc2)CC1
CHEMBL2325997,8.12,CHEMBL4282,7.6,CC(NC(=O)C1(N)CCN(c2ncnc3[nH]ccc23)CC1)c1ccc(Cl)cc1
CHEMBL2325743,8.42,CHEMBL4282,3.8,C[C@H](NC(=O)C1(N)CCN(c2ncnc3[nH]ccc23)CC1)c1ccc(Cl)cc1
CHEMBL2325982,8.17,CHEMBL4282,6.7,CCC(NC(=O)C1(N)CCN(c2ncnc3[nH]ccc23)CC1)c1ccc(Cl)cc1
CHEMBL5804752,8.59,CHEMBL4282,2.6,CC[C@H](NC(=O)C1(N)CCN(c2ncnc3[nH]ccc23)CC1)c1ccc(Cl)cc1
CHEMBL2325983,8.3,CHEMBL4282,5.0,NC1(C(=O)NC(c2ccc(Cl)cc2)C2CC2)CCN(c2ncnc3[nH]ccc23)CC1
CHEMBL5758529,8.01,CHEMBL4282,9.7,NCC(NC(=O)C1(N)CCN(c2ncnc3[nH]ccc23)CC1)c1ccc(Cl)cc1
CHEMBL6061476,8.92,CHEMBL4282,1.2,C[C@H](NC(=O)C1(CN)CCN(c2ncnc3[nH]ccc23)CC1)c1ccc(Cl)cc1
CHEMBL2325739,8.21,CHEMBL4282,6.1,NC1(C(=O)NC(CCCO)c2ccc(Cl)cc2)CCN(c2ncnc3[nH]ccc23)CC1
CHEMBL5914656,8.35,CHEMBL4282,4.5,NC1(C(=O)N[C@@H](CCCO)c2ccc(Cl)cc2)CCN(c2ncnc3[nH]ccc23)CC1
CHEMBL2325737,8.15,CHEMBL4282,7.1,NC1(C(=O)NC(CO)c2ccc(Cl)cc2)CCN(c2ncnc3[nH]ccc23)CC1
CHEMBL2325741,8.49,CHEMBL4282,3.2,NC1(C(=O)N[C@@H](CCO)c2ccc(Cl)cc2)CCN(c2nc[nH]c3nccc2-3)CC1
CHEMBL5849470,8.38,CHEMBL4282,4.2,CC(=O)NCCC(NC(=O)C1(N)CCN(c2ncnc3[nH]ccc23)CC1)c1ccc(Cl)cc1
CHEMBL2325992,8.7,CHEMBL4282,2.0,CN(C)CCC(NC(=O)C1(N)CCN(c2ncnc3[nH]ccc23)CC1)c1ccc(Cl)cc1
CHEMBL2325727,8.55,CHEMBL4282,2.8,CN(C)CC[C@H](NC(=O)C1(N)CCN(c2ncnc3[nH]ccc23)CC1)c1ccc(Cl)cc1
CHEMBL5818600,8.57,CHEMBL4282,2.7,NCC1(C(=O)NC(CCO)c2ccc(Cl)cc2)CCN(c2ncnc3[nH]ccc23)CC1
CHEMBL2325738,8.38,CHEMBL4282,4.2,NC1(C(=O)NC(CCO)c2ccc(Cl)cc2)CCN(c2ncnc3[nH]ccc23)CC1
CHEMBL5762410,8.52,CHEMBL4282,3.0,NCCC(NC(=O)C1(N)CCN(c2ncnc3[nH]ccc23)CC1)c1ccc(Cl)cc1
CHEMBL6010915,7.03,CHEMBL4282,93.0,NC1(C(=O)N[C@H](CCO)c2ccc(Cl)cc2)CCN(c2ncnc3[nH]ccc23)CC1
CHEMBL2325742,6.55,CHEMBL4282,280.0,C[C@@H](NC(=O)C1(N)CCN(c2ncnc3[nH]ccc23)CC1)c1ccc(Cl)cc1
CHEMBL5967812,7.92,CHEMBL4282,12.0,C[C@@H](NC(=O)C1(CN)CCN(c2ncnc3[nH]ccc23)CC1)c1ccc(Cl)cc1
CHEMBL5996984,7.8,CHEMBL4282,16.0,N#Cc1ccc([C@H](CCO)NC(=O)C2(N)CCN(c3ncnc4[nH]ccc34)CC2)cc1
CHEMBL6032267,7.96,CHEMBL4282,11.0,NC1(C(=O)N[C@@H](CCO)c2ccc(Cl)cc2)CCN(c2ncnc3[nH]cc(Br)c23)CC1
CHEMBL5800023,7.7,CHEMBL4282,20.0,NC1(C(=O)N[C@@H](CCO)c2ccc(Cl)cc2)CCN(c2ncnc3[nH]ncc23)CC1
CHEMBL6028902,7.23,CHEMBL4282,59.0,NC1(C(=O)N[C@@H](CCO)c2ccccc2)CCN(c2ncnc3[nH]ccc23)CC1
CHEMBL5780547,8.12,CHEMBL4282,7.5,NC1(C(=O)N[C@@H](CCO)c2ccc(Cl)cc2)CCN(c2ncnc3[nH]cnc23)CC1
CHEMBL5798563,8.89,CHEMBL4282,1.3,NCC1(C(=O)N[C@@H](CCO)c2ccc(Cl)cc2)CCN(c2ncnc3[nH]ccc23)CC1
CHEMBL5948798,8.66,CHEMBL4282,2.2,NC1(C(=O)N[C@@H](CCO)c2ccc(Br)cc2)CCN(c2ncnc3[nH]ccc23)CC1
CHEMBL2325993,8.54,CHEMBL4282,2.9,CN(C)CCCC(NC(=O)C1(N)CCN(c2ncnc3[nH]ccc23)CC1)c1ccc(Cl)cc1
CHEMBL5779455,8.25,CHEMBL4282,5.6,CCN(CC)CC[C@H](NC(=O)C1(N)CCN(c2ncnc3[nH]ccc23)CC1)c1ccc(Cl)cc1
CHEMBL5832331,7.8,CHEMBL4282,16.0,NC1(C(=O)N[C@@H](CCO)c2ccc(Cl)cc2)CCN(c2ncnc3[nH]cc(C4CC4)c23)CC1
CHEMBL5998995,8.35,CHEMBL4282,4.5,CNCCC(NC(=O)C1(N)CCN(c2ncnc3[nH]ccc23)CC1)c1ccc(Cl)cc1
CHEMBL2325984,7.39,CHEMBL4282,41.0,NC1(C(=O)NC(c2ccccc2)c2ccc(Cl)cc2)CCN(c2ncnc3[nH]ccc23)CC1
CHEMBL2325730,7.52,CHEMBL4282,30.0,NC(=O)C(NC(=O)C1(N)CCN(c2ncnc3[nH]ccc23)CC1)c1ccc(Cl)cc1
CHEMBL5775086,7.62,CHEMBL4282,24.0,C[C@H](NC(=O)C1(N)CCN(c2ncnc3[nH]nc(Br)c23)CC1)c1ccc(Cl)cc1
CHEMBL6026023,7.92,CHEMBL4282,12.0,C[C@H](NC(=O)C1(N)CCN(c2ncnc3[nH]cc(Cl)c23)CC1)c1ccc(Cl)cc1
CHEMBL5849633,7.85,CHEMBL4282,14.0,NC1(C(=O)N[C@@H](CCO)c2ccc(Cl)cc2)CCN(c2ncnc3[nH]nc(Br)c23)CC1
CHEMBL5865809,8.04,CHEMBL4282,9.2,NC1(C(=O)N[C@@H](CCO)c2ccc(Cl)cc2)CCN(c2ncnc3[nH]cc(Cl)c23)CC1
CHEMBL5767632,8.4,CHEMBL4282,4.0,C[C@H](NC(=O)C1(N)CCN(c2ncnc3[nH]cc(Br)c23)CC1)c1ccc(Cl)cc1
CHEMBL5786800,7.85,CHEMBL4282,14.0,Cc1c[nH]c2ncnc(N3CCC(N)(C(=O)N[C@@H](CCO)c4ccc(Cl)cc4)CC3)c12
CHEMBL5819896,7.72,CHEMBL4282,19.0,Cc1c[nH]c2ncnc(N3CCC(N)(C(=O)N[C@@H](C)c4ccc(Cl)cc4)CC3)c12
CHEMBL5789489,8.27,CHEMBL4282,5.4,Cc1c[nH]c2ncnc(N3CCC(N)(C(=O)N[C@@H](CC(C)(C)O)c4ccc(Cl)cc4)CC3)c12
CHEMBL5908589,7.3,CHEMBL4282,50.0,C[C@H](NC(=O)C1(N)CCN(c2ncnc3[nH]ccc23)CC1)c1ccc(C#N)cc1
CHEMBL5870443,7.5,CHEMBL4282,32.0,NC1(C(=O)N[C@@H](CCO)c2cccc(Cl)c2)CCN(c2ncnc3[nH]ccc23)CC1
CHEMBL5921561,7.8,CHEMBL4282,16.0,C[C@H](NC(=O)C1(N)CCN(c2ncnc3[nH]ccc23)CC1)c1ccc(C(F)(F)F)cc1
CHEMBL5982628,7.5,CHEMBL4282,32.0,C[C@@H](NC(=O)C1(N)CCN(c2ncnc3[nH]ccc23)CC1)c1ccc(Br)cc1
CHEMBL2325985,7.51,CHEMBL4282,31.0,NC1(C(=O)NC(Cc2ccccc2)c2ccc(Cl)cc2)CCN(c2ncnc3[nH]ccc23)CC1
CHEMBL2325987,8.05,CHEMBL4282,8.9,CC(NC(=O)C1(N)CCN(c2ncnc3[nH]ccc23)CC1)c1ccc(F)cc1
CHEMBL5883220,6.64,CHEMBL4282,230.0,N#CC(NC(=O)C1(N)CCN(c2ncnc3[nH]ccc23)CC1)c1ccc(Cl)cc1
CHEMBL2325986,6.82,CHEMBL4282,150.0,CC(NC(=O)C1(N)CCN(c2ncnc3[nH]ccc23)CC1)c1ccccc1
CHEMBL2325994,8.44,CHEMBL4282,3.6,NC1(C(=O)NC(CCCN2CCCC2)c2ccc(Cl)cc2)CCN(c2ncnc3[nH]ccc23)CC1
CHEMBL2325995,8.25,CHEMBL4282,5.6,NC1(C(=O)NC(CCCN2CCOCC2)c2ccc(Cl)cc2)CCN(c2ncnc3[nH]ccc23)CC1
CHEMBL2325996,8.3,CHEMBL4282,5.0,NC1(C(=O)NC(CCCN2CCCCC2)c2ccc(Cl)cc2)CCN(c2ncnc3[nH]ccc23)CC1
CHEMBL5914899,8.48,CHEMBL4282,3.3,NC1(C(=O)N[C@H](CCCN2CCCCC2)c2ccc(Cl)cc2)CCN(c2ncnc3[nH]ccc23)CC1
CHEMBL5909930,8.37,CHEMBL4282,4.3,CN1CCN(CC[C@H](NC(=O)C2(N)CCN(c3ncnc4[nH]ccc34)CC2)c2ccc(Cl)cc2)CC1
CHEMBL5783615,8.0,CHEMBL4282,10.0,NC1(C(=O)N[C@@H](CCN2CCOCC2)c2ccc(Cl)cc2)CCN(c2ncnc3[nH]ccc23)CC1
CHEMBL2325729,8.43,CHEMBL4282,3.7,NC1(C(=O)N[C@@H](CCN2CCCCC2)c2ccc(Cl)cc2)CCN(c2ncnc3[nH]ccc23)CC1
CHEMBL6064984,8.2,CHEMBL4282,6.3,Cc1c[nH]c2ncnc(N3CCC(N)(C(=O)N[C@@H](CCN4CCNCC4)c4ccc(Cl)cc4)CC3)c12
CHEMBL5962920,8.47,CHEMBL4282,3.4,NC1(C(=O)N[C@@H](CCn2ccnc2)c2ccc(Cl)cc2)CCN(c2ncnc3[nH]ccc23)CC1
CHEMBL2325728,8.41,CHEMBL4282,3.9,NC1(C(=O)N[C@@H](CCN2CCCC2)c2ccc(Cl)cc2)CCN(c2ncnc3[nH]ccc23)CC1
CHEMBL2325735,7.8,CHEMBL4282,16.0,CS(=O)(=O)NCC(NC(=O)C1(N)CCN(c2ncnc3[nH]ccc23)CC1)c1ccc(Cl)cc1
CHEMBL2325733,7.92,CHEMBL4282,12.0,NC1(C(=O)NC(CS(N)(=O)=O)c2ccc(Cl)cc2)CCN(c2ncnc3[nH]ccc23)CC1
CHEMBL2325732,7.51,CHEMBL4282,31.0,CC(=O)NCC(NC(=O)C1(N)CCN(c2ncnc3[nH]ccc23)CC1)c1ccc(Cl)cc1
CHEMBL5788486,8.2,CHEMBL4282,6.3,NC1(C(=O)NC(Cc2ncc[nH]2)c2ccc(Cl)cc2)CCN(c2ncnc3[nH]ccc23)CC1
CHEMBL5907432,7.64,CHEMBL4282,23.0,NC1(C(=O)NC(Cn2cccn2)c2ccc(Cl)cc2)CCN(c2ncnc3[nH]ccc23)CC1
CHEMBL5842760,7.64,CHEMBL4282,23.0,Cc1cc(CC(NC(=O)C2(N)CCN(c3ncnc4[nH]ccc34)CC2)c2ccc(Cl)cc2)on1
CHEMBL5979553,7.55,CHEMBL4282,28.0,NC1(C(=O)NC(Cc2nccs2)c2ccc(Cl)cc2)CCN(c2ncnc3[nH]ccc23)CC1
CHEMBL2325731,7.38,CHEMBL4282,42.0,CN(C)C(=O)CC(NC(=O)C1(N)CCN(c2ncnc3[nH]ccc23)CC1)c1ccc(Cl)cc1
CHEMBL2325740,8.02,CHEMBL4282,9.5,COCCC(NC(=O)C1(N)CCN(c2ncnc3[nH]ccc23)CC1)c1ccc(Cl)cc1
CHEMBL2325734,8.19,CHEMBL4282,6.4,NC1(C(=O)NC(CCS(N)(=O)=O)c2ccc(Cl)cc2)CCN(c2ncnc3[nH]ccc23)CC1
CHEMBL5977643,8.18,CHEMBL4282,6.6,NC(=O)CC(NC(=O)C1(N)CCN(c2ncnc3[nH]ccc23)CC1)c1ccc(Cl)cc1
CHEMBL5804316,8.11,CHEMBL4282,7.7,NC(=O)NCCC(NC(=O)C1(N)CCN(c2ncnc3[nH]ccc23)CC1)c1ccc(Cl)cc1
CHEMBL5956984,7.92,CHEMBL4282,12.0,N#CCC(NC(=O)C1(N)CCN(c2ncnc3[nH]ccc23)CC1)c1ccc(Cl)cc1
CHEMBL2325736,8.16,CHEMBL4282,6.9,CS(=O)(=O)NCCC(NC(=O)C1(N)CCN(c2ncnc3[nH]ccc23)CC1)c1ccc(Cl)cc1
CHEMBL5814965,6.28,CHEMBL4282,523.0,CC1(C)O[C@@H]2C[C@H]3[C@@H]4C[C@H](F)C5=CC(=O)C=C[C@]5(C)[C@@]4(F)[C@@H](O)C[C@]3(C)[C@]2(C(=O)COC(=O)CCC(=O)OCc2ccc([C@@H](CN)C(=O)Nc3ccc4cnccc4c3)cc2)O1
CHEMBL5854473,6.02,CHEMBL4282,955.0,C[C@@H]1C[C@H]2[C@@H]3CCC4=CC(=O)C=C[C@]4(C)[C@@]3(F)[C@@H](O)C[C@]2(C)[C@@]1(O)C(=O)COC(=O)CCC(=O)OCc1ccc([C@@H](CN)C(=O)Nc2ccc3cnccc3c2)cc1
CHEMBL5842146,7.02,CHEMBL4282,95.0,C[C@@H]1C[C@H]2[C@@H]3CCC4=CC(=O)C=C[C@]4(C)[C@@]3(F)[C@@H](O)C[C@]2(C)[C@@]1(O)C(=O)COC(=O)C[C@H](N)C(=O)OCc1ccc([C@@H](CN)C(=O)Nc2ccc3cnccc3c2)cc1
CHEMBL5916377,5.87,CHEMBL4282,1358.0,C[C@@H]1C[C@H]2[C@@H]3CCC4=CC(=O)C=C[C@]4(C)[C@@]3(F)[C@@H](O)C[C@]2(C)[C@@]1(O)C(=O)COC(=O)c1ccc(C(=O)OCc2ccc([C@@H](CN)C(=O)Nc3ccc4cnccc4c3)cc2)cc1
CHEMBL5922741,5.91,CHEMBL4282,1243.0,CC1(C)O[C@@H]2C[C@H]3[C@@H]4CCC5=CC(=O)C=C[C@]5(C)[C@@]4(F)[C@@H](O)C[C@]3(C)[C@]2(C(=O)COC(=O)CCC(=O)OCc2ccc([C@@H](CN)C(=O)Nc3ccc4cnccc4c3)cc2)O1
CHEMBL5867395,5.58,CHEMBL4282,2641.0,C[C@@H]1C[C@H]2[C@@H]3CCC4=CC(=O)C=C[C@]4(C)[C@@]3(F)[C@@H](O)C[C@]2(C)[C@@]1(O)C(=O)COC(=O)C1CC1C(=O)OCc1ccc([C@@H](CN)C(=O)Nc2ccc3cnccc3c2)cc1
CHEMBL5992697,5.59,CHEMBL4282,2540.0,C[C@]12C=CC(=O)C=C1CC[C@@H]1[C@@H]2[C@@H](O)C[C@@]2(C)[C@H]1CC[C@]2(O)C(=O)COC(=O)C1CC1C(=O)OCc1ccc([C@@H](CN)C(=O)Nc2ccc3cnccc3c2)cc1
CHEMBL2325997,8.12,CHEMBL4282,7.6,CC(NC(=O)C1(N)CCN(c2ncnc3[nH]ccc23)CC1)c1ccc(Cl)cc1
CHEMBL2325743,8.42,CHEMBL4282,3.8,C[C@H](NC(=O)C1(N)CCN(c2ncnc3[nH]ccc23)CC1)c1ccc(Cl)cc1
CHEMBL2325982,8.17,CHEMBL4282,6.7,CCC(NC(=O)C1(N)CCN(c2ncnc3[nH]ccc23)CC1)c1ccc(Cl)cc1
CHEMBL5804752,8.59,CHEMBL4282,2.6,CC[C@H](NC(=O)C1(N)CCN(c2ncnc3[nH]ccc23)CC1)c1ccc(Cl)cc1
CHEMBL5999638,6.57,CHEMBL4282,270.0,CC[C@@H](NC(=O)C1(N)CCN(c2ncnc3[nH]ccc23)CC1)c1ccc(Cl)cc1
CHEMBL2325983,8.3,CHEMBL4282,5.0,NC1(C(=O)NC(c2ccc(Cl)cc2)C2CC2)CCN(c2ncnc3[nH]ccc23)CC1
CHEMBL5758529,8.01,CHEMBL4282,9.7,NCC(NC(=O)C1(N)CCN(c2ncnc3[nH]ccc23)CC1)c1ccc(Cl)cc1
CHEMBL6061476,8.92,CHEMBL4282,1.2,C[C@H](NC(=O)C1(CN)CCN(c2ncnc3[nH]ccc23)CC1)c1ccc(Cl)cc1
CHEMBL2325739,8.21,CHEMBL4282,6.1,NC1(C(=O)NC(CCCO)c2ccc(Cl)cc2)CCN(c2ncnc3[nH]ccc23)CC1
CHEMBL5914656,8.35,CHEMBL4282,4.5,NC1(C(=O)N[C@@H](CCCO)c2ccc(Cl)cc2)CCN(c2ncnc3[nH]ccc23)CC1
CHEMBL5776584,6.62,CHEMBL4282,240.0,NC1(C(=O)N[C@H](CCCO)c2ccc(Cl)cc2)CCN(c2ncnc3[nH]ccc23)CC1
CHEMBL2325737,8.15,CHEMBL4282,7.1,NC1(C(=O)NC(CO)c2ccc(Cl)cc2)CCN(c2ncnc3[nH]ccc23)CC1
CHEMBL2325741,8.49,CHEMBL4282,3.2,NC1(C(=O)N[C@@H](CCO)c2ccc(Cl)cc2)CCN(c2nc[nH]c3nccc2-3)CC1
CHEMBL5849470,8.38,CHEMBL4282,4.2,CC(=O)NCCC(NC(=O)C1(N)CCN(c2ncnc3[nH]ccc23)CC1)c1ccc(Cl)cc1
CHEMBL2325992,8.7,CHEMBL4282,2.0,CN(C)CCC(NC(=O)C1(N)CCN(c2ncnc3[nH]ccc23)CC1)c1ccc(Cl)cc1
CHEMBL5782008,8.55,CHEMBL4282,2.8,CN(C)CC[C@@H](NC(=O)C1(N)CCN(c2ncnc3[nH]ccc23)CC1)c1ccc(Cl)cc1
CHEMBL2325727,7.68,CHEMBL4282,21.0,CN(C)CC[C@H](NC(=O)C1(N)CCN(c2ncnc3[nH]ccc23)CC1)c1ccc(Cl)cc1
CHEMBL5818600,8.57,CHEMBL4282,2.7,NCC1(C(=O)NC(CCO)c2ccc(Cl)cc2)CCN(c2ncnc3[nH]ccc23)CC1
CHEMBL2325738,8.38,CHEMBL4282,4.2,NC1(C(=O)NC(CCO)c2ccc(Cl)cc2)CCN(c2ncnc3[nH]ccc23)CC1
CHEMBL5762410,8.52,CHEMBL4282,3.0,NCCC(NC(=O)C1(N)CCN(c2ncnc3[nH]ccc23)CC1)c1ccc(Cl)cc1
CHEMBL6010915,7.03,CHEMBL4282,93.0,NC1(C(=O)N[C@H](CCO)c2ccc(Cl)cc2)CCN(c2ncnc3[nH]ccc23)CC1
CHEMBL2325742,6.55,CHEMBL4282,280.0,C[C@@H](NC(=O)C1(N)CCN(c2ncnc3[nH]ccc23)CC1)c1ccc(Cl)cc1
CHEMBL5967812,7.92,CHEMBL4282,12.0,C[C@@H](NC(=O)C1(CN)CCN(c2ncnc3[nH]ccc23)CC1)c1ccc(Cl)cc1
CHEMBL5996984,7.8,CHEMBL4282,16.0,N#Cc1ccc([C@H](CCO)NC(=O)C2(N)CCN(c3ncnc4[nH]ccc34)CC2)cc1
CHEMBL6032267,7.96,CHEMBL4282,11.0,NC1(C(=O)N[C@@H](CCO)c2ccc(Cl)cc2)CCN(c2ncnc3[nH]cc(Br)c23)CC1
CHEMBL5800023,7.7,CHEMBL4282,20.0,NC1(C(=O)N[C@@H](CCO)c2ccc(Cl)cc2)CCN(c2ncnc3[nH]ncc23)CC1
CHEMBL6028902,7.23,CHEMBL4282,59.0,NC1(C(=O)N[C@@H](CCO)c2ccccc2)CCN(c2ncnc3[nH]ccc23)CC1
CHEMBL5780547,8.12,CHEMBL4282,7.5,NC1(C(=O)N[C@@H](CCO)c2ccc(Cl)cc2)CCN(c2ncnc3[nH]cnc23)CC1
CHEMBL5798563,8.89,CHEMBL4282,1.3,NCC1(C(=O)N[C@@H](CCO)c2ccc(Cl)cc2)CCN(c2ncnc3[nH]ccc23)CC1
CHEMBL5948798,8.66,CHEMBL4282,2.2,NC1(C(=O)N[C@@H](CCO)c2ccc(Br)cc2)CCN(c2ncnc3[nH]ccc23)CC1
CHEMBL2325993,8.54,CHEMBL4282,2.9,CN(C)CCCC(NC(=O)C1(N)CCN(c2ncnc3[nH]ccc23)CC1)c1ccc(Cl)cc1
CHEMBL5779455,8.25,CHEMBL4282,5.6,CCN(CC)CC[C@H](NC(=O)C1(N)CCN(c2ncnc3[nH]ccc23)CC1)c1ccc(Cl)cc1
CHEMBL5832331,7.8,CHEMBL4282,16.0,NC1(C(=O)N[C@@H](CCO)c2ccc(Cl)cc2)CCN(c2ncnc3[nH]cc(C4CC4)c23)CC1
CHEMBL5998995,8.35,CHEMBL4282,4.5,CNCCC(NC(=O)C1(N)CCN(c2ncnc3[nH]ccc23)CC1)c1ccc(Cl)cc1
CHEMBL2325984,7.39,CHEMBL4282,41.0,NC1(C(=O)NC(c2ccccc2)c2ccc(Cl)cc2)CCN(c2ncnc3[nH]ccc23)CC1
CHEMBL2325730,7.52,CHEMBL4282,30.0,NC(=O)C(NC(=O)C1(N)CCN(c2ncnc3[nH]ccc23)CC1)c1ccc(Cl)cc1
CHEMBL5775086,7.62,CHEMBL4282,24.0,C[C@H](NC(=O)C1(N)CCN(c2ncnc3[nH]nc(Br)c23)CC1)c1ccc(Cl)cc1
CHEMBL6026023,7.92,CHEMBL4282,12.0,C[C@H](NC(=O)C1(N)CCN(c2ncnc3[nH]cc(Cl)c23)CC1)c1ccc(Cl)cc1
CHEMBL5849633,7.85,CHEMBL4282,14.0,NC1(C(=O)N[C@@H](CCO)c2ccc(Cl)cc2)CCN(c2ncnc3[nH]nc(Br)c23)CC1
CHEMBL5865809,8.04,CHEMBL4282,9.2,NC1(C(=O)N[C@@H](CCO)c2ccc(Cl)cc2)CCN(c2ncnc3[nH]cc(Cl)c23)CC1
CHEMBL5767632,8.4,CHEMBL4282,4.0,C[C@H](NC(=O)C1(N)CCN(c2ncnc3[nH]cc(Br)c23)CC1)c1ccc(Cl)cc1
CHEMBL5786800,7.85,CHEMBL4282,14.0,Cc1c[nH]c2ncnc(N3CCC(N)(C(=O)N[C@@H](CCO)c4ccc(Cl)cc4)CC3)c12
CHEMBL5819896,7.72,CHEMBL4282,19.0,Cc1c[nH]c2ncnc(N3CCC(N)(C(=O)N[C@@H](C)c4ccc(Cl)cc4)CC3)c12
CHEMBL5828090,8.27,CHEMBL4282,5.4,CC(C)(O)C[C@H](NC(=O)C1(N)CCN(c2ncnc3[nH]ccc23)CC1)c1ccc(Cl)cc1
CHEMBL5908589,7.3,CHEMBL4282,50.0,C[C@H](NC(=O)C1(N)CCN(c2ncnc3[nH]ccc23)CC1)c1ccc(C#N)cc1
CHEMBL5870443,7.5,CHEMBL4282,32.0,NC1(C(=O)N[C@@H](CCO)c2cccc(Cl)c2)CCN(c2ncnc3[nH]ccc23)CC1
CHEMBL5921561,7.8,CHEMBL4282,16.0,C[C@H](NC(=O)C1(N)CCN(c2ncnc3[nH]ccc23)CC1)c1ccc(C(F)(F)F)cc1
CHEMBL5982628,7.5,CHEMBL4282,32.0,C[C@@H](NC(=O)C1(N)CCN(c2ncnc3[nH]ccc23)CC1)c1ccc(Br)cc1
CHEMBL2325985,7.51,CHEMBL4282,31.0,NC1(C(=O)NC(Cc2ccccc2)c2ccc(Cl)cc2)CCN(c2ncnc3[nH]ccc23)CC1
CHEMBL2325987,8.05,CHEMBL4282,8.9,CC(NC(=O)C1(N)CCN(c2ncnc3[nH]ccc23)CC1)c1ccc(F)cc1
CHEMBL5883220,6.64,CHEMBL4282,230.0,N#CC(NC(=O)C1(N)CCN(c2ncnc3[nH]ccc23)CC1)c1ccc(Cl)cc1
CHEMBL2325986,6.82,CHEMBL4282,150.0,CC(NC(=O)C1(N)CCN(c2ncnc3[nH]ccc23)CC1)c1ccccc1
CHEMBL2325994,8.44,CHEMBL4282,3.6,NC1(C(=O)NC(CCCN2CCCC2)c2ccc(Cl)cc2)CCN(c2ncnc3[nH]ccc23)CC1
CHEMBL2325995,8.25,CHEMBL4282,5.6,NC1(C(=O)NC(CCCN2CCOCC2)c2ccc(Cl)cc2)CCN(c2ncnc3[nH]ccc23)CC1
CHEMBL2325996,8.3,CHEMBL4282,5.0,NC1(C(=O)NC(CCCN2CCCCC2)c2ccc(Cl)cc2)CCN(c2ncnc3[nH]ccc23)CC1
CHEMBL6064010,8.48,CHEMBL4282,3.3,NC1(C(=O)N[C@@H](CCCN2CCCCC2)c2ccc(Cl)cc2)CCN(c2ncnc3[nH]ccc23)CC1
CHEMBL5914899,7.32,CHEMBL4282,48.0,NC1(C(=O)N[C@H](CCCN2CCCCC2)c2ccc(Cl)cc2)CCN(c2ncnc3[nH]ccc23)CC1
CHEMBL5909930,8.37,CHEMBL4282,4.3,CN1CCN(CC[C@H](NC(=O)C2(N)CCN(c3ncnc4[nH]ccc34)CC2)c2ccc(Cl)cc2)CC1
CHEMBL5783615,8.0,CHEMBL4282,10.0,NC1(C(=O)N[C@@H](CCN2CCOCC2)c2ccc(Cl)cc2)CCN(c2ncnc3[nH]ccc23)CC1
CHEMBL2325729,8.43,CHEMBL4282,3.7,NC1(C(=O)N[C@@H](CCN2CCCCC2)c2ccc(Cl)cc2)CCN(c2ncnc3[nH]ccc23)CC1
CHEMBL6008744,8.2,CHEMBL4282,6.3,NC1(C(=O)N[C@@H](CCN2CCNCC2)c2ccc(Cl)cc2)CCN(c2ncnc3[nH]ccc23)CC1
CHEMBL5962920,8.47,CHEMBL4282,3.4,NC1(C(=O)N[C@@H](CCn2ccnc2)c2ccc(Cl)cc2)CCN(c2ncnc3[nH]ccc23)CC1
CHEMBL2325728,8.41,CHEMBL4282,3.9,NC1(C(=O)N[C@@H](CCN2CCCC2)c2ccc(Cl)cc2)CCN(c2ncnc3[nH]ccc23)CC1
CHEMBL2325735,7.8,CHEMBL4282,16.0,CS(=O)(=O)NCC(NC(=O)C1(N)CCN(c2ncnc3[nH]ccc23)CC1)c1ccc(Cl)cc1
CHEMBL2325733,7.92,CHEMBL4282,12.0,NC1(C(=O)NC(CS(N)(=O)=O)c2ccc(Cl)cc2)CCN(c2ncnc3[nH]ccc23)CC1
CHEMBL2325732,7.51,CHEMBL4282,31.0,CC(=O)NCC(NC(=O)C1(N)CCN(c2ncnc3[nH]ccc23)CC1)c1ccc(Cl)cc1
CHEMBL5788486,8.2,CHEMBL4282,6.3,NC1(C(=O)NC(Cc2ncc[nH]2)c2ccc(Cl)cc2)CCN(c2ncnc3[nH]ccc23)CC1
CHEMBL5907432,7.64,CHEMBL4282,23.0,NC1(C(=O)NC(Cn2cccn2)c2ccc(Cl)cc2)CCN(c2ncnc3[nH]ccc23)CC1
CHEMBL5842760,7.64,CHEMBL4282,23.0,Cc1cc(CC(NC(=O)C2(N)CCN(c3ncnc4[nH]ccc34)CC2)c2ccc(Cl)cc2)on1
CHEMBL5979553,7.55,CHEMBL4282,28.0,NC1(C(=O)NC(Cc2nccs2)c2ccc(Cl)cc2)CCN(c2ncnc3[nH]ccc23)CC1
CHEMBL2325731,7.38,CHEMBL4282,42.0,CN(C)C(=O)CC(NC(=O)C1(N)CCN(c2ncnc3[nH]ccc23)CC1)c1ccc(Cl)cc1
CHEMBL2325740,8.02,CHEMBL4282,9.5,COCCC(NC(=O)C1(N)CCN(c2ncnc3[nH]ccc23)CC1)c1ccc(Cl)cc1
CHEMBL2325734,8.19,CHEMBL4282,6.4,NC1(C(=O)NC(CCS(N)(=O)=O)c2ccc(Cl)cc2)CCN(c2ncnc3[nH]ccc23)CC1
CHEMBL5977643,8.18,CHEMBL4282,6.6,NC(=O)CC(NC(=O)C1(N)CCN(c2ncnc3[nH]ccc23)CC1)c1ccc(Cl)cc1
CHEMBL5804316,8.11,CHEMBL4282,7.7,NC(=O)NCCC(NC(=O)C1(N)CCN(c2ncnc3[nH]ccc23)CC1)c1ccc(Cl)cc1
CHEMBL5956984,7.92,CHEMBL4282,12.0,N#CCC(NC(=O)C1(N)CCN(c2ncnc3[nH]ccc23)CC1)c1ccc(Cl)cc1
CHEMBL2325736,8.16,CHEMBL4282,6.9,CS(=O)(=O)NCCC(NC(=O)C1(N)CCN(c2ncnc3[nH]ccc23)CC1)c1ccc(Cl)cc1
CHEMBL5869507,5.12,CHEMBL4282,7520.0,Nc1ncc(-c2cc(N3CCOCC3)cc(S(=O)(=O)c3ccccc3)c2)cn1
CHEMBL5961664,5.12,CHEMBL4282,7620.0,Nc1ncc(-c2cc(N3CCOCC3)cc(S(=O)(=O)c3ccc(F)cc3)c2)cn1
CHEMBL5947627,4.51,CHEMBL4282,30700.0,N#Cc1ccc(S(=O)(=O)c2cc(-c3cnc(N)nc3)cc(N3CCOCC3)c2)cc1
CHEMBL5990361,4.0,CHEMBL4282,100000.0,Nc1ncc(-c2cc(N3CCOCC3)cc(S(=O)(=O)c3ccc(F)c(Cl)c3)c2)cn1
CHEMBL5954830,4.0,CHEMBL4282,100000.0,Cc1cnccc1-c1cc(N2CCOCC2)cc(S(=O)(=O)c2ccccc2)c1
CHEMBL6024896,4.54,CHEMBL4282,28600.0,N#Cc1cccc(S(=O)(=O)c2cc(-c3cnc(N)nc3)cc(N3CCOCC3)c2)c1
CHEMBL5831870,4.0,CHEMBL4282,100000.0,Nc1ncc(-c2cc(N3CCOCC3)cc(S(=O)(=O)c3ccc(OC(F)(F)F)cc3)c2)cn1
CHEMBL5926148,4.0,CHEMBL4282,100000.0,N#Cc1ccc(S(=O)(=O)c2cc(-c3cnc(N)nc3C(F)(F)F)cc(N3CCOCC3)c2)cc1
CHEMBL5802550,4.0,CHEMBL4282,100000.0,N#Cc1ccc(S(=O)(=O)c2cc(-c3cnc(N)cc3C(F)(F)F)cc(N3CCOCC3)c2)cc1
CHEMBL5810992,4.43,CHEMBL4282,37000.0,O=S(=O)(c1ccccc1)c1cc(-c2cnc(NCCO)nc2)cc(N2CCOCC2)c1
CHEMBL5829379,4.0,CHEMBL4282,100000.0,O=S(=O)(c1ccccc1)c1cc(-c2cnc(NC3CC3)nc2)cc(N2CCOCC2)c1
CHEMBL6001220,4.43,CHEMBL4282,37000.0,Cc1ccc(S(=O)(=O)c2cc(-c3cnc(N)nc3)cc(N3CCOCC3)c2)cc1
CHEMBL5969336,4.41,CHEMBL4282,39000.0,CC(=O)Nc1ccc(S(=O)(=O)c2cc(-c3cnc(N)nc3)cc(N3CCOCC3)c2)cc1
CHEMBL5996470,5.07,CHEMBL4282,8500.0,Nc1ncc(-c2cc(N3CCOCC3)cc(S(=O)(=O)Cc3ccccc3)c2)cn1
CHEMBL5750327,5.21,CHEMBL4282,6200.0,Nc1ncc(-c2cc(N3CCOCC3)cc(S(=O)(=O)Cc3ccc(F)cc3F)c2)cn1
CHEMBL5752575,4.85,CHEMBL4282,14000.0,N#Cc1cccc(CS(=O)(=O)c2cc(-c3cnc(N)nc3)cc(N3CCOCC3)c2)c1
CHEMBL6028049,4.89,CHEMBL4282,13000.0,Nc1ncc(-c2cc(N3CCOCC3)cc(S(=O)(=O)Cc3ccc(CO)cc3)c2)cn1
CHEMBL6023462,4.96,CHEMBL4282,10900.0,Nc1ncc(-c2cc(N3CCOCC3)cc(S(=O)(=O)Cc3ccc(F)cc3)c2)cn1
CHEMBL5754702,4.75,CHEMBL4282,18000.0,CC(=O)Nc1ncc(-c2cc(N3CCOCC3)cc(S(=O)(=O)c3ccccc3)c2)cn1
CHEMBL5860114,5.2,CHEMBL4282,6300.0,Nc1cc(C(F)(F)F)c(-c2cc(N3CCOCC3)cc(S(=O)(=O)Cc3ccccc3)c2)cn1
CHEMBL5846485,4.63,CHEMBL4282,23490.0,O=S(=O)(Cc1ccccc1)c1cc(-c2cnc(NCCO)nc2)cc(N2CCOCC2)c1
CHEMBL5915357,5.04,CHEMBL4282,9110.0,Nc1ncc(-c2cc(N3CCOCC3)cc(S(=O)(=O)CC3CCOC3)c2)cn1
CHEMBL5848054,5.0,CHEMBL4282,9900.0,Nc1ncc(-c2cc(N3CCOCC3)cc(S(=O)(=O)CC3CCOCC3)c2)cn1
CHEMBL5848821,6.07,CHEMBL4282,860.0,O=S(=O)(Cc1ccc(F)cc1)c1cc(-c2cccc(O)c2)cc(N2CCOCC2)c1
CHEMBL5934855,5.66,CHEMBL4282,2180.0,NCCNc1ncc(-c2cc(N3CCOCC3)cc(S(=O)(=O)Cc3ccc(F)cc3)c2)cn1
CHEMBL5743209,4.51,CHEMBL4282,31100.0,Nc1ncc(-c2cc(N3CCOCC3)cc(S(=O)(=O)C3CCCCC3)c2)cn1
CHEMBL5751880,5.67,CHEMBL4282,2120.0,Nc1ncc(-c2cc(N3CCOCC3)cc(S(=O)(=O)C3CCOC3)c2)cn1
CHEMBL5762998,5.46,CHEMBL4282,3460.0,Nc1ncc(-c2cc(N3CCOCC3)cc(S(=O)(=O)[C@@H]3CCOC3)c2)cn1
CHEMBL5885350,5.78,CHEMBL4282,1650.0,Nc1ncc(-c2cc(N3CCOCC3)cc(S(=O)(=O)[C@H]3CCOC3)c2)cn1
CHEMBL5970737,5.61,CHEMBL4282,2460.0,CC(C)(C)OC(=O)N1CC(S(=O)(=O)c2cc(-c3cnc(N)nc3)cc(N3CCOCC3)c2)C1
CHEMBL5785269,4.7,CHEMBL4282,19760.0,Nc1ncc(-c2cc(N3CCOCC3)cc(S(=O)(=O)Cc3ccc4[nH]ccc4c3)c2)cn1
CHEMBL5917773,4.7,CHEMBL4282,19750.0,Nc1ncc(-c2cc(N3CCOCC3)cc(S(=O)(=O)Cc3ccc(NS(N)(=O)=O)cc3)c2)cn1
CHEMBL5759109,4.38,CHEMBL4282,41290.0,Nc1ncc(-c2cc(N3CCOCC3)cc(S(=O)(=O)Cc3ccc(N4CCOCC4)cc3)c2)cn1
CHEMBL5892264,4.44,CHEMBL4282,36090.0,Nc1ncc(-c2cc(N3CCOCC3)cc(S(=O)(=O)Cc3c[nH]cn3)c2)cn1
CHEMBL5769693,4.51,CHEMBL4282,31120.0,Nc1ncc(-c2cc(N3CCOCC3)cc(S(=O)(=O)CC3CCCCC3)c2)cn1
CHEMBL6051203,5.19,CHEMBL4282,6470.0,Nc1ncc(-c2cc(N3CCOCC3)cc(S(=O)(=O)C3CCOCC3)c2)cn1
CHEMBL5804915,5.43,CHEMBL4282,3710.0,Nc1ncc(-c2cc(N3CCOCC3)cc(S(=O)(=O)Cc3ccc4[nH]cnc4c3)c2)cn1
CHEMBL5964644,5.33,CHEMBL4282,4660.0,CC(=O)N1CC(S(=O)(=O)c2cc(-c3cnc(N)nc3)cc(N3CCOCC3)c2)C1
CHEMBL5766478,5.4,CHEMBL4282,4020.0,Nc1cc(C(F)(F)F)c(-c2cc(N3CCOCC3)cc(S(=O)(=O)C3CCOC3)c2)cn1
CHEMBL5781418,4.95,CHEMBL4282,11200.0,Nc1cc(C(F)(F)F)c(-c2cc(N3CCOCC3)cc(S(=O)(=O)[C@@H]3CCOC3)c2)cn1
CHEMBL5916396,5.04,CHEMBL4282,9130.0,Nc1ncc(-c2cc(N3CCOCC3)cc(S(=O)(=O)C3CCOC3)c2)c(C(F)(F)F)n1
CHEMBL5786685,5.19,CHEMBL4282,6400.0,CCC(=O)N1CC(S(=O)(=O)c2cc(-c3cnc(N)nc3)cc(N3CCOCC3)c2)C1
CHEMBL5961297,5.25,CHEMBL4282,5640.0,CC(C)C(=O)N1CC(S(=O)(=O)c2cc(-c3cnc(N)nc3)cc(N3CCOCC3)c2)C1
CHEMBL5863821,5.5,CHEMBL4282,3190.0,Nc1ncc(-c2cc(N3CCOCC3)cc(S(=O)(=O)C3CN(C(=O)C4CC4)C3)c2)cn1
CHEMBL5936801,5.34,CHEMBL4282,4520.0,Nc1ncc(-c2cc(N3CCOCC3)cc(S(=O)(=O)C3CN(C(=O)Cc4ccc(F)cc4)C3)c2)cn1
CHEMBL5791061,5.3,CHEMBL4282,5020.0,Nc1ncc(-c2cc(N3CCOCC3)cc(S(=O)(=O)C3CN(C(=O)c4ccc(F)cc4)C3)c2)cn1
CHEMBL6023199,4.58,CHEMBL4282,26400.0,NC(=O)N1CC(S(=O)(=O)c2cc(-c3cnc(N)nc3)cc(N3CCOCC3)c2)C1
CHEMBL5861846,4.97,CHEMBL4282,10780.0,Nc1ncc(-c2cc(N3CCOCC3)cc(S(=O)(=O)CCc3ccc(F)cc3)c2)cn1
CHEMBL6021979,5.07,CHEMBL4282,8470.0,CC(=O)N1CCC(S(=O)(=O)c2cc(-c3cnc(N)nc3)cc(N3CCOCC3)c2)CC1
CHEMBL5933789,6.0,CHEMBL4282,1000.0,Nc1ncc(-c2cc(N3CCOCC3)cc(S(=O)(=O)C(F)(F)c3ccccc3)c2)cn1
CHEMBL5926108,5.18,CHEMBL4282,6540.0,Nc1ncc(-c2cc(N3CCOCC3)cc(S(=O)(=O)C3CCC(F)(F)CC3)c2)cn1
CHEMBL6029625,5.13,CHEMBL4282,7330.0,CC(=O)N1CCC(S(=O)(=O)c2cc(-c3cnc(N)nc3)cc(N3CCOCC3)c2)C1
CHEMBL6016576,5.54,CHEMBL4282,2910.0,CC(C)(C)NC(=O)N1CC(S(=O)(=O)c2cc(-c3cnc(N)nc3)cc(N3CCOCC3)c2)C1
CHEMBL5912232,5.26,CHEMBL4282,5440.0,CCNC(=O)N1CC(S(=O)(=O)c2cc(-c3cnc(N)nc3)cc(N3CCOCC3)c2)C1
CHEMBL5990902,4.7,CHEMBL4282,19840.0,COCNC(=O)N1CC(S(=O)(=O)c2cc(-c3cnc(N)nc3)cc(N3CCOCC3)c2)C1
CHEMBL5997607,5.29,CHEMBL4282,5190.0,CN(C)C(=O)N1CC(S(=O)(=O)c2cc(-c3cnc(N)nc3)cc(N3CCOCC3)c2)C1
CHEMBL5854166,5.97,CHEMBL4282,1060.0,Nc1ccc(-c2cc(N3CCOCC3)cc(S(=O)(=O)Cc3ccc(F)cc3F)c2)nn1
CHEMBL5981464,4.91,CHEMBL4282,12370.0,Nc1ncc(-c2cc(N3CCOCC3)cc(S(=O)(=O)Cc3ccncc3)c2)cn1
CHEMBL5762480,4.32,CHEMBL4282,48200.0,Nc1ncc(-c2cc(N3CCOCC3)cc(S(=O)(=O)[C@@H]3CCOC3)c2)cc1C(F)(F)F
CHEMBL6045644,5.07,CHEMBL4282,8530.0,Nc1ccc(-c2cc(N3CCOCC3)cc(S(=O)(=O)[C@@H]3CCOC3)c2)cn1
CHEMBL5950148,5.17,CHEMBL4282,6790.0,O=C(C1CC1)N1CC(S(=O)(=O)c2cc(-c3cnc(NC4CC4)nc3)cc(N3CCOCC3)c2)C1
CHEMBL5966042,5.24,CHEMBL4282,5810.0,O=S(=O)(c1cc(-c2cnc(NC3CC3)nc2)cc(N2CCOCC2)c1)C1CCOC1
CHEMBL5887082,5.39,CHEMBL4282,4100.0,Nc1cc(F)c(-c2cc(N3CCOCC3)cc(S(=O)(=O)[C@@H]3CCOC3)c2)cn1
CHEMBL5987049,5.43,CHEMBL4282,3700.0,Nc1cc(Cl)c(-c2cc(N3CCOCC3)cc(S(=O)(=O)[C@@H]3CCOC3)c2)cn1
CHEMBL5967665,5.33,CHEMBL4282,4720.0,CNc1ccc(-c2cc(N3CCOCC3)cc(S(=O)(=O)[C@@H]3CCOC3)c2)cn1
CHEMBL5903679,4.82,CHEMBL4282,15000.0,Nc1ncc(-c2cc(N3CCOCC3)cc(S(=O)(=O)c3coc4ccccc34)c2)cn1
CHEMBL5741468,5.06,CHEMBL4282,8700.0,Nc1ncc(-c2cc(N3CCOCC3)cc(S(=O)(=O)c3cccc4ccoc34)c2)cn1
CHEMBL6062521,4.84,CHEMBL4282,14500.0,Nc1ncc(-c2cc(N3CCOCC3)cc(S(=O)(=O)c3cccc4c3OCC4)c2)cn1
CHEMBL5874712,4.65,CHEMBL4282,22300.0,Nc1ncc(-c2cc(N3CCOCC3)cc(S(=O)(=O)c3ccc4ccoc4c3)c2)cn1
CHEMBL5822265,4.84,CHEMBL4282,14300.0,Nc1ncc(-c2cc(N3CCOCC3)cc(S(=O)(=O)/C=C/c3ccccc3O)c2)cn1
CHEMBL5742183,4.82,CHEMBL4282,15300.0,Nc1ncc(-c2cc(N3CCOCC3)cc(S(=O)(=O)c3c[nH]c4ccccc34)c2)cn1
CHEMBL5853550,6.24,CHEMBL4282,570.0,Nc1ncc(-c2cc(S(=O)(=O)c3ccccc3)cc(N3CCOCC3)n2)cn1
CHEMBL6029514,4.64,CHEMBL4282,22900.0,Nc1ncc(-c2cc(N3CCOCC3)cc(S(=O)(=O)c3ccc4c(c3)OCC4)c2)cn1
CHEMBL5920859,4.76,CHEMBL4282,17300.0,Nc1ncc(-c2cc(N3CCOCC3)cc(S(=O)(=O)c3ccccc3)n2)cn1
CHEMBL5793099,4.86,CHEMBL4282,13800.0,Nc1ncc(-c2cc(N3CCOCC3)nc(S(=O)(=O)c3ccccc3)c2)cn1
CHEMBL5747565,5.4,CHEMBL4282,4000.0,Nc1ncc(-c2cc(N3CCOCC3)cc(S(=O)(=O)C3COc4ccccc43)c2)cn1
CHEMBL5905770,6.19,CHEMBL4282,640.0,Nc1ncc(-c2cc(Oc3ccccc3)cc(N3CCOCC3)n2)cn1
CHEMBL5793746,6.32,CHEMBL4282,480.0,Nc1ncc(-c2cc(C(=O)c3ccccc3)cc(N3CCOCC3)n2)cn1
CHEMBL5821158,6.34,CHEMBL4282,460.0,Nc1ncc(-c2cc(C(F)(F)c3ccccc3)cc(N3CCOCC3)n2)cn1
CHEMBL5800284,6.05,CHEMBL4282,890.0,Nc1ncc(-c2cc(Cc3ccccc3)cc(N3CCOCC3)n2)cn1
CHEMBL6022979,6.09,CHEMBL4282,810.0,CC(c1ccccc1)c1cc(-c2cnc(N)nc2)nc(N2CCOCC2)c1
CHEMBL6064795,6.31,CHEMBL4282,490.0,C=C(c1ccccc1)c1cc(-c2cnc(N)nc2)nc(N2CCOCC2)c1
CHEMBL5857695,6.42,CHEMBL4282,380.0,Nc1ncc(-c2cc(C3(c4ccccc4)CC3)cc(N3CCOCC3)n2)cn1
CHEMBL5892172,5.46,CHEMBL4282,3460.0,Nc1ncc(-c2cc(OC3CN(C(=O)C4CC4)C3)cc(N3CCOCC3)n2)cn1
CHEMBL5976472,6.12,CHEMBL4282,750.0,Nc1ncc(-c2cc(OC3CCOC3)cc(N3CCOCC3)n2)cn1
CHEMBL6005316,6.25,CHEMBL4282,560.0,Nc1ncc(-c2cc(C(=O)C3CCOCC3)cc(N3CCOCC3)n2)cn1
CHEMBL6010446,6.4,CHEMBL4282,400.0,Nc1ncc(-c2cc(C(F)(F)C3CCOCC3)cc(N3CCOCC3)n2)cn1
CHEMBL5848864,6.42,CHEMBL4282,380.0,Nc1ncc(-c2cc(Oc3ccccc3Cl)cc(N3CCOCC3)n2)cn1
CHEMBL5767540,5.79,CHEMBL4282,1620.0,COc1ccccc1Oc1cc(-c2cnc(N)nc2)nc(N2CCOCC2)c1
CHEMBL5951826,5.82,CHEMBL4282,1510.0,Nc1ncc(-c2cc(Oc3ccccc3OC(F)(F)F)cc(N3CCOCC3)n2)cn1
CHEMBL5914799,6.35,CHEMBL4282,450.0,Cc1ccccc1Oc1cc(-c2cnc(N)nc2)nc(N2CCOCC2)c1
CHEMBL5855570,6.72,CHEMBL4282,190.0,Nc1ncc(-c2cc(C(=O)c3ccccc3Cl)cc(N3CCOCC3)n2)cn1
CHEMBL5783920,7.8,CHEMBL4282,16.0,Nc1ncc(-c2cc(S(=O)(=O)c3ccccc3Cl)cc(N3CCOCC3)n2)cn1
CHEMBL5782562,6.51,CHEMBL4282,310.0,Nc1ncc(-c2cc(N3CCCc4ccccc43)cc(N3CCOCC3)n2)cn1
CHEMBL5814965,6.28,CHEMBL4282,523.0,CC1(C)O[C@@H]2C[C@H]3[C@@H]4C[C@H](F)C5=CC(=O)C=C[C@]5(C)[C@@]4(F)[C@@H](O)C[C@]3(C)[C@]2(C(=O)COC(=O)CCC(=O)OCc2ccc([C@@H](CN)C(=O)Nc3ccc4cnccc4c3)cc2)O1
CHEMBL5854473,6.02,CHEMBL4282,955.0,C[C@@H]1C[C@H]2[C@@H]3CCC4=CC(=O)C=C[C@]4(C)[C@@]3(F)[C@@H](O)C[C@]2(C)[C@@]1(O)C(=O)COC(=O)CCC(=O)OCc1ccc([C@@H](CN)C(=O)Nc2ccc3cnccc3c2)cc1
CHEMBL5842146,7.02,CHEMBL4282,95.0,C[C@@H]1C[C@H]2[C@@H]3CCC4=CC(=O)C=C[C@]4(C)[C@@]3(F)[C@@H](O)C[C@]2(C)[C@@]1(O)C(=O)COC(=O)C[C@H](N)C(=O)OCc1ccc([C@@H](CN)C(=O)Nc2ccc3cnccc3c2)cc1
CHEMBL5916377,5.87,CHEMBL4282,1358.0,C[C@@H]1C[C@H]2[C@@H]3CCC4=CC(=O)C=C[C@]4(C)[C@@]3(F)[C@@H](O)C[C@]2(C)[C@@]1(O)C(=O)COC(=O)c1ccc(C(=O)OCc2ccc([C@@H](CN)C(=O)Nc3ccc4cnccc4c3)cc2)cc1
CHEMBL5922741,5.91,CHEMBL4282,1243.0,CC1(C)O[C@@H]2C[C@H]3[C@@H]4CCC5=CC(=O)C=C[C@]5(C)[C@@]4(F)[C@@H](O)C[C@]3(C)[C@]2(C(=O)COC(=O)CCC(=O)OCc2ccc([C@@H](CN)C(=O)Nc3ccc4cnccc4c3)cc2)O1
CHEMBL5867395,5.58,CHEMBL4282,2641.0,C[C@@H]1C[C@H]2[C@@H]3CCC4=CC(=O)C=C[C@]4(C)[C@@]3(F)[C@@H](O)C[C@]2(C)[C@@]1(O)C(=O)COC(=O)C1CC1C(=O)OCc1ccc([C@@H](CN)C(=O)Nc2ccc3cnccc3c2)cc1
CHEMBL5992697,5.59,CHEMBL4282,2540.0,C[C@]12C=CC(=O)C=C1CC[C@@H]1[C@@H]2[C@@H](O)C[C@@]2(C)[C@H]1CC[C@]2(O)C(=O)COC(=O)C1CC1C(=O)OCc1ccc([C@@H](CN)C(=O)Nc2ccc3cnccc3c2)cc1
